machineID,component,date,fail_date,is_emergency,label_version
1,comp2,2014-06-01,,0,label_v1
6,comp2,2014-06-01,,0,label_v1
9,comp1,2014-06-01,,0,label_v1
9,comp2,2014-06-01,,0,label_v1
11,comp2,2014-06-01,,0,label_v1
16,comp4,2014-06-01,,0,label_v1
18,comp3,2014-06-01,,0,label_v1
19,comp4,2014-06-01,,0,label_v1
20,comp1,2014-06-01,,0,label_v1
20,comp2,2014-06-01,,0,label_v1
21,comp3,2014-06-01,,0,label_v1
26,comp2,2014-06-01,,0,label_v1
37,comp2,2014-06-01,,0,label_v1
39,comp1,2014-06-01,,0,label_v1
40,comp2,2014-06-01,,0,label_v1
41,comp2,2014-06-01,,0,label_v1
47,comp4,2014-06-01,,0,label_v1
48,comp3,2014-06-01,,0,label_v1
52,comp2,2014-06-01,,0,label_v1
54,comp3,2014-06-01,,0,label_v1
56,comp4,2014-06-01,,0,label_v1
60,comp1,2014-06-01,,0,label_v1
65,comp2,2014-06-01,,0,label_v1
74,comp4,2014-06-01,,0,label_v1
75,comp3,2014-06-01,,0,label_v1
79,comp2,2014-06-01,,0,label_v1
81,comp2,2014-06-01,,0,label_v1
84,comp4,2014-06-01,,0,label_v1
86,comp2,2014-06-01,,0,label_v1
93,comp3,2014-06-01,,0,label_v1
95,comp4,2014-06-01,,0,label_v1
96,comp1,2014-06-01,,0,label_v1
2,comp1,2014-06-16,,0,label_v1
3,comp3,2014-06-16,,0,label_v1
4,comp2,2014-06-16,,0,label_v1
10,comp3,2014-06-16,,0,label_v1
13,comp1,2014-06-16,,0,label_v1
15,comp1,2014-06-16,,0,label_v1
18,comp4,2014-06-16,,0,label_v1
22,comp3,2014-06-16,,0,label_v1
25,comp3,2014-06-16,,0,label_v1
26,comp3,2014-06-16,,0,label_v1
28,comp1,2014-06-16,,0,label_v1
34,comp4,2014-06-16,,0,label_v1
35,comp4,2014-06-16,,0,label_v1
39,comp4,2014-06-16,,0,label_v1
43,comp2,2014-06-16,,0,label_v1
44,comp3,2014-06-16,,0,label_v1
46,comp3,2014-06-16,,0,label_v1
46,comp4,2014-06-16,,0,label_v1
51,comp2,2014-06-16,,0,label_v1
55,comp1,2014-06-16,,0,label_v1
55,comp4,2014-06-16,,0,label_v1
57,comp2,2014-06-16,,0,label_v1
61,comp4,2014-06-16,,0,label_v1
78,comp1,2014-06-16,,0,label_v1
82,comp3,2014-06-16,,0,label_v1
84,comp2,2014-06-16,,0,label_v1
85,comp3,2014-06-16,,0,label_v1
86,comp3,2014-06-16,,0,label_v1
90,comp3,2014-06-16,,0,label_v1
92,comp1,2014-06-16,,0,label_v1
95,comp1,2014-06-16,,0,label_v1
3,comp4,2014-07-01,,0,label_v1
7,comp1,2014-07-01,,0,label_v1
7,comp3,2014-07-01,,0,label_v1
19,comp1,2014-07-01,,0,label_v1
20,comp4,2014-07-01,,0,label_v1
24,comp2,2014-07-01,,0,label_v1
28,comp3,2014-07-01,,0,label_v1
30,comp1,2014-07-01,,0,label_v1
30,comp4,2014-07-01,,0,label_v1
42,comp3,2014-07-01,,0,label_v1
50,comp2,2014-07-01,,0,label_v1
54,comp2,2014-07-01,,0,label_v1
58,comp4,2014-07-01,,0,label_v1
61,comp1,2014-07-01,,0,label_v1
67,comp1,2014-07-01,,0,label_v1
70,comp4,2014-07-01,,0,label_v1
73,comp4,2014-07-01,,0,label_v1
76,comp2,2014-07-01,,0,label_v1
78,comp2,2014-07-01,,0,label_v1
81,comp3,2014-07-01,,0,label_v1
86,comp4,2014-07-01,,0,label_v1
88,comp2,2014-07-01,,0,label_v1
91,comp3,2014-07-01,,0,label_v1
95,comp3,2014-07-01,,0,label_v1
97,comp1,2014-07-01,,0,label_v1
97,comp2,2014-07-01,,0,label_v1
97,comp4,2014-07-01,,0,label_v1
1,comp4,2014-07-16,,0,label_v1
2,comp3,2014-07-16,,0,label_v1
11,comp1,2014-07-16,,0,label_v1
11,comp3,2014-07-16,,0,label_v1
14,comp4,2014-07-16,,0,label_v1
29,comp3,2014-07-16,,0,label_v1
31,comp1,2014-07-16,,0,label_v1
36,comp1,2014-07-16,,0,label_v1
36,comp4,2014-07-16,,0,label_v1
38,comp2,2014-07-16,,0,label_v1
42,comp4,2014-07-16,,0,label_v1
43,comp1,2014-07-16,,0,label_v1
44,comp2,2014-07-16,,0,label_v1
59,comp2,2014-07-16,,0,label_v1
60,comp2,2014-07-16,,0,label_v1
63,comp1,2014-07-16,,0,label_v1
63,comp4,2014-07-16,,0,label_v1
64,comp4,2014-07-16,,0,label_v1
65,comp3,2014-07-16,,0,label_v1
66,comp3,2014-07-16,,0,label_v1
69,comp2,2014-07-16,,0,label_v1
69,comp3,2014-07-16,,0,label_v1
73,comp1,2014-07-16,,0,label_v1
79,comp4,2014-07-16,,0,label_v1
81,comp1,2014-07-16,,0,label_v1
81,comp4,2014-07-16,,0,label_v1
82,comp1,2014-07-16,,0,label_v1
85,comp1,2014-07-16,,0,label_v1
93,comp1,2014-07-16,,0,label_v1
94,comp1,2014-07-16,,0,label_v1
99,comp4,2014-07-16,,0,label_v1
1,comp3,2014-07-31,,0,label_v1
4,comp1,2014-07-31,,0,label_v1
12,comp3,2014-07-31,,0,label_v1
14,comp1,2014-07-31,,0,label_v1
30,comp3,2014-07-31,,0,label_v1
32,comp3,2014-07-31,,0,label_v1
34,comp1,2014-07-31,,0,label_v1
35,comp2,2014-07-31,,0,label_v1
41,comp4,2014-07-31,,0,label_v1
43,comp3,2014-07-31,,0,label_v1
47,comp1,2014-07-31,,0,label_v1
49,comp3,2014-07-31,,0,label_v1
56,comp2,2014-07-31,,0,label_v1
61,comp2,2014-07-31,,0,label_v1
70,comp2,2014-07-31,,0,label_v1
71,comp4,2014-07-31,,0,label_v1
72,comp1,2014-07-31,,0,label_v1
77,comp3,2014-07-31,,0,label_v1
88,comp4,2014-07-31,,0,label_v1
89,comp2,2014-07-31,,0,label_v1
2,comp2,2014-08-15,,0,label_v1
3,comp1,2014-08-15,,0,label_v1
5,comp3,2014-08-15,,0,label_v1
7,comp2,2014-08-15,,0,label_v1
12,comp2,2014-08-15,,0,label_v1
15,comp2,2014-08-15,,0,label_v1
17,comp3,2014-08-15,,0,label_v1
18,comp2,2014-08-15,,0,label_v1
19,comp2,2014-08-15,,0,label_v1
22,comp2,2014-08-15,,0,label_v1
24,comp4,2014-08-15,,0,label_v1
27,comp1,2014-08-15,,0,label_v1
29,comp4,2014-08-15,,0,label_v1
31,comp2,2014-08-15,,0,label_v1
31,comp4,2014-08-15,,0,label_v1
37,comp4,2014-08-15,,0,label_v1
40,comp3,2014-08-15,,0,label_v1
41,comp3,2014-08-15,,0,label_v1
57,comp3,2014-08-15,,0,label_v1
57,comp4,2014-08-15,,0,label_v1
58,comp3,2014-08-15,,0,label_v1
59,comp3,2014-08-15,,0,label_v1
62,comp4,2014-08-15,,0,label_v1
78,comp4,2014-08-15,,0,label_v1
85,comp4,2014-08-15,,0,label_v1
96,comp2,2014-08-15,,0,label_v1
96,comp3,2014-08-15,,0,label_v1
96,comp4,2014-08-15,,0,label_v1
5,comp2,2014-08-30,,0,label_v1
8,comp3,2014-08-30,,0,label_v1
10,comp2,2014-08-30,,0,label_v1
12,comp4,2014-08-30,,0,label_v1
13,comp4,2014-08-30,,0,label_v1
15,comp4,2014-08-30,,0,label_v1
17,comp2,2014-08-30,,0,label_v1
33,comp2,2014-08-30,,0,label_v1
37,comp3,2014-08-30,,0,label_v1
44,comp1,2014-08-30,,0,label_v1
45,comp2,2014-08-30,,0,label_v1
49,comp1,2014-08-30,,0,label_v1
50,comp3,2014-08-30,,0,label_v1
58,comp2,2014-08-30,,0,label_v1
62,comp1,2014-08-30,,0,label_v1
64,comp1,2014-08-30,,0,label_v1
71,comp2,2014-08-30,,0,label_v1
72,comp4,2014-08-30,,0,label_v1
74,comp1,2014-08-30,,0,label_v1
74,comp2,2014-08-30,,0,label_v1
88,comp1,2014-08-30,,0,label_v1
93,comp2,2014-08-30,,0,label_v1
93,comp4,2014-08-30,,0,label_v1
94,comp3,2014-08-30,,0,label_v1
94,comp4,2014-08-30,,0,label_v1
95,comp2,2014-08-30,,0,label_v1
98,comp1,2014-08-30,,0,label_v1
98,comp3,2014-08-30,,0,label_v1
100,comp4,2014-08-30,,0,label_v1
6,comp3,2014-09-14,,0,label_v1
6,comp4,2014-09-14,,0,label_v1
21,comp4,2014-09-14,,0,label_v1
24,comp1,2014-09-14,,0,label_v1
28,comp4,2014-09-14,,0,label_v1
32,comp1,2014-09-14,,0,label_v1
33,comp1,2014-09-14,,0,label_v1
34,comp2,2014-09-14,,0,label_v1
42,comp1,2014-09-14,,0,label_v1
50,comp4,2014-09-14,,0,label_v1
51,comp1,2014-09-14,,0,label_v1
60,comp3,2014-09-14,,0,label_v1
65,comp1,2014-09-14,,0,label_v1
67,comp2,2014-09-14,,0,label_v1
68,comp1,2014-09-14,,0,label_v1
75,comp4,2014-09-14,,0,label_v1
79,comp3,2014-09-14,,0,label_v1
83,comp2,2014-09-14,,0,label_v1
88,comp3,2014-09-14,,0,label_v1
90,comp1,2014-09-14,,0,label_v1
92,comp3,2014-09-14,,0,label_v1
97,comp3,2014-09-14,,0,label_v1
100,comp1,2014-09-14,,0,label_v1
5,comp4,2014-09-29,,0,label_v1
10,comp4,2014-09-29,,0,label_v1
17,comp4,2014-09-29,,0,label_v1
21,comp2,2014-09-29,,0,label_v1
25,comp1,2014-09-29,,0,label_v1
25,comp4,2014-09-29,,0,label_v1
27,comp4,2014-09-29,,0,label_v1
28,comp2,2014-09-29,,0,label_v1
31,comp3,2014-09-29,,0,label_v1
34,comp3,2014-09-29,,0,label_v1
36,comp2,2014-09-29,,0,label_v1
37,comp1,2014-09-29,,0,label_v1
41,comp1,2014-09-29,,0,label_v1
46,comp2,2014-09-29,,0,label_v1
54,comp4,2014-09-29,,0,label_v1
60,comp4,2014-09-29,,0,label_v1
65,comp4,2014-09-29,,0,label_v1
73,comp3,2014-09-29,,0,label_v1
74,comp3,2014-09-29,,0,label_v1
75,comp1,2014-09-29,,0,label_v1
77,comp2,2014-09-29,,0,label_v1
77,comp4,2014-09-29,,0,label_v1
80,comp4,2014-09-29,,0,label_v1
82,comp4,2014-09-29,,0,label_v1
87,comp2,2014-09-29,,0,label_v1
87,comp3,2014-09-29,,0,label_v1
91,comp4,2014-09-29,,0,label_v1
98,comp4,2014-09-29,,0,label_v1
5,comp1,2014-10-14,,0,label_v1
8,comp2,2014-10-14,,0,label_v1
10,comp1,2014-10-14,,0,label_v1
14,comp2,2014-10-14,,0,label_v1
16,comp2,2014-10-14,,0,label_v1
23,comp3,2014-10-14,,0,label_v1
23,comp4,2014-10-14,,0,label_v1
24,comp3,2014-10-14,,0,label_v1
26,comp1,2014-10-14,,0,label_v1
32,comp4,2014-10-14,,0,label_v1
33,comp4,2014-10-14,,0,label_v1
35,comp3,2014-10-14,,0,label_v1
36,comp3,2014-10-14,,0,label_v1
38,comp1,2014-10-14,,0,label_v1
40,comp1,2014-10-14,,0,label_v1
46,comp1,2014-10-14,,0,label_v1
51,comp4,2014-10-14,,0,label_v1
53,comp3,2014-10-14,,0,label_v1
55,comp3,2014-10-14,,0,label_v1
56,comp1,2014-10-14,,0,label_v1
62,comp2,2014-10-14,,0,label_v1
63,comp2,2014-10-14,,0,label_v1
63,comp3,2014-10-14,,0,label_v1
67,comp3,2014-10-14,,0,label_v1
68,comp4,2014-10-14,,0,label_v1
69,comp4,2014-10-14,,0,label_v1
82,comp2,2014-10-14,,0,label_v1
83,comp4,2014-10-14,,0,label_v1
87,comp4,2014-10-14,,0,label_v1
16,comp3,2014-10-29,,0,label_v1
20,comp3,2014-10-29,,0,label_v1
27,comp3,2014-10-29,,0,label_v1
29,comp1,2014-10-29,,0,label_v1
38,comp4,2014-10-29,,0,label_v1
39,comp3,2014-10-29,,0,label_v1
42,comp2,2014-10-29,,0,label_v1
43,comp4,2014-10-29,,0,label_v1
47,comp3,2014-10-29,,0,label_v1
48,comp1,2014-10-29,,0,label_v1
49,comp4,2014-10-29,,0,label_v1
50,comp1,2014-10-29,,0,label_v1
52,comp3,2014-10-29,,0,label_v1
53,comp2,2014-10-29,,0,label_v1
58,comp1,2014-10-29,,0,label_v1
59,comp4,2014-10-29,,0,label_v1
61,comp3,2014-10-29,,0,label_v1
66,comp1,2014-10-29,,0,label_v1
72,comp2,2014-10-29,,0,label_v1
80,comp2,2014-10-29,,0,label_v1
83,comp3,2014-10-29,,0,label_v1
85,comp2,2014-10-29,,0,label_v1
90,comp2,2014-10-29,,0,label_v1
92,comp4,2014-10-29,,0,label_v1
98,comp2,2014-10-29,,0,label_v1
4,comp3,2014-11-13,,0,label_v1
11,comp4,2014-11-13,,0,label_v1
12,comp1,2014-11-13,,0,label_v1
14,comp3,2014-11-13,,0,label_v1
16,comp1,2014-11-13,,0,label_v1
47,comp2,2014-11-13,,0,label_v1
48,comp2,2014-11-13,,0,label_v1
52,comp4,2014-11-13,,0,label_v1
62,comp3,2014-11-13,,0,label_v1
64,comp2,2014-11-13,,0,label_v1
67,comp4,2014-11-13,,0,label_v1
70,comp1,2014-11-13,,0,label_v1
75,comp2,2014-11-13,,0,label_v1
77,comp1,2014-11-13,,0,label_v1
84,comp1,2014-11-13,,0,label_v1
84,comp3,2014-11-13,,0,label_v1
90,comp4,2014-11-13,,0,label_v1
91,comp2,2014-11-13,,0,label_v1
99,comp1,2014-11-13,,0,label_v1
2,comp4,2014-11-28,,0,label_v1
3,comp2,2014-11-28,,0,label_v1
7,comp4,2014-11-28,,0,label_v1
8,comp1,2014-11-28,,0,label_v1
9,comp4,2014-11-28,,0,label_v1
13,comp3,2014-11-28,,0,label_v1
17,comp1,2014-11-28,,0,label_v1
18,comp1,2014-11-28,,0,label_v1
21,comp1,2014-11-28,,0,label_v1
23,comp1,2014-11-28,,0,label_v1
23,comp2,2014-11-28,,0,label_v1
25,comp2,2014-11-28,,0,label_v1
26,comp4,2014-11-28,,0,label_v1
30,comp2,2014-11-28,,0,label_v1
33,comp3,2014-11-28,,0,label_v1
38,comp3,2014-11-28,,0,label_v1
39,comp2,2014-11-28,,0,label_v1
40,comp4,2014-11-28,,0,label_v1
45,comp3,2014-11-28,,0,label_v1
49,comp2,2014-11-28,,0,label_v1
51,comp3,2014-11-28,,0,label_v1
52,comp1,2014-11-28,,0,label_v1
53,comp1,2014-11-28,,0,label_v1
57,comp1,2014-11-28,,0,label_v1
64,comp3,2014-11-28,,0,label_v1
68,comp3,2014-11-28,,0,label_v1
69,comp1,2014-11-28,,0,label_v1
70,comp3,2014-11-28,,0,label_v1
72,comp3,2014-11-28,,0,label_v1
73,comp2,2014-11-28,,0,label_v1
76,comp3,2014-11-28,,0,label_v1
78,comp3,2014-11-28,,0,label_v1
80,comp1,2014-11-28,,0,label_v1
80,comp3,2014-11-28,,0,label_v1
89,comp3,2014-11-28,,0,label_v1
92,comp2,2014-11-28,,0,label_v1
100,comp3,2014-11-28,,0,label_v1
1,comp1,2014-12-13,,0,label_v1
4,comp4,2014-12-13,,0,label_v1
8,comp4,2014-12-13,,0,label_v1
15,comp3,2014-12-13,,0,label_v1
19,comp3,2014-12-13,,0,label_v1
22,comp4,2014-12-13,,0,label_v1
27,comp2,2014-12-13,,0,label_v1
32,comp2,2014-12-13,,0,label_v1
35,comp1,2014-12-13,,0,label_v1
44,comp4,2014-12-13,,0,label_v1
45,comp4,2014-12-13,,0,label_v1
53,comp4,2014-12-13,,0,label_v1
56,comp3,2014-12-13,,0,label_v1
66,comp2,2014-12-13,,0,label_v1
66,comp4,2014-12-13,,0,label_v1
68,comp2,2014-12-13,,0,label_v1
71,comp1,2014-12-13,,0,label_v1
71,comp3,2014-12-13,,0,label_v1
76,comp1,2014-12-13,,0,label_v1
76,comp4,2014-12-13,,0,label_v1
87,comp1,2014-12-13,,0,label_v1
91,comp1,2014-12-13,,0,label_v1
94,comp2,2014-12-13,,0,label_v1
100,comp2,2014-12-13,,0,label_v1
6,comp1,2014-12-28,,0,label_v1
9,comp3,2014-12-28,,0,label_v1
13,comp2,2014-12-28,,0,label_v1
22,comp1,2014-12-28,,0,label_v1
29,comp2,2014-12-28,,0,label_v1
45,comp1,2014-12-28,,0,label_v1
48,comp4,2014-12-28,,0,label_v1
54,comp1,2014-12-28,,0,label_v1
55,comp2,2014-12-28,,0,label_v1
59,comp1,2014-12-28,,0,label_v1
79,comp1,2014-12-28,,0,label_v1
83,comp1,2014-12-28,,0,label_v1
86,comp1,2014-12-28,,0,label_v1
89,comp1,2014-12-28,,0,label_v1
89,comp4,2014-12-28,,0,label_v1
99,comp2,2014-12-28,,0,label_v1
99,comp3,2014-12-28,,0,label_v1
14,comp1,2015-01-01,,0,label_v1
17,comp4,2015-01-01,2015-01-02,1,label_v1
34,comp1,2015-01-01,,0,label_v1
34,comp2,2015-01-01,,0,label_v1
51,comp1,2015-01-01,2015-01-02,1,label_v1
51,comp3,2015-01-01,,0,label_v1
65,comp1,2015-01-01,,0,label_v1
67,comp4,2015-01-01,,0,label_v1
83,comp2,2015-01-01,,0,label_v1
24,comp1,2015-01-02,2015-01-02,1,label_v1
24,comp2,2015-01-02,,0,label_v1
29,comp2,2015-01-02,,0,label_v1
68,comp1,2015-01-02,,0,label_v1
73,comp1,2015-01-02,,0,label_v1
73,comp3,2015-01-02,2015-01-02,1,label_v1
79,comp3,2015-01-02,,0,label_v1
81,comp1,2015-01-02,2015-01-02,1,label_v1
81,comp3,2015-01-02,,0,label_v1
96,comp2,2015-01-03,,0,label_v1
10,comp4,2015-01-04,,0,label_v1
20,comp2,2015-01-04,2015-01-04,1,label_v1
37,comp4,2015-01-04,2015-01-04,1,label_v1
40,comp3,2015-01-04,2015-01-04,1,label_v1
40,comp4,2015-01-04,,0,label_v1
88,comp1,2015-01-04,,0,label_v1
1,comp1,2015-01-05,,0,label_v1
1,comp4,2015-01-05,2015-01-05,1,label_v1
23,comp2,2015-01-05,2015-01-05,1,label_v1
59,comp3,2015-01-05,,0,label_v1
64,comp1,2015-01-05,,0,label_v1
64,comp4,2015-01-05,2015-01-05,1,label_v1
69,comp1,2015-01-05,,0,label_v1
69,comp2,2015-01-05,2015-01-05,1,label_v1
84,comp2,2015-01-05,2015-01-05,1,label_v1
92,comp2,2015-01-05,,0,label_v1
8,comp4,2015-01-06,,0,label_v1
35,comp4,2015-01-06,2015-01-06,1,label_v1
55,comp3,2015-01-06,,0,label_v1
3,comp2,2015-01-07,2015-01-07,1,label_v1
12,comp1,2015-01-07,2015-01-07,1,label_v1
12,comp2,2015-01-07,2015-01-07,1,label_v1
22,comp2,2015-01-07,,0,label_v1
75,comp1,2015-01-07,2015-01-07,1,label_v1
86,comp1,2015-01-08,,0,label_v1
86,comp4,2015-01-08,,0,label_v1
94,comp2,2015-01-08,2015-01-08,1,label_v1
5,comp2,2015-01-09,2015-01-09,1,label_v1
30,comp4,2015-01-09,2015-01-09,1,label_v1
27,comp2,2015-01-10,2015-01-10,1,label_v1
27,comp3,2015-01-10,,0,label_v1
32,comp1,2015-01-10,2015-01-10,1,label_v1
48,comp2,2015-01-11,2015-01-11,1,label_v1
71,comp2,2015-01-11,2015-01-11,1,label_v1
77,comp3,2015-01-11,,0,label_v1
19,comp1,2015-01-13,2015-01-13,1,label_v1
62,comp1,2015-01-13,2015-01-13,1,label_v1
62,comp3,2015-01-13,,0,label_v1
70,comp3,2015-01-13,,0,label_v1
70,comp4,2015-01-13,,0,label_v1
56,comp3,2015-01-14,2015-01-14,1,label_v1
54,comp3,2015-01-15,2015-01-15,1,label_v1
60,comp3,2015-01-15,,0,label_v1
60,comp4,2015-01-15,,0,label_v1
85,comp2,2015-01-15,2015-01-15,1,label_v1
14,comp3,2015-01-16,,0,label_v1
17,comp3,2015-01-16,2015-01-16,1,label_v1
51,comp1,2015-01-16,,0,label_v1
67,comp2,2015-01-16,2015-01-16,1,label_v1
83,comp3,2015-01-16,,0,label_v1
83,comp4,2015-01-16,2015-01-16,1,label_v1
4,comp2,2015-01-17,2015-01-17,1,label_v1
16,comp1,2015-01-17,2015-01-17,1,label_v1
24,comp2,2015-01-17,,0,label_v1
29,comp3,2015-01-17,,0,label_v1
38,comp4,2015-01-17,2015-01-17,1,label_v1
41,comp2,2015-01-17,,0,label_v1
68,comp1,2015-01-17,,0,label_v1
68,comp4,2015-01-17,,0,label_v1
73,comp3,2015-01-17,,0,label_v1
79,comp3,2015-01-17,,0,label_v1
81,comp2,2015-01-17,2015-01-17,1,label_v1
91,comp1,2015-01-17,,0,label_v1
2,comp4,2015-01-18,,0,label_v1
76,comp3,2015-01-18,2015-01-18,1,label_v1
96,comp1,2015-01-18,,0,label_v1
96,comp4,2015-01-18,,0,label_v1
99,comp4,2015-01-18,2015-01-18,1,label_v1
10,comp2,2015-01-19,2015-01-19,1,label_v1
10,comp3,2015-01-19,,0,label_v1
20,comp4,2015-01-19,2015-01-19,1,label_v1
37,comp2,2015-01-19,,0,label_v1
37,comp4,2015-01-19,,0,label_v1
40,comp3,2015-01-19,,0,label_v1
40,comp4,2015-01-19,,0,label_v1
52,comp2,2015-01-19,2015-01-19,1,label_v1
52,comp4,2015-01-19,2015-01-19,1,label_v1
66,comp4,2015-01-19,,0,label_v1
88,comp4,2015-01-19,2015-01-19,1,label_v1
1,comp1,2015-01-20,,0,label_v1
1,comp3,2015-01-20,,0,label_v1
11,comp2,2015-01-20,2015-01-20,1,label_v1
11,comp4,2015-01-20,,0,label_v1
15,comp2,2015-01-20,2015-01-20,1,label_v1
15,comp4,2015-01-20,2015-01-20,1,label_v1
23,comp4,2015-01-20,2015-01-20,1,label_v1
59,comp1,2015-01-20,,0,label_v1
59,comp3,2015-01-20,,0,label_v1
64,comp1,2015-01-20,,0,label_v1
64,comp2,2015-01-20,2015-01-20,1,label_v1
69,comp3,2015-01-20,2015-01-20,1,label_v1
90,comp2,2015-01-20,2015-01-20,1,label_v1
92,comp1,2015-01-20,,0,label_v1
92,comp4,2015-01-20,,0,label_v1
8,comp1,2015-01-21,,0,label_v1
26,comp3,2015-01-21,,0,label_v1
42,comp1,2015-01-21,2015-01-21,1,label_v1
42,comp4,2015-01-21,,0,label_v1
43,comp2,2015-01-21,,0,label_v1
55,comp2,2015-01-21,,0,label_v1
55,comp3,2015-01-21,,0,label_v1
78,comp1,2015-01-21,,0,label_v1
78,comp3,2015-01-21,,0,label_v1
3,comp4,2015-01-22,,0,label_v1
6,comp4,2015-01-22,,0,label_v1
12,comp3,2015-01-22,,0,label_v1
22,comp1,2015-01-22,,0,label_v1
31,comp1,2015-01-22,,0,label_v1
36,comp4,2015-01-22,,0,label_v1
45,comp2,2015-01-22,2015-01-22,1,label_v1
75,comp1,2015-01-22,,0,label_v1
75,comp2,2015-01-22,,0,label_v1
21,comp3,2015-01-23,2015-01-23,1,label_v1
57,comp4,2015-01-23,,0,label_v1
72,comp3,2015-01-23,,0,label_v1
74,comp1,2015-01-23,2015-01-23,1,label_v1
86,comp2,2015-01-23,2015-01-23,1,label_v1
86,comp3,2015-01-23,,0,label_v1
89,comp3,2015-01-23,,0,label_v1
94,comp2,2015-01-23,,0,label_v1
5,comp2,2015-01-24,,0,label_v1
7,comp2,2015-01-24,2015-01-24,1,label_v1
7,comp4,2015-01-24,2015-01-24,1,label_v1
30,comp4,2015-01-24,,0,label_v1
47,comp3,2015-01-24,2015-01-24,1,label_v1
97,comp3,2015-01-24,2015-01-24,1,label_v1
97,comp4,2015-01-24,2015-01-24,1,label_v1
27,comp1,2015-01-25,2015-01-25,1,label_v1
27,comp4,2015-01-25,,0,label_v1
32,comp1,2015-01-25,,0,label_v1
48,comp2,2015-01-26,,0,label_v1
71,comp3,2015-01-26,2015-01-26,1,label_v1
71,comp4,2015-01-26,2015-01-26,1,label_v1
77,comp2,2015-01-26,,0,label_v1
87,comp2,2015-01-27,,0,label_v1
19,comp1,2015-01-28,,0,label_v1
19,comp2,2015-01-28,,0,label_v1
53,comp4,2015-01-28,,0,label_v1
61,comp3,2015-01-28,,0,label_v1
62,comp3,2015-01-28,,0,label_v1
62,comp4,2015-01-28,2015-01-28,1,label_v1
63,comp1,2015-01-28,2015-01-28,1,label_v1
63,comp2,2015-01-28,2015-01-28,1,label_v1
70,comp1,2015-01-28,2015-01-28,1,label_v1
70,comp2,2015-01-28,,0,label_v1
82,comp1,2015-01-28,2015-01-28,1,label_v1
82,comp3,2015-01-28,,0,label_v1
100,comp4,2015-01-28,,0,label_v1
18,comp4,2015-01-30,2015-01-30,1,label_v1
44,comp2,2015-01-30,,0,label_v1
44,comp3,2015-01-30,,0,label_v1
49,comp1,2015-01-30,,0,label_v1
50,comp1,2015-01-30,2015-01-30,1,label_v1
50,comp4,2015-01-30,,0,label_v1
60,comp2,2015-01-30,2015-01-30,1,label_v1
60,comp3,2015-01-30,,0,label_v1
85,comp3,2015-01-30,2015-01-30,1,label_v1
98,comp3,2015-01-30,2015-01-30,1,label_v1
14,comp2,2015-01-31,2015-01-31,1,label_v1
14,comp3,2015-01-31,,0,label_v1
17,comp1,2015-01-31,,0,label_v1
17,comp4,2015-01-31,,0,label_v1
28,comp2,2015-01-31,,0,label_v1
33,comp1,2015-01-31,2015-01-31,1,label_v1
33,comp4,2015-01-31,2015-01-31,1,label_v1
34,comp4,2015-01-31,,0,label_v1
39,comp3,2015-01-31,,0,label_v1
39,comp4,2015-01-31,,0,label_v1
51,comp3,2015-01-31,,0,label_v1
58,comp2,2015-01-31,,0,label_v1
58,comp3,2015-01-31,2015-01-31,1,label_v1
65,comp1,2015-01-31,,0,label_v1
65,comp3,2015-01-31,,0,label_v1
67,comp4,2015-01-31,,0,label_v1
83,comp1,2015-01-31,,0,label_v1
83,comp4,2015-01-31,,0,label_v1
93,comp2,2015-01-31,,0,label_v1
16,comp2,2015-02-01,,0,label_v1
24,comp2,2015-02-01,,0,label_v1
29,comp3,2015-02-01,,0,label_v1
38,comp4,2015-02-01,,0,label_v1
41,comp1,2015-02-01,2015-02-01,1,label_v1
68,comp2,2015-02-01,,0,label_v1
79,comp2,2015-02-01,,0,label_v1
79,comp3,2015-02-01,,0,label_v1
91,comp1,2015-02-01,,0,label_v1
91,comp2,2015-02-01,2015-02-01,1,label_v1
2,comp3,2015-02-02,,0,label_v1
9,comp4,2015-02-02,,0,label_v1
76,comp1,2015-02-02,2015-02-02,1,label_v1
76,comp2,2015-02-02,,0,label_v1
99,comp1,2015-02-02,2015-02-02,1,label_v1
10,comp2,2015-02-03,,0,label_v1
20,comp2,2015-02-03,,0,label_v1
20,comp3,2015-02-03,2015-02-03,1,label_v1
25,comp2,2015-02-03,,0,label_v1
25,comp3,2015-02-03,,0,label_v1
37,comp3,2015-02-03,2015-02-03,1,label_v1
37,comp4,2015-02-03,,0,label_v1
40,comp2,2015-02-03,,0,label_v1
52,comp3,2015-02-03,,0,label_v1
66,comp3,2015-02-03,,0,label_v1
88,comp1,2015-02-03,,0,label_v1
88,comp2,2015-02-03,2015-02-03,1,label_v1
1,comp3,2015-02-04,,0,label_v1
1,comp4,2015-02-04,,0,label_v1
11,comp4,2015-02-04,,0,label_v1
15,comp1,2015-02-04,,0,label_v1
23,comp1,2015-02-04,,0,label_v1
59,comp1,2015-02-04,,0,label_v1
59,comp4,2015-02-04,2015-02-04,1,label_v1
64,comp2,2015-02-04,,0,label_v1
69,comp4,2015-02-04,2015-02-04,1,label_v1
84,comp2,2015-02-04,2015-02-04,1,label_v1
84,comp3,2015-02-04,,0,label_v1
90,comp1,2015-02-04,,0,label_v1
95,comp2,2015-02-04,,0,label_v1
26,comp4,2015-02-05,,0,label_v1
35,comp3,2015-02-05,2015-02-05,1,label_v1
42,comp2,2015-02-05,,0,label_v1
42,comp4,2015-02-05,,0,label_v1
43,comp1,2015-02-05,2015-02-05,1,label_v1
55,comp1,2015-02-05,,0,label_v1
78,comp4,2015-02-05,2015-02-05,1,label_v1
3,comp1,2015-02-06,2015-02-06,1,label_v1
6,comp3,2015-02-06,,0,label_v1
6,comp4,2015-02-06,,0,label_v1
12,comp2,2015-02-06,,0,label_v1
22,comp1,2015-02-06,,0,label_v1
22,comp3,2015-02-06,2015-02-06,1,label_v1
31,comp2,2015-02-06,,0,label_v1
36,comp4,2015-02-06,,0,label_v1
45,comp1,2015-02-06,,0,label_v1
75,comp4,2015-02-06,2015-02-06,1,label_v1
46,comp1,2015-02-07,,0,label_v1
46,comp4,2015-02-07,,0,label_v1
57,comp1,2015-02-07,2015-02-07,1,label_v1
57,comp4,2015-02-07,,0,label_v1
72,comp4,2015-02-07,,0,label_v1
74,comp3,2015-02-07,,0,label_v1
86,comp2,2015-02-07,,0,label_v1
89,comp1,2015-02-07,2015-02-07,1,label_v1
94,comp1,2015-02-07,,0,label_v1
5,comp3,2015-02-08,,0,label_v1
7,comp1,2015-02-08,2015-02-08,1,label_v1
7,comp2,2015-02-08,,0,label_v1
30,comp2,2015-02-08,,0,label_v1
30,comp4,2015-02-08,,0,label_v1
47,comp4,2015-02-08,,0,label_v1
97,comp3,2015-02-08,,0,label_v1
27,comp3,2015-02-09,,0,label_v1
32,comp4,2015-02-09,2015-02-09,1,label_v1
13,comp1,2015-02-10,,0,label_v1
48,comp2,2015-02-10,,0,label_v1
71,comp1,2015-02-10,2015-02-10,1,label_v1
77,comp1,2015-02-10,,0,label_v1
77,comp2,2015-02-10,,0,label_v1
87,comp2,2015-02-11,,0,label_v1
19,comp1,2015-02-12,,0,label_v1
53,comp4,2015-02-12,,0,label_v1
61,comp4,2015-02-12,,0,label_v1
62,comp3,2015-02-12,,0,label_v1
63,comp3,2015-02-12,,0,label_v1
70,comp3,2015-02-12,,0,label_v1
80,comp3,2015-02-12,,0,label_v1
100,comp1,2015-02-12,2015-02-12,1,label_v1
56,comp4,2015-02-13,,0,label_v1
18,comp2,2015-02-14,,0,label_v1
18,comp4,2015-02-14,,0,label_v1
44,comp3,2015-02-14,,0,label_v1
49,comp1,2015-02-14,,0,label_v1
50,comp3,2015-02-14,,0,label_v1
54,comp3,2015-02-14,,0,label_v1
60,comp4,2015-02-14,,0,label_v1
85,comp4,2015-02-14,2015-02-14,1,label_v1
98,comp1,2015-02-14,2015-02-14,1,label_v1
98,comp3,2015-02-14,,0,label_v1
14,comp3,2015-02-15,,0,label_v1
17,comp1,2015-02-15,,0,label_v1
17,comp2,2015-02-15,2015-02-15,1,label_v1
28,comp2,2015-02-15,,0,label_v1
33,comp1,2015-02-15,,0,label_v1
33,comp3,2015-02-15,,0,label_v1
34,comp3,2015-02-15,,0,label_v1
39,comp2,2015-02-15,,0,label_v1
58,comp2,2015-02-15,,0,label_v1
65,comp3,2015-02-15,,0,label_v1
67,comp3,2015-02-15,,0,label_v1
83,comp3,2015-02-15,,0,label_v1
93,comp1,2015-02-15,,0,label_v1
4,comp1,2015-02-16,2015-02-16,1,label_v1
16,comp4,2015-02-16,,0,label_v1
24,comp1,2015-02-16,2015-02-16,1,label_v1
29,comp2,2015-02-16,,0,label_v1
38,comp1,2015-02-16,,0,label_v1
38,comp4,2015-02-16,,0,label_v1
68,comp1,2015-02-16,,0,label_v1
68,comp2,2015-02-16,,0,label_v1
73,comp4,2015-02-16,2015-02-16,1,label_v1
79,comp1,2015-02-16,,0,label_v1
81,comp1,2015-02-16,2015-02-16,1,label_v1
91,comp1,2015-02-16,,0,label_v1
91,comp3,2015-02-16,,0,label_v1
2,comp3,2015-02-17,,0,label_v1
9,comp2,2015-02-17,,0,label_v1
76,comp3,2015-02-17,,0,label_v1
96,comp3,2015-02-17,2015-02-17,1,label_v1
99,comp2,2015-02-17,2015-02-17,1,label_v1
10,comp2,2015-02-18,,0,label_v1
20,comp3,2015-02-18,,0,label_v1
37,comp1,2015-02-18,,0,label_v1
37,comp4,2015-02-18,,0,label_v1
40,comp1,2015-02-18,2015-02-18,1,label_v1
40,comp2,2015-02-18,,0,label_v1
52,comp3,2015-02-18,,0,label_v1
52,comp4,2015-02-18,,0,label_v1
66,comp1,2015-02-18,2015-02-18,1,label_v1
66,comp3,2015-02-18,,0,label_v1
88,comp4,2015-02-18,,0,label_v1
1,comp3,2015-02-19,,0,label_v1
11,comp3,2015-02-19,2015-02-19,1,label_v1
15,comp3,2015-02-19,,0,label_v1
59,comp4,2015-02-19,,0,label_v1
64,comp4,2015-02-19,2015-02-19,1,label_v1
69,comp1,2015-02-19,,0,label_v1
69,comp3,2015-02-19,,0,label_v1
84,comp1,2015-02-19,2015-02-19,1,label_v1
84,comp2,2015-02-19,,0,label_v1
90,comp1,2015-02-19,,0,label_v1
90,comp2,2015-02-19,2015-02-19,1,label_v1
92,comp3,2015-02-19,2015-02-19,1,label_v1
95,comp4,2015-02-19,2015-02-19,1,label_v1
35,comp1,2015-02-20,,0,label_v1
42,comp4,2015-02-20,,0,label_v1
43,comp2,2015-02-20,,0,label_v1
43,comp4,2015-02-20,2015-02-20,1,label_v1
55,comp3,2015-02-20,,0,label_v1
78,comp2,2015-02-20,2015-02-20,1,label_v1
3,comp1,2015-02-21,,0,label_v1
3,comp3,2015-02-21,,0,label_v1
6,comp3,2015-02-21,,0,label_v1
6,comp4,2015-02-21,,0,label_v1
12,comp1,2015-02-21,,0,label_v1
22,comp1,2015-02-21,,0,label_v1
31,comp4,2015-02-21,,0,label_v1
36,comp1,2015-02-21,2015-02-21,1,label_v1
36,comp3,2015-02-21,,0,label_v1
45,comp2,2015-02-21,,0,label_v1
45,comp4,2015-02-21,2015-02-21,1,label_v1
75,comp2,2015-02-21,,0,label_v1
21,comp1,2015-02-22,,0,label_v1
46,comp2,2015-02-22,2015-02-22,1,label_v1
57,comp1,2015-02-22,,0,label_v1
72,comp4,2015-02-22,,0,label_v1
86,comp3,2015-02-22,,0,label_v1
86,comp4,2015-02-22,,0,label_v1
89,comp1,2015-02-22,,0,label_v1
94,comp4,2015-02-22,2015-02-22,1,label_v1
5,comp1,2015-02-23,2015-02-23,1,label_v1
5,comp4,2015-02-23,,0,label_v1
7,comp1,2015-02-23,,0,label_v1
7,comp2,2015-02-23,,0,label_v1
30,comp2,2015-02-23,,0,label_v1
47,comp4,2015-02-23,,0,label_v1
97,comp3,2015-02-23,,0,label_v1
27,comp2,2015-02-24,2015-02-24,1,label_v1
27,comp4,2015-02-24,,0,label_v1
32,comp2,2015-02-24,,0,label_v1
32,comp4,2015-02-24,,0,label_v1
13,comp2,2015-02-25,,0,label_v1
48,comp4,2015-02-25,,0,label_v1
71,comp2,2015-02-25,2015-02-25,1,label_v1
87,comp2,2015-02-26,,0,label_v1
87,comp4,2015-02-26,,0,label_v1
19,comp4,2015-02-27,2015-02-27,1,label_v1
53,comp2,2015-02-27,,0,label_v1
61,comp2,2015-02-27,2015-02-27,1,label_v1
61,comp3,2015-02-27,,0,label_v1
62,comp3,2015-02-27,,0,label_v1
63,comp1,2015-02-27,,0,label_v1
70,comp3,2015-02-27,,0,label_v1
18,comp2,2015-03-01,,0,label_v1
44,comp4,2015-03-01,,0,label_v1
49,comp4,2015-03-01,2015-03-01,1,label_v1
50,comp4,2015-03-01,,0,label_v1
54,comp4,2015-03-01,,0,label_v1
60,comp1,2015-03-01,,0,label_v1
85,comp3,2015-03-01,,0,label_v1
98,comp1,2015-03-01,,0,label_v1
98,comp4,2015-03-01,2015-03-01,1,label_v1
14,comp1,2015-03-02,2015-03-02,1,label_v1
28,comp4,2015-03-02,,0,label_v1
33,comp2,2015-03-02,,0,label_v1
34,comp3,2015-03-02,,0,label_v1
39,comp1,2015-03-02,,0,label_v1
51,comp4,2015-03-02,2015-03-02,1,label_v1
58,comp2,2015-03-02,,0,label_v1
58,comp4,2015-03-02,,0,label_v1
65,comp3,2015-03-02,,0,label_v1
67,comp4,2015-03-02,,0,label_v1
93,comp1,2015-03-02,,0,label_v1
93,comp2,2015-03-02,,0,label_v1
4,comp1,2015-03-03,,0,label_v1
16,comp3,2015-03-03,2015-03-03,1,label_v1
29,comp1,2015-03-03,2015-03-03,1,label_v1
29,comp3,2015-03-03,,0,label_v1
38,comp3,2015-03-03,,0,label_v1
41,comp1,2015-03-03,,0,label_v1
68,comp3,2015-03-03,,0,label_v1
68,comp4,2015-03-03,,0,label_v1
79,comp2,2015-03-03,2015-03-03,1,label_v1
81,comp1,2015-03-03,,0,label_v1
81,comp2,2015-03-03,2015-03-03,1,label_v1
91,comp3,2015-03-03,,0,label_v1
2,comp4,2015-03-04,,0,label_v1
9,comp1,2015-03-04,2015-03-04,1,label_v1
9,comp3,2015-03-04,,0,label_v1
76,comp2,2015-03-04,2015-03-04,1,label_v1
96,comp4,2015-03-04,,0,label_v1
99,comp2,2015-03-04,,0,label_v1
99,comp3,2015-03-04,2015-03-04,1,label_v1
10,comp1,2015-03-05,,0,label_v1
10,comp2,2015-03-05,,0,label_v1
20,comp1,2015-03-05,,0,label_v1
25,comp1,2015-03-05,2015-03-05,1,label_v1
25,comp2,2015-03-05,,0,label_v1
37,comp3,2015-03-05,,0,label_v1
37,comp4,2015-03-05,,0,label_v1
40,comp2,2015-03-05,,0,label_v1
52,comp2,2015-03-05,,0,label_v1
66,comp1,2015-03-05,,0,label_v1
66,comp3,2015-03-05,,0,label_v1
88,comp2,2015-03-05,2015-03-05,1,label_v1
1,comp1,2015-03-06,2015-03-06,1,label_v1
15,comp1,2015-03-06,,0,label_v1
69,comp4,2015-03-06,,0,label_v1
84,comp2,2015-03-06,,0,label_v1
92,comp2,2015-03-06,,0,label_v1
92,comp3,2015-03-06,,0,label_v1
95,comp1,2015-03-06,,0,label_v1
95,comp4,2015-03-06,,0,label_v1
8,comp2,2015-03-07,2015-03-07,1,label_v1
26,comp2,2015-03-07,,0,label_v1
35,comp1,2015-03-07,,0,label_v1
35,comp2,2015-03-07,,0,label_v1
42,comp2,2015-03-07,,0,label_v1
42,comp4,2015-03-07,,0,label_v1
43,comp3,2015-03-07,,0,label_v1
55,comp4,2015-03-07,2015-03-07,1,label_v1
78,comp1,2015-03-07,2015-03-07,1,label_v1
78,comp4,2015-03-07,,0,label_v1
3,comp2,2015-03-08,,0,label_v1
3,comp3,2015-03-08,,0,label_v1
6,comp3,2015-03-08,,0,label_v1
6,comp4,2015-03-08,,0,label_v1
12,comp3,2015-03-08,,0,label_v1
12,comp4,2015-03-08,,0,label_v1
22,comp1,2015-03-08,,0,label_v1
31,comp4,2015-03-08,,0,label_v1
36,comp1,2015-03-08,,0,label_v1
45,comp2,2015-03-08,,0,label_v1
45,comp4,2015-03-08,,0,label_v1
21,comp2,2015-03-09,,0,label_v1
46,comp1,2015-03-09,,0,label_v1
57,comp2,2015-03-09,,0,label_v1
57,comp4,2015-03-09,,0,label_v1
72,comp3,2015-03-09,,0,label_v1
74,comp2,2015-03-09,2015-03-09,1,label_v1
86,comp3,2015-03-09,,0,label_v1
89,comp1,2015-03-09,,0,label_v1
94,comp3,2015-03-09,2015-03-09,1,label_v1
5,comp4,2015-03-10,,0,label_v1
7,comp2,2015-03-10,,0,label_v1
30,comp3,2015-03-10,,0,label_v1
97,comp1,2015-03-10,,0,label_v1
27,comp2,2015-03-11,,0,label_v1
32,comp1,2015-03-11,2015-03-11,1,label_v1
32,comp3,2015-03-11,,0,label_v1
48,comp1,2015-03-12,2015-03-12,1,label_v1
71,comp3,2015-03-12,2015-03-12,1,label_v1
77,comp4,2015-03-12,,0,label_v1
87,comp3,2015-03-13,2015-03-13,1,label_v1
87,comp4,2015-03-13,,0,label_v1
19,comp3,2015-03-14,,0,label_v1
53,comp4,2015-03-14,,0,label_v1
61,comp4,2015-03-14,,0,label_v1
63,comp4,2015-03-14,2015-03-14,1,label_v1
70,comp2,2015-03-14,,0,label_v1
70,comp4,2015-03-14,,0,label_v1
80,comp3,2015-03-14,,0,label_v1
82,comp3,2015-03-14,,0,label_v1
100,comp1,2015-03-14,,0,label_v1
56,comp3,2015-03-15,2015-03-15,1,label_v1
44,comp2,2015-03-16,2015-03-16,1,label_v1
49,comp3,2015-03-16,2015-03-16,1,label_v1
50,comp1,2015-03-16,,0,label_v1
50,comp4,2015-03-16,,0,label_v1
54,comp4,2015-03-16,,0,label_v1
60,comp1,2015-03-16,,0,label_v1
60,comp3,2015-03-16,,0,label_v1
85,comp3,2015-03-16,,0,label_v1
98,comp1,2015-03-16,,0,label_v1
14,comp1,2015-03-17,,0,label_v1
17,comp3,2015-03-17,2015-03-17,1,label_v1
28,comp2,2015-03-17,2015-03-17,1,label_v1
33,comp2,2015-03-17,,0,label_v1
34,comp4,2015-03-17,,0,label_v1
39,comp4,2015-03-17,,0,label_v1
51,comp3,2015-03-17,,0,label_v1
58,comp2,2015-03-17,,0,label_v1
65,comp1,2015-03-17,2015-03-17,1,label_v1
65,comp3,2015-03-17,,0,label_v1
67,comp2,2015-03-17,2015-03-17,1,label_v1
83,comp4,2015-03-17,2015-03-17,1,label_v1
93,comp4,2015-03-17,2015-03-17,1,label_v1
4,comp1,2015-03-18,,0,label_v1
4,comp3,2015-03-18,,0,label_v1
16,comp2,2015-03-18,,0,label_v1
16,comp3,2015-03-18,,0,label_v1
24,comp1,2015-03-18,,0,label_v1
24,comp2,2015-03-18,,0,label_v1
29,comp4,2015-03-18,,0,label_v1
38,comp1,2015-03-18,,0,label_v1
41,comp2,2015-03-18,,0,label_v1
41,comp4,2015-03-18,,0,label_v1
68,comp4,2015-03-18,,0,label_v1
79,comp4,2015-03-18,2015-03-18,1,label_v1
81,comp3,2015-03-18,,0,label_v1
91,comp3,2015-03-18,,0,label_v1
2,comp1,2015-03-19,2015-03-19,1,label_v1
2,comp2,2015-03-19,2015-03-19,1,label_v1
9,comp1,2015-03-19,,0,label_v1
76,comp1,2015-03-19,2015-03-19,1,label_v1
76,comp2,2015-03-19,,0,label_v1
96,comp4,2015-03-19,,0,label_v1
99,comp4,2015-03-19,2015-03-19,1,label_v1
10,comp1,2015-03-20,,0,label_v1
20,comp1,2015-03-20,,0,label_v1
20,comp2,2015-03-20,2015-03-20,1,label_v1
25,comp3,2015-03-20,,0,label_v1
37,comp1,2015-03-20,,0,label_v1
37,comp2,2015-03-20,,0,label_v1
52,comp1,2015-03-20,,0,label_v1
52,comp2,2015-03-20,,0,label_v1
66,comp1,2015-03-20,,0,label_v1
66,comp2,2015-03-20,,0,label_v1
88,comp1,2015-03-20,,0,label_v1
88,comp4,2015-03-20,,0,label_v1
1,comp1,2015-03-21,,0,label_v1
23,comp4,2015-03-21,2015-03-21,1,label_v1
59,comp1,2015-03-21,,0,label_v1
64,comp1,2015-03-21,,0,label_v1
69,comp1,2015-03-21,,0,label_v1
84,comp4,2015-03-21,,0,label_v1
90,comp2,2015-03-21,,0,label_v1
90,comp3,2015-03-21,2015-03-21,1,label_v1
92,comp2,2015-03-21,,0,label_v1
92,comp4,2015-03-21,,0,label_v1
95,comp1,2015-03-21,,0,label_v1
95,comp2,2015-03-21,2015-03-21,1,label_v1
8,comp4,2015-03-22,2015-03-22,1,label_v1
26,comp3,2015-03-22,,0,label_v1
35,comp4,2015-03-22,2015-03-22,1,label_v1
42,comp2,2015-03-22,,0,label_v1
43,comp2,2015-03-22,2015-03-22,1,label_v1
43,comp4,2015-03-22,,0,label_v1
55,comp3,2015-03-22,,0,label_v1
3,comp1,2015-03-23,,0,label_v1
6,comp4,2015-03-23,,0,label_v1
12,comp2,2015-03-23,2015-03-23,1,label_v1
22,comp2,2015-03-23,2015-03-23,1,label_v1
22,comp4,2015-03-23,2015-03-23,1,label_v1
31,comp3,2015-03-23,2015-03-23,1,label_v1
45,comp4,2015-03-23,,0,label_v1
75,comp2,2015-03-23,,0,label_v1
46,comp4,2015-03-24,,0,label_v1
57,comp1,2015-03-24,,0,label_v1
57,comp4,2015-03-24,,0,label_v1
72,comp1,2015-03-24,2015-03-24,1,label_v1
89,comp2,2015-03-24,,0,label_v1
89,comp4,2015-03-24,2015-03-24,1,label_v1
94,comp2,2015-03-24,,0,label_v1
94,comp4,2015-03-24,,0,label_v1
5,comp4,2015-03-25,,0,label_v1
7,comp2,2015-03-25,,0,label_v1
7,comp3,2015-03-25,,0,label_v1
30,comp4,2015-03-25,2015-03-25,1,label_v1
47,comp1,2015-03-25,2015-03-25,1,label_v1
97,comp1,2015-03-25,,0,label_v1
27,comp2,2015-03-26,,0,label_v1
13,comp1,2015-03-27,,0,label_v1
48,comp3,2015-03-27,,0,label_v1
48,comp4,2015-03-27,,0,label_v1
71,comp1,2015-03-27,2015-03-27,1,label_v1
71,comp2,2015-03-27,,0,label_v1
77,comp1,2015-03-27,,0,label_v1
87,comp1,2015-03-28,2015-03-28,1,label_v1
53,comp1,2015-03-29,2015-03-29,1,label_v1
61,comp3,2015-03-29,,0,label_v1
62,comp1,2015-03-29,,0,label_v1
62,comp3,2015-03-29,,0,label_v1
63,comp2,2015-03-29,,0,label_v1
63,comp4,2015-03-29,,0,label_v1
70,comp3,2015-03-29,,0,label_v1
80,comp4,2015-03-29,,0,label_v1
82,comp1,2015-03-29,2015-03-29,1,label_v1
82,comp2,2015-03-29,,0,label_v1
100,comp1,2015-03-29,,0,label_v1
56,comp3,2015-03-30,,0,label_v1
18,comp1,2015-03-31,2015-03-31,1,label_v1
44,comp1,2015-03-31,,0,label_v1
44,comp4,2015-03-31,,0,label_v1
49,comp1,2015-03-31,,0,label_v1
50,comp4,2015-03-31,,0,label_v1
54,comp2,2015-03-31,,0,label_v1
54,comp3,2015-03-31,2015-03-31,1,label_v1
85,comp1,2015-03-31,,0,label_v1
85,comp3,2015-03-31,,0,label_v1
98,comp1,2015-03-31,,0,label_v1
14,comp4,2015-04-01,,0,label_v1
17,comp2,2015-04-01,2015-04-01,1,label_v1
17,comp4,2015-04-01,2015-04-01,1,label_v1
28,comp2,2015-04-01,,0,label_v1
33,comp2,2015-04-01,,0,label_v1
33,comp4,2015-04-01,2015-04-01,1,label_v1
34,comp4,2015-04-01,,0,label_v1
39,comp2,2015-04-01,2015-04-01,1,label_v1
39,comp4,2015-04-01,,0,label_v1
51,comp2,2015-04-01,2015-04-01,1,label_v1
58,comp2,2015-04-01,,0,label_v1
65,comp1,2015-04-01,,0,label_v1
65,comp3,2015-04-01,,0,label_v1
67,comp3,2015-04-01,,0,label_v1
83,comp4,2015-04-01,,0,label_v1
93,comp2,2015-04-01,2015-04-01,1,label_v1
4,comp2,2015-04-02,2015-04-02,1,label_v1
4,comp4,2015-04-02,,0,label_v1
16,comp1,2015-04-02,2015-04-02,1,label_v1
24,comp4,2015-04-02,2015-04-02,1,label_v1
29,comp4,2015-04-02,,0,label_v1
38,comp2,2015-04-02,2015-04-02,1,label_v1
68,comp2,2015-04-02,2015-04-02,1,label_v1
73,comp1,2015-04-02,2015-04-02,1,label_v1
79,comp1,2015-04-02,2015-04-02,1,label_v1
81,comp1,2015-04-02,,0,label_v1
81,comp3,2015-04-02,,0,label_v1
91,comp1,2015-04-02,2015-04-02,1,label_v1
2,comp3,2015-04-03,,0,label_v1
9,comp1,2015-04-03,,0,label_v1
76,comp3,2015-04-03,2015-04-03,1,label_v1
96,comp4,2015-04-03,,0,label_v1
99,comp2,2015-04-03,2015-04-03,1,label_v1
10,comp2,2015-04-04,2015-04-04,1,label_v1
20,comp1,2015-04-04,,0,label_v1
20,comp3,2015-04-04,2015-04-04,1,label_v1
25,comp1,2015-04-04,,0,label_v1
37,comp2,2015-04-04,,0,label_v1
40,comp1,2015-04-04,2015-04-04,1,label_v1
52,comp2,2015-04-04,,0,label_v1
52,comp3,2015-04-04,,0,label_v1
66,comp3,2015-04-04,,0,label_v1
66,comp4,2015-04-04,,0,label_v1
88,comp2,2015-04-04,2015-04-04,1,label_v1
1,comp3,2015-04-05,,0,label_v1
11,comp4,2015-04-05,,0,label_v1
15,comp3,2015-04-05,,0,label_v1
23,comp1,2015-04-05,2015-04-05,1,label_v1
23,comp4,2015-04-05,,0,label_v1
59,comp4,2015-04-05,2015-04-05,1,label_v1
64,comp2,2015-04-05,2015-04-05,1,label_v1
64,comp3,2015-04-05,,0,label_v1
69,comp1,2015-04-05,,0,label_v1
84,comp2,2015-04-05,2015-04-05,1,label_v1
90,comp1,2015-04-05,2015-04-05,1,label_v1
90,comp4,2015-04-05,,0,label_v1
92,comp3,2015-04-05,,0,label_v1
95,comp4,2015-04-05,,0,label_v1
8,comp3,2015-04-06,,0,label_v1
26,comp1,2015-04-06,2015-04-06,1,label_v1
35,comp3,2015-04-06,2015-04-06,1,label_v1
42,comp2,2015-04-06,,0,label_v1
42,comp3,2015-04-06,2015-04-06,1,label_v1
43,comp1,2015-04-06,,0,label_v1
55,comp4,2015-04-06,,0,label_v1
78,comp2,2015-04-06,,0,label_v1
3,comp2,2015-04-07,,0,label_v1
6,comp1,2015-04-07,,0,label_v1
12,comp1,2015-04-07,,0,label_v1
12,comp2,2015-04-07,,0,label_v1
22,comp3,2015-04-07,2015-04-07,1,label_v1
31,comp3,2015-04-07,,0,label_v1
31,comp4,2015-04-07,,0,label_v1
36,comp1,2015-04-07,,0,label_v1
36,comp4,2015-04-07,,0,label_v1
45,comp3,2015-04-07,,0,label_v1
75,comp1,2015-04-07,2015-04-07,1,label_v1
75,comp3,2015-04-07,,0,label_v1
21,comp4,2015-04-08,2015-04-08,1,label_v1
46,comp4,2015-04-08,,0,label_v1
57,comp1,2015-04-08,,0,label_v1
57,comp4,2015-04-08,,0,label_v1
72,comp1,2015-04-08,,0,label_v1
86,comp4,2015-04-08,,0,label_v1
5,comp1,2015-04-09,2015-04-09,1,label_v1
7,comp2,2015-04-09,,0,label_v1
30,comp2,2015-04-09,,0,label_v1
30,comp3,2015-04-09,,0,label_v1
47,comp2,2015-04-09,2015-04-09,1,label_v1
97,comp2,2015-04-09,,0,label_v1
32,comp1,2015-04-10,,0,label_v1
32,comp4,2015-04-10,2015-04-10,1,label_v1
13,comp3,2015-04-11,2015-04-11,1,label_v1
13,comp4,2015-04-11,2015-04-11,1,label_v1
48,comp3,2015-04-11,,0,label_v1
77,comp1,2015-04-11,,0,label_v1
77,comp4,2015-04-11,,0,label_v1
87,comp1,2015-04-12,,0,label_v1
19,comp1,2015-04-13,,0,label_v1
19,comp4,2015-04-13,2015-04-13,1,label_v1
53,comp3,2015-04-13,,0,label_v1
53,comp4,2015-04-13,,0,label_v1
61,comp3,2015-04-13,,0,label_v1
62,comp1,2015-04-13,,0,label_v1
62,comp2,2015-04-13,,0,label_v1
63,comp1,2015-04-13,,0,label_v1
63,comp3,2015-04-13,,0,label_v1
70,comp2,2015-04-13,,0,label_v1
70,comp4,2015-04-13,,0,label_v1
80,comp1,2015-04-13,,0,label_v1
80,comp2,2015-04-13,,0,label_v1
82,comp2,2015-04-13,,0,label_v1
82,comp4,2015-04-13,,0,label_v1
100,comp1,2015-04-13,,0,label_v1
56,comp1,2015-04-14,2015-04-14,1,label_v1
56,comp4,2015-04-14,,0,label_v1
18,comp1,2015-04-15,,0,label_v1
18,comp3,2015-04-15,,0,label_v1
44,comp1,2015-04-15,,0,label_v1
49,comp1,2015-04-15,,0,label_v1
49,comp4,2015-04-15,2015-04-15,1,label_v1
54,comp3,2015-04-15,,0,label_v1
60,comp2,2015-04-15,2015-04-15,1,label_v1
60,comp3,2015-04-15,,0,label_v1
85,comp3,2015-04-15,,0,label_v1
98,comp3,2015-04-15,2015-04-15,1,label_v1
14,comp4,2015-04-16,,0,label_v1
17,comp4,2015-04-16,,0,label_v1
28,comp3,2015-04-16,,0,label_v1
33,comp3,2015-04-16,,0,label_v1
34,comp1,2015-04-16,2015-04-16,1,label_v1
39,comp2,2015-04-16,,0,label_v1
39,comp4,2015-04-16,,0,label_v1
51,comp2,2015-04-16,,0,label_v1
65,comp1,2015-04-16,,0,label_v1
67,comp3,2015-04-16,,0,label_v1
93,comp1,2015-04-16,2015-04-16,1,label_v1
93,comp3,2015-04-16,,0,label_v1
4,comp3,2015-04-17,,0,label_v1
16,comp4,2015-04-17,,0,label_v1
24,comp3,2015-04-17,2015-04-17,1,label_v1
29,comp3,2015-04-17,,0,label_v1
38,comp3,2015-04-17,,0,label_v1
38,comp4,2015-04-17,2015-04-17,1,label_v1
41,comp3,2015-04-17,,0,label_v1
68,comp3,2015-04-17,,0,label_v1
73,comp4,2015-04-17,2015-04-17,1,label_v1
79,comp2,2015-04-17,,0,label_v1
79,comp3,2015-04-17,,0,label_v1
81,comp2,2015-04-17,2015-04-17,1,label_v1
2,comp2,2015-04-18,2015-04-18,1,label_v1
9,comp4,2015-04-18,,0,label_v1
76,comp3,2015-04-18,,0,label_v1
96,comp2,2015-04-18,,0,label_v1
96,comp4,2015-04-18,,0,label_v1
99,comp3,2015-04-18,2015-04-18,1,label_v1
10,comp4,2015-04-19,,0,label_v1
20,comp3,2015-04-19,,0,label_v1
20,comp4,2015-04-19,2015-04-19,1,label_v1
25,comp3,2015-04-19,,0,label_v1
37,comp1,2015-04-19,,0,label_v1
37,comp4,2015-04-19,2015-04-19,1,label_v1
40,comp1,2015-04-19,,0,label_v1
52,comp1,2015-04-19,,0,label_v1
52,comp3,2015-04-19,,0,label_v1
66,comp3,2015-04-19,,0,label_v1
88,comp4,2015-04-19,,0,label_v1
1,comp2,2015-04-20,2015-04-20,1,label_v1
11,comp2,2015-04-20,2015-04-20,1,label_v1
11,comp3,2015-04-20,2015-04-20,1,label_v1
15,comp2,2015-04-20,,0,label_v1
23,comp1,2015-04-20,,0,label_v1
59,comp3,2015-04-20,,0,label_v1
64,comp2,2015-04-20,,0,label_v1
69,comp4,2015-04-20,2015-04-20,1,label_v1
84,comp3,2015-04-20,,0,label_v1
90,comp4,2015-04-20,,0,label_v1
92,comp1,2015-04-20,2015-04-20,1,label_v1
92,comp2,2015-04-20,2015-04-20,1,label_v1
95,comp2,2015-04-20,,0,label_v1
95,comp3,2015-04-20,2015-04-20,1,label_v1
8,comp2,2015-04-21,2015-04-21,1,label_v1
35,comp3,2015-04-21,,0,label_v1
42,comp2,2015-04-21,,0,label_v1
42,comp3,2015-04-21,,0,label_v1
43,comp2,2015-04-21,,0,label_v1
43,comp4,2015-04-21,,0,label_v1
55,comp2,2015-04-21,2015-04-21,1,label_v1
78,comp2,2015-04-21,,0,label_v1
3,comp3,2015-04-22,,0,label_v1
6,comp3,2015-04-22,,0,label_v1
6,comp4,2015-04-22,,0,label_v1
12,comp3,2015-04-22,,0,label_v1
22,comp2,2015-04-22,2015-04-22,1,label_v1
31,comp3,2015-04-22,,0,label_v1
36,comp3,2015-04-22,,0,label_v1
45,comp1,2015-04-22,,0,label_v1
75,comp1,2015-04-22,,0,label_v1
21,comp2,2015-04-23,,0,label_v1
46,comp4,2015-04-23,,0,label_v1
57,comp2,2015-04-23,,0,label_v1
72,comp2,2015-04-23,,0,label_v1
74,comp4,2015-04-23,,0,label_v1
89,comp2,2015-04-23,,0,label_v1
5,comp2,2015-04-24,,0,label_v1
5,comp3,2015-04-24,,0,label_v1
7,comp1,2015-04-24,2015-04-24,1,label_v1
30,comp4,2015-04-24,,0,label_v1
97,comp2,2015-04-24,,0,label_v1
27,comp3,2015-04-25,,0,label_v1
27,comp4,2015-04-25,,0,label_v1
32,comp1,2015-04-25,,0,label_v1
13,comp3,2015-04-26,,0,label_v1
13,comp4,2015-04-26,,0,label_v1
71,comp2,2015-04-26,2015-04-26,1,label_v1
77,comp1,2015-04-26,,0,label_v1
77,comp3,2015-04-26,,0,label_v1
87,comp2,2015-04-27,2015-04-27,1,label_v1
19,comp2,2015-04-28,,0,label_v1
19,comp3,2015-04-28,,0,label_v1
61,comp2,2015-04-28,,0,label_v1
62,comp2,2015-04-28,,0,label_v1
63,comp1,2015-04-28,,0,label_v1
70,comp4,2015-04-28,,0,label_v1
80,comp2,2015-04-28,,0,label_v1
82,comp2,2015-04-28,,0,label_v1
100,comp1,2015-04-28,,0,label_v1
100,comp4,2015-04-28,,0,label_v1
56,comp2,2015-04-29,2015-04-29,1,label_v1
56,comp4,2015-04-29,,0,label_v1
44,comp1,2015-04-30,,0,label_v1
49,comp4,2015-04-30,,0,label_v1
50,comp2,2015-04-30,2015-04-30,1,label_v1
50,comp3,2015-04-30,,0,label_v1
54,comp2,2015-04-30,2015-04-30,1,label_v1
60,comp2,2015-04-30,,0,label_v1
98,comp2,2015-04-30,2015-04-30,1,label_v1
98,comp4,2015-04-30,2015-04-30,1,label_v1
14,comp2,2015-05-01,,0,label_v1
14,comp3,2015-05-01,,0,label_v1
17,comp4,2015-05-01,,0,label_v1
28,comp1,2015-05-01,2015-05-01,1,label_v1
33,comp2,2015-05-01,2015-05-01,1,label_v1
34,comp3,2015-05-01,,0,label_v1
39,comp2,2015-05-01,,0,label_v1
51,comp1,2015-05-01,,0,label_v1
58,comp3,2015-05-01,2015-05-01,1,label_v1
67,comp2,2015-05-01,,0,label_v1
83,comp3,2015-05-01,,0,label_v1
93,comp2,2015-05-01,2015-05-01,1,label_v1
4,comp4,2015-05-02,,0,label_v1
16,comp1,2015-05-02,,0,label_v1
24,comp4,2015-05-02,,0,label_v1
29,comp2,2015-05-02,,0,label_v1
38,comp3,2015-05-02,,0,label_v1
38,comp4,2015-05-02,,0,label_v1
41,comp1,2015-05-02,2015-05-02,1,label_v1
68,comp3,2015-05-02,,0,label_v1
73,comp2,2015-05-02,,0,label_v1
73,comp3,2015-05-02,2015-05-02,1,label_v1
79,comp2,2015-05-02,,0,label_v1
81,comp2,2015-05-02,,0,label_v1
91,comp2,2015-05-02,,0,label_v1
2,comp2,2015-05-03,,0,label_v1
9,comp1,2015-05-03,,0,label_v1
76,comp2,2015-05-03,2015-05-03,1,label_v1
96,comp3,2015-05-03,2015-05-03,1,label_v1
96,comp4,2015-05-03,,0,label_v1
99,comp2,2015-05-03,2015-05-03,1,label_v1
20,comp4,2015-05-04,,0,label_v1
25,comp4,2015-05-04,2015-05-04,1,label_v1
40,comp4,2015-05-04,,0,label_v1
52,comp2,2015-05-04,,0,label_v1
66,comp4,2015-05-04,,0,label_v1
88,comp3,2015-05-04,,0,label_v1
88,comp4,2015-05-04,,0,label_v1
1,comp2,2015-05-05,,0,label_v1
1,comp3,2015-05-05,,0,label_v1
11,comp3,2015-05-05,,0,label_v1
11,comp4,2015-05-05,,0,label_v1
15,comp2,2015-05-05,,0,label_v1
23,comp1,2015-05-05,,0,label_v1
23,comp4,2015-05-05,,0,label_v1
59,comp3,2015-05-05,,0,label_v1
64,comp4,2015-05-05,2015-05-05,1,label_v1
84,comp4,2015-05-05,,0,label_v1
90,comp1,2015-05-05,,0,label_v1
90,comp4,2015-05-05,,0,label_v1
92,comp1,2015-05-05,,0,label_v1
95,comp1,2015-05-05,2015-05-05,1,label_v1
95,comp2,2015-05-05,,0,label_v1
8,comp2,2015-05-06,,0,label_v1
26,comp2,2015-05-06,,0,label_v1
26,comp4,2015-05-06,,0,label_v1
35,comp3,2015-05-06,,0,label_v1
35,comp4,2015-05-06,2015-05-06,1,label_v1
42,comp1,2015-05-06,2015-05-06,1,label_v1
42,comp4,2015-05-06,,0,label_v1
43,comp3,2015-05-06,,0,label_v1
43,comp4,2015-05-06,,0,label_v1
55,comp2,2015-05-06,,0,label_v1
78,comp3,2015-05-06,,0,label_v1
3,comp4,2015-05-07,,0,label_v1
6,comp2,2015-05-07,,0,label_v1
6,comp4,2015-05-07,,0,label_v1
12,comp1,2015-05-07,,0,label_v1
22,comp2,2015-05-07,,0,label_v1
31,comp4,2015-05-07,,0,label_v1
36,comp3,2015-05-07,,0,label_v1
36,comp4,2015-05-07,,0,label_v1
45,comp2,2015-05-07,,0,label_v1
75,comp3,2015-05-07,,0,label_v1
75,comp4,2015-05-07,2015-05-07,1,label_v1
21,comp1,2015-05-08,2015-05-08,1,label_v1
46,comp1,2015-05-08,,0,label_v1
46,comp2,2015-05-08,,0,label_v1
57,comp1,2015-05-08,,0,label_v1
72,comp2,2015-05-08,,0,label_v1
74,comp2,2015-05-08,2015-05-08,1,label_v1
86,comp1,2015-05-08,,0,label_v1
89,comp2,2015-05-08,,0,label_v1
94,comp3,2015-05-08,2015-05-08,1,label_v1
5,comp4,2015-05-09,,0,label_v1
7,comp1,2015-05-09,,0,label_v1
7,comp4,2015-05-09,2015-05-09,1,label_v1
30,comp4,2015-05-09,,0,label_v1
47,comp1,2015-05-09,,0,label_v1
97,comp2,2015-05-09,,0,label_v1
97,comp4,2015-05-09,2015-05-09,1,label_v1
27,comp3,2015-05-10,,0,label_v1
32,comp2,2015-05-10,2015-05-10,1,label_v1
13,comp4,2015-05-11,,0,label_v1
48,comp2,2015-05-11,2015-05-11,1,label_v1
48,comp4,2015-05-11,,0,label_v1
71,comp2,2015-05-11,,0,label_v1
77,comp1,2015-05-11,,0,label_v1
77,comp2,2015-05-11,,0,label_v1
87,comp1,2015-05-12,,0,label_v1
87,comp2,2015-05-12,,0,label_v1
19,comp1,2015-05-13,,0,label_v1
19,comp2,2015-05-13,,0,label_v1
53,comp2,2015-05-13,2015-05-13,1,label_v1
53,comp3,2015-05-13,,0,label_v1
61,comp1,2015-05-13,,0,label_v1
62,comp1,2015-05-13,,0,label_v1
63,comp4,2015-05-13,2015-05-13,1,label_v1
70,comp3,2015-05-13,,0,label_v1
70,comp4,2015-05-13,,0,label_v1
80,comp1,2015-05-13,,0,label_v1
80,comp2,2015-05-13,,0,label_v1
82,comp1,2015-05-13,2015-05-13,1,label_v1
82,comp3,2015-05-13,,0,label_v1
100,comp3,2015-05-13,,0,label_v1
56,comp2,2015-05-14,,0,label_v1
18,comp2,2015-05-15,,0,label_v1
18,comp4,2015-05-15,2015-05-15,1,label_v1
49,comp2,2015-05-15,2015-05-15,1,label_v1
49,comp4,2015-05-15,,0,label_v1
50,comp2,2015-05-15,,0,label_v1
50,comp4,2015-05-15,,0,label_v1
54,comp1,2015-05-15,,0,label_v1
60,comp2,2015-05-15,,0,label_v1
85,comp1,2015-05-15,,0,label_v1
98,comp1,2015-05-15,2015-05-15,1,label_v1
14,comp2,2015-05-16,,0,label_v1
14,comp4,2015-05-16,,0,label_v1
17,comp1,2015-05-16,2015-05-16,1,label_v1
17,comp2,2015-05-16,,0,label_v1
28,comp1,2015-05-16,,0,label_v1
28,comp3,2015-05-16,,0,label_v1
34,comp3,2015-05-16,,0,label_v1
34,comp4,2015-05-16,,0,label_v1
39,comp1,2015-05-16,,0,label_v1
51,comp3,2015-05-16,,0,label_v1
58,comp1,2015-05-16,2015-05-16,1,label_v1
65,comp2,2015-05-16,,0,label_v1
67,comp2,2015-05-16,,0,label_v1
67,comp3,2015-05-16,,0,label_v1
83,comp1,2015-05-16,,0,label_v1
83,comp4,2015-05-16,2015-05-16,1,label_v1
93,comp4,2015-05-16,2015-05-16,1,label_v1
4,comp3,2015-05-17,,0,label_v1
16,comp3,2015-05-17,2015-05-17,1,label_v1
24,comp1,2015-05-17,,0,label_v1
38,comp3,2015-05-17,,0,label_v1
38,comp4,2015-05-17,,0,label_v1
41,comp3,2015-05-17,,0,label_v1
41,comp4,2015-05-17,,0,label_v1
73,comp1,2015-05-17,2015-05-17,1,label_v1
79,comp4,2015-05-17,2015-05-17,1,label_v1
81,comp1,2015-05-17,,0,label_v1
81,comp3,2015-05-17,,0,label_v1
91,comp2,2015-05-17,,0,label_v1
2,comp4,2015-05-18,,0,label_v1
9,comp1,2015-05-18,,0,label_v1
76,comp1,2015-05-18,,0,label_v1
99,comp1,2015-05-18,2015-05-18,1,label_v1
10,comp2,2015-05-19,2015-05-19,1,label_v1
10,comp4,2015-05-19,,0,label_v1
25,comp3,2015-05-19,,0,label_v1
37,comp3,2015-05-19,2015-05-19,1,label_v1
52,comp1,2015-05-19,,0,label_v1
66,comp1,2015-05-19,2015-05-19,1,label_v1
66,comp2,2015-05-19,2015-05-19,1,label_v1
88,comp1,2015-05-19,,0,label_v1
88,comp3,2015-05-19,,0,label_v1
1,comp2,2015-05-20,,0,label_v1
11,comp3,2015-05-20,,0,label_v1
11,comp4,2015-05-20,,0,label_v1
15,comp3,2015-05-20,,0,label_v1
23,comp2,2015-05-20,,0,label_v1
59,comp4,2015-05-20,2015-05-20,1,label_v1
64,comp3,2015-05-20,,0,label_v1
64,comp4,2015-05-20,,0,label_v1
69,comp2,2015-05-20,2015-05-20,1,label_v1
84,comp1,2015-05-20,,0,label_v1
84,comp4,2015-05-20,,0,label_v1
90,comp2,2015-05-20,2015-05-20,1,label_v1
92,comp3,2015-05-20,2015-05-20,1,label_v1
95,comp2,2015-05-20,,0,label_v1
8,comp2,2015-05-21,,0,label_v1
26,comp2,2015-05-21,,0,label_v1
35,comp1,2015-05-21,2015-05-21,1,label_v1
35,comp4,2015-05-21,,0,label_v1
42,comp4,2015-05-21,,0,label_v1
43,comp2,2015-05-21,2015-05-21,1,label_v1
43,comp4,2015-05-21,,0,label_v1
55,comp3,2015-05-21,,0,label_v1
78,comp3,2015-05-21,,0,label_v1
3,comp2,2015-05-22,,0,label_v1
6,comp2,2015-05-22,,0,label_v1
12,comp1,2015-05-22,,0,label_v1
22,comp1,2015-05-22,2015-05-22,1,label_v1
22,comp3,2015-05-22,2015-05-22,1,label_v1
31,comp1,2015-05-22,2015-05-22,1,label_v1
31,comp4,2015-05-22,,0,label_v1
36,comp3,2015-05-22,,0,label_v1
45,comp4,2015-05-22,2015-05-22,1,label_v1
75,comp3,2015-05-22,,0,label_v1
75,comp4,2015-05-22,,0,label_v1
46,comp1,2015-05-23,,0,label_v1
46,comp2,2015-05-23,,0,label_v1
57,comp1,2015-05-23,,0,label_v1
57,comp3,2015-05-23,,0,label_v1
72,comp1,2015-05-23,,0,label_v1
72,comp3,2015-05-23,,0,label_v1
74,comp2,2015-05-23,,0,label_v1
86,comp1,2015-05-23,,0,label_v1
89,comp4,2015-05-23,2015-05-23,1,label_v1
94,comp4,2015-05-23,2015-05-23,1,label_v1
5,comp2,2015-05-24,,0,label_v1
7,comp2,2015-05-24,2015-05-24,1,label_v1
7,comp3,2015-05-24,,0,label_v1
30,comp3,2015-05-24,,0,label_v1
30,comp4,2015-05-24,,0,label_v1
47,comp1,2015-05-24,,0,label_v1
97,comp2,2015-05-24,,0,label_v1
97,comp4,2015-05-24,,0,label_v1
27,comp3,2015-05-25,,0,label_v1
32,comp1,2015-05-25,,0,label_v1
13,comp2,2015-05-26,,0,label_v1
48,comp4,2015-05-26,,0,label_v1
77,comp1,2015-05-26,,0,label_v1
77,comp4,2015-05-26,,0,label_v1
87,comp1,2015-05-27,,0,label_v1
19,comp1,2015-05-28,,0,label_v1
19,comp2,2015-05-28,,0,label_v1
53,comp3,2015-05-28,,0,label_v1
61,comp2,2015-05-28,,0,label_v1
61,comp3,2015-05-28,,0,label_v1
62,comp4,2015-05-28,2015-05-28,1,label_v1
63,comp1,2015-05-28,,0,label_v1
63,comp2,2015-05-28,2015-05-28,1,label_v1
70,comp2,2015-05-28,2015-05-28,1,label_v1
70,comp4,2015-05-28,,0,label_v1
82,comp4,2015-05-28,,0,label_v1
100,comp3,2015-05-28,,0,label_v1
100,comp4,2015-05-28,,0,label_v1
56,comp1,2015-05-29,,0,label_v1
56,comp4,2015-05-29,,0,label_v1
18,comp3,2015-05-30,,0,label_v1
44,comp3,2015-05-30,,0,label_v1
49,comp1,2015-05-30,,0,label_v1
50,comp2,2015-05-30,,0,label_v1
50,comp4,2015-05-30,,0,label_v1
54,comp1,2015-05-30,,0,label_v1
60,comp1,2015-05-30,,0,label_v1
85,comp3,2015-05-30,2015-05-30,1,label_v1
98,comp3,2015-05-30,2015-05-30,1,label_v1
14,comp1,2015-05-31,,0,label_v1
17,comp4,2015-05-31,,0,label_v1
28,comp1,2015-05-31,,0,label_v1
28,comp4,2015-05-31,,0,label_v1
33,comp2,2015-05-31,2015-05-31,1,label_v1
34,comp3,2015-05-31,,0,label_v1
34,comp4,2015-05-31,,0,label_v1
39,comp2,2015-05-31,,0,label_v1
51,comp2,2015-05-31,2015-05-31,1,label_v1
58,comp2,2015-05-31,2015-05-31,1,label_v1
58,comp4,2015-05-31,,0,label_v1
65,comp1,2015-05-31,2015-05-31,1,label_v1
67,comp4,2015-05-31,2015-05-31,1,label_v1
83,comp2,2015-05-31,2015-05-31,1,label_v1
93,comp2,2015-05-31,,0,label_v1
93,comp3,2015-05-31,,0,label_v1
4,comp4,2015-06-01,,0,label_v1
16,comp2,2015-06-01,2015-06-01,1,label_v1
24,comp2,2015-06-01,,0,label_v1
24,comp4,2015-06-01,,0,label_v1
29,comp2,2015-06-01,,0,label_v1
29,comp4,2015-06-01,,0,label_v1
41,comp2,2015-06-01,,0,label_v1
41,comp3,2015-06-01,,0,label_v1
68,comp4,2015-06-01,,0,label_v1
73,comp2,2015-06-01,,0,label_v1
73,comp3,2015-06-01,,0,label_v1
79,comp4,2015-06-01,,0,label_v1
81,comp1,2015-06-01,,0,label_v1
2,comp3,2015-06-02,,0,label_v1
9,comp4,2015-06-02,,0,label_v1
76,comp1,2015-06-02,,0,label_v1
96,comp1,2015-06-02,,0,label_v1
96,comp3,2015-06-02,,0,label_v1
99,comp4,2015-06-02,2015-06-02,1,label_v1
10,comp1,2015-06-03,2015-06-03,1,label_v1
25,comp1,2015-06-03,2015-06-03,1,label_v1
25,comp2,2015-06-03,2015-06-03,1,label_v1
37,comp4,2015-06-03,2015-06-03,1,label_v1
40,comp3,2015-06-03,2015-06-03,1,label_v1
40,comp4,2015-06-03,,0,label_v1
52,comp2,2015-06-03,,0,label_v1
66,comp1,2015-06-03,,0,label_v1
66,comp4,2015-06-03,,0,label_v1
88,comp2,2015-06-03,,0,label_v1
1,comp3,2015-06-04,,0,label_v1
11,comp4,2015-06-04,,0,label_v1
15,comp1,2015-06-04,2015-06-04,1,label_v1
15,comp2,2015-06-04,,0,label_v1
23,comp3,2015-06-04,2015-06-04,1,label_v1
59,comp1,2015-06-04,,0,label_v1
64,comp1,2015-06-04,,0,label_v1
69,comp1,2015-06-04,,0,label_v1
84,comp4,2015-06-04,,0,label_v1
90,comp3,2015-06-04,2015-06-04,1,label_v1
92,comp4,2015-06-04,,0,label_v1
95,comp3,2015-06-04,2015-06-04,1,label_v1
8,comp1,2015-06-05,,0,label_v1
26,comp1,2015-06-05,,0,label_v1
26,comp2,2015-06-05,,0,label_v1
35,comp1,2015-06-05,,0,label_v1
35,comp3,2015-06-05,,0,label_v1
42,comp2,2015-06-05,2015-06-05,1,label_v1
43,comp1,2015-06-05,2015-06-05,1,label_v1
43,comp2,2015-06-05,,0,label_v1
55,comp4,2015-06-05,2015-06-05,1,label_v1
78,comp4,2015-06-05,2015-06-05,1,label_v1
3,comp4,2015-06-06,,0,label_v1
22,comp1,2015-06-06,,0,label_v1
31,comp4,2015-06-06,,0,label_v1
36,comp1,2015-06-06,2015-06-06,1,label_v1
36,comp4,2015-06-06,,0,label_v1
45,comp4,2015-06-06,,0,label_v1
75,comp2,2015-06-06,2015-06-06,1,label_v1
75,comp4,2015-06-06,,0,label_v1
21,comp1,2015-06-07,,0,label_v1
21,comp2,2015-06-07,,0,label_v1
46,comp2,2015-06-07,,0,label_v1
46,comp4,2015-06-07,,0,label_v1
57,comp2,2015-06-07,,0,label_v1
72,comp1,2015-06-07,,0,label_v1
72,comp2,2015-06-07,,0,label_v1
74,comp4,2015-06-07,,0,label_v1
86,comp2,2015-06-07,,0,label_v1
89,comp2,2015-06-07,,0,label_v1
89,comp3,2015-06-07,,0,label_v1
94,comp4,2015-06-07,,0,label_v1
5,comp3,2015-06-08,,0,label_v1
7,comp2,2015-06-08,,0,label_v1
7,comp3,2015-06-08,,0,label_v1
30,comp2,2015-06-08,,0,label_v1
30,comp4,2015-06-08,,0,label_v1
47,comp4,2015-06-08,,0,label_v1
97,comp1,2015-06-08,,0,label_v1
97,comp2,2015-06-08,,0,label_v1
27,comp2,2015-06-09,,0,label_v1
27,comp3,2015-06-09,,0,label_v1
32,comp3,2015-06-09,,0,label_v1
13,comp2,2015-06-10,,0,label_v1
13,comp3,2015-06-10,2015-06-10,1,label_v1
48,comp1,2015-06-10,,0,label_v1
71,comp1,2015-06-10,,0,label_v1
71,comp4,2015-06-10,2015-06-10,1,label_v1
77,comp1,2015-06-10,,0,label_v1
19,comp1,2015-06-12,,0,label_v1
53,comp3,2015-06-12,,0,label_v1
62,comp1,2015-06-12,,0,label_v1
62,comp3,2015-06-12,,0,label_v1
63,comp1,2015-06-12,,0,label_v1
63,comp4,2015-06-12,,0,label_v1
70,comp3,2015-06-12,,0,label_v1
70,comp4,2015-06-12,,0,label_v1
80,comp1,2015-06-12,,0,label_v1
80,comp2,2015-06-12,,0,label_v1
82,comp4,2015-06-12,,0,label_v1
56,comp3,2015-06-13,2015-06-13,1,label_v1
56,comp4,2015-06-13,,0,label_v1
44,comp1,2015-06-14,2015-06-14,1,label_v1
50,comp2,2015-06-14,,0,label_v1
54,comp2,2015-06-14,,0,label_v1
54,comp4,2015-06-14,,0,label_v1
60,comp3,2015-06-14,,0,label_v1
85,comp2,2015-06-14,,0,label_v1
98,comp2,2015-06-14,2015-06-14,1,label_v1
14,comp4,2015-06-15,,0,label_v1
17,comp3,2015-06-15,2015-06-15,1,label_v1
28,comp2,2015-06-15,2015-06-15,1,label_v1
28,comp3,2015-06-15,,0,label_v1
33,comp4,2015-06-15,2015-06-15,1,label_v1
34,comp4,2015-06-15,,0,label_v1
39,comp2,2015-06-15,,0,label_v1
51,comp1,2015-06-15,,0,label_v1
58,comp4,2015-06-15,,0,label_v1
65,comp3,2015-06-15,,0,label_v1
67,comp1,2015-06-15,2015-06-15,1,label_v1
67,comp2,2015-06-15,,0,label_v1
83,comp2,2015-06-15,,0,label_v1
83,comp3,2015-06-15,,0,label_v1
93,comp2,2015-06-15,,0,label_v1
4,comp4,2015-06-16,,0,label_v1
16,comp1,2015-06-16,2015-06-16,1,label_v1
24,comp1,2015-06-16,,0,label_v1
29,comp1,2015-06-16,,0,label_v1
38,comp4,2015-06-16,,0,label_v1
41,comp3,2015-06-16,,0,label_v1
41,comp4,2015-06-16,,0,label_v1
68,comp1,2015-06-16,,0,label_v1
73,comp3,2015-06-16,,0,label_v1
79,comp2,2015-06-16,2015-06-16,1,label_v1
79,comp3,2015-06-16,,0,label_v1
81,comp2,2015-06-16,2015-06-16,1,label_v1
81,comp4,2015-06-16,,0,label_v1
91,comp1,2015-06-16,2015-06-16,1,label_v1
2,comp2,2015-06-17,,0,label_v1
2,comp4,2015-06-17,,0,label_v1
9,comp2,2015-06-17,2015-06-17,1,label_v1
9,comp3,2015-06-17,,0,label_v1
76,comp1,2015-06-17,,0,label_v1
96,comp4,2015-06-17,,0,label_v1
99,comp1,2015-06-17,,0,label_v1
10,comp2,2015-06-18,2015-06-18,1,label_v1
10,comp3,2015-06-18,,0,label_v1
20,comp2,2015-06-18,,0,label_v1
25,comp1,2015-06-18,,0,label_v1
37,comp1,2015-06-18,2015-06-18,1,label_v1
40,comp2,2015-06-18,2015-06-18,1,label_v1
52,comp2,2015-06-18,,0,label_v1
88,comp3,2015-06-18,,0,label_v1
1,comp1,2015-06-19,,0,label_v1
1,comp4,2015-06-19,2015-06-19,1,label_v1
11,comp3,2015-06-19,,0,label_v1
15,comp1,2015-06-19,,0,label_v1
15,comp2,2015-06-19,,0,label_v1
23,comp3,2015-06-19,,0,label_v1
59,comp2,2015-06-19,,0,label_v1
59,comp4,2015-06-19,,0,label_v1
64,comp4,2015-06-19,,0,label_v1
69,comp1,2015-06-19,,0,label_v1
84,comp3,2015-06-19,,0,label_v1
84,comp4,2015-06-19,,0,label_v1
90,comp2,2015-06-19,,0,label_v1
92,comp4,2015-06-19,,0,label_v1
95,comp3,2015-06-19,,0,label_v1
8,comp2,2015-06-20,,0,label_v1
8,comp3,2015-06-20,,0,label_v1
26,comp3,2015-06-20,,0,label_v1
26,comp4,2015-06-20,,0,label_v1
35,comp4,2015-06-20,,0,label_v1
42,comp2,2015-06-20,,0,label_v1
42,comp3,2015-06-20,2015-06-20,1,label_v1
43,comp2,2015-06-20,,0,label_v1
55,comp1,2015-06-20,2015-06-20,1,label_v1
78,comp2,2015-06-20,,0,label_v1
3,comp3,2015-06-21,,0,label_v1
3,comp4,2015-06-21,,0,label_v1
6,comp1,2015-06-21,,0,label_v1
22,comp1,2015-06-21,,0,label_v1
22,comp4,2015-06-21,2015-06-21,1,label_v1
31,comp1,2015-06-21,,0,label_v1
31,comp4,2015-06-21,,0,label_v1
36,comp2,2015-06-21,2015-06-21,1,label_v1
36,comp3,2015-06-21,,0,label_v1
45,comp3,2015-06-21,,0,label_v1
75,comp3,2015-06-21,,0,label_v1
21,comp2,2015-06-22,,0,label_v1
46,comp1,2015-06-22,,0,label_v1
46,comp3,2015-06-22,,0,label_v1
57,comp2,2015-06-22,,0,label_v1
72,comp2,2015-06-22,,0,label_v1
74,comp2,2015-06-22,2015-06-22,1,label_v1
74,comp3,2015-06-22,,0,label_v1
86,comp1,2015-06-22,,0,label_v1
89,comp1,2015-06-22,2015-06-22,1,label_v1
89,comp4,2015-06-22,,0,label_v1
94,comp4,2015-06-22,,0,label_v1
5,comp2,2015-06-23,2015-06-23,1,label_v1
7,comp3,2015-06-23,,0,label_v1
30,comp2,2015-06-23,,0,label_v1
30,comp3,2015-06-23,,0,label_v1
47,comp3,2015-06-23,2015-06-23,1,label_v1
27,comp2,2015-06-24,,0,label_v1
27,comp4,2015-06-24,,0,label_v1
32,comp2,2015-06-24,2015-06-24,1,label_v1
32,comp4,2015-06-24,2015-06-24,1,label_v1
13,comp3,2015-06-25,,0,label_v1
13,comp4,2015-06-25,2015-06-25,1,label_v1
71,comp1,2015-06-25,,0,label_v1
71,comp3,2015-06-25,2015-06-25,1,label_v1
77,comp3,2015-06-25,,0,label_v1
87,comp3,2015-06-26,2015-06-26,1,label_v1
19,comp2,2015-06-27,,0,label_v1
19,comp4,2015-06-27,2015-06-27,1,label_v1
53,comp2,2015-06-27,,0,label_v1
61,comp1,2015-06-27,,0,label_v1
61,comp2,2015-06-27,,0,label_v1
62,comp2,2015-06-27,2015-06-27,1,label_v1
62,comp4,2015-06-27,,0,label_v1
63,comp1,2015-06-27,,0,label_v1
70,comp3,2015-06-27,,0,label_v1
80,comp1,2015-06-27,,0,label_v1
80,comp3,2015-06-27,,0,label_v1
82,comp1,2015-06-27,,0,label_v1
100,comp3,2015-06-27,,0,label_v1
56,comp3,2015-06-28,,0,label_v1
18,comp2,2015-06-29,2015-06-29,1,label_v1
44,comp1,2015-06-29,,0,label_v1
44,comp2,2015-06-29,,0,label_v1
49,comp1,2015-06-29,,0,label_v1
49,comp2,2015-06-29,,0,label_v1
50,comp4,2015-06-29,,0,label_v1
54,comp3,2015-06-29,2015-06-29,1,label_v1
60,comp1,2015-06-29,,0,label_v1
85,comp1,2015-06-29,2015-06-29,1,label_v1
85,comp3,2015-06-29,,0,label_v1
98,comp1,2015-06-29,2015-06-29,1,label_v1
98,comp4,2015-06-29,2015-06-29,1,label_v1
14,comp3,2015-06-30,,0,label_v1
28,comp4,2015-06-30,,0,label_v1
39,comp2,2015-06-30,,0,label_v1
51,comp1,2015-06-30,,0,label_v1
51,comp2,2015-06-30,2015-06-30,1,label_v1
58,comp2,2015-06-30,,0,label_v1
58,comp4,2015-06-30,,0,label_v1
65,comp4,2015-06-30,2015-06-30,1,label_v1
67,comp3,2015-06-30,,0,label_v1
83,comp2,2015-06-30,,0,label_v1
83,comp3,2015-06-30,,0,label_v1
93,comp1,2015-06-30,2015-06-30,1,label_v1
93,comp3,2015-06-30,,0,label_v1
4,comp1,2015-07-01,,0,label_v1
16,comp2,2015-07-01,2015-07-01,1,label_v1
16,comp3,2015-07-01,2015-07-01,1,label_v1
24,comp3,2015-07-01,2015-07-01,1,label_v1
29,comp1,2015-07-01,,0,label_v1
38,comp2,2015-07-01,2015-07-01,1,label_v1
41,comp3,2015-07-01,,0,label_v1
68,comp1,2015-07-01,,0,label_v1
68,comp4,2015-07-01,,0,label_v1
73,comp3,2015-07-01,,0,label_v1
79,comp1,2015-07-01,2015-07-01,1,label_v1
81,comp1,2015-07-01,,0,label_v1
81,comp3,2015-07-01,,0,label_v1
91,comp2,2015-07-01,2015-07-01,1,label_v1
2,comp2,2015-07-02,,0,label_v1
9,comp1,2015-07-02,2015-07-02,1,label_v1
9,comp3,2015-07-02,,0,label_v1
76,comp4,2015-07-02,,0,label_v1
96,comp2,2015-07-02,,0,label_v1
99,comp2,2015-07-02,2015-07-02,1,label_v1
99,comp4,2015-07-02,,0,label_v1
10,comp2,2015-07-03,,0,label_v1
20,comp2,2015-07-03,,0,label_v1
37,comp3,2015-07-03,2015-07-03,1,label_v1
40,comp1,2015-07-03,2015-07-03,1,label_v1
40,comp2,2015-07-03,,0,label_v1
52,comp2,2015-07-03,,0,label_v1
52,comp3,2015-07-03,,0,label_v1
66,comp4,2015-07-03,,0,label_v1
88,comp1,2015-07-03,2015-07-03,1,label_v1
1,comp2,2015-07-04,,0,label_v1
11,comp4,2015-07-04,,0,label_v1
23,comp1,2015-07-04,,0,label_v1
59,comp2,2015-07-04,,0,label_v1
64,comp4,2015-07-04,,0,label_v1
69,comp1,2015-07-04,,0,label_v1
84,comp1,2015-07-04,2015-07-04,1,label_v1
84,comp3,2015-07-04,,0,label_v1
90,comp2,2015-07-04,,0,label_v1
92,comp3,2015-07-04,2015-07-04,1,label_v1
95,comp2,2015-07-04,,0,label_v1
8,comp1,2015-07-05,,0,label_v1
26,comp1,2015-07-05,,0,label_v1
26,comp3,2015-07-05,,0,label_v1
35,comp3,2015-07-05,,0,label_v1
35,comp4,2015-07-05,,0,label_v1
42,comp1,2015-07-05,,0,label_v1
43,comp2,2015-07-05,,0,label_v1
55,comp3,2015-07-05,,0,label_v1
78,comp1,2015-07-05,2015-07-05,1,label_v1
78,comp2,2015-07-05,,0,label_v1
3,comp3,2015-07-06,,0,label_v1
3,comp4,2015-07-06,,0,label_v1
6,comp1,2015-07-06,,0,label_v1
6,comp2,2015-07-06,,0,label_v1
12,comp1,2015-07-06,2015-07-06,1,label_v1
12,comp4,2015-07-06,,0,label_v1
22,comp1,2015-07-06,,0,label_v1
22,comp2,2015-07-06,2015-07-06,1,label_v1
31,comp1,2015-07-06,,0,label_v1
31,comp3,2015-07-06,2015-07-06,1,label_v1
36,comp2,2015-07-06,,0,label_v1
36,comp3,2015-07-06,,0,label_v1
45,comp2,2015-07-06,,0,label_v1
75,comp3,2015-07-06,,0,label_v1
75,comp4,2015-07-06,,0,label_v1
21,comp1,2015-07-07,,0,label_v1
21,comp2,2015-07-07,,0,label_v1
46,comp2,2015-07-07,,0,label_v1
46,comp4,2015-07-07,,0,label_v1
57,comp2,2015-07-07,,0,label_v1
72,comp2,2015-07-07,,0,label_v1
72,comp3,2015-07-07,,0,label_v1
74,comp4,2015-07-07,,0,label_v1
86,comp3,2015-07-07,,0,label_v1
94,comp1,2015-07-07,,0,label_v1
94,comp2,2015-07-07,,0,label_v1
5,comp2,2015-07-08,,0,label_v1
7,comp2,2015-07-08,2015-07-08,1,label_v1
30,comp2,2015-07-08,,0,label_v1
47,comp2,2015-07-08,2015-07-08,1,label_v1
47,comp4,2015-07-08,,0,label_v1
97,comp3,2015-07-08,2015-07-08,1,label_v1
27,comp1,2015-07-09,,0,label_v1
27,comp3,2015-07-09,,0,label_v1
32,comp2,2015-07-09,,0,label_v1
32,comp3,2015-07-09,,0,label_v1
13,comp2,2015-07-10,2015-07-10,1,label_v1
48,comp2,2015-07-10,2015-07-10,1,label_v1
71,comp1,2015-07-10,,0,label_v1
71,comp3,2015-07-10,,0,label_v1
77,comp1,2015-07-10,,0,label_v1
19,comp1,2015-07-12,,0,label_v1
53,comp1,2015-07-12,2015-07-12,1,label_v1
61,comp3,2015-07-12,,0,label_v1
62,comp2,2015-07-12,,0,label_v1
62,comp3,2015-07-12,,0,label_v1
63,comp1,2015-07-12,,0,label_v1
63,comp3,2015-07-12,,0,label_v1
70,comp1,2015-07-12,2015-07-12,1,label_v1
70,comp4,2015-07-12,,0,label_v1
80,comp2,2015-07-12,2015-07-12,1,label_v1
82,comp1,2015-07-12,,0,label_v1
100,comp3,2015-07-12,,0,label_v1
56,comp3,2015-07-13,,0,label_v1
56,comp4,2015-07-13,,0,label_v1
18,comp3,2015-07-14,,0,label_v1
44,comp3,2015-07-14,,0,label_v1
49,comp4,2015-07-14,2015-07-14,1,label_v1
50,comp3,2015-07-14,,0,label_v1
54,comp2,2015-07-14,,0,label_v1
54,comp3,2015-07-14,,0,label_v1
60,comp3,2015-07-14,,0,label_v1
98,comp4,2015-07-14,,0,label_v1
14,comp1,2015-07-15,2015-07-15,1,label_v1
14,comp3,2015-07-15,,0,label_v1
17,comp2,2015-07-15,2015-07-15,1,label_v1
28,comp4,2015-07-15,,0,label_v1
33,comp2,2015-07-15,,0,label_v1
33,comp4,2015-07-15,,0,label_v1
51,comp4,2015-07-15,2015-07-15,1,label_v1
58,comp2,2015-07-15,,0,label_v1
65,comp3,2015-07-15,,0,label_v1
67,comp2,2015-07-15,2015-07-15,1,label_v1
83,comp1,2015-07-15,2015-07-15,1,label_v1
83,comp4,2015-07-15,2015-07-15,1,label_v1
93,comp2,2015-07-15,,0,label_v1
93,comp3,2015-07-15,,0,label_v1
4,comp2,2015-07-16,2015-07-16,1,label_v1
16,comp4,2015-07-16,,0,label_v1
24,comp1,2015-07-16,,0,label_v1
24,comp2,2015-07-16,,0,label_v1
29,comp1,2015-07-16,,0,label_v1
29,comp3,2015-07-16,,0,label_v1
38,comp3,2015-07-16,,0,label_v1
41,comp3,2015-07-16,,0,label_v1
68,comp1,2015-07-16,,0,label_v1
68,comp4,2015-07-16,,0,label_v1
73,comp1,2015-07-16,2015-07-16,1,label_v1
79,comp3,2015-07-16,,0,label_v1
81,comp3,2015-07-16,,0,label_v1
81,comp4,2015-07-16,,0,label_v1
91,comp1,2015-07-16,,0,label_v1
2,comp1,2015-07-17,,0,label_v1
2,comp4,2015-07-17,,0,label_v1
9,comp2,2015-07-17,2015-07-17,1,label_v1
76,comp1,2015-07-17,,0,label_v1
96,comp2,2015-07-17,,0,label_v1
96,comp3,2015-07-17,2015-07-17,1,label_v1
99,comp1,2015-07-17,,0,label_v1
99,comp3,2015-07-17,2015-07-17,1,label_v1
10,comp2,2015-07-18,,0,label_v1
10,comp4,2015-07-18,,0,label_v1
20,comp1,2015-07-18,2015-07-18,1,label_v1
25,comp1,2015-07-18,,0,label_v1
37,comp3,2015-07-18,,0,label_v1
37,comp4,2015-07-18,2015-07-18,1,label_v1
40,comp2,2015-07-18,,0,label_v1
40,comp4,2015-07-18,,0,label_v1
52,comp4,2015-07-18,2015-07-18,1,label_v1
66,comp3,2015-07-18,,0,label_v1
1,comp1,2015-07-19,,0,label_v1
23,comp2,2015-07-19,2015-07-19,1,label_v1
59,comp1,2015-07-19,2015-07-19,1,label_v1
64,comp1,2015-07-19,,0,label_v1
64,comp4,2015-07-19,,0,label_v1
69,comp1,2015-07-19,,0,label_v1
84,comp3,2015-07-19,,0,label_v1
90,comp2,2015-07-19,,0,label_v1
92,comp4,2015-07-19,,0,label_v1
95,comp3,2015-07-19,,0,label_v1
8,comp3,2015-07-20,,0,label_v1
26,comp4,2015-07-20,,0,label_v1
35,comp2,2015-07-20,2015-07-20,1,label_v1
35,comp4,2015-07-20,,0,label_v1
42,comp4,2015-07-20,,0,label_v1
43,comp1,2015-07-20,2015-07-20,1,label_v1
55,comp3,2015-07-20,,0,label_v1
78,comp1,2015-07-20,,0,label_v1
78,comp4,2015-07-20,2015-07-20,1,label_v1
3,comp2,2015-07-21,2015-07-21,1,label_v1
6,comp2,2015-07-21,,0,label_v1
6,comp3,2015-07-21,,0,label_v1
12,comp4,2015-07-21,,0,label_v1
31,comp2,2015-07-21,,0,label_v1
36,comp3,2015-07-21,,0,label_v1
45,comp3,2015-07-21,,0,label_v1
45,comp4,2015-07-21,2015-07-21,1,label_v1
75,comp2,2015-07-21,2015-07-21,1,label_v1
46,comp2,2015-07-22,,0,label_v1
57,comp3,2015-07-22,,0,label_v1
57,comp4,2015-07-22,,0,label_v1
72,comp1,2015-07-22,,0,label_v1
74,comp2,2015-07-22,2015-07-22,1,label_v1
74,comp3,2015-07-22,,0,label_v1
86,comp4,2015-07-22,,0,label_v1
89,comp2,2015-07-22,2015-07-22,1,label_v1
94,comp2,2015-07-22,,0,label_v1
5,comp2,2015-07-23,,0,label_v1
7,comp2,2015-07-23,,0,label_v1
7,comp3,2015-07-23,,0,label_v1
47,comp4,2015-07-23,,0,label_v1
97,comp1,2015-07-23,,0,label_v1
97,comp4,2015-07-23,2015-07-23,1,label_v1
32,comp2,2015-07-24,,0,label_v1
13,comp4,2015-07-25,,0,label_v1
48,comp1,2015-07-25,2015-07-25,1,label_v1
48,comp2,2015-07-25,,0,label_v1
71,comp4,2015-07-25,2015-07-25,1,label_v1
77,comp3,2015-07-25,,0,label_v1
77,comp4,2015-07-25,,0,label_v1
87,comp2,2015-07-26,,0,label_v1
87,comp4,2015-07-26,,0,label_v1
19,comp3,2015-07-27,,0,label_v1
53,comp4,2015-07-27,,0,label_v1
61,comp3,2015-07-27,,0,label_v1
62,comp4,2015-07-27,,0,label_v1
63,comp4,2015-07-27,2015-07-27,1,label_v1
70,comp3,2015-07-27,,0,label_v1
80,comp3,2015-07-27,,0,label_v1
80,comp4,2015-07-27,,0,label_v1
82,comp1,2015-07-27,,0,label_v1
100,comp1,2015-07-27,,0,label_v1
100,comp2,2015-07-27,,0,label_v1
18,comp2,2015-07-29,2015-07-29,1,label_v1
18,comp3,2015-07-29,,0,label_v1
44,comp2,2015-07-29,2015-07-29,1,label_v1
44,comp4,2015-07-29,,0,label_v1
49,comp1,2015-07-29,,0,label_v1
49,comp3,2015-07-29,2015-07-29,1,label_v1
50,comp3,2015-07-29,,0,label_v1
54,comp2,2015-07-29,,0,label_v1
54,comp3,2015-07-29,,0,label_v1
60,comp2,2015-07-29,2015-07-29,1,label_v1
60,comp3,2015-07-29,,0,label_v1
85,comp2,2015-07-29,,0,label_v1
85,comp3,2015-07-29,,0,label_v1
98,comp2,2015-07-29,,0,label_v1
98,comp3,2015-07-29,2015-07-29,1,label_v1
14,comp2,2015-07-30,2015-07-30,1,label_v1
14,comp3,2015-07-30,,0,label_v1
17,comp1,2015-07-30,2015-07-30,1,label_v1
17,comp2,2015-07-30,,0,label_v1
28,comp4,2015-07-30,,0,label_v1
33,comp1,2015-07-30,,0,label_v1
34,comp1,2015-07-30,,0,label_v1
34,comp2,2015-07-30,,0,label_v1
39,comp1,2015-07-30,2015-07-30,1,label_v1
39,comp3,2015-07-30,,0,label_v1
51,comp2,2015-07-30,,0,label_v1
58,comp2,2015-07-30,,0,label_v1
58,comp3,2015-07-30,2015-07-30,1,label_v1
65,comp3,2015-07-30,,0,label_v1
67,comp2,2015-07-30,,0,label_v1
83,comp4,2015-07-30,,0,label_v1
93,comp1,2015-07-30,,0,label_v1
4,comp4,2015-07-31,,0,label_v1
24,comp3,2015-07-31,,0,label_v1
24,comp4,2015-07-31,2015-07-31,1,label_v1
29,comp3,2015-07-31,,0,label_v1
29,comp4,2015-07-31,,0,label_v1
38,comp2,2015-07-31,,0,label_v1
41,comp3,2015-07-31,,0,label_v1
41,comp4,2015-07-31,,0,label_v1
68,comp3,2015-07-31,,0,label_v1
68,comp4,2015-07-31,,0,label_v1
73,comp1,2015-07-31,,0,label_v1
79,comp1,2015-07-31,,0,label_v1
2,comp4,2015-08-01,,0,label_v1
9,comp1,2015-08-01,,0,label_v1
76,comp1,2015-08-01,,0,label_v1
76,comp2,2015-08-01,,0,label_v1
96,comp2,2015-08-01,,0,label_v1
99,comp1,2015-08-01,,0,label_v1
99,comp2,2015-08-01,2015-08-01,1,label_v1
10,comp2,2015-08-02,,0,label_v1
20,comp1,2015-08-02,,0,label_v1
20,comp2,2015-08-02,,0,label_v1
25,comp1,2015-08-02,,0,label_v1
37,comp3,2015-08-02,,0,label_v1
40,comp4,2015-08-02,,0,label_v1
52,comp1,2015-08-02,,0,label_v1
52,comp2,2015-08-02,2015-08-02,1,label_v1
66,comp4,2015-08-02,,0,label_v1
88,comp3,2015-08-02,,0,label_v1
1,comp1,2015-08-03,,0,label_v1
11,comp1,2015-08-03,,0,label_v1
15,comp1,2015-08-03,2015-08-03,1,label_v1
15,comp2,2015-08-03,,0,label_v1
23,comp3,2015-08-03,2015-08-03,1,label_v1
59,comp2,2015-08-03,2015-08-03,1,label_v1
64,comp2,2015-08-03,,0,label_v1
69,comp1,2015-08-03,,0,label_v1
69,comp3,2015-08-03,2015-08-03,1,label_v1
84,comp2,2015-08-03,,0,label_v1
90,comp2,2015-08-03,,0,label_v1
90,comp4,2015-08-03,,0,label_v1
92,comp1,2015-08-03,,0,label_v1
95,comp2,2015-08-03,,0,label_v1
8,comp4,2015-08-04,2015-08-04,1,label_v1
26,comp4,2015-08-04,,0,label_v1
35,comp1,2015-08-04,2015-08-04,1,label_v1
35,comp4,2015-08-04,,0,label_v1
42,comp4,2015-08-04,,0,label_v1
43,comp2,2015-08-04,2015-08-04,1,label_v1
55,comp1,2015-08-04,2015-08-04,1,label_v1
78,comp3,2015-08-04,,0,label_v1
3,comp2,2015-08-05,,0,label_v1
6,comp4,2015-08-05,,0,label_v1
12,comp4,2015-08-05,,0,label_v1
22,comp4,2015-08-05,2015-08-05,1,label_v1
31,comp1,2015-08-05,,0,label_v1
36,comp3,2015-08-05,,0,label_v1
45,comp4,2015-08-05,,0,label_v1
75,comp1,2015-08-05,,0,label_v1
21,comp2,2015-08-06,2015-08-06,1,label_v1
21,comp4,2015-08-06,2015-08-06,1,label_v1
46,comp4,2015-08-06,,0,label_v1
57,comp1,2015-08-06,,0,label_v1
57,comp3,2015-08-06,,0,label_v1
72,comp2,2015-08-06,,0,label_v1
74,comp2,2015-08-06,,0,label_v1
86,comp2,2015-08-06,,0,label_v1
89,comp3,2015-08-06,,0,label_v1
94,comp1,2015-08-06,,0,label_v1
5,comp2,2015-08-07,,0,label_v1
5,comp3,2015-08-07,,0,label_v1
30,comp2,2015-08-07,2015-08-07,1,label_v1
30,comp4,2015-08-07,2015-08-07,1,label_v1
47,comp1,2015-08-07,2015-08-07,1,label_v1
27,comp1,2015-08-08,,0,label_v1
27,comp4,2015-08-08,,0,label_v1
32,comp1,2015-08-08,2015-08-08,1,label_v1
13,comp2,2015-08-09,2015-08-09,1,label_v1
48,comp3,2015-08-09,,0,label_v1
71,comp1,2015-08-09,,0,label_v1
77,comp2,2015-08-09,,0,label_v1
87,comp1,2015-08-10,2015-08-10,1,label_v1
19,comp1,2015-08-11,,0,label_v1
19,comp3,2015-08-11,,0,label_v1
53,comp1,2015-08-11,,0,label_v1
61,comp2,2015-08-11,2015-08-11,1,label_v1
61,comp4,2015-08-11,,0,label_v1
62,comp1,2015-08-11,2015-08-11,1,label_v1
62,comp4,2015-08-11,,0,label_v1
63,comp4,2015-08-11,,0,label_v1
70,comp1,2015-08-11,,0,label_v1
80,comp1,2015-08-11,,0,label_v1
82,comp1,2015-08-11,,0,label_v1
100,comp3,2015-08-11,,0,label_v1
18,comp1,2015-08-13,,0,label_v1
18,comp2,2015-08-13,,0,label_v1
44,comp3,2015-08-13,,0,label_v1
50,comp1,2015-08-13,,0,label_v1
54,comp3,2015-08-13,,0,label_v1
54,comp4,2015-08-13,,0,label_v1
60,comp4,2015-08-13,,0,label_v1
85,comp2,2015-08-13,,0,label_v1
98,comp1,2015-08-13,2015-08-13,1,label_v1
98,comp4,2015-08-13,,0,label_v1
14,comp1,2015-08-14,,0,label_v1
17,comp2,2015-08-14,,0,label_v1
28,comp1,2015-08-14,2015-08-14,1,label_v1
28,comp3,2015-08-14,,0,label_v1
34,comp1,2015-08-14,,0,label_v1
34,comp3,2015-08-14,,0,label_v1
39,comp3,2015-08-14,,0,label_v1
51,comp2,2015-08-14,,0,label_v1
65,comp1,2015-08-14,2015-08-14,1,label_v1
65,comp2,2015-08-14,2015-08-14,1,label_v1
67,comp2,2015-08-14,,0,label_v1
67,comp3,2015-08-14,,0,label_v1
83,comp2,2015-08-14,2015-08-14,1,label_v1
83,comp4,2015-08-14,,0,label_v1
93,comp1,2015-08-14,,0,label_v1
93,comp3,2015-08-14,,0,label_v1
16,comp1,2015-08-15,,0,label_v1
16,comp3,2015-08-15,2015-08-15,1,label_v1
24,comp2,2015-08-15,,0,label_v1
24,comp3,2015-08-15,,0,label_v1
29,comp2,2015-08-15,,0,label_v1
41,comp1,2015-08-15,,0,label_v1
68,comp2,2015-08-15,2015-08-15,1,label_v1
68,comp3,2015-08-15,,0,label_v1
79,comp1,2015-08-15,,0,label_v1
79,comp2,2015-08-15,,0,label_v1
81,comp1,2015-08-15,,0,label_v1
91,comp3,2015-08-15,,0,label_v1
2,comp2,2015-08-16,,0,label_v1
9,comp4,2015-08-16,,0,label_v1
76,comp3,2015-08-16,2015-08-16,1,label_v1
96,comp4,2015-08-16,,0,label_v1
99,comp2,2015-08-16,,0,label_v1
10,comp4,2015-08-17,,0,label_v1
20,comp4,2015-08-17,2015-08-17,1,label_v1
25,comp2,2015-08-17,2015-08-17,1,label_v1
25,comp4,2015-08-17,2015-08-17,1,label_v1
37,comp2,2015-08-17,2015-08-17,1,label_v1
40,comp2,2015-08-17,2015-08-17,1,label_v1
40,comp4,2015-08-17,,0,label_v1
52,comp3,2015-08-17,,0,label_v1
66,comp2,2015-08-17,,0,label_v1
66,comp3,2015-08-17,,0,label_v1
11,comp1,2015-08-18,,0,label_v1
11,comp2,2015-08-18,,0,label_v1
15,comp3,2015-08-18,,0,label_v1
23,comp1,2015-08-18,,0,label_v1
23,comp3,2015-08-18,,0,label_v1
59,comp4,2015-08-18,2015-08-18,1,label_v1
64,comp3,2015-08-18,,0,label_v1
69,comp2,2015-08-18,2015-08-18,1,label_v1
69,comp3,2015-08-18,,0,label_v1
84,comp3,2015-08-18,,0,label_v1
84,comp4,2015-08-18,,0,label_v1
90,comp1,2015-08-18,2015-08-18,1,label_v1
90,comp3,2015-08-18,2015-08-18,1,label_v1
92,comp3,2015-08-18,2015-08-18,1,label_v1
92,comp4,2015-08-18,,0,label_v1
95,comp1,2015-08-18,,0,label_v1
95,comp4,2015-08-18,2015-08-18,1,label_v1
8,comp2,2015-08-19,,0,label_v1
26,comp2,2015-08-19,2015-08-19,1,label_v1
26,comp4,2015-08-19,,0,label_v1
35,comp2,2015-08-19,,0,label_v1
42,comp2,2015-08-19,2015-08-19,1,label_v1
43,comp3,2015-08-19,,0,label_v1
55,comp4,2015-08-19,2015-08-19,1,label_v1
78,comp1,2015-08-19,,0,label_v1
3,comp1,2015-08-20,,0,label_v1
6,comp1,2015-08-20,,0,label_v1
6,comp3,2015-08-20,,0,label_v1
12,comp2,2015-08-20,,0,label_v1
22,comp3,2015-08-20,2015-08-20,1,label_v1
31,comp2,2015-08-20,,0,label_v1
31,comp4,2015-08-20,,0,label_v1
36,comp4,2015-08-20,,0,label_v1
45,comp3,2015-08-20,,0,label_v1
75,comp2,2015-08-20,2015-08-20,1,label_v1
21,comp2,2015-08-21,,0,label_v1
46,comp4,2015-08-21,,0,label_v1
57,comp4,2015-08-21,,0,label_v1
72,comp3,2015-08-21,,0,label_v1
74,comp1,2015-08-21,,0,label_v1
74,comp4,2015-08-21,,0,label_v1
86,comp3,2015-08-21,,0,label_v1
89,comp2,2015-08-21,2015-08-21,1,label_v1
89,comp3,2015-08-21,,0,label_v1
94,comp4,2015-08-21,2015-08-21,1,label_v1
5,comp3,2015-08-22,,0,label_v1
7,comp2,2015-08-22,,0,label_v1
30,comp4,2015-08-22,,0,label_v1
47,comp1,2015-08-22,,0,label_v1
47,comp4,2015-08-22,,0,label_v1
97,comp4,2015-08-22,,0,label_v1
27,comp3,2015-08-23,,0,label_v1
32,comp2,2015-08-23,,0,label_v1
13,comp1,2015-08-24,2015-08-24,1,label_v1
13,comp3,2015-08-24,2015-08-24,1,label_v1
48,comp2,2015-08-24,,0,label_v1
48,comp4,2015-08-24,,0,label_v1
71,comp2,2015-08-24,,0,label_v1
71,comp4,2015-08-24,,0,label_v1
77,comp1,2015-08-24,,0,label_v1
87,comp3,2015-08-25,2015-08-25,1,label_v1
19,comp3,2015-08-26,,0,label_v1
53,comp3,2015-08-26,,0,label_v1
61,comp1,2015-08-26,,0,label_v1
61,comp3,2015-08-26,,0,label_v1
63,comp2,2015-08-26,,0,label_v1
63,comp3,2015-08-26,,0,label_v1
70,comp1,2015-08-26,,0,label_v1
82,comp3,2015-08-26,,0,label_v1
82,comp4,2015-08-26,,0,label_v1
100,comp4,2015-08-26,,0,label_v1
56,comp4,2015-08-27,,0,label_v1
18,comp4,2015-08-28,2015-08-28,1,label_v1
44,comp1,2015-08-28,2015-08-28,1,label_v1
44,comp4,2015-08-28,,0,label_v1
50,comp1,2015-08-28,,0,label_v1
50,comp3,2015-08-28,,0,label_v1
54,comp2,2015-08-28,,0,label_v1
60,comp1,2015-08-28,,0,label_v1
85,comp2,2015-08-28,,0,label_v1
85,comp4,2015-08-28,2015-08-28,1,label_v1
98,comp2,2015-08-28,2015-08-28,1,label_v1
98,comp4,2015-08-28,,0,label_v1
14,comp1,2015-08-29,,0,label_v1
14,comp2,2015-08-29,,0,label_v1
17,comp4,2015-08-29,2015-08-29,1,label_v1
33,comp3,2015-08-29,,0,label_v1
33,comp4,2015-08-29,2015-08-29,1,label_v1
34,comp3,2015-08-29,,0,label_v1
34,comp4,2015-08-29,,0,label_v1
39,comp1,2015-08-29,,0,label_v1
51,comp3,2015-08-29,,0,label_v1
58,comp1,2015-08-29,,0,label_v1
65,comp1,2015-08-29,,0,label_v1
65,comp3,2015-08-29,,0,label_v1
67,comp3,2015-08-29,,0,label_v1
67,comp4,2015-08-29,2015-08-29,1,label_v1
83,comp1,2015-08-29,2015-08-29,1,label_v1
93,comp1,2015-08-29,,0,label_v1
4,comp1,2015-08-30,2015-08-30,1,label_v1
24,comp2,2015-08-30,,0,label_v1
24,comp4,2015-08-30,,0,label_v1
29,comp2,2015-08-30,,0,label_v1
38,comp4,2015-08-30,2015-08-30,1,label_v1
41,comp3,2015-08-30,,0,label_v1
68,comp4,2015-08-30,,0,label_v1
73,comp3,2015-08-30,2015-08-30,1,label_v1
79,comp1,2015-08-30,,0,label_v1
81,comp1,2015-08-30,,0,label_v1
2,comp2,2015-08-31,,0,label_v1
2,comp4,2015-08-31,,0,label_v1
9,comp2,2015-08-31,2015-08-31,1,label_v1
9,comp4,2015-08-31,,0,label_v1
76,comp2,2015-08-31,,0,label_v1
96,comp3,2015-08-31,2015-08-31,1,label_v1
99,comp2,2015-08-31,,0,label_v1
99,comp3,2015-08-31,2015-08-31,1,label_v1
10,comp1,2015-09-01,,0,label_v1
10,comp3,2015-09-01,,0,label_v1
20,comp4,2015-09-01,,0,label_v1
25,comp3,2015-09-01,,0,label_v1
37,comp3,2015-09-01,,0,label_v1
40,comp4,2015-09-01,,0,label_v1
52,comp1,2015-09-01,,0,label_v1
66,comp4,2015-09-01,,0,label_v1
88,comp2,2015-09-01,2015-09-01,1,label_v1
88,comp4,2015-09-01,2015-09-01,1,label_v1
1,comp1,2015-09-02,,0,label_v1
1,comp4,2015-09-02,2015-09-02,1,label_v1
11,comp4,2015-09-02,,0,label_v1
15,comp3,2015-09-02,,0,label_v1
23,comp1,2015-09-02,,0,label_v1
23,comp2,2015-09-02,2015-09-02,1,label_v1
59,comp4,2015-09-02,,0,label_v1
64,comp3,2015-09-02,,0,label_v1
69,comp1,2015-09-02,,0,label_v1
69,comp4,2015-09-02,2015-09-02,1,label_v1
84,comp2,2015-09-02,2015-09-02,1,label_v1
84,comp4,2015-09-02,,0,label_v1
90,comp2,2015-09-02,,0,label_v1
92,comp1,2015-09-02,,0,label_v1
92,comp2,2015-09-02,2015-09-02,1,label_v1
95,comp4,2015-09-02,,0,label_v1
8,comp1,2015-09-03,,0,label_v1
26,comp1,2015-09-03,2015-09-03,1,label_v1
42,comp1,2015-09-03,,0,label_v1
42,comp2,2015-09-03,,0,label_v1
55,comp2,2015-09-03,2015-09-03,1,label_v1
78,comp4,2015-09-03,2015-09-03,1,label_v1
3,comp1,2015-09-04,,0,label_v1
3,comp4,2015-09-04,,0,label_v1
12,comp1,2015-09-04,2015-09-04,1,label_v1
22,comp1,2015-09-04,,0,label_v1
31,comp3,2015-09-04,2015-09-04,1,label_v1
36,comp2,2015-09-04,2015-09-04,1,label_v1
36,comp3,2015-09-04,,0,label_v1
45,comp1,2015-09-04,,0,label_v1
75,comp4,2015-09-04,2015-09-04,1,label_v1
21,comp3,2015-09-05,2015-09-05,1,label_v1
46,comp1,2015-09-05,,0,label_v1
57,comp1,2015-09-05,,0,label_v1
72,comp1,2015-09-05,2015-09-05,1,label_v1
74,comp1,2015-09-05,,0,label_v1
86,comp1,2015-09-05,2015-09-05,1,label_v1
89,comp2,2015-09-05,,0,label_v1
94,comp2,2015-09-05,,0,label_v1
94,comp4,2015-09-05,,0,label_v1
5,comp1,2015-09-06,2015-09-06,1,label_v1
5,comp2,2015-09-06,,0,label_v1
7,comp1,2015-09-06,,0,label_v1
30,comp2,2015-09-06,,0,label_v1
30,comp4,2015-09-06,,0,label_v1
47,comp4,2015-09-06,,0,label_v1
97,comp2,2015-09-06,,0,label_v1
97,comp3,2015-09-06,2015-09-06,1,label_v1
27,comp1,2015-09-07,,0,label_v1
32,comp2,2015-09-07,,0,label_v1
32,comp3,2015-09-07,,0,label_v1
13,comp2,2015-09-08,,0,label_v1
48,comp1,2015-09-08,2015-09-08,1,label_v1
48,comp2,2015-09-08,,0,label_v1
71,comp1,2015-09-08,,0,label_v1
87,comp2,2015-09-09,,0,label_v1
19,comp4,2015-09-10,2015-09-10,1,label_v1
62,comp2,2015-09-10,,0,label_v1
62,comp4,2015-09-10,,0,label_v1
63,comp1,2015-09-10,,0,label_v1
70,comp2,2015-09-10,,0,label_v1
70,comp3,2015-09-10,,0,label_v1
80,comp2,2015-09-10,2015-09-10,1,label_v1
82,comp1,2015-09-10,,0,label_v1
82,comp4,2015-09-10,,0,label_v1
100,comp1,2015-09-10,2015-09-10,1,label_v1
56,comp1,2015-09-11,,0,label_v1
18,comp2,2015-09-12,2015-09-12,1,label_v1
18,comp4,2015-09-12,,0,label_v1
44,comp1,2015-09-12,,0,label_v1
44,comp2,2015-09-12,,0,label_v1
49,comp2,2015-09-12,2015-09-12,1,label_v1
49,comp3,2015-09-12,2015-09-12,1,label_v1
50,comp2,2015-09-12,2015-09-12,1,label_v1
54,comp3,2015-09-12,,0,label_v1
60,comp2,2015-09-12,2015-09-12,1,label_v1
60,comp4,2015-09-12,,0,label_v1
85,comp3,2015-09-12,2015-09-12,1,label_v1
85,comp4,2015-09-12,,0,label_v1
98,comp2,2015-09-12,,0,label_v1
98,comp4,2015-09-12,,0,label_v1
14,comp2,2015-09-13,,0,label_v1
17,comp2,2015-09-13,,0,label_v1
28,comp4,2015-09-13,,0,label_v1
33,comp3,2015-09-13,,0,label_v1
34,comp3,2015-09-13,,0,label_v1
39,comp2,2015-09-13,,0,label_v1
39,comp4,2015-09-13,,0,label_v1
51,comp2,2015-09-13,2015-09-13,1,label_v1
58,comp4,2015-09-13,,0,label_v1
65,comp4,2015-09-13,2015-09-13,1,label_v1
67,comp2,2015-09-13,2015-09-13,1,label_v1
83,comp2,2015-09-13,2015-09-13,1,label_v1
93,comp2,2015-09-13,,0,label_v1
4,comp3,2015-09-14,,0,label_v1
4,comp4,2015-09-14,,0,label_v1
16,comp1,2015-09-14,,0,label_v1
16,comp4,2015-09-14,,0,label_v1
24,comp2,2015-09-14,,0,label_v1
38,comp3,2015-09-14,,0,label_v1
41,comp1,2015-09-14,,0,label_v1
41,comp3,2015-09-14,,0,label_v1
68,comp2,2015-09-14,,0,label_v1
68,comp4,2015-09-14,,0,label_v1
73,comp4,2015-09-14,2015-09-14,1,label_v1
79,comp2,2015-09-14,2015-09-14,1,label_v1
81,comp1,2015-09-14,,0,label_v1
91,comp1,2015-09-14,2015-09-14,1,label_v1
9,comp1,2015-09-15,2015-09-15,1,label_v1
9,comp4,2015-09-15,,0,label_v1
76,comp2,2015-09-15,,0,label_v1
76,comp4,2015-09-15,,0,label_v1
96,comp3,2015-09-15,,0,label_v1
99,comp1,2015-09-15,,0,label_v1
99,comp3,2015-09-15,,0,label_v1
10,comp1,2015-09-16,,0,label_v1
10,comp2,2015-09-16,,0,label_v1
20,comp1,2015-09-16,,0,label_v1
25,comp1,2015-09-16,,0,label_v1
25,comp3,2015-09-16,,0,label_v1
37,comp2,2015-09-16,2015-09-16,1,label_v1
37,comp3,2015-09-16,,0,label_v1
40,comp1,2015-09-16,,0,label_v1
40,comp4,2015-09-16,,0,label_v1
52,comp3,2015-09-16,,0,label_v1
66,comp4,2015-09-16,,0,label_v1
88,comp1,2015-09-16,,0,label_v1
1,comp2,2015-09-17,,0,label_v1
11,comp2,2015-09-17,,0,label_v1
15,comp1,2015-09-17,,0,label_v1
59,comp2,2015-09-17,,0,label_v1
64,comp1,2015-09-17,,0,label_v1
64,comp4,2015-09-17,2015-09-17,1,label_v1
84,comp2,2015-09-17,,0,label_v1
90,comp4,2015-09-17,,0,label_v1
92,comp1,2015-09-17,,0,label_v1
95,comp1,2015-09-17,,0,label_v1
95,comp3,2015-09-17,2015-09-17,1,label_v1
8,comp1,2015-09-18,,0,label_v1
26,comp3,2015-09-18,,0,label_v1
35,comp1,2015-09-18,2015-09-18,1,label_v1
35,comp4,2015-09-18,2015-09-18,1,label_v1
42,comp3,2015-09-18,2015-09-18,1,label_v1
42,comp4,2015-09-18,,0,label_v1
43,comp2,2015-09-18,,0,label_v1
55,comp3,2015-09-18,,0,label_v1
78,comp1,2015-09-18,,0,label_v1
3,comp1,2015-09-19,,0,label_v1
3,comp3,2015-09-19,,0,label_v1
6,comp3,2015-09-19,,0,label_v1
12,comp1,2015-09-19,,0,label_v1
22,comp2,2015-09-19,2015-09-19,1,label_v1
31,comp4,2015-09-19,,0,label_v1
36,comp4,2015-09-19,,0,label_v1
45,comp2,2015-09-19,,0,label_v1
75,comp4,2015-09-19,,0,label_v1
21,comp4,2015-09-20,2015-09-20,1,label_v1
46,comp1,2015-09-20,,0,label_v1
57,comp1,2015-09-20,,0,label_v1
72,comp1,2015-09-20,,0,label_v1
86,comp4,2015-09-20,,0,label_v1
89,comp2,2015-09-20,,0,label_v1
94,comp2,2015-09-20,,0,label_v1
94,comp4,2015-09-20,,0,label_v1
5,comp1,2015-09-21,,0,label_v1
5,comp4,2015-09-21,,0,label_v1
7,comp1,2015-09-21,,0,label_v1
7,comp4,2015-09-21,2015-09-21,1,label_v1
30,comp4,2015-09-21,,0,label_v1
47,comp3,2015-09-21,2015-09-21,1,label_v1
97,comp1,2015-09-21,,0,label_v1
27,comp2,2015-09-22,,0,label_v1
27,comp3,2015-09-22,,0,label_v1
32,comp3,2015-09-22,,0,label_v1
32,comp4,2015-09-22,2015-09-22,1,label_v1
13,comp3,2015-09-23,,0,label_v1
13,comp4,2015-09-23,2015-09-23,1,label_v1
48,comp2,2015-09-23,,0,label_v1
71,comp2,2015-09-23,,0,label_v1
71,comp3,2015-09-23,2015-09-23,1,label_v1
77,comp2,2015-09-23,,0,label_v1
87,comp2,2015-09-24,,0,label_v1
19,comp2,2015-09-25,,0,label_v1
61,comp3,2015-09-25,,0,label_v1
62,comp4,2015-09-25,,0,label_v1
70,comp2,2015-09-25,,0,label_v1
80,comp2,2015-09-25,,0,label_v1
80,comp3,2015-09-25,,0,label_v1
82,comp3,2015-09-25,,0,label_v1
100,comp1,2015-09-25,,0,label_v1
56,comp2,2015-09-26,2015-09-26,1,label_v1
56,comp3,2015-09-26,2015-09-26,1,label_v1
44,comp2,2015-09-27,,0,label_v1
50,comp1,2015-09-27,,0,label_v1
54,comp2,2015-09-27,,0,label_v1
54,comp4,2015-09-27,,0,label_v1
60,comp2,2015-09-27,,0,label_v1
98,comp1,2015-09-27,,0,label_v1
98,comp4,2015-09-27,,0,label_v1
14,comp2,2015-09-28,,0,label_v1
14,comp3,2015-09-28,,0,label_v1
28,comp4,2015-09-28,,0,label_v1
33,comp2,2015-09-28,2015-09-28,1,label_v1
34,comp1,2015-09-28,,0,label_v1
51,comp4,2015-09-28,2015-09-28,1,label_v1
58,comp3,2015-09-28,2015-09-28,1,label_v1
58,comp4,2015-09-28,,0,label_v1
65,comp4,2015-09-28,,0,label_v1
67,comp1,2015-09-28,2015-09-28,1,label_v1
83,comp3,2015-09-28,,0,label_v1
93,comp2,2015-09-28,,0,label_v1
4,comp3,2015-09-29,,0,label_v1
24,comp1,2015-09-29,2015-09-29,1,label_v1
29,comp2,2015-09-29,,0,label_v1
38,comp4,2015-09-29,,0,label_v1
41,comp3,2015-09-29,,0,label_v1
41,comp4,2015-09-29,,0,label_v1
68,comp3,2015-09-29,,0,label_v1
73,comp3,2015-09-29,,0,label_v1
79,comp4,2015-09-29,2015-09-29,1,label_v1
81,comp3,2015-09-29,,0,label_v1
91,comp2,2015-09-29,,0,label_v1
91,comp3,2015-09-29,,0,label_v1
9,comp4,2015-09-30,,0,label_v1
76,comp1,2015-09-30,,0,label_v1
76,comp3,2015-09-30,2015-09-30,1,label_v1
96,comp4,2015-09-30,,0,label_v1
99,comp3,2015-09-30,,0,label_v1
10,comp2,2015-10-01,,0,label_v1
20,comp2,2015-10-01,2015-10-01,1,label_v1
25,comp1,2015-10-01,,0,label_v1
37,comp2,2015-10-01,,0,label_v1
37,comp4,2015-10-01,2015-10-01,1,label_v1
52,comp3,2015-10-01,,0,label_v1
66,comp1,2015-10-01,2015-10-01,1,label_v1
66,comp4,2015-10-01,,0,label_v1
88,comp1,2015-10-01,,0,label_v1
88,comp3,2015-10-01,,0,label_v1
1,comp1,2015-10-02,,0,label_v1
1,comp4,2015-10-02,,0,label_v1
11,comp3,2015-10-02,2015-10-02,1,label_v1
15,comp2,2015-10-02,,0,label_v1
23,comp1,2015-10-02,,0,label_v1
23,comp3,2015-10-02,2015-10-02,1,label_v1
59,comp3,2015-10-02,,0,label_v1
59,comp4,2015-10-02,,0,label_v1
69,comp1,2015-10-02,,0,label_v1
84,comp1,2015-10-02,2015-10-02,1,label_v1
84,comp2,2015-10-02,,0,label_v1
90,comp1,2015-10-02,2015-10-02,1,label_v1
92,comp2,2015-10-02,2015-10-02,1,label_v1
95,comp1,2015-10-02,,0,label_v1
95,comp3,2015-10-02,,0,label_v1
8,comp1,2015-10-03,,0,label_v1
26,comp3,2015-10-03,,0,label_v1
35,comp4,2015-10-03,,0,label_v1
42,comp1,2015-10-03,,0,label_v1
42,comp4,2015-10-03,,0,label_v1
43,comp4,2015-10-03,2015-10-03,1,label_v1
78,comp1,2015-10-03,,0,label_v1
3,comp2,2015-10-04,2015-10-04,1,label_v1
12,comp2,2015-10-04,2015-10-04,1,label_v1
22,comp2,2015-10-04,,0,label_v1
36,comp3,2015-10-04,,0,label_v1
36,comp4,2015-10-04,,0,label_v1
75,comp3,2015-10-04,,0,label_v1
21,comp2,2015-10-05,2015-10-05,1,label_v1
21,comp3,2015-10-05,,0,label_v1
46,comp3,2015-10-05,,0,label_v1
46,comp4,2015-10-05,,0,label_v1
57,comp3,2015-10-05,,0,label_v1
74,comp1,2015-10-05,,0,label_v1
86,comp4,2015-10-05,,0,label_v1
94,comp4,2015-10-05,,0,label_v1
5,comp1,2015-10-06,,0,label_v1
5,comp2,2015-10-06,2015-10-06,1,label_v1
7,comp3,2015-10-06,,0,label_v1
30,comp3,2015-10-06,,0,label_v1
30,comp4,2015-10-06,,0,label_v1
47,comp4,2015-10-06,,0,label_v1
97,comp1,2015-10-06,,0,label_v1
27,comp2,2015-10-07,,0,label_v1
32,comp4,2015-10-07,,0,label_v1
13,comp3,2015-10-08,,0,label_v1
48,comp1,2015-10-08,,0,label_v1
48,comp4,2015-10-08,,0,label_v1
71,comp4,2015-10-08,2015-10-08,1,label_v1
77,comp2,2015-10-08,,0,label_v1
87,comp2,2015-10-09,,0,label_v1
19,comp2,2015-10-10,,0,label_v1
19,comp3,2015-10-10,,0,label_v1
53,comp1,2015-10-10,2015-10-10,1,label_v1
61,comp3,2015-10-10,,0,label_v1
62,comp2,2015-10-10,,0,label_v1
62,comp3,2015-10-10,,0,label_v1
63,comp1,2015-10-10,,0,label_v1
70,comp3,2015-10-10,,0,label_v1
80,comp3,2015-10-10,,0,label_v1
80,comp4,2015-10-10,,0,label_v1
82,comp1,2015-10-10,,0,label_v1
82,comp3,2015-10-10,,0,label_v1
100,comp1,2015-10-10,,0,label_v1
100,comp3,2015-10-10,,0,label_v1
56,comp4,2015-10-11,,0,label_v1
18,comp1,2015-10-12,,0,label_v1
44,comp3,2015-10-12,,0,label_v1
49,comp4,2015-10-12,2015-10-12,1,label_v1
50,comp2,2015-10-12,2015-10-12,1,label_v1
50,comp3,2015-10-12,,0,label_v1
54,comp4,2015-10-12,,0,label_v1
60,comp4,2015-10-12,,0,label_v1
85,comp2,2015-10-12,2015-10-12,1,label_v1
98,comp4,2015-10-12,,0,label_v1
14,comp1,2015-10-13,,0,label_v1
28,comp1,2015-10-13,,0,label_v1
33,comp2,2015-10-13,,0,label_v1
39,comp1,2015-10-13,,0,label_v1
39,comp2,2015-10-13,2015-10-13,1,label_v1
51,comp4,2015-10-13,,0,label_v1
58,comp1,2015-10-13,,0,label_v1
65,comp3,2015-10-13,,0,label_v1
67,comp2,2015-10-13,2015-10-13,1,label_v1
83,comp1,2015-10-13,2015-10-13,1,label_v1
93,comp3,2015-10-13,,0,label_v1
4,comp2,2015-10-14,2015-10-14,1,label_v1
16,comp3,2015-10-14,2015-10-14,1,label_v1
24,comp3,2015-10-14,2015-10-14,1,label_v1
29,comp3,2015-10-14,,0,label_v1
29,comp4,2015-10-14,,0,label_v1
38,comp3,2015-10-14,,0,label_v1
38,comp4,2015-10-14,,0,label_v1
68,comp2,2015-10-14,,0,label_v1
68,comp4,2015-10-14,,0,label_v1
73,comp2,2015-10-14,,0,label_v1
73,comp4,2015-10-14,,0,label_v1
79,comp3,2015-10-14,,0,label_v1
81,comp1,2015-10-14,,0,label_v1
81,comp2,2015-10-14,2015-10-14,1,label_v1
91,comp3,2015-10-14,,0,label_v1
2,comp4,2015-10-15,,0,label_v1
9,comp2,2015-10-15,2015-10-15,1,label_v1
9,comp4,2015-10-15,,0,label_v1
76,comp4,2015-10-15,,0,label_v1
96,comp1,2015-10-15,,0,label_v1
99,comp2,2015-10-15,2015-10-15,1,label_v1
10,comp1,2015-10-16,,0,label_v1
10,comp2,2015-10-16,,0,label_v1
20,comp1,2015-10-16,,0,label_v1
52,comp3,2015-10-16,,0,label_v1
66,comp1,2015-10-16,,0,label_v1
66,comp4,2015-10-16,,0,label_v1
88,comp1,2015-10-16,,0,label_v1
88,comp2,2015-10-16,,0,label_v1
1,comp2,2015-10-17,2015-10-17,1,label_v1
1,comp4,2015-10-17,,0,label_v1
11,comp4,2015-10-17,,0,label_v1
23,comp4,2015-10-17,2015-10-17,1,label_v1
59,comp1,2015-10-17,,0,label_v1
59,comp2,2015-10-17,2015-10-17,1,label_v1
64,comp2,2015-10-17,2015-10-17,1,label_v1
69,comp4,2015-10-17,2015-10-17,1,label_v1
84,comp3,2015-10-17,,0,label_v1
90,comp2,2015-10-17,,0,label_v1
95,comp1,2015-10-17,,0,label_v1
95,comp4,2015-10-17,2015-10-17,1,label_v1
8,comp4,2015-10-18,2015-10-18,1,label_v1
26,comp2,2015-10-18,2015-10-18,1,label_v1
26,comp3,2015-10-18,,0,label_v1
42,comp3,2015-10-18,,0,label_v1
43,comp4,2015-10-18,,0,label_v1
55,comp2,2015-10-18,,0,label_v1
55,comp3,2015-10-18,,0,label_v1
78,comp3,2015-10-18,,0,label_v1
3,comp2,2015-10-19,,0,label_v1
3,comp4,2015-10-19,,0,label_v1
12,comp1,2015-10-19,,0,label_v1
12,comp2,2015-10-19,,0,label_v1
22,comp2,2015-10-19,,0,label_v1
31,comp2,2015-10-19,2015-10-19,1,label_v1
36,comp3,2015-10-19,,0,label_v1
45,comp4,2015-10-19,2015-10-19,1,label_v1
75,comp2,2015-10-19,2015-10-19,1,label_v1
21,comp1,2015-10-20,,0,label_v1
46,comp1,2015-10-20,,0,label_v1
46,comp4,2015-10-20,,0,label_v1
57,comp4,2015-10-20,,0,label_v1
72,comp1,2015-10-20,,0,label_v1
72,comp3,2015-10-20,,0,label_v1
74,comp2,2015-10-20,2015-10-20,1,label_v1
86,comp2,2015-10-20,,0,label_v1
94,comp3,2015-10-20,2015-10-20,1,label_v1
5,comp3,2015-10-21,,0,label_v1
7,comp2,2015-10-21,2015-10-21,1,label_v1
7,comp4,2015-10-21,,0,label_v1
30,comp3,2015-10-21,,0,label_v1
47,comp2,2015-10-21,2015-10-21,1,label_v1
47,comp4,2015-10-21,,0,label_v1
97,comp1,2015-10-21,,0,label_v1
97,comp2,2015-10-21,2015-10-21,1,label_v1
27,comp1,2015-10-22,,0,label_v1
27,comp4,2015-10-22,,0,label_v1
13,comp1,2015-10-23,2015-10-23,1,label_v1
48,comp3,2015-10-23,,0,label_v1
71,comp3,2015-10-23,,0,label_v1
77,comp2,2015-10-23,,0,label_v1
87,comp3,2015-10-24,2015-10-24,1,label_v1
19,comp2,2015-10-25,,0,label_v1
53,comp1,2015-10-25,,0,label_v1
61,comp1,2015-10-25,2015-10-25,1,label_v1
61,comp3,2015-10-25,,0,label_v1
62,comp1,2015-10-25,,0,label_v1
62,comp2,2015-10-25,,0,label_v1
63,comp3,2015-10-25,,0,label_v1
63,comp4,2015-10-25,2015-10-25,1,label_v1
70,comp3,2015-10-25,,0,label_v1
100,comp4,2015-10-25,,0,label_v1
56,comp3,2015-10-26,,0,label_v1
18,comp4,2015-10-27,2015-10-27,1,label_v1
44,comp2,2015-10-27,,0,label_v1
54,comp1,2015-10-27,,0,label_v1
54,comp2,2015-10-27,,0,label_v1
60,comp3,2015-10-27,,0,label_v1
98,comp2,2015-10-27,2015-10-27,1,label_v1
14,comp3,2015-10-28,,0,label_v1
17,comp3,2015-10-28,2015-10-28,1,label_v1
17,comp4,2015-10-28,2015-10-28,1,label_v1
28,comp4,2015-10-28,,0,label_v1
34,comp2,2015-10-28,2015-10-28,1,label_v1
51,comp1,2015-10-28,,0,label_v1
58,comp3,2015-10-28,,0,label_v1
58,comp4,2015-10-28,,0,label_v1
65,comp3,2015-10-28,,0,label_v1
67,comp2,2015-10-28,,0,label_v1
83,comp2,2015-10-28,,0,label_v1
83,comp3,2015-10-28,,0,label_v1
4,comp2,2015-10-29,,0,label_v1
4,comp3,2015-10-29,,0,label_v1
16,comp4,2015-10-29,,0,label_v1
24,comp2,2015-10-29,,0,label_v1
29,comp1,2015-10-29,,0,label_v1
38,comp1,2015-10-29,,0,label_v1
41,comp1,2015-10-29,2015-10-29,1,label_v1
41,comp4,2015-10-29,,0,label_v1
68,comp4,2015-10-29,,0,label_v1
73,comp2,2015-10-29,,0,label_v1
73,comp4,2015-10-29,,0,label_v1
79,comp3,2015-10-29,,0,label_v1
81,comp3,2015-10-29,,0,label_v1
91,comp4,2015-10-29,2015-10-29,1,label_v1
2,comp1,2015-10-30,,0,label_v1
2,comp4,2015-10-30,,0,label_v1
9,comp2,2015-10-30,,0,label_v1
76,comp1,2015-10-30,,0,label_v1
96,comp1,2015-10-30,,0,label_v1
99,comp4,2015-10-30,2015-10-30,1,label_v1
10,comp2,2015-10-31,,0,label_v1
10,comp3,2015-10-31,,0,label_v1
20,comp3,2015-10-31,2015-10-31,1,label_v1
25,comp2,2015-10-31,2015-10-31,1,label_v1
25,comp3,2015-10-31,,0,label_v1
40,comp2,2015-10-31,,0,label_v1
52,comp1,2015-10-31,2015-10-31,1,label_v1
52,comp4,2015-10-31,2015-10-31,1,label_v1
66,comp1,2015-10-31,,0,label_v1
88,comp1,2015-10-31,,0,label_v1
88,comp2,2015-10-31,,0,label_v1
1,comp2,2015-11-01,,0,label_v1
1,comp4,2015-11-01,,0,label_v1
15,comp2,2015-11-01,2015-11-01,1,label_v1
15,comp4,2015-11-01,2015-11-01,1,label_v1
23,comp2,2015-11-01,,0,label_v1
59,comp1,2015-11-01,,0,label_v1
59,comp2,2015-11-01,,0,label_v1
64,comp2,2015-11-01,,0,label_v1
69,comp3,2015-11-01,2015-11-01,1,label_v1
84,comp1,2015-11-01,,0,label_v1
90,comp3,2015-11-01,2015-11-01,1,label_v1
90,comp4,2015-11-01,,0,label_v1
95,comp3,2015-11-01,,0,label_v1
95,comp4,2015-11-01,,0,label_v1
8,comp4,2015-11-02,,0,label_v1
26,comp1,2015-11-02,2015-11-02,1,label_v1
26,comp4,2015-11-02,,0,label_v1
35,comp4,2015-11-02,,0,label_v1
42,comp1,2015-11-02,,0,label_v1
43,comp1,2015-11-02,2015-11-02,1,label_v1
43,comp4,2015-11-02,,0,label_v1
78,comp3,2015-11-02,,0,label_v1
78,comp4,2015-11-02,2015-11-02,1,label_v1
3,comp1,2015-11-03,,0,label_v1
3,comp2,2015-11-03,,0,label_v1
6,comp2,2015-11-03,,0,label_v1
6,comp4,2015-11-03,,0,label_v1
22,comp2,2015-11-03,,0,label_v1
22,comp3,2015-11-03,2015-11-03,1,label_v1
31,comp2,2015-11-03,,0,label_v1
31,comp4,2015-11-03,,0,label_v1
45,comp1,2015-11-03,2015-11-03,1,label_v1
45,comp3,2015-11-03,,0,label_v1
75,comp3,2015-11-03,,0,label_v1
21,comp4,2015-11-04,2015-11-04,1,label_v1
46,comp1,2015-11-04,,0,label_v1
57,comp1,2015-11-04,2015-11-04,1,label_v1
72,comp1,2015-11-04,,0,label_v1
74,comp3,2015-11-04,,0,label_v1
86,comp1,2015-11-04,,0,label_v1
89,comp1,2015-11-04,,0,label_v1
94,comp3,2015-11-04,,0,label_v1
5,comp3,2015-11-05,,0,label_v1
5,comp4,2015-11-05,,0,label_v1
7,comp2,2015-11-05,,0,label_v1
7,comp4,2015-11-05,,0,label_v1
30,comp1,2015-11-05,,0,label_v1
47,comp4,2015-11-05,,0,label_v1
97,comp2,2015-11-05,,0,label_v1
27,comp1,2015-11-06,,0,label_v1
27,comp3,2015-11-06,,0,label_v1
32,comp1,2015-11-06,2015-11-06,1,label_v1
13,comp2,2015-11-07,,0,label_v1
13,comp3,2015-11-07,,0,label_v1
48,comp1,2015-11-07,,0,label_v1
48,comp2,2015-11-07,2015-11-07,1,label_v1
71,comp1,2015-11-07,,0,label_v1
77,comp3,2015-11-07,,0,label_v1
87,comp4,2015-11-08,,0,label_v1
53,comp2,2015-11-09,2015-11-09,1,label_v1
62,comp2,2015-11-09,,0,label_v1
63,comp1,2015-11-09,,0,label_v1
63,comp2,2015-11-09,2015-11-09,1,label_v1
70,comp1,2015-11-09,2015-11-09,1,label_v1
70,comp3,2015-11-09,,0,label_v1
80,comp2,2015-11-09,2015-11-09,1,label_v1
82,comp1,2015-11-09,,0,label_v1
100,comp4,2015-11-09,,0,label_v1
56,comp1,2015-11-10,2015-11-10,1,label_v1
18,comp3,2015-11-11,,0,label_v1
49,comp3,2015-11-11,2015-11-11,1,label_v1
50,comp4,2015-11-11,,0,label_v1
54,comp1,2015-11-11,,0,label_v1
54,comp2,2015-11-11,,0,label_v1
60,comp4,2015-11-11,,0,label_v1
85,comp1,2015-11-11,,0,label_v1
85,comp2,2015-11-11,2015-11-11,1,label_v1
98,comp4,2015-11-11,,0,label_v1
14,comp2,2015-11-12,,0,label_v1
14,comp4,2015-11-12,,0,label_v1
17,comp3,2015-11-12,,0,label_v1
33,comp2,2015-11-12,,0,label_v1
33,comp3,2015-11-12,,0,label_v1
34,comp1,2015-11-12,2015-11-12,1,label_v1
34,comp3,2015-11-12,,0,label_v1
39,comp1,2015-11-12,,0,label_v1
39,comp3,2015-11-12,,0,label_v1
51,comp3,2015-11-12,,0,label_v1
65,comp3,2015-11-12,,0,label_v1
67,comp2,2015-11-12,,0,label_v1
93,comp2,2015-11-12,,0,label_v1
93,comp3,2015-11-12,,0,label_v1
4,comp2,2015-11-13,,0,label_v1
4,comp4,2015-11-13,,0,label_v1
16,comp1,2015-11-13,,0,label_v1
16,comp4,2015-11-13,,0,label_v1
24,comp1,2015-11-13,,0,label_v1
24,comp4,2015-11-13,2015-11-13,1,label_v1
29,comp3,2015-11-13,,0,label_v1
41,comp1,2015-11-13,,0,label_v1
41,comp3,2015-11-13,,0,label_v1
68,comp4,2015-11-13,,0,label_v1
73,comp3,2015-11-13,2015-11-13,1,label_v1
73,comp4,2015-11-13,,0,label_v1
79,comp1,2015-11-13,,0,label_v1
79,comp3,2015-11-13,,0,label_v1
81,comp1,2015-11-13,,0,label_v1
91,comp3,2015-11-13,,0,label_v1
2,comp1,2015-11-14,,0,label_v1
9,comp1,2015-11-14,2015-11-14,1,label_v1
9,comp2,2015-11-14,,0,label_v1
96,comp1,2015-11-14,,0,label_v1
99,comp2,2015-11-14,,0,label_v1
10,comp3,2015-11-15,,0,label_v1
10,comp4,2015-11-15,,0,label_v1
20,comp2,2015-11-15,2015-11-15,1,label_v1
20,comp3,2015-11-15,,0,label_v1
37,comp2,2015-11-15,2015-11-15,1,label_v1
40,comp2,2015-11-15,,0,label_v1
52,comp1,2015-11-15,,0,label_v1
66,comp2,2015-11-15,,0,label_v1
66,comp3,2015-11-15,,0,label_v1
1,comp2,2015-11-16,,0,label_v1
11,comp4,2015-11-16,,0,label_v1
23,comp1,2015-11-16,,0,label_v1
23,comp3,2015-11-16,2015-11-16,1,label_v1
64,comp2,2015-11-16,,0,label_v1
69,comp3,2015-11-16,,0,label_v1
69,comp4,2015-11-16,,0,label_v1
84,comp4,2015-11-16,,0,label_v1
90,comp1,2015-11-16,,0,label_v1
90,comp3,2015-11-16,,0,label_v1
92,comp4,2015-11-16,,0,label_v1
95,comp3,2015-11-16,,0,label_v1
8,comp3,2015-11-17,,0,label_v1
26,comp2,2015-11-17,2015-11-17,1,label_v1
26,comp4,2015-11-17,,0,label_v1
35,comp4,2015-11-17,,0,label_v1
42,comp2,2015-11-17,2015-11-17,1,label_v1
43,comp2,2015-11-17,2015-11-17,1,label_v1
55,comp2,2015-11-17,,0,label_v1
78,comp3,2015-11-17,,0,label_v1
3,comp1,2015-11-18,,0,label_v1
3,comp4,2015-11-18,,0,label_v1
6,comp2,2015-11-18,,0,label_v1
6,comp4,2015-11-18,,0,label_v1
12,comp1,2015-11-18,,0,label_v1
12,comp4,2015-11-18,,0,label_v1
22,comp1,2015-11-18,,0,label_v1
22,comp4,2015-11-18,2015-11-18,1,label_v1
31,comp1,2015-11-18,2015-11-18,1,label_v1
31,comp3,2015-11-18,2015-11-18,1,label_v1
36,comp2,2015-11-18,,0,label_v1
36,comp4,2015-11-18,,0,label_v1
45,comp1,2015-11-18,,0,label_v1
75,comp3,2015-11-18,,0,label_v1
21,comp4,2015-11-19,,0,label_v1
46,comp2,2015-11-19,2015-11-19,1,label_v1
46,comp4,2015-11-19,,0,label_v1
57,comp4,2015-11-19,,0,label_v1
86,comp2,2015-11-19,2015-11-19,1,label_v1
89,comp2,2015-11-19,2015-11-19,1,label_v1
94,comp2,2015-11-19,2015-11-19,1,label_v1
94,comp4,2015-11-19,2015-11-19,1,label_v1
5,comp1,2015-11-20,2015-11-20,1,label_v1
7,comp3,2015-11-20,,0,label_v1
30,comp3,2015-11-20,,0,label_v1
47,comp2,2015-11-20,2015-11-20,1,label_v1
97,comp2,2015-11-20,,0,label_v1
97,comp4,2015-11-20,2015-11-20,1,label_v1
27,comp4,2015-11-21,,0,label_v1
32,comp1,2015-11-21,,0,label_v1
13,comp3,2015-11-22,,0,label_v1
48,comp3,2015-11-22,,0,label_v1
71,comp3,2015-11-22,,0,label_v1
87,comp4,2015-11-23,,0,label_v1
19,comp4,2015-11-24,2015-11-24,1,label_v1
61,comp2,2015-11-24,2015-11-24,1,label_v1
62,comp2,2015-11-24,,0,label_v1
63,comp4,2015-11-24,,0,label_v1
70,comp3,2015-11-24,,0,label_v1
80,comp3,2015-11-24,,0,label_v1
82,comp1,2015-11-24,,0,label_v1
82,comp3,2015-11-24,,0,label_v1
56,comp2,2015-11-25,2015-11-25,1,label_v1
18,comp3,2015-11-26,,0,label_v1
44,comp3,2015-11-26,,0,label_v1
49,comp2,2015-11-26,2015-11-26,1,label_v1
50,comp3,2015-11-26,,0,label_v1
54,comp1,2015-11-26,,0,label_v1
60,comp3,2015-11-26,,0,label_v1
85,comp2,2015-11-26,,0,label_v1
98,comp2,2015-11-26,,0,label_v1
98,comp3,2015-11-26,2015-11-26,1,label_v1
14,comp2,2015-11-27,,0,label_v1
14,comp3,2015-11-27,,0,label_v1
17,comp2,2015-11-27,2015-11-27,1,label_v1
17,comp3,2015-11-27,,0,label_v1
28,comp3,2015-11-27,,0,label_v1
28,comp4,2015-11-27,,0,label_v1
33,comp1,2015-11-27,2015-11-27,1,label_v1
33,comp2,2015-11-27,,0,label_v1
34,comp4,2015-11-27,,0,label_v1
39,comp2,2015-11-27,,0,label_v1
39,comp3,2015-11-27,,0,label_v1
51,comp4,2015-11-27,2015-11-27,1,label_v1
58,comp3,2015-11-27,,0,label_v1
58,comp4,2015-11-27,,0,label_v1
65,comp3,2015-11-27,,0,label_v1
67,comp3,2015-11-27,,0,label_v1
83,comp4,2015-11-27,2015-11-27,1,label_v1
93,comp3,2015-11-27,,0,label_v1
4,comp1,2015-11-28,,0,label_v1
4,comp4,2015-11-28,,0,label_v1
16,comp2,2015-11-28,2015-11-28,1,label_v1
24,comp1,2015-11-28,,0,label_v1
24,comp3,2015-11-28,2015-11-28,1,label_v1
29,comp2,2015-11-28,2015-11-28,1,label_v1
29,comp3,2015-11-28,,0,label_v1
41,comp4,2015-11-28,,0,label_v1
68,comp1,2015-11-28,2015-11-28,1,label_v1
68,comp4,2015-11-28,,0,label_v1
73,comp1,2015-11-28,2015-11-28,1,label_v1
79,comp1,2015-11-28,,0,label_v1
81,comp4,2015-11-28,,0,label_v1
91,comp1,2015-11-28,,0,label_v1
2,comp1,2015-11-29,,0,label_v1
2,comp3,2015-11-29,,0,label_v1
76,comp1,2015-11-29,,0,label_v1
76,comp3,2015-11-29,2015-11-29,1,label_v1
96,comp1,2015-11-29,,0,label_v1
99,comp3,2015-11-29,2015-11-29,1,label_v1
10,comp4,2015-11-30,,0,label_v1
20,comp3,2015-11-30,,0,label_v1
25,comp4,2015-11-30,2015-11-30,1,label_v1
37,comp3,2015-11-30,2015-11-30,1,label_v1
40,comp1,2015-11-30,2015-11-30,1,label_v1
52,comp3,2015-11-30,,0,label_v1
66,comp3,2015-11-30,,0,label_v1
88,comp2,2015-11-30,2015-11-30,1,label_v1
88,comp4,2015-11-30,2015-11-30,1,label_v1
1,comp3,2015-12-01,,0,label_v1
11,comp1,2015-12-01,,0,label_v1
23,comp1,2015-12-01,,0,label_v1
59,comp1,2015-12-01,,0,label_v1
64,comp2,2015-12-01,,0,label_v1
69,comp3,2015-12-01,,0,label_v1
69,comp4,2015-12-01,,0,label_v1
84,comp4,2015-12-01,,0,label_v1
90,comp2,2015-12-01,2015-12-01,1,label_v1
92,comp3,2015-12-01,2015-12-01,1,label_v1
95,comp4,2015-12-01,,0,label_v1
8,comp3,2015-12-02,,0,label_v1
26,comp2,2015-12-02,,0,label_v1
35,comp2,2015-12-02,,0,label_v1
42,comp1,2015-12-02,,0,label_v1
43,comp1,2015-12-02,,0,label_v1
55,comp1,2015-12-02,2015-12-02,1,label_v1
55,comp2,2015-12-02,,0,label_v1
78,comp4,2015-12-02,,0,label_v1
3,comp2,2015-12-03,2015-12-03,1,label_v1
6,comp2,2015-12-03,,0,label_v1
6,comp3,2015-12-03,,0,label_v1
12,comp1,2015-12-03,,0,label_v1
22,comp3,2015-12-03,,0,label_v1
36,comp4,2015-12-03,,0,label_v1
45,comp3,2015-12-03,,0,label_v1
75,comp2,2015-12-03,,0,label_v1
21,comp2,2015-12-04,2015-12-04,1,label_v1
21,comp4,2015-12-04,,0,label_v1
46,comp1,2015-12-04,,0,label_v1
46,comp4,2015-12-04,,0,label_v1
57,comp1,2015-12-04,,0,label_v1
72,comp4,2015-12-04,,0,label_v1
74,comp2,2015-12-04,,0,label_v1
74,comp4,2015-12-04,,0,label_v1
86,comp3,2015-12-04,,0,label_v1
89,comp1,2015-12-04,,0,label_v1
94,comp1,2015-12-04,,0,label_v1
5,comp1,2015-12-05,,0,label_v1
7,comp4,2015-12-05,,0,label_v1
30,comp2,2015-12-05,,0,label_v1
30,comp4,2015-12-05,2015-12-05,1,label_v1
97,comp1,2015-12-05,,0,label_v1
97,comp2,2015-12-05,,0,label_v1
27,comp3,2015-12-06,,0,label_v1
27,comp4,2015-12-06,,0,label_v1
32,comp3,2015-12-06,,0,label_v1
13,comp4,2015-12-07,2015-12-07,1,label_v1
48,comp3,2015-12-07,,0,label_v1
71,comp3,2015-12-07,,0,label_v1
77,comp2,2015-12-07,,0,label_v1
77,comp3,2015-12-07,,0,label_v1
87,comp1,2015-12-08,,0,label_v1
19,comp1,2015-12-09,2015-12-09,1,label_v1
53,comp2,2015-12-09,2015-12-09,1,label_v1
61,comp4,2015-12-09,,0,label_v1
62,comp4,2015-12-09,2015-12-09,1,label_v1
63,comp2,2015-12-09,,0,label_v1
70,comp1,2015-12-09,,0,label_v1
70,comp2,2015-12-09,2015-12-09,1,label_v1
80,comp2,2015-12-09,2015-12-09,1,label_v1
80,comp4,2015-12-09,,0,label_v1
82,comp2,2015-12-09,2015-12-09,1,label_v1
82,comp3,2015-12-09,,0,label_v1
100,comp2,2015-12-09,2015-12-09,1,label_v1
56,comp2,2015-12-10,,0,label_v1
44,comp2,2015-12-11,,0,label_v1
44,comp3,2015-12-11,,0,label_v1
49,comp1,2015-12-11,,0,label_v1
50,comp3,2015-12-11,,0,label_v1
54,comp4,2015-12-11,,0,label_v1
60,comp4,2015-12-11,,0,label_v1
85,comp3,2015-12-11,2015-12-11,1,label_v1
98,comp2,2015-12-11,,0,label_v1
14,comp2,2015-12-12,,0,label_v1
17,comp3,2015-12-12,,0,label_v1
28,comp4,2015-12-12,,0,label_v1
33,comp2,2015-12-12,,0,label_v1
33,comp3,2015-12-12,,0,label_v1
34,comp2,2015-12-12,,0,label_v1
39,comp1,2015-12-12,,0,label_v1
51,comp2,2015-12-12,2015-12-12,1,label_v1
51,comp4,2015-12-12,,0,label_v1
58,comp2,2015-12-12,2015-12-12,1,label_v1
65,comp1,2015-12-12,,0,label_v1
65,comp2,2015-12-12,,0,label_v1
4,comp1,2015-12-13,,0,label_v1
4,comp4,2015-12-13,,0,label_v1
16,comp1,2015-12-13,,0,label_v1
24,comp3,2015-12-13,,0,label_v1
29,comp2,2015-12-13,,0,label_v1
29,comp4,2015-12-13,,0,label_v1
38,comp1,2015-12-13,2015-12-13,1,label_v1
38,comp4,2015-12-13,2015-12-13,1,label_v1
68,comp2,2015-12-13,2015-12-13,1,label_v1
73,comp3,2015-12-13,,0,label_v1
79,comp4,2015-12-13,2015-12-13,1,label_v1
81,comp2,2015-12-13,2015-12-13,1,label_v1
81,comp3,2015-12-13,,0,label_v1
2,comp1,2015-12-14,,0,label_v1
9,comp2,2015-12-14,2015-12-14,1,label_v1
76,comp3,2015-12-14,,0,label_v1
96,comp4,2015-12-14,,0,label_v1
99,comp4,2015-12-14,2015-12-14,1,label_v1
10,comp3,2015-12-15,,0,label_v1
20,comp1,2015-12-15,2015-12-15,1,label_v1
37,comp4,2015-12-15,2015-12-15,1,label_v1
40,comp3,2015-12-15,2015-12-15,1,label_v1
52,comp1,2015-12-15,,0,label_v1
52,comp2,2015-12-15,,0,label_v1
66,comp1,2015-12-15,2015-12-15,1,label_v1
66,comp2,2015-12-15,,0,label_v1
1,comp4,2015-12-16,2015-12-16,1,label_v1
11,comp3,2015-12-16,2015-12-16,1,label_v1
15,comp2,2015-12-16,,0,label_v1
23,comp4,2015-12-16,2015-12-16,1,label_v1
59,comp1,2015-12-16,,0,label_v1
59,comp3,2015-12-16,,0,label_v1
69,comp1,2015-12-16,,0,label_v1
84,comp3,2015-12-16,,0,label_v1
84,comp4,2015-12-16,,0,label_v1
92,comp4,2015-12-16,,0,label_v1
95,comp2,2015-12-16,,0,label_v1
8,comp2,2015-12-17,,0,label_v1
8,comp3,2015-12-17,,0,label_v1
26,comp4,2015-12-17,,0,label_v1
35,comp2,2015-12-17,,0,label_v1
35,comp4,2015-12-17,,0,label_v1
42,comp3,2015-12-17,2015-12-17,1,label_v1
43,comp2,2015-12-17,,0,label_v1
55,comp1,2015-12-17,,0,label_v1
78,comp2,2015-12-17,2015-12-17,1,label_v1
78,comp4,2015-12-17,,0,label_v1
3,comp2,2015-12-18,,0,label_v1
6,comp2,2015-12-18,,0,label_v1
12,comp3,2015-12-18,,0,label_v1
31,comp1,2015-12-18,,0,label_v1
36,comp4,2015-12-18,,0,label_v1
45,comp1,2015-12-18,,0,label_v1
45,comp3,2015-12-18,,0,label_v1
75,comp2,2015-12-18,,0,label_v1
21,comp2,2015-12-19,,0,label_v1
21,comp3,2015-12-19,2015-12-19,1,label_v1
46,comp1,2015-12-19,,0,label_v1
57,comp3,2015-12-19,,0,label_v1
72,comp4,2015-12-19,,0,label_v1
74,comp4,2015-12-19,,0,label_v1
86,comp2,2015-12-19,,0,label_v1
86,comp4,2015-12-19,,0,label_v1
89,comp3,2015-12-19,,0,label_v1
94,comp2,2015-12-19,2015-12-19,1,label_v1
5,comp3,2015-12-20,,0,label_v1
7,comp1,2015-12-20,2015-12-20,1,label_v1
30,comp2,2015-12-20,,0,label_v1
30,comp4,2015-12-20,,0,label_v1
47,comp2,2015-12-20,2015-12-20,1,label_v1
97,comp4,2015-12-20,,0,label_v1
27,comp4,2015-12-21,,0,label_v1
32,comp1,2015-12-21,,0,label_v1
32,comp3,2015-12-21,,0,label_v1
13,comp1,2015-12-22,2015-12-22,1,label_v1
13,comp2,2015-12-22,2015-12-22,1,label_v1
48,comp2,2015-12-22,,0,label_v1
71,comp3,2015-12-22,,0,label_v1
77,comp3,2015-12-22,,0,label_v1
77,comp4,2015-12-22,,0,label_v1
87,comp3,2015-12-23,2015-12-23,1,label_v1
19,comp1,2015-12-24,,0,label_v1
53,comp1,2015-12-24,,0,label_v1
61,comp4,2015-12-24,,0,label_v1
62,comp2,2015-12-24,2015-12-24,1,label_v1
63,comp3,2015-12-24,,0,label_v1
70,comp4,2015-12-24,,0,label_v1
80,comp1,2015-12-24,,0,label_v1
80,comp2,2015-12-24,,0,label_v1
82,comp1,2015-12-24,,0,label_v1
100,comp2,2015-12-24,,0,label_v1
56,comp1,2015-12-25,2015-12-25,1,label_v1
18,comp1,2015-12-26,,0,label_v1
44,comp3,2015-12-26,,0,label_v1
44,comp4,2015-12-26,,0,label_v1
49,comp1,2015-12-26,,0,label_v1
49,comp4,2015-12-26,2015-12-26,1,label_v1
54,comp2,2015-12-26,2015-12-26,1,label_v1
85,comp4,2015-12-26,2015-12-26,1,label_v1
98,comp2,2015-12-26,,0,label_v1
14,comp4,2015-12-27,,0,label_v1
17,comp1,2015-12-27,2015-12-27,1,label_v1
28,comp1,2015-12-27,2015-12-27,1,label_v1
28,comp4,2015-12-27,,0,label_v1
33,comp2,2015-12-27,,0,label_v1
34,comp2,2015-12-27,,0,label_v1
39,comp1,2015-12-27,,0,label_v1
39,comp2,2015-12-27,2015-12-27,1,label_v1
51,comp4,2015-12-27,,0,label_v1
65,comp3,2015-12-27,,0,label_v1
83,comp1,2015-12-27,2015-12-27,1,label_v1
83,comp2,2015-12-27,2015-12-27,1,label_v1
93,comp1,2015-12-27,,0,label_v1
4,comp3,2015-12-28,,0,label_v1
24,comp1,2015-12-28,,0,label_v1
24,comp3,2015-12-28,,0,label_v1
29,comp3,2015-12-28,,0,label_v1
41,comp1,2015-12-28,,0,label_v1
41,comp4,2015-12-28,,0,label_v1
68,comp2,2015-12-28,,0,label_v1
68,comp3,2015-12-28,,0,label_v1
73,comp1,2015-12-28,,0,label_v1
79,comp3,2015-12-28,,0,label_v1
81,comp2,2015-12-28,,0,label_v1
81,comp4,2015-12-28,,0,label_v1
91,comp1,2015-12-28,,0,label_v1
91,comp3,2015-12-28,,0,label_v1
2,comp2,2015-12-29,2015-12-29,1,label_v1
9,comp1,2015-12-29,,0,label_v1
9,comp2,2015-12-29,,0,label_v1
76,comp1,2015-12-29,,0,label_v1
96,comp1,2015-12-29,,0,label_v1
96,comp3,2015-12-29,2015-12-29,1,label_v1
99,comp2,2015-12-29,,0,label_v1
10,comp3,2015-12-30,,0,label_v1
20,comp4,2015-12-30,2015-12-30,1,label_v1
25,comp1,2015-12-30,,0,label_v1
25,comp3,2015-12-30,,0,label_v1
37,comp1,2015-12-30,,0,label_v1
40,comp3,2015-12-30,,0,label_v1
40,comp4,2015-12-30,,0,label_v1
52,comp4,2015-12-30,2015-12-30,1,label_v1
66,comp1,2015-12-30,,0,label_v1
66,comp4,2015-12-30,,0,label_v1
88,comp1,2015-12-30,2015-12-30,1,label_v1
1,comp1,2015-12-31,,0,label_v1
11,comp1,2015-12-31,,0,label_v1
15,comp2,2015-12-31,,0,label_v1
15,comp4,2015-12-31,2015-12-31,1,label_v1
23,comp1,2015-12-31,,0,label_v1
59,comp1,2015-12-31,,0,label_v1
64,comp1,2015-12-31,2015-12-31,1,label_v1
64,comp3,2015-12-31,,0,label_v1
69,comp3,2015-12-31,,0,label_v1
84,comp1,2015-12-31,,0,label_v1
84,comp2,2015-12-31,,0,label_v1
90,comp1,2015-12-31,2015-12-31,1,label_v1
92,comp3,2015-12-31,,0,label_v1
95,comp1,2015-12-31,2015-12-31,1,label_v1
95,comp2,2015-12-31,,0,label_v1
8,comp2,2016-01-01,,0,label_v1
26,comp1,2016-01-01,,0,label_v1
35,comp2,2016-01-01,,0,label_v1
42,comp4,2016-01-01,,0,label_v1
43,comp1,2016-01-01,,0,label_v1
55,comp3,2016-01-01,,0,label_v1
78,comp3,2016-01-01,,0,label_v1
