as_of,machineID,component,decision_horizon_days,risk_rise_from_days,risk_rise_mid_days,risk_rise_to_days,risk_threshold,risk_status,p_at_decision_horizon,model_adopted,model_version,calibrated
2015-10-05,1,comp1,8,35.6205118315755,37.38459667784661,39.14868152411772,0.0307,주의,0.0035364140646267916,True,fp_v1,False
2015-10-05,1,comp2,42,,,,0.3125,정상,0.2499092143957395,False,fp_v1,False
2015-10-05,1,comp3,16,12.949505387840402,26.596738439015095,38.46778722158825,0.0508,주의,0.058605737843754314,True,fp_v1,False
2015-10-05,1,comp4,24,35.51257890602897,,,0.107,관찰,0.054717845654759505,True,fp_v1,False
2015-10-05,2,comp1,8,16.78109212944758,19.62319805224007,24.89646514069281,0.0307,주의,0.022261074048285874,True,fp_v1,False
2015-10-05,2,comp2,42,31.476289234104684,40.794743504418854,40.794743504418854,0.3125,주의,0.6460314173218642,False,fp_v1,False
2015-10-05,2,comp3,16,7.0,24.792133337486966,27.379838192690684,0.0508,주의,0.06049072831181014,True,fp_v1,False
2015-10-05,2,comp4,24,36.96417028388003,,,0.107,관찰,0.052456084562394624,True,fp_v1,False
2015-10-05,3,comp1,8,28.79890728182227,33.34962494838644,36.72271710822642,0.0307,주의,0.0035364140646267916,True,fp_v1,False
2015-10-05,3,comp2,42,,,,0.3125,정상,0.12817447059915343,False,fp_v1,False
2015-10-05,3,comp3,16,26.506098120885817,40.31536731454497,,0.0508,관찰,0.03856601151250585,True,fp_v1,False
2015-10-05,3,comp4,24,33.74909485878612,,,0.107,관찰,0.06346147144967033,True,fp_v1,False
2015-10-05,4,comp1,8,11.626896933751516,15.14275381883007,18.12448889859144,0.0307,주의,0.004142653408794962,True,fp_v1,False
2015-10-05,4,comp2,42,23.72818429570862,,,0.3125,관찰,0.3679732529663077,False,fp_v1,False
2015-10-05,4,comp3,16,27.917434532896763,40.49922376865305,,0.0508,관찰,0.03856601151250585,True,fp_v1,False
2015-10-05,4,comp4,24,36.998138244948706,,,0.107,관찰,0.04756102505111679,True,fp_v1,False
2015-10-05,5,comp1,8,29.005879026142622,32.84035485384447,36.15854759127616,0.0307,주의,0.004063601027807853,True,fp_v1,False
2015-10-05,5,comp2,42,7.0,,,0.3125,관찰,0.46720436935398585,False,fp_v1,False
2015-10-05,5,comp3,16,24.401557102532532,40.22381701490537,,0.0508,관찰,0.03856601151250585,True,fp_v1,False
2015-10-05,5,comp4,24,37.47187935262022,,,0.107,관찰,0.047994212128624585,True,fp_v1,False
2015-10-05,6,comp1,8,7.0,7.762835364625917,9.22994463215703,0.0307,주의,0.06850814225294778,True,fp_v1,False
2015-10-05,6,comp2,42,,,,0.3125,정상,0.16547793922090115,False,fp_v1,False
2015-10-05,6,comp3,16,27.852742835884616,40.49432427552834,,0.0508,관찰,0.03856601151250585,True,fp_v1,False
2015-10-05,6,comp4,24,37.352846008371145,,,0.107,관찰,0.052456084562394624,True,fp_v1,False
2015-10-05,7,comp1,8,29.448523842868482,33.56660641702126,36.838128887271424,0.0307,주의,0.005382616229734529,True,fp_v1,False
2015-10-05,7,comp2,42,36.97635358112742,,,0.3125,관찰,0.37911910067571886,False,fp_v1,False
2015-10-05,7,comp3,16,27.296713890514656,40.47671392345714,,0.0508,관찰,0.03856601151250585,True,fp_v1,False
2015-10-05,7,comp4,24,35.68420069195919,,,0.107,관찰,0.04826335677205907,True,fp_v1,False
2015-10-05,8,comp1,8,35.613296122370535,37.35686705961392,39.1004379968573,0.0307,주의,0.0035364140646267916,True,fp_v1,False
2015-10-05,8,comp2,42,,,,0.3125,정상,0.29075841755264414,False,fp_v1,False
2015-10-05,8,comp3,16,26.195834881910372,40.24855076444577,,0.0508,관찰,0.03856601151250585,True,fp_v1,False
2015-10-05,8,comp4,24,11.09054431070662,17.879314012043572,,0.107,관찰,0.30200731215444826,True,fp_v1,False
2015-10-05,9,comp1,8,25.377881383643633,27.357107178165254,36.51764859776954,0.0307,주의,0.003646458128869498,True,fp_v1,False
2015-10-05,9,comp2,42,33.69980659939914,,,0.3125,관찰,0.592892148849057,False,fp_v1,False
2015-10-05,9,comp3,16,20.274688882059035,36.418634514470085,39.01366084957539,0.0508,주의,0.03856601151250585,True,fp_v1,False
2015-10-05,9,comp4,24,37.536845843239995,,,0.107,관찰,0.04756102505111679,True,fp_v1,False
2015-10-05,10,comp1,8,24.80536344725042,26.333193210240324,27.861022973230224,0.0307,주의,0.0035364140646267916,True,fp_v1,False
2015-10-05,10,comp2,42,,,,0.3125,정상,0.2221901785724738,False,fp_v1,False
2015-10-05,10,comp3,16,27.63988677201299,40.47671392345714,,0.0508,관찰,0.03856601151250585,True,fp_v1,False
2015-10-05,10,comp4,24,36.49037323388475,,,0.107,관찰,0.05356972272816464,True,fp_v1,False
2015-10-05,11,comp1,8,14.931481850210265,25.03582827073622,29.359235718156036,0.0307,주의,0.005699134370694688,True,fp_v1,False
2015-10-05,11,comp2,42,,,,0.3125,정상,0.3090040610336058,False,fp_v1,False
2015-10-05,11,comp3,16,27.917434532896763,40.49922376865305,,0.0508,관찰,0.03856601151250585,True,fp_v1,False
2015-10-05,11,comp4,24,36.66386830330471,,,0.107,관찰,0.05881234025939154,True,fp_v1,False
2015-10-05,12,comp1,8,29.67881617243503,36.0292662032798,37.730452631193245,0.0307,주의,0.0035364140646267916,True,fp_v1,False
2015-10-05,12,comp2,42,,,,0.3125,정상,0.1417691651145426,False,fp_v1,False
2015-10-05,12,comp3,16,19.38994705060462,27.17530314000593,,0.0508,관찰,0.04203978473178238,True,fp_v1,False
2015-10-05,12,comp4,24,19.801852969656576,,,0.107,관찰,0.1236565511839978,True,fp_v1,False
2015-10-05,13,comp1,8,7.0,7.0,7.579828087194434,0.0307,주의,0.10292468823986389,True,fp_v1,False
2015-10-05,13,comp2,42,20.813954413234036,,,0.3125,관찰,0.5762486374226578,False,fp_v1,False
2015-10-05,13,comp3,16,27.497035253628795,31.26236020081314,34.64140647935022,0.0508,주의,0.03857967299981238,True,fp_v1,False
2015-10-05,13,comp4,24,30.443968889217764,34.8435176932002,,0.107,관찰,0.04756102505111679,True,fp_v1,False
2015-10-05,14,comp1,8,9.826662532941604,11.926113797001271,14.035231089735897,0.0307,주의,0.003988651604483517,True,fp_v1,False
2015-10-05,14,comp2,42,,,,0.3125,정상,0.2533847770942846,False,fp_v1,False
2015-10-05,14,comp3,16,27.7639994193378,40.48727352386993,,0.0508,관찰,0.03856601151250585,True,fp_v1,False
2015-10-05,14,comp4,24,37.49236840329116,,,0.107,관찰,0.04971797753316018,True,fp_v1,False
2015-10-05,15,comp1,8,24.226299642773057,24.55552712658571,24.884754610398357,0.0307,주의,0.006124211831869348,True,fp_v1,False
2015-10-05,15,comp2,42,,,,0.3125,정상,0.20540616878104082,False,fp_v1,False
2015-10-05,15,comp3,16,25.665867059955307,40.03947858883854,,0.0508,관찰,0.03856601151250585,True,fp_v1,False
2015-10-05,15,comp4,24,12.469659632562658,28.175239885422993,34.82772759566594,0.107,주의,0.2038669700510034,True,fp_v1,False
2015-10-05,16,comp1,8,24.162213690730994,24.414878524397707,24.66754335806442,0.0307,주의,0.004547218249830421,True,fp_v1,False
2015-10-05,16,comp2,42,22.17700699863964,31.48876190269356,31.48876190269356,0.3125,주의,0.7041229525798687,False,fp_v1,False
2015-10-05,16,comp3,16,7.0,9.311743241214776,13.752546558117073,0.0508,주의,0.43498388013547756,True,fp_v1,False
2015-10-05,16,comp4,24,37.49766043401319,,,0.107,관찰,0.047994212128624585,True,fp_v1,False
2015-10-05,17,comp1,8,7.0,7.0,12.7619632668891,0.0307,주의,0.06428139871927424,True,fp_v1,False
2015-10-05,17,comp2,42,40.72687708806371,,,0.3125,관찰,0.3271824260221666,False,fp_v1,False
2015-10-05,17,comp3,16,7.0,14.647061682671389,15.53075879000836,0.0508,주의,0.17926604158676776,True,fp_v1,False
2015-10-05,17,comp4,24,20.242528688076156,23.2940158950646,26.267248516801324,0.107,주의,0.24579479402956617,True,fp_v1,False
2015-10-05,18,comp1,8,16.262640530612035,20.574550877865583,24.250361199694034,0.0307,주의,0.02149494911727201,True,fp_v1,False
2015-10-05,18,comp2,42,32.7336115474342,,,0.3125,관찰,0.3649134542733229,False,fp_v1,False
2015-10-05,18,comp3,16,27.675225125646897,40.47980835793124,,0.0508,관찰,0.03856601151250585,True,fp_v1,False
2015-10-05,18,comp4,24,21.463199664088926,22.43483334861062,23.406467033132312,0.107,주의,0.3863621096783049,True,fp_v1,False
2015-10-05,19,comp1,8,7.0,7.0,7.0,0.0307,즉시,0.20204419329778242,True,fp_v1,False
2015-10-05,19,comp2,42,,,,0.3125,정상,0.2165323453511217,False,fp_v1,False
2015-10-05,19,comp3,16,27.675225125646897,40.47980835793124,,0.0508,관찰,0.03856601151250585,True,fp_v1,False
2015-10-05,19,comp4,24,20.31607336330035,,,0.107,관찰,0.17205508928144853,True,fp_v1,False
2015-10-05,20,comp1,8,25.294205723718377,27.064283798066775,35.883786455395665,0.0307,주의,0.0035364140646267916,True,fp_v1,False
2015-10-05,20,comp2,42,,,,0.3125,정상,0.17617811816474832,False,fp_v1,False
2015-10-05,20,comp3,16,12.072005861710585,14.881753050252684,21.030458347462,0.0508,주의,0.14937900264290555,True,fp_v1,False
2015-10-05,20,comp4,24,10.93660860857679,24.04356772125926,25.647838939455816,0.107,주의,0.2110941657982361,True,fp_v1,False
2015-10-05,21,comp1,8,9.246370919337624,14.256027206566227,15.176222774644401,0.0307,주의,0.024888351231258363,True,fp_v1,False
2015-10-05,21,comp2,42,7.0,7.0,7.0,0.3125,즉시,0.8972908472521607,False,fp_v1,False
2015-10-05,21,comp3,16,14.212815465646194,15.098194746256828,15.983574026867464,0.0508,주의,0.15324958697231536,True,fp_v1,False
2015-10-05,21,comp4,24,33.18402976212971,,,0.107,관찰,0.04756102505111679,True,fp_v1,False
2015-10-05,22,comp1,8,14.373782732525244,14.797259029826625,15.220735327128006,0.0307,주의,0.003602272150575689,True,fp_v1,False
2015-10-05,22,comp2,42,,,,0.3125,정상,0.20706007742452598,False,fp_v1,False
2015-10-05,22,comp3,16,12.19552901209402,15.239850811095788,21.21497841961262,0.0508,주의,0.1235405508292509,True,fp_v1,False
2015-10-05,22,comp4,24,15.917494926593172,19.102589192445812,21.77622564324495,0.107,주의,0.44450019481156816,True,fp_v1,False
2015-10-05,23,comp1,8,35.4094037035032,36.57331844711659,37.73723319072998,0.0307,주의,0.0035364140646267916,True,fp_v1,False
2015-10-05,23,comp2,42,,,,0.3125,정상,0.17241198527119395,False,fp_v1,False
2015-10-05,23,comp3,16,27.917434532896763,40.49922376865305,,0.0508,관찰,0.03856601151250585,True,fp_v1,False
2015-10-05,23,comp4,24,10.172249930525608,12.648627030503306,16.92785645168641,0.107,주의,0.534335633858018,True,fp_v1,False
2015-10-05,24,comp1,8,35.58869792926376,37.26233740428968,38.93597687931559,0.0307,주의,0.0035364140646267916,True,fp_v1,False
2015-10-05,24,comp2,42,38.87191808197309,,,0.3125,관찰,0.39713322602946316,False,fp_v1,False
2015-10-05,24,comp3,16,13.005813675816746,14.233269177585122,14.503433434871422,0.0508,주의,0.43354227925755007,True,fp_v1,False
2015-10-05,24,comp4,24,10.358589640329653,12.898880243567492,24.25017628214968,0.107,주의,0.31334047174691454,True,fp_v1,False
2015-10-05,25,comp1,8,35.58232370573618,37.23784157443719,38.8933594431382,0.0307,주의,0.0035364140646267916,True,fp_v1,False
2015-10-05,25,comp2,42,22.40008903642431,,,0.3125,관찰,0.5905094903314488,False,fp_v1,False
2015-10-05,25,comp3,16,27.718917400183418,40.48353623462542,,0.0508,관찰,0.03856601151250585,True,fp_v1,False
2015-10-05,25,comp4,24,12.214381381423816,17.596649434205872,20.1675345330155,0.107,주의,0.3831205952545067,True,fp_v1,False
2015-10-05,26,comp1,8,10.127271834370424,12.53595216119238,14.35054762064277,0.0307,주의,0.0035864395053640556,True,fp_v1,False
2015-10-05,26,comp2,42,,,,0.3125,정상,0.264290322347503,False,fp_v1,False
2015-10-05,26,comp3,16,27.917434532896763,40.49922376865305,,0.0508,관찰,0.03856601151250585,True,fp_v1,False
2015-10-05,26,comp4,24,37.471217653193655,,,0.107,관찰,0.05707854868703508,True,fp_v1,False
2015-10-05,27,comp1,8,16.51343381685303,17.255210436278464,17.996987055703894,0.0307,주의,0.004505314318359954,True,fp_v1,False
2015-10-05,27,comp2,42,,,,0.3125,정상,0.25737920496967226,False,fp_v1,False
2015-10-05,27,comp3,16,27.917434532896763,40.49922376865305,,0.0508,관찰,0.03856601151250585,True,fp_v1,False
2015-10-05,27,comp4,24,37.22839658233203,,,0.107,관찰,0.052456084562394624,True,fp_v1,False
2015-10-05,28,comp1,8,7.0,9.511284006443237,13.185020151003421,0.0307,주의,0.048767086338680585,True,fp_v1,False
2015-10-05,28,comp2,42,,,,0.3125,정상,0.2970342154862864,False,fp_v1,False
2015-10-05,28,comp3,16,26.085930045731416,40.31695377025232,,0.0508,관찰,0.03856601151250585,True,fp_v1,False
2015-10-05,28,comp4,24,37.536845843239995,,,0.107,관찰,0.04756102505111679,True,fp_v1,False
2015-10-05,29,comp1,8,9.113893078213122,10.514400408995018,11.914907739776913,0.0307,주의,0.006282288436273887,True,fp_v1,False
2015-10-05,29,comp2,42,,,,0.3125,정상,0.14549804679830086,False,fp_v1,False
2015-10-05,29,comp3,16,27.16999776553006,40.42736415922442,,0.0508,관찰,0.03856601151250585,True,fp_v1,False
2015-10-05,29,comp4,24,36.93269584682757,,,0.107,관찰,0.050522748887406786,True,fp_v1,False
2015-10-05,30,comp1,8,7.0,7.0,23.383918972354497,0.0307,주의,0.0706371814271698,True,fp_v1,False
2015-10-05,30,comp2,42,,,,0.3125,정상,0.1715162901930848,False,fp_v1,False
2015-10-05,30,comp3,16,24.685773850997283,38.16044940585754,,0.0508,관찰,0.03856601151250585,True,fp_v1,False
2015-10-05,30,comp4,24,33.830290241677304,,,0.107,관찰,0.05599068975576628,True,fp_v1,False
2015-10-05,31,comp1,8,7.0,16.8270699802316,18.73759192626152,0.0307,주의,0.04810624476420442,True,fp_v1,False
2015-10-05,31,comp2,42,,,,0.3125,정상,0.2598644411436136,False,fp_v1,False
2015-10-05,31,comp3,16,18.275801722151837,30.080648582331122,33.26268143484336,0.0508,주의,0.03856601151250585,True,fp_v1,False
2015-10-05,31,comp4,24,37.07901375264805,,,0.107,관찰,0.04756102505111679,True,fp_v1,False
2015-10-05,32,comp1,8,7.0,7.0,16.344426396657287,0.0307,주의,0.07721623707286142,True,fp_v1,False
2015-10-05,32,comp2,42,23.14921268613562,,,0.3125,관찰,0.35799567835944096,False,fp_v1,False
2015-10-05,32,comp3,16,27.917434532896763,40.49922376865305,,0.0508,관찰,0.03856601151250585,True,fp_v1,False
2015-10-05,32,comp4,24,33.398616727377224,,,0.107,관찰,0.04756102505111679,True,fp_v1,False
2015-10-05,33,comp1,8,8.43715385915008,9.022853543672959,9.608553228195838,0.0307,주의,0.0077855793746103895,True,fp_v1,False
2015-10-05,33,comp2,42,,,,0.3125,정상,0.18018822797374864,False,fp_v1,False
2015-10-05,33,comp3,16,27.718917400183418,40.48353623462542,,0.0508,관찰,0.03856601151250585,True,fp_v1,False
2015-10-05,33,comp4,24,22.51700492166699,32.89703386431573,,0.107,관찰,0.14152328407062326,True,fp_v1,False
2015-10-05,34,comp1,8,35.52408630083933,37.01403807033504,38.50398983983075,0.0307,주의,0.0035364140646267916,True,fp_v1,False
2015-10-05,34,comp2,42,,,,0.3125,정상,0.1955569607676059,False,fp_v1,False
2015-10-05,34,comp3,16,26.89382731993372,40.38877575894148,,0.0508,관찰,0.03856601151250585,True,fp_v1,False
2015-10-05,34,comp4,24,35.72314744944654,,,0.107,관찰,0.05386851563550767,True,fp_v1,False
2015-10-05,35,comp1,8,30.469646032358146,35.69132416413214,37.66272242870205,0.0307,주의,0.0035364140646267916,True,fp_v1,False
2015-10-05,35,comp2,42,,,,0.3125,정상,0.2672147126474166,False,fp_v1,False
2015-10-05,35,comp3,16,13.299324462739314,14.509963416096172,15.045928848460369,0.0508,주의,0.24268191336355188,True,fp_v1,False
2015-10-05,35,comp4,24,36.3505064770692,,,0.107,관찰,0.04826335677205907,True,fp_v1,False
2015-10-05,36,comp1,8,14.593485646260143,15.597945088646293,17.254764648938178,0.0307,주의,0.0042627383578895724,True,fp_v1,False
2015-10-05,36,comp2,42,,,,0.3125,정상,0.30467808621414716,False,fp_v1,False
2015-10-05,36,comp3,16,27.917434532896763,40.49922376865305,,0.0508,관찰,0.03856601151250585,True,fp_v1,False
2015-10-05,36,comp4,24,37.536845843239995,,,0.107,관찰,0.04756102505111679,True,fp_v1,False
2015-10-05,37,comp1,8,10.82939119352518,14.065131136957266,16.17029690838715,0.0307,주의,0.004168484880217529,True,fp_v1,False
2015-10-05,37,comp2,42,37.30071820484291,,,0.3125,관찰,0.5363927669607119,False,fp_v1,False
2015-10-05,37,comp3,16,24.258117764293395,25.33317237980423,26.408226995315065,0.0508,주의,0.03857967299981238,True,fp_v1,False
2015-10-05,37,comp4,24,37.43668189559299,,,0.107,관찰,0.04756102505111679,True,fp_v1,False
2015-10-05,38,comp1,8,9.303382184756707,10.881485100884364,12.45958801701202,0.0307,주의,0.005343940171126448,True,fp_v1,False
2015-10-05,38,comp2,42,,,,0.3125,정상,0.1649607673486174,False,fp_v1,False
2015-10-05,38,comp3,16,27.665428459911094,40.47895773672856,,0.0508,관찰,0.03856601151250585,True,fp_v1,False
2015-10-05,38,comp4,24,36.12812119261736,,,0.107,관찰,0.04793765473480356,True,fp_v1,False
2015-10-05,39,comp1,8,9.495160975960857,11.761838808463523,14.009686613967519,0.0307,주의,0.010448672030482704,True,fp_v1,False
2015-10-05,39,comp2,42,23.51439503026919,,,0.3125,관찰,0.5803322880444874,False,fp_v1,False
2015-10-05,39,comp3,16,26.104633816341128,40.30148394157627,,0.0508,관찰,0.03856601151250585,True,fp_v1,False
2015-10-05,39,comp4,24,37.47187935262022,,,0.107,관찰,0.047994212128624585,True,fp_v1,False
2015-10-05,40,comp1,8,24.6198350416245,25.553378218624154,26.486921395623806,0.0307,주의,0.003985976886813093,True,fp_v1,False
2015-10-05,40,comp2,42,35.424309809101956,,,0.3125,관찰,0.574804068637696,False,fp_v1,False
2015-10-05,40,comp3,16,7.0,7.0,7.0,0.0508,즉시,0.2917689712109996,True,fp_v1,False
2015-10-05,40,comp4,24,37.47187935262022,,,0.107,관찰,0.047994212128624585,True,fp_v1,False
2015-10-05,41,comp1,8,24.18180627736601,24.463418284866936,24.745030292367858,0.0307,주의,0.003576935319744477,True,fp_v1,False
2015-10-05,41,comp2,42,33.992828280307386,,,0.3125,관찰,0.3345143519433936,False,fp_v1,False
2015-10-05,41,comp3,16,27.917434532896763,40.49922376865305,,0.0508,관찰,0.03856601151250585,True,fp_v1,False
2015-10-05,41,comp4,24,36.931096976886366,,,0.107,관찰,0.04756102505111679,True,fp_v1,False
2015-10-05,42,comp1,8,35.41661229993544,36.6010207313109,37.78542916268637,0.0307,주의,0.0035364140646267916,True,fp_v1,False
2015-10-05,42,comp2,42,34.698895309255214,,,0.3125,관찰,0.3145633654937123,False,fp_v1,False
2015-10-05,42,comp3,16,27.61189262967985,38.13803693905819,41.359271957638846,0.0508,주의,0.03856601151250585,True,fp_v1,False
2015-10-05,42,comp4,24,37.43054791229342,,,0.107,관찰,0.04826335677205907,True,fp_v1,False
2015-10-05,43,comp1,8,10.905973911913364,14.308256764943236,23.86143164398323,0.0307,주의,0.004971309043450855,True,fp_v1,False
2015-10-05,43,comp2,42,23.610105823953674,,,0.3125,관찰,0.570857184403487,False,fp_v1,False
2015-10-05,43,comp3,16,25.225368355509396,40.29167358792093,,0.0508,관찰,0.03856601151250585,True,fp_v1,False
2015-10-05,43,comp4,24,37.536845843239995,,,0.107,관찰,0.04756102505111679,True,fp_v1,False
2015-10-05,44,comp1,8,22.045782732333603,23.574633204032562,27.75534110052601,0.0307,주의,0.006806904415570631,True,fp_v1,False
2015-10-05,44,comp2,42,,,,0.3125,정상,0.14948318431863605,False,fp_v1,False
2015-10-05,44,comp3,16,25.545941727627,40.28079694376358,,0.0508,관찰,0.03856601151250585,True,fp_v1,False
2015-10-05,44,comp4,24,36.833488191114114,,,0.107,관찰,0.08064766371173165,True,fp_v1,False
2015-10-05,45,comp1,8,14.944870961254253,35.07407084877187,36.84248848986762,0.0307,주의,0.006813289769632276,True,fp_v1,False
2015-10-05,45,comp2,42,31.31342336628307,,,0.3125,관찰,0.42246422458588645,False,fp_v1,False
2015-10-05,45,comp3,16,27.28643644472628,40.44498051950351,,0.0508,관찰,0.03856601151250585,True,fp_v1,False
2015-10-05,45,comp4,24,7.0,13.29632891188707,26.029864095271154,0.107,주의,0.27488613542678825,True,fp_v1,False
2015-10-05,46,comp1,8,28.78940061167601,31.770638453353683,34.75187629503136,0.0307,주의,0.0035364140646267916,True,fp_v1,False
2015-10-05,46,comp2,42,,,,0.3125,정상,0.22906993072777146,False,fp_v1,False
2015-10-05,46,comp3,16,24.006040765396797,35.488866966072855,,0.0508,관찰,0.03856601151250585,True,fp_v1,False
2015-10-05,46,comp4,24,34.28921037816328,,,0.107,관찰,0.052063360439028865,True,fp_v1,False
2015-10-05,47,comp1,8,7.104012846272204,15.314956960894992,17.46930382412229,0.0307,주의,0.04295197308325082,True,fp_v1,False
2015-10-05,47,comp2,42,7.160783780333126,,,0.3125,관찰,0.522844542566252,False,fp_v1,False
2015-10-05,47,comp3,16,28.069938424820144,38.491724641170464,,0.0508,관찰,0.03856601151250585,True,fp_v1,False
2015-10-05,47,comp4,24,37.23918146255093,,,0.107,관찰,0.047994212128624585,True,fp_v1,False
2015-10-05,48,comp1,8,17.57816332744603,19.49792524482721,26.404901454369423,0.0307,주의,0.004197716269294141,True,fp_v1,False
2015-10-05,48,comp2,42,33.42426141390688,,,0.3125,관찰,0.3435101897732121,False,fp_v1,False
2015-10-05,48,comp3,16,27.277551738606974,40.44498051950351,,0.0508,관찰,0.03856601151250585,True,fp_v1,False
2015-10-05,48,comp4,24,36.65243024068174,,,0.107,관찰,0.05397316266841272,True,fp_v1,False
2015-10-05,49,comp1,8,7.196039298173275,8.466080881122908,9.952985009731933,0.0307,주의,0.0517729401921866,True,fp_v1,False
2015-10-05,49,comp2,42,32.93676675835039,,,0.3125,관찰,0.35167784207481106,False,fp_v1,False
2015-10-05,49,comp3,16,21.91580815348512,25.758010257600812,38.286102464628,0.0508,주의,0.03856601151250585,True,fp_v1,False
2015-10-05,49,comp4,24,7.0,7.0,12.009166278449516,0.107,주의,0.5877507579509281,True,fp_v1,False
2015-10-05,50,comp1,8,35.39256069042376,37.03618551113735,38.67981033185093,0.0307,주의,0.0035364140646267916,True,fp_v1,False
2015-10-05,50,comp2,42,40.853283267914975,,,0.3125,관찰,0.3377688186648628,False,fp_v1,False
2015-10-05,50,comp3,16,26.072604473884276,40.18638008335313,,0.0508,관찰,0.03856601151250585,True,fp_v1,False
2015-10-05,50,comp4,24,35.461159196415515,,,0.107,관찰,0.06414727431970123,True,fp_v1,False
2015-10-05,51,comp1,8,9.33533556664063,11.010193949213441,12.685052331786252,0.0307,주의,0.006222950530995629,True,fp_v1,False
2015-10-05,51,comp2,42,28.77975300788985,,,0.3125,관찰,0.48492069851984193,False,fp_v1,False
2015-10-05,51,comp3,16,26.64671928123095,40.422600415573974,,0.0508,관찰,0.03856601151250585,True,fp_v1,False
2015-10-05,51,comp4,24,36.84358072742486,41.938059967072306,,0.107,관찰,0.04756102505111679,True,fp_v1,False
2015-10-05,52,comp1,8,8.515965768079226,9.116201905262034,9.71643804244484,0.0307,주의,0.004309811078718046,True,fp_v1,False
2015-10-05,52,comp2,42,,,,0.3125,정상,0.17897167071740586,False,fp_v1,False
2015-10-05,52,comp3,16,27.917434532896763,40.49922376865305,,0.0508,관찰,0.03856601151250585,True,fp_v1,False
2015-10-05,52,comp4,24,12.191818320892532,23.18389163853001,,0.107,관찰,0.2255799135729188,True,fp_v1,False
2015-10-05,53,comp1,8,7.0,7.689083560683213,11.584460851724439,0.0307,주의,0.06949688805078118,True,fp_v1,False
2015-10-05,53,comp2,42,35.06539448339168,,,0.3125,관찰,0.5673955983828123,False,fp_v1,False
2015-10-05,53,comp3,16,26.701269042889923,40.358836822295125,,0.0508,관찰,0.03856601151250585,True,fp_v1,False
2015-10-05,53,comp4,24,37.296158400714695,,,0.107,관찰,0.050522748887406786,True,fp_v1,False
2015-10-05,54,comp1,8,7.151502610333261,7.3257609530918755,7.500019295850491,0.0307,주의,0.18017055589266995,True,fp_v1,False
2015-10-05,54,comp2,42,,,,0.3125,정상,0.23229574762581234,False,fp_v1,False
2015-10-05,54,comp3,16,21.137282306396052,22.028512707516718,22.919743108637388,0.0508,주의,0.03857967299981238,True,fp_v1,False
2015-10-05,54,comp4,24,37.48745454883815,,,0.107,관찰,0.04756102505111679,True,fp_v1,False
2015-10-05,55,comp1,8,9.678934728201561,14.59794910257163,18.2482129547645,0.0307,주의,0.020865852320939002,True,fp_v1,False
2015-10-05,55,comp2,42,31.0046927438941,,,0.3125,관찰,0.4340874102497376,False,fp_v1,False
2015-10-05,55,comp3,16,27.917434532896763,40.49922376865305,,0.0508,관찰,0.03856601151250585,True,fp_v1,False
2015-10-05,55,comp4,24,26.080114971454726,32.904210407831485,,0.107,관찰,0.09802678367070966,True,fp_v1,False
2015-10-05,56,comp1,8,21.211256325109773,21.59272206733283,21.97418780955589,0.0307,주의,0.006121455202311684,True,fp_v1,False
2015-10-05,56,comp2,42,,,,0.3125,정상,0.16832988221189532,False,fp_v1,False
2015-10-05,56,comp3,16,27.917434532896763,36.716498547892236,38.441737262589726,0.0508,주의,0.03856601151250585,True,fp_v1,False
2015-10-05,56,comp4,24,23.666879510637955,,,0.107,관찰,0.11180555244686695,True,fp_v1,False
2015-10-05,57,comp1,8,28.220120836565215,29.558627380021473,30.897133923477735,0.0307,주의,0.0035364140646267916,True,fp_v1,False
2015-10-05,57,comp2,42,,,,0.3125,정상,0.1940807218012087,False,fp_v1,False
2015-10-05,57,comp3,16,26.89382731993372,40.38877575894148,,0.0508,관찰,0.03856601151250585,True,fp_v1,False
2015-10-05,57,comp4,24,34.48086773823853,,,0.107,관찰,0.05244316246052502,True,fp_v1,False
2015-10-05,58,comp1,8,13.243167682799118,17.749223088700305,19.976848456995356,0.0307,주의,0.0038238415900762944,True,fp_v1,False
2015-10-05,58,comp2,42,37.76337384840879,,,0.3125,관찰,0.3277636501687865,False,fp_v1,False
2015-10-05,58,comp3,16,27.837932180666893,39.50179882195338,,0.0508,관찰,0.03856601151250585,True,fp_v1,False
2015-10-05,58,comp4,24,37.536845843239995,,,0.107,관찰,0.04756102505111679,True,fp_v1,False
2015-10-05,59,comp1,8,14.080143910916862,21.317711266061508,24.063361819927014,0.0307,주의,0.004133932464227506,True,fp_v1,False
2015-10-05,59,comp2,42,20.483211826112303,34.045262910009846,34.045262910009846,0.3125,주의,0.627756447569153,False,fp_v1,False
2015-10-05,59,comp3,16,27.917434532896763,40.49922376865305,,0.0508,관찰,0.03856601151250585,True,fp_v1,False
2015-10-05,59,comp4,24,36.08526651935163,,,0.107,관찰,0.05381528438874315,True,fp_v1,False
2015-10-05,60,comp1,8,7.269751982035729,7.575853535595531,7.881955089155334,0.0307,주의,0.10393126516520959,True,fp_v1,False
2015-10-05,60,comp2,42,,,,0.3125,정상,0.15419779132300532,False,fp_v1,False
2015-10-05,60,comp3,16,25.032053603836797,40.081571542847726,,0.0508,관찰,0.03856601151250585,True,fp_v1,False
2015-10-05,60,comp4,24,37.48991848312843,,,0.107,관찰,0.047994212128624585,True,fp_v1,False
2015-10-05,61,comp1,8,7.0,7.0,7.0,0.0307,즉시,0.13972186571813217,True,fp_v1,False
2015-10-05,61,comp2,42,,,,0.3125,정상,0.1718576513283858,False,fp_v1,False
2015-10-05,61,comp3,16,27.73554475738665,40.484927292659414,,0.0508,관찰,0.03856601151250585,True,fp_v1,False
2015-10-05,61,comp4,24,37.42612339463533,,,0.107,관찰,0.05051884315283353,True,fp_v1,False
2015-10-05,62,comp1,8,7.0,10.509931283744788,16.657583628017647,0.0307,주의,0.04534360948930976,True,fp_v1,False
2015-10-05,62,comp2,42,38.21942026197601,,,0.3125,관찰,0.42483824303939527,False,fp_v1,False
2015-10-05,62,comp3,16,26.16951658469701,40.221545412756974,,0.0508,관찰,0.03856601151250585,True,fp_v1,False
2015-10-05,62,comp4,24,36.553828153166705,,,0.107,관찰,0.04876622574514722,True,fp_v1,False
2015-10-05,63,comp1,8,16.67096967017791,17.51799597209928,18.36502227402065,0.0307,주의,0.0035364140646267916,True,fp_v1,False
2015-10-05,63,comp2,42,29.09923304521196,40.43250185390115,40.43250185390115,0.3125,주의,0.6274681611693658,False,fp_v1,False
2015-10-05,63,comp3,16,27.436448026794547,40.45738074673805,,0.0508,관찰,0.03856601151250585,True,fp_v1,False
2015-10-05,63,comp4,24,7.0,9.330101422363978,12.921539219777294,0.107,주의,0.4534007337853581,True,fp_v1,False
2015-10-05,64,comp1,8,24.868275399879888,26.055810904983183,27.243346410086478,0.0307,주의,0.0035364140646267916,True,fp_v1,False
2015-10-05,64,comp2,42,,,,0.3125,정상,0.19606013879780662,False,fp_v1,False
2015-10-05,64,comp3,16,20.575851362737012,40.236000038978474,,0.0508,관찰,0.03856601151250585,True,fp_v1,False
2015-10-05,64,comp4,24,26.017882140521046,,,0.107,관찰,0.04826335677205907,True,fp_v1,False
2015-10-05,65,comp1,8,15.164680057147578,21.773725621371135,23.058118886164625,0.0307,주의,0.004704544646873128,True,fp_v1,False
2015-10-05,65,comp2,42,21.671612197209935,38.15002056106668,38.15002056106668,0.3125,주의,0.6078180978109616,False,fp_v1,False
2015-10-05,65,comp3,16,26.301102035886263,40.27221639856154,,0.0508,관찰,0.03856601151250585,True,fp_v1,False
2015-10-05,65,comp4,24,36.63695826851767,,,0.107,관찰,0.04756102505111679,True,fp_v1,False
2015-10-05,66,comp1,8,35.58449948359471,37.24620298253479,38.90790648147487,0.0307,주의,0.0035364140646267916,True,fp_v1,False
2015-10-05,66,comp2,42,38.172423278830706,,,0.3125,관찰,0.4356646063440631,False,fp_v1,False
2015-10-05,66,comp3,16,26.54102020348252,40.36124136303064,,0.0508,관찰,0.03856601151250585,True,fp_v1,False
2015-10-05,66,comp4,24,37.43054791229342,,,0.107,관찰,0.04826335677205907,True,fp_v1,False
2015-10-05,67,comp1,8,35.57463110455481,37.20827928361913,38.841927462683444,0.0307,주의,0.0035364140646267916,True,fp_v1,False
2015-10-05,67,comp2,42,,,,0.3125,정상,0.30446210332944235,False,fp_v1,False
2015-10-05,67,comp3,16,24.613020789489013,39.73718995027313,,0.0508,관찰,0.03856601151250585,True,fp_v1,False
2015-10-05,67,comp4,24,21.402672164479004,23.06988396060321,26.624402562834835,0.107,주의,0.2736939251790431,True,fp_v1,False
2015-10-05,68,comp1,8,10.322990032221053,13.19403663239757,21.647098024961913,0.0307,주의,0.00585990561248303,True,fp_v1,False
2015-10-05,68,comp2,42,,,,0.3125,정상,0.16927024270622482,False,fp_v1,False
2015-10-05,68,comp3,16,27.917434532896763,40.49922376865305,,0.0508,관찰,0.03856601151250585,True,fp_v1,False
2015-10-05,68,comp4,24,37.48991848312843,,,0.107,관찰,0.04756102505111679,True,fp_v1,False
2015-10-05,69,comp1,8,35.62313121039337,37.39466282277611,39.16619443515886,0.0307,주의,0.0035364140646267916,True,fp_v1,False
2015-10-05,69,comp2,42,,,,0.3125,정상,0.20638799703502672,False,fp_v1,False
2015-10-05,69,comp3,16,12.565505715148905,15.532971851346504,18.052401570543676,0.0508,주의,0.11445550250036364,True,fp_v1,False
2015-10-05,69,comp4,24,22.857032589690867,25.308639262819593,26.707580523913936,0.107,주의,0.11390687599552242,True,fp_v1,False
2015-10-05,70,comp1,8,7.0,7.0,7.0,0.0307,즉시,0.13742077140473602,True,fp_v1,False
2015-10-05,70,comp2,42,,,,0.3125,정상,0.24826984340153335,False,fp_v1,False
2015-10-05,70,comp3,16,27.560548633301885,40.47206993193116,,0.0508,관찰,0.03856601151250585,True,fp_v1,False
2015-10-05,70,comp4,24,37.202658917687614,,,0.107,관찰,0.05755467819888736,True,fp_v1,False
2015-10-05,71,comp1,8,16.820943168007695,17.804683520880143,18.788423873752595,0.0307,주의,0.0035364140646267916,True,fp_v1,False
2015-10-05,71,comp2,42,,,,0.3125,정상,0.26223960480614256,False,fp_v1,False
2015-10-05,71,comp3,16,27.917434532896763,39.51002368553789,,0.0508,관찰,0.03856601151250585,True,fp_v1,False
2015-10-05,71,comp4,24,7.0,7.0,7.0,0.107,즉시,0.7398079635237537,True,fp_v1,False
2015-10-05,72,comp1,8,28.364239041131114,29.995250255602382,31.62626147007365,0.0307,주의,0.004076265852517062,True,fp_v1,False
2015-10-05,72,comp2,42,28.201216633802954,,,0.3125,관찰,0.5899429200373828,False,fp_v1,False
2015-10-05,72,comp3,16,25.41348369874191,40.30920104061505,,0.0508,관찰,0.03856601151250585,True,fp_v1,False
2015-10-05,72,comp4,24,37.18347611411496,,,0.107,관찰,0.048303007739785644,True,fp_v1,False
2015-10-05,73,comp1,8,10.774766525118881,14.123569773162645,15.410221026742244,0.0307,주의,0.006823956588095985,True,fp_v1,False
2015-10-05,73,comp2,42,23.98290956805195,,,0.3125,관찰,0.3128732960818713,False,fp_v1,False
2015-10-05,73,comp3,16,27.497035253628795,38.119644375927855,41.35087025840728,0.0508,주의,0.03857967299981238,True,fp_v1,False
2015-10-05,73,comp4,24,32.1875315576639,,,0.107,관찰,0.04756102505111679,True,fp_v1,False
2015-10-05,74,comp1,8,14.750194099417545,15.616177925935386,17.181098608119214,0.0307,주의,0.004104551649465149,True,fp_v1,False
2015-10-05,74,comp2,42,30.545516866161133,,,0.3125,관찰,0.42121506968660405,False,fp_v1,False
2015-10-05,74,comp3,16,25.368826160095416,40.1334631877956,,0.0508,관찰,0.03856601151250585,True,fp_v1,False
2015-10-05,74,comp4,24,37.47443615051723,,,0.107,관찰,0.05051884315283353,True,fp_v1,False
2015-10-05,75,comp1,8,11.034254555363288,14.108157870669716,14.556986106097382,0.0307,주의,0.006859236065361287,True,fp_v1,False
2015-10-05,75,comp2,42,34.095169429648635,,,0.3125,관찰,0.4239018585449776,False,fp_v1,False
2015-10-05,75,comp3,16,27.917434532896763,40.49922376865305,,0.0508,관찰,0.03856601151250585,True,fp_v1,False
2015-10-05,75,comp4,24,30.69412058457481,,,0.107,관찰,0.04793765473480356,True,fp_v1,False
2015-10-05,76,comp1,8,35.38866435239529,36.4936181332208,37.59857191404631,0.0307,주의,0.0035364140646267916,True,fp_v1,False
2015-10-05,76,comp2,42,38.21688717758098,,,0.3125,관찰,0.4240764952459282,False,fp_v1,False
2015-10-05,76,comp3,16,27.917434532896763,39.51002368553789,,0.0508,관찰,0.03856601151250585,True,fp_v1,False
2015-10-05,76,comp4,24,36.836387563137116,,,0.107,관찰,0.04826335677205907,True,fp_v1,False
2015-10-05,77,comp1,8,7.0,7.0,7.0,0.0307,즉시,0.12181779764219505,True,fp_v1,False
2015-10-05,77,comp2,42,,,,0.3125,정상,0.1510648200534109,False,fp_v1,False
2015-10-05,77,comp3,16,26.578471452634233,40.35095502604315,,0.0508,관찰,0.03856601151250585,True,fp_v1,False
2015-10-05,77,comp4,24,11.393447356237829,23.079474097315323,,0.107,관찰,0.24104843997240194,True,fp_v1,False
2015-10-05,78,comp1,8,35.6205118315755,37.38459667784661,39.14868152411772,0.0307,주의,0.0035364140646267916,True,fp_v1,False
2015-10-05,78,comp2,42,22.172091260358783,40.25353431380045,40.25353431380045,0.3125,주의,0.6142731348408466,False,fp_v1,False
2015-10-05,78,comp3,16,26.465466812651346,40.30587348076304,,0.0508,관찰,0.03856601151250585,True,fp_v1,False
2015-10-05,78,comp4,24,15.864836582891197,33.33446361170377,,0.107,관찰,0.13737704026692435,True,fp_v1,False
2015-10-05,79,comp1,8,9.17558493824311,10.562781696375032,11.949978454506951,0.0307,주의,0.004682818577822362,True,fp_v1,False
2015-10-05,79,comp2,42,,,,0.3125,정상,0.24088518427380887,False,fp_v1,False
2015-10-05,79,comp3,16,25.371129300493443,40.17378695571454,,0.0508,관찰,0.03856601151250585,True,fp_v1,False
2015-10-05,79,comp4,24,37.18866808932978,,,0.107,관찰,0.04756102505111679,True,fp_v1,False
2015-10-05,80,comp1,8,7.0,9.504305111934139,22.229128955210406,0.0307,주의,0.053405362916559326,True,fp_v1,False
2015-10-05,80,comp2,42,,,,0.3125,정상,0.1673611474358329,False,fp_v1,False
2015-10-05,80,comp3,16,27.917434532896763,40.49922376865305,,0.0508,관찰,0.03856601151250585,True,fp_v1,False
2015-10-05,80,comp4,24,7.0,,,0.107,관찰,0.14906637915202478,True,fp_v1,False
2015-10-05,81,comp1,8,24.600117924678102,25.536342356070787,26.472566787463467,0.0307,주의,0.0035864395053640556,True,fp_v1,False
2015-10-05,81,comp2,42,23.869730103859784,41.903177382479306,41.903177382479306,0.3125,주의,0.6008343047649721,False,fp_v1,False
2015-10-05,81,comp3,16,27.083373263761487,40.417979257145255,,0.0508,관찰,0.03856601151250585,True,fp_v1,False
2015-10-05,81,comp4,24,37.40716034133868,,,0.107,관찰,0.06595583248929798,True,fp_v1,False
2015-10-05,82,comp1,8,16.335556326535826,16.78329881290454,17.23104129927325,0.0307,주의,0.007197756224215855,True,fp_v1,False
2015-10-05,82,comp2,42,,,,0.3125,정상,0.1948869944063319,False,fp_v1,False
2015-10-05,82,comp3,16,27.917434532896763,40.49922376865305,,0.0508,관찰,0.03856601151250585,True,fp_v1,False
2015-10-05,82,comp4,24,35.93609547960994,,,0.107,관찰,0.04756102505111679,True,fp_v1,False
2015-10-05,83,comp1,8,9.895208992846008,12.121309430857384,14.241327411019435,0.0307,주의,0.00456295577600352,True,fp_v1,False
2015-10-05,83,comp2,42,22.78544216760301,,,0.3125,관찰,0.414501623829454,False,fp_v1,False
2015-10-05,83,comp3,16,27.917434532896763,40.49922376865305,,0.0508,관찰,0.03856601151250585,True,fp_v1,False
2015-10-05,83,comp4,24,18.45346868655019,23.21699819214347,,0.107,관찰,0.24419065819002808,True,fp_v1,False
2015-10-05,84,comp1,8,35.6205118315755,37.38459667784661,39.14868152411772,0.0307,주의,0.0035364140646267916,True,fp_v1,False
2015-10-05,84,comp2,42,,,,0.3125,정상,0.1463109185865419,False,fp_v1,False
2015-10-05,84,comp3,16,25.478857331022915,40.26189182138924,,0.0508,관찰,0.03856601151250585,True,fp_v1,False
2015-10-05,84,comp4,24,36.622087814715584,,,0.107,관찰,0.055424053202653964,True,fp_v1,False
2015-10-05,85,comp1,8,7.1407241710083635,16.687535716708048,19.711563259340146,0.0307,주의,0.051910332140814044,True,fp_v1,False
2015-10-05,85,comp2,42,7.912739360450524,29.400116208923,29.400116208923,0.3125,주의,0.7484930686930562,False,fp_v1,False
2015-10-05,85,comp3,16,24.60813420382172,35.692463259631765,39.43237265568691,0.0508,주의,0.03856601151250585,True,fp_v1,False
2015-10-05,85,comp4,24,21.482049735997645,22.510367516685122,23.538685297372595,0.107,주의,0.36900138061225835,True,fp_v1,False
2015-10-05,86,comp1,8,14.8011087112732,15.720239691415722,17.226822118984085,0.0307,주의,0.00394177681110666,True,fp_v1,False
2015-10-05,86,comp2,42,22.810119371263042,,,0.3125,관찰,0.5331369258274959,False,fp_v1,False
2015-10-05,86,comp3,16,25.006896951932205,40.21429994399445,,0.0508,관찰,0.03856601151250585,True,fp_v1,False
2015-10-05,86,comp4,24,37.48991848312843,,,0.107,관찰,0.047994212128624585,True,fp_v1,False
2015-10-05,87,comp1,8,7.0,7.1446503708482645,7.735170819354751,0.0307,주의,0.10585993003195482,True,fp_v1,False
2015-10-05,87,comp2,42,32.83966828785145,,,0.3125,관찰,0.3663936289510464,False,fp_v1,False
2015-10-05,87,comp3,16,7.0,7.0,7.694768955324264,0.0508,주의,0.17407571454828372,True,fp_v1,False
2015-10-05,87,comp4,24,31.301894453028495,,,0.107,관찰,0.05247244834492372,True,fp_v1,False
2015-10-05,88,comp1,8,35.58869792926376,37.26233740428968,38.93597687931559,0.0307,주의,0.0035364140646267916,True,fp_v1,False
2015-10-05,88,comp2,42,32.226218241964446,,,0.3125,관찰,0.499496571482658,False,fp_v1,False
2015-10-05,88,comp3,16,27.917434532896763,40.49922376865305,,0.0508,관찰,0.03856601151250585,True,fp_v1,False
2015-10-05,88,comp4,24,16.180380986266453,20.0970384618117,27.03149537650732,0.107,주의,0.23866819863350391,True,fp_v1,False
2015-10-05,89,comp1,8,8.29159475826678,11.624235032033436,17.041181937696916,0.0307,주의,0.028011731677677402,True,fp_v1,False
2015-10-05,89,comp2,42,,,,0.3125,정상,0.17805620087696164,False,fp_v1,False
2015-10-05,89,comp3,16,26.23326189030018,40.36575640783107,,0.0508,관찰,0.03856601151250585,True,fp_v1,False
2015-10-05,89,comp4,24,16.645926911212836,22.181735924090336,29.973476113918437,0.107,주의,0.26389680270750654,True,fp_v1,False
2015-10-05,90,comp1,8,35.6205118315755,37.38459667784661,39.14868152411772,0.0307,주의,0.0035364140646267916,True,fp_v1,False
2015-10-05,90,comp2,42,21.4384628103062,41.94831012072301,41.94831012072301,0.3125,주의,0.60040046970296,False,fp_v1,False
2015-10-05,90,comp3,16,9.537089455749047,11.682074231205426,13.827059006661809,0.0508,주의,0.3253109700515136,True,fp_v1,False
2015-10-05,90,comp4,24,37.42450878093869,,,0.107,관찰,0.05123535280765084,True,fp_v1,False
2015-10-05,91,comp1,8,25.01219631836894,26.39657167481026,27.780947031251582,0.0307,주의,0.0035364140646267916,True,fp_v1,False
2015-10-05,91,comp2,42,38.91770497228139,,,0.3125,관찰,0.43729324521178875,False,fp_v1,False
2015-10-05,91,comp3,16,27.917434532896763,40.49922376865305,,0.0508,관찰,0.03856601151250585,True,fp_v1,False
2015-10-05,91,comp4,24,37.25093278624193,,,0.107,관찰,0.047939803439990734,True,fp_v1,False
2015-10-05,92,comp1,8,24.57164296381726,25.432549317930768,26.293455672044274,0.0307,주의,0.0037122599131421356,True,fp_v1,False
2015-10-05,92,comp2,42,,,,0.3125,정상,0.17720412195309676,False,fp_v1,False
2015-10-05,92,comp3,16,10.787049507717235,14.129391590032787,14.492782280237824,0.0508,주의,0.3628807375084501,True,fp_v1,False
2015-10-05,92,comp4,24,37.07887325198749,,,0.107,관찰,0.05051884315283353,True,fp_v1,False
2015-10-05,93,comp1,8,8.26762305849503,8.590510877740748,8.913398696986464,0.0307,주의,0.0052541456543941,True,fp_v1,False
2015-10-05,93,comp2,42,,,,0.3125,정상,0.216213285144545,False,fp_v1,False
2015-10-05,93,comp3,16,26.32279943523656,40.26891578999722,,0.0508,관찰,0.03856601151250585,True,fp_v1,False
2015-10-05,93,comp4,24,15.753359476336158,22.946319162205015,25.225137266659466,0.107,주의,0.25583181743641104,True,fp_v1,False
2015-10-05,94,comp1,8,7.8004745807237,20.041872430413978,26.512740746293147,0.0307,주의,0.03307108355243389,True,fp_v1,False
2015-10-05,94,comp2,42,,,,0.3125,정상,0.14832227391313477,False,fp_v1,False
2015-10-05,94,comp3,16,7.0,7.0,10.823648508163114,0.0508,주의,0.24643350541143966,True,fp_v1,False
2015-10-05,94,comp4,24,30.512504161047058,,,0.107,관찰,0.04762542457250797,True,fp_v1,False
2015-10-05,95,comp1,8,35.55242325293295,37.12293559393451,38.69344793493606,0.0307,주의,0.0035364140646267916,True,fp_v1,False
2015-10-05,95,comp2,42,22.114461317687095,,,0.3125,관찰,0.572241040262332,False,fp_v1,False
2015-10-05,95,comp3,16,25.394863050608166,38.505644804019504,,0.0508,관찰,0.03856601151250585,True,fp_v1,False
2015-10-05,95,comp4,24,10.59897110407843,13.401804110420212,17.671405040906237,0.107,주의,0.5085390959737628,True,fp_v1,False
2015-10-05,96,comp1,8,10.509077686566972,13.576890371299129,18.111790568777575,0.0307,주의,0.005590910144323896,True,fp_v1,False
2015-10-05,96,comp2,42,,,,0.3125,정상,0.1678627063266024,False,fp_v1,False
2015-10-05,96,comp3,16,24.251087180034318,25.724394553646505,27.197701927258688,0.0508,주의,0.03857967299981238,True,fp_v1,False
2015-10-05,96,comp4,24,37.536845843239995,,,0.107,관찰,0.04756102505111679,True,fp_v1,False
2015-10-05,97,comp1,8,29.351349130967964,33.84453116354611,36.98515814238787,0.0307,주의,0.0035364140646267916,True,fp_v1,False
2015-10-05,97,comp2,42,22.658458194120264,,,0.3125,관찰,0.48756543145360665,False,fp_v1,False
2015-10-05,97,comp3,16,16.378726556235446,17.954348162915778,19.52996976959611,0.0508,주의,0.03856601151250585,True,fp_v1,False
2015-10-05,97,comp4,24,7.0,12.686502543821057,16.39067703202678,0.107,주의,0.7601043226825871,True,fp_v1,False
2015-10-05,98,comp1,8,35.51139832333812,36.96527879217407,38.419159261010016,0.0307,주의,0.0035364140646267916,True,fp_v1,False
2015-10-05,98,comp2,42,31.228214832999505,,,0.3125,관찰,0.4304322549805653,False,fp_v1,False
2015-10-05,98,comp3,16,7.501714332933436,11.17108222668497,14.367235665811924,0.0508,주의,0.35908651667427055,True,fp_v1,False
2015-10-05,98,comp4,24,35.832842299761616,,,0.107,관찰,0.04876622574514722,True,fp_v1,False
2015-10-05,99,comp1,8,24.239988347930026,24.609062487666566,24.978136627403106,0.0307,주의,0.0035364140646267916,True,fp_v1,False
2015-10-05,99,comp2,42,,,,0.3125,정상,0.28126847272676647,False,fp_v1,False
2015-10-05,99,comp3,16,27.409953134519235,37.17761971959654,39.43312719168305,0.0508,주의,0.03857967299981238,True,fp_v1,False
2015-10-05,99,comp4,24,11.965665396363717,29.476351617119146,32.63509656201638,0.107,주의,0.16398975042700442,True,fp_v1,False
2015-10-05,100,comp1,8,35.47423020020068,37.153614740627546,38.83299928105442,0.0307,주의,0.0035364140646267916,True,fp_v1,False
2015-10-05,100,comp2,42,,,,0.3125,정상,0.19698201201144352,False,fp_v1,False
2015-10-05,100,comp3,16,25.84418683317271,40.32804556656657,,0.0508,관찰,0.03856601151250585,True,fp_v1,False
2015-10-05,100,comp4,24,35.86065864234641,,,0.107,관찰,0.06005127041860962,True,fp_v1,False
2015-10-12,1,comp1,8,35.58869792926376,37.26233740428968,38.93597687931559,0.0307,주의,0.0035364140646267916,True,fp_v1,False
2015-10-12,1,comp2,42,40.79186650822921,,,0.3125,관찰,0.32053059556053604,False,fp_v1,False
2015-10-12,1,comp3,16,12.363286131563411,26.646177764407188,38.84031332812198,0.0508,주의,0.058605737843754314,True,fp_v1,False
2015-10-12,1,comp4,24,36.87359829909009,,,0.107,관찰,0.054717845654759505,True,fp_v1,False
2015-10-12,2,comp1,8,7.6809438433351245,16.84593211913351,17.885693763148367,0.0307,주의,0.03642025101274111,True,fp_v1,False
2015-10-12,2,comp2,42,28.18305333942285,36.122080703353745,36.122080703353745,0.3125,주의,0.6417491174856443,False,fp_v1,False
2015-10-12,2,comp3,16,17.229498476942048,26.994105845311893,,0.0508,관찰,0.042035337531950934,True,fp_v1,False
2015-10-12,2,comp4,24,37.48204076979881,,,0.107,관찰,0.052456084562394624,True,fp_v1,False
2015-10-12,3,comp1,8,21.760583219236942,22.970743200978074,24.922866792399013,0.0307,주의,0.0066610004518623585,True,fp_v1,False
2015-10-12,3,comp2,42,,,,0.3125,정상,0.20871507255542185,False,fp_v1,False
2015-10-12,3,comp3,16,27.80791831407075,40.490812233284046,,0.0508,관찰,0.03856601151250585,True,fp_v1,False
2015-10-12,3,comp4,24,36.25394111700898,,,0.107,관찰,0.06908413667101616,True,fp_v1,False
2015-10-12,4,comp1,8,7.0,7.0,7.0,0.0307,즉시,0.23900939996960227,True,fp_v1,False
2015-10-12,4,comp2,42,23.55419209558978,,,0.3125,관찰,0.4497569604070193,False,fp_v1,False
2015-10-12,4,comp3,16,27.917434532896763,40.49922376865305,,0.0508,관찰,0.03856601151250585,True,fp_v1,False
2015-10-12,4,comp4,24,37.23918146255093,,,0.107,관찰,0.04756102505111679,True,fp_v1,False
2015-10-12,5,comp1,8,35.35789696827564,36.979767944794354,38.60163892131307,0.0307,주의,0.0035364140646267916,True,fp_v1,False
2015-10-12,5,comp2,42,,,,0.3125,정상,0.18473339141102937,False,fp_v1,False
2015-10-12,5,comp3,16,25.668827624655897,40.297580457119736,,0.0508,관찰,0.03856601151250585,True,fp_v1,False
2015-10-12,5,comp4,24,37.45120833130441,,,0.107,관찰,0.04958486433852871,True,fp_v1,False
2015-10-12,6,comp1,8,7.0,7.466894929307617,8.179462316100407,0.0307,주의,0.08821223221346709,True,fp_v1,False
2015-10-12,6,comp2,42,,,,0.3125,정상,0.19908696999090433,False,fp_v1,False
2015-10-12,6,comp3,16,27.607846485539987,40.47384467827768,,0.0508,관찰,0.03856601151250585,True,fp_v1,False
2015-10-12,6,comp4,24,37.34294333002245,,,0.107,관찰,0.050522748887406786,True,fp_v1,False
2015-10-12,7,comp1,8,24.35616802557055,24.843297081865447,25.33042613816034,0.0307,주의,0.0035364140646267916,True,fp_v1,False
2015-10-12,7,comp2,42,22.575641165730964,41.02105274451597,41.02105274451597,0.3125,주의,0.6085394492444067,False,fp_v1,False
2015-10-12,7,comp3,16,27.917434532896763,40.49922376865305,,0.0508,관찰,0.03856601151250585,True,fp_v1,False
2015-10-12,7,comp4,24,26.474123441622286,41.50915956764871,,0.107,관찰,0.04756102505111679,True,fp_v1,False
2015-10-12,8,comp1,8,35.57463110455481,37.20827928361913,38.841927462683444,0.0307,주의,0.0035364140646267916,True,fp_v1,False
2015-10-12,8,comp2,42,,,,0.3125,정상,0.21615715529957633,False,fp_v1,False
2015-10-12,8,comp3,16,25.759453451158198,40.065949731463775,,0.0508,관찰,0.03856601151250585,True,fp_v1,False
2015-10-12,8,comp4,24,7.0,17.047464245926847,20.18409992188442,0.107,주의,0.39066226306480406,True,fp_v1,False
2015-10-12,9,comp1,8,18.644680464803,23.90835474946627,34.856810874231115,0.0307,주의,0.004536053290601725,True,fp_v1,False
2015-10-12,9,comp2,42,34.62604663567999,41.86344938672418,41.86344938672418,0.3125,주의,0.6056312082308566,False,fp_v1,False
2015-10-12,9,comp3,16,17.8966377219904,36.3400239158081,38.99542986732709,0.0508,주의,0.03856601151250585,True,fp_v1,False
2015-10-12,9,comp4,24,37.29235195231417,,,0.107,관찰,0.04756102505111679,True,fp_v1,False
2015-10-12,10,comp1,8,16.48360212298641,17.12492205344394,17.766241983901466,0.0307,주의,0.005486591911709184,True,fp_v1,False
2015-10-12,10,comp2,42,,,,0.3125,정상,0.23241578353854664,False,fp_v1,False
2015-10-12,10,comp3,16,27.63988677201299,40.47671392345714,,0.0508,관찰,0.03856601151250585,True,fp_v1,False
2015-10-12,10,comp4,24,34.67068837982286,,,0.107,관찰,0.051568607789974685,True,fp_v1,False
2015-10-12,11,comp1,8,15.476766534728746,19.526026285520235,23.96226279216916,0.0307,주의,0.023624976387422062,True,fp_v1,False
2015-10-12,11,comp2,42,31.32695319091752,,,0.3125,관찰,0.40564495086900365,False,fp_v1,False
2015-10-12,11,comp3,16,27.917434532896763,37.41970670855825,39.85173421999662,0.0508,주의,0.03856601151250585,True,fp_v1,False
2015-10-12,11,comp4,24,37.48204076979881,,,0.107,관찰,0.052456084562394624,True,fp_v1,False
2015-10-12,12,comp1,8,22.32744306010223,24.414476801022264,26.642995050675964,0.0307,주의,0.005004424867108823,True,fp_v1,False
2015-10-12,12,comp2,42,,,,0.3125,정상,0.16627795656502994,False,fp_v1,False
2015-10-12,12,comp3,16,19.35882149456284,27.625647717963687,,0.0508,관찰,0.04184970552846068,True,fp_v1,False
2015-10-12,12,comp4,24,12.503669381211935,21.000722311467836,,0.107,관찰,0.2624742852252385,True,fp_v1,False
2015-10-12,13,comp1,8,12.329216584515198,14.855421573335212,16.11940000866184,0.0307,주의,0.005141962592983579,True,fp_v1,False
2015-10-12,13,comp2,42,23.289867315523377,,,0.3125,관찰,0.4292271007378266,False,fp_v1,False
2015-10-12,13,comp3,16,27.497035253628795,39.14683257169327,,0.0508,관찰,0.03857967299981238,True,fp_v1,False
2015-10-12,13,comp4,24,31.65104792411329,,,0.107,관찰,0.04756102505111679,True,fp_v1,False
2015-10-12,14,comp1,8,7.770961293356867,14.75097012799409,15.628534025752733,0.0307,주의,0.03473818913161908,True,fp_v1,False
2015-10-12,14,comp2,42,,,,0.3125,정상,0.2431507798866316,False,fp_v1,False
2015-10-12,14,comp3,16,27.7639994193378,40.48727352386993,,0.0508,관찰,0.03856601151250585,True,fp_v1,False
2015-10-12,14,comp4,24,37.49236840329116,,,0.107,관찰,0.04971797753316018,True,fp_v1,False
2015-10-12,15,comp1,8,17.34647056287924,19.13946847979903,20.932466396718823,0.0307,주의,0.0035364140646267916,True,fp_v1,False
2015-10-12,15,comp2,42,38.85913621035063,,,0.3125,관찰,0.41927348302819906,False,fp_v1,False
2015-10-12,15,comp3,16,25.665867059955307,40.03947858883854,,0.0508,관찰,0.03856601151250585,True,fp_v1,False
2015-10-12,15,comp4,24,23.68538611870362,28.971491580010962,34.84782679205949,0.107,주의,0.11347591101868648,True,fp_v1,False
2015-10-12,16,comp1,8,16.652351276244694,17.490082653815886,18.327814031387078,0.0307,주의,0.004547218249830421,True,fp_v1,False
2015-10-12,16,comp2,42,22.299876746547326,32.582850497647186,32.582850497647186,0.3125,주의,0.6935522133259096,False,fp_v1,False
2015-10-12,16,comp3,16,7.0,7.0,10.391414784109456,0.0508,주의,0.49836787362109614,True,fp_v1,False
2015-10-12,16,comp4,24,37.41500094678207,,,0.107,관찰,0.047994212128624585,True,fp_v1,False
2015-10-12,17,comp1,8,7.0,7.0,16.084738622039453,0.0307,주의,0.06998927045345921,True,fp_v1,False
2015-10-12,17,comp2,42,,,,0.3125,정상,0.259775021168197,False,fp_v1,False
2015-10-12,17,comp3,16,14.092521036852116,15.048238667705524,16.03881291335255,0.0508,주의,0.15209752747652658,True,fp_v1,False
2015-10-12,17,comp4,24,16.238612559046175,18.91663267551307,24.197987453823796,0.107,주의,0.3110350269887791,True,fp_v1,False
2015-10-12,18,comp1,8,14.228098049765345,16.82101439923279,18.093892965552346,0.0307,주의,0.029294833932876744,True,fp_v1,False
2015-10-12,18,comp2,42,33.09516508834353,,,0.3125,관찰,0.3576863521706214,False,fp_v1,False
2015-10-12,18,comp3,16,27.10858769703755,40.422600415573974,,0.0508,관찰,0.03856601151250585,True,fp_v1,False
2015-10-12,18,comp4,24,16.143347290892684,17.780022404247163,19.416697517601637,0.107,주의,0.42451068714511137,True,fp_v1,False
2015-10-12,19,comp1,8,9.468468361712615,11.15077599109853,12.833083620484446,0.0307,주의,0.003902002286789826,True,fp_v1,False
2015-10-12,19,comp2,42,,,,0.3125,정상,0.12817447059915343,False,fp_v1,False
2015-10-12,19,comp3,16,27.917434532896763,40.49922376865305,,0.0508,관찰,0.03856601151250585,True,fp_v1,False
2015-10-12,19,comp4,24,10.595684267742378,13.370694854628674,31.17291993798266,0.107,주의,0.23826500672571702,True,fp_v1,False
2015-10-12,20,comp1,8,16.838708178657978,17.91114870680387,18.98358923494977,0.0307,주의,0.0035364140646267916,True,fp_v1,False
2015-10-12,20,comp2,42,,,,0.3125,정상,0.23896644796286165,False,fp_v1,False
2015-10-12,20,comp3,16,7.0,7.0,14.020016960917728,0.0508,주의,0.34906852677869055,True,fp_v1,False
2015-10-12,20,comp4,24,7.068573260762965,11.106381245412235,17.40134451733884,0.107,주의,0.6672980561092092,True,fp_v1,False
2015-10-12,21,comp1,8,8.884928313211553,9.907174831532519,10.929421349853484,0.0307,주의,0.004123613508725478,True,fp_v1,False
2015-10-12,21,comp2,42,39.15086429108006,,,0.3125,관찰,0.35943781718060397,False,fp_v1,False
2015-10-12,21,comp3,16,18.76854474923775,37.30581290710886,40.164917342149025,0.0508,주의,0.03857967299981238,True,fp_v1,False
2015-10-12,21,comp4,24,33.05749217277707,,,0.107,관찰,0.05669493383864476,True,fp_v1,False
2015-10-12,22,comp1,8,7.047347948278306,7.102398767678572,7.157449587078839,0.0307,주의,0.5619196042020307,True,fp_v1,False
2015-10-12,22,comp2,42,,,,0.3125,정상,0.30564135480390975,False,fp_v1,False
2015-10-12,22,comp3,16,8.721840372779832,18.190056712856467,21.455575047872454,0.0508,주의,0.0695926998186765,True,fp_v1,False
2015-10-12,22,comp4,24,15.5535724760698,18.408436444894893,21.01064807480007,0.107,주의,0.73180021204251,True,fp_v1,False
2015-10-12,23,comp1,8,35.38940074664634,36.49644806037976,37.60349537411318,0.0307,주의,0.0035364140646267916,True,fp_v1,False
2015-10-12,23,comp2,42,,,,0.3125,정상,0.1561784388113275,False,fp_v1,False
2015-10-12,23,comp3,16,27.917434532896763,36.99285551581198,38.99585836885787,0.0508,주의,0.03856601151250585,True,fp_v1,False
2015-10-12,23,comp4,24,7.0,10.23496312839081,17.10878176782499,0.107,주의,0.5948910855242582,True,fp_v1,False
2015-10-12,24,comp1,8,29.27290725504502,32.89172044291292,36.29967246428359,0.0307,주의,0.0035364140646267916,True,fp_v1,False
2015-10-12,24,comp2,42,37.36437761139123,,,0.3125,관찰,0.4399341900905863,False,fp_v1,False
2015-10-12,24,comp3,16,7.0,7.0,7.0,0.0508,즉시,0.30040959694953984,True,fp_v1,False
2015-10-12,24,comp4,24,7.0,7.0,19.768825103532592,0.107,주의,0.4750482695756317,True,fp_v1,False
2015-10-12,25,comp1,8,29.6530470238383,34.352579017487166,36.84044549186474,0.0307,주의,0.0035364140646267916,True,fp_v1,False
2015-10-12,25,comp2,42,7.865756382464783,,,0.3125,관찰,0.4922131767702844,False,fp_v1,False
2015-10-12,25,comp3,16,27.543059264820506,40.48353623462542,,0.0508,관찰,0.03856601151250585,True,fp_v1,False
2015-10-12,25,comp4,24,7.263156451126974,16.02378609198784,18.94912073984903,0.107,주의,0.39601503494535123,True,fp_v1,False
2015-10-12,26,comp1,8,7.0,7.0,7.024195582552151,0.0307,주의,0.26526907889622825,True,fp_v1,False
2015-10-12,26,comp2,42,,,,0.3125,정상,0.2588418824011636,False,fp_v1,False
2015-10-12,26,comp3,16,27.021082572776955,40.407666866286796,,0.0508,관찰,0.03856601151250585,True,fp_v1,False
2015-10-12,26,comp4,24,37.404378105662644,,,0.107,관찰,0.05051884315283353,True,fp_v1,False
2015-10-12,27,comp1,8,10.925899880705128,16.41135896556838,21.844008372319696,0.0307,주의,0.0043560882621832145,True,fp_v1,False
2015-10-12,27,comp2,42,,,,0.3125,정상,0.21248098792822115,False,fp_v1,False
2015-10-12,27,comp3,16,26.465466812651346,40.30587348076304,,0.0508,관찰,0.03856601151250585,True,fp_v1,False
2015-10-12,27,comp4,24,35.21918592074433,,,0.107,관찰,0.053027165185967194,True,fp_v1,False
2015-10-12,28,comp1,8,7.891816628064486,17.013389182555173,19.450728783083512,0.0307,주의,0.031343254888599036,True,fp_v1,False
2015-10-12,28,comp2,42,30.46635327606799,,,0.3125,관찰,0.4004569009820307,False,fp_v1,False
2015-10-12,28,comp3,16,19.652474602489956,40.31695377025232,,0.0508,관찰,0.03856601151250585,True,fp_v1,False
2015-10-12,28,comp4,24,37.47187935262022,,,0.107,관찰,0.047994212128624585,True,fp_v1,False
2015-10-12,29,comp1,8,7.0,7.0,9.476996424543275,0.0307,주의,0.07944275762416039,True,fp_v1,False
2015-10-12,29,comp2,42,,,,0.3125,정상,0.1755381901047965,False,fp_v1,False
2015-10-12,29,comp3,16,27.16999776553006,40.42736415922442,,0.0508,관찰,0.03856601151250585,True,fp_v1,False
2015-10-12,29,comp4,24,37.40716034133868,,,0.107,관찰,0.050522748887406786,True,fp_v1,False
2015-10-12,30,comp1,8,13.998734010901577,15.43552743746503,26.03648735840209,0.0307,주의,0.004440567933732694,True,fp_v1,False
2015-10-12,30,comp2,42,,,,0.3125,정상,0.16220870622239456,False,fp_v1,False
2015-10-12,30,comp3,16,27.917434532896763,40.49922376865305,,0.0508,관찰,0.03856601151250585,True,fp_v1,False
2015-10-12,30,comp4,24,36.41940022355255,,,0.107,관찰,0.04856405433526124,True,fp_v1,False
2015-10-12,31,comp1,8,7.0,16.495520816562912,19.326022476747273,0.0307,주의,0.03099292790699426,True,fp_v1,False
2015-10-12,31,comp2,42,33.909426551498115,,,0.3125,관찰,0.33985816353845544,False,fp_v1,False
2015-10-12,31,comp3,16,8.580073842241804,21.267553941154027,23.36618189078394,0.0508,주의,0.07303746638900024,True,fp_v1,False
2015-10-12,31,comp4,24,37.47187935262022,,,0.107,관찰,0.04756102505111679,True,fp_v1,False
2015-10-12,32,comp1,8,17.37148592533538,22.152793450321862,24.498667782561483,0.0307,주의,0.0052075555181677075,True,fp_v1,False
2015-10-12,32,comp2,42,31.57945818534258,,,0.3125,관찰,0.40451215805646223,False,fp_v1,False
2015-10-12,32,comp3,16,26.435218733400564,40.29852735322334,,0.0508,관찰,0.03856601151250585,True,fp_v1,False
2015-10-12,32,comp4,24,35.39711660631108,,,0.107,관찰,0.04756102505111679,True,fp_v1,False
2015-10-12,33,comp1,8,7.0,7.0,7.0,0.0307,즉시,0.26909216228289407,True,fp_v1,False
2015-10-12,33,comp2,42,32.51651132062274,,,0.3125,관찰,0.39284513102810636,False,fp_v1,False
2015-10-12,33,comp3,16,26.89382731993372,40.38877575894148,,0.0508,관찰,0.03856601151250585,True,fp_v1,False
2015-10-12,33,comp4,24,17.22846407708146,29.099294536821375,33.02040448015206,0.107,주의,0.18400223989129613,True,fp_v1,False
2015-10-12,34,comp1,8,28.24586821629528,29.876148609031777,31.506429001768275,0.0307,주의,0.0035364140646267916,True,fp_v1,False
2015-10-12,34,comp2,42,,,,0.3125,정상,0.19591974593610129,False,fp_v1,False
2015-10-12,34,comp3,16,26.89382731993372,40.38877575894148,,0.0508,관찰,0.03856601151250585,True,fp_v1,False
2015-10-12,34,comp4,24,33.88267105027227,,,0.107,관찰,0.05244316246052502,True,fp_v1,False
2015-10-12,35,comp1,8,21.821401370843414,22.94997516994541,35.117862600705884,0.0307,주의,0.0035364140646267916,True,fp_v1,False
2015-10-12,35,comp2,42,,,,0.3125,정상,0.255291927421646,False,fp_v1,False
2015-10-12,35,comp3,16,7.0,7.0,7.0,0.0508,즉시,0.518869113852854,True,fp_v1,False
2015-10-12,35,comp4,24,36.270310611101735,,,0.107,관찰,0.04756102505111679,True,fp_v1,False
2015-10-12,36,comp1,8,7.21898486371104,7.472050375579431,7.725115887447821,0.0307,주의,0.12543736531046062,True,fp_v1,False
2015-10-12,36,comp2,42,,,,0.3125,정상,0.2410803770961278,False,fp_v1,False
2015-10-12,36,comp3,16,27.917434532896763,40.49922376865305,,0.0508,관찰,0.03856601151250585,True,fp_v1,False
2015-10-12,36,comp4,24,37.536845843239995,,,0.107,관찰,0.04756102505111679,True,fp_v1,False
2015-10-12,37,comp1,8,7.0,7.0,7.0,0.0307,즉시,0.18929382943452086,True,fp_v1,False
2015-10-12,37,comp2,42,34.55841011783846,,,0.3125,관찰,0.5045954083096296,False,fp_v1,False
2015-10-12,37,comp3,16,16.64200193195249,19.315925371518187,21.248500895260793,0.0508,주의,0.03857967299981238,True,fp_v1,False
2015-10-12,37,comp4,24,35.64955202549913,,,0.107,관찰,0.04756102505111679,True,fp_v1,False
2015-10-12,38,comp1,8,7.0,7.0,7.0,0.0307,즉시,0.13032520501290784,True,fp_v1,False
2015-10-12,38,comp2,42,,,,0.3125,정상,0.18804330385422627,False,fp_v1,False
2015-10-12,38,comp3,16,27.46731352084178,40.46648492214195,,0.0508,관찰,0.03856601151250585,True,fp_v1,False
2015-10-12,38,comp4,24,30.411322746740673,34.77978344268411,,0.107,관찰,0.04793765473480356,True,fp_v1,False
2015-10-12,39,comp1,8,7.041878721357467,8.086706243332165,9.570031443299095,0.0307,주의,0.05960094796818178,True,fp_v1,False
2015-10-12,39,comp2,42,7.0,,,0.3125,관찰,0.5737452944277458,False,fp_v1,False
2015-10-12,39,comp3,16,27.276531847145986,40.4421465754989,,0.0508,관찰,0.03856601151250585,True,fp_v1,False
2015-10-12,39,comp4,24,37.474725459731864,,,0.107,관찰,0.047994212128624585,True,fp_v1,False
2015-10-12,40,comp1,8,17.303315438698643,19.02048501064154,20.737654582584433,0.0307,주의,0.004155320031627293,True,fp_v1,False
2015-10-12,40,comp2,42,30.579446241558106,37.75066024896779,37.75066024896779,0.3125,주의,0.7332583621598721,False,fp_v1,False
2015-10-12,40,comp3,16,7.0,7.0,7.0,0.0508,즉시,0.5287624678551731,True,fp_v1,False
2015-10-12,40,comp4,24,37.36068705582446,,,0.107,관찰,0.047994212128624585,True,fp_v1,False
2015-10-12,41,comp1,8,17.506466067602283,19.438783833901283,21.1915049943422,0.0307,주의,0.005556798408309444,True,fp_v1,False
2015-10-12,41,comp2,42,34.32983481692232,,,0.3125,관찰,0.3263683150951264,False,fp_v1,False
2015-10-12,41,comp3,16,27.917434532896763,40.49922376865305,,0.0508,관찰,0.03856601151250585,True,fp_v1,False
2015-10-12,41,comp4,24,37.29235195231417,,,0.107,관찰,0.04756102505111679,True,fp_v1,False
2015-10-12,42,comp1,8,35.236057106352355,36.39407708942724,37.55209707250213,0.0307,주의,0.0035364140646267916,True,fp_v1,False
2015-10-12,42,comp2,42,,,,0.3125,정상,0.2874994181338968,False,fp_v1,False
2015-10-12,42,comp3,16,25.30266613471697,36.45836795081653,38.29876741269807,0.0508,주의,0.03856601151250585,True,fp_v1,False
2015-10-12,42,comp4,24,37.29147774638135,,,0.107,관찰,0.04756102505111679,True,fp_v1,False
2015-10-12,43,comp1,8,7.0,7.386962434549267,24.381846992806242,0.0307,주의,0.08590201609475609,True,fp_v1,False
2015-10-12,43,comp2,42,21.841834443565503,23.671272678087668,23.671272678087668,0.3125,주의,0.6573169387847949,False,fp_v1,False
2015-10-12,43,comp3,16,24.54899697914614,39.68089227208733,,0.0508,관찰,0.03856601151250585,True,fp_v1,False
2015-10-12,43,comp4,24,37.48562035370453,,,0.107,관찰,0.04756102505111679,True,fp_v1,False
2015-10-12,44,comp1,8,15.380840245614946,19.304229600981017,27.90800286501039,0.0307,주의,0.004497364677964516,True,fp_v1,False
2015-10-12,44,comp2,42,,,,0.3125,정상,0.16537431457312338,False,fp_v1,False
2015-10-12,44,comp3,16,26.987953274119054,40.42142603666416,,0.0508,관찰,0.03856601151250585,True,fp_v1,False
2015-10-12,44,comp4,24,37.206037977216766,,,0.107,관찰,0.07307006698577968,True,fp_v1,False
2015-10-12,45,comp1,8,7.703762577421355,24.25198555213729,35.3054052882564,0.0307,주의,0.04094920190546149,True,fp_v1,False
2015-10-12,45,comp2,42,,,,0.3125,정상,0.28583829090823265,False,fp_v1,False
2015-10-12,45,comp3,16,27.21335655566708,40.44498051950351,,0.0508,관찰,0.03856601151250585,True,fp_v1,False
2015-10-12,45,comp4,24,7.0,7.0,7.0,0.107,즉시,0.4859743022283999,True,fp_v1,False
2015-10-12,46,comp1,8,21.30684323603332,21.776610407946727,22.246377579860134,0.0307,주의,0.003576935319744477,True,fp_v1,False
2015-10-12,46,comp2,42,23.098059986347042,,,0.3125,관찰,0.4136147316709938,False,fp_v1,False
2015-10-12,46,comp3,16,27.917434532896763,40.49922376865305,,0.0508,관찰,0.03856601151250585,True,fp_v1,False
2015-10-12,46,comp4,24,37.40171238397461,,,0.107,관찰,0.04756102505111679,True,fp_v1,False
2015-10-12,47,comp1,8,14.7448046982687,16.994525439965543,18.368762781131935,0.0307,주의,0.006080734016671183,True,fp_v1,False
2015-10-12,47,comp2,42,33.07969356543583,,,0.3125,관찰,0.4409477490875715,False,fp_v1,False
2015-10-12,47,comp3,16,26.067703868510684,36.548349239190834,38.54525442695072,0.0508,주의,0.03856601151250585,True,fp_v1,False
2015-10-12,47,comp4,24,37.536845843239995,,,0.107,관찰,0.04756102505111679,True,fp_v1,False
2015-10-12,48,comp1,8,35.58869792926376,37.26233740428968,38.93597687931559,0.0307,주의,0.0035364140646267916,True,fp_v1,False
2015-10-12,48,comp2,42,34.777303697034746,,,0.3125,관찰,0.5441823021590892,False,fp_v1,False
2015-10-12,48,comp3,16,25.812326430324855,40.23730815870422,,0.0508,관찰,0.03856601151250585,True,fp_v1,False
2015-10-12,48,comp4,24,37.43054791229342,,,0.107,관찰,0.04826335677205907,True,fp_v1,False
2015-10-12,49,comp1,8,7.0,7.0,7.0,0.0307,즉시,0.6341402309191801,True,fp_v1,False
2015-10-12,49,comp2,42,,,,0.3125,정상,0.25473299490970636,False,fp_v1,False
2015-10-12,49,comp3,16,14.91085955497056,18.33944376481617,38.458167677231984,0.0508,주의,0.06536096401672445,True,fp_v1,False
2015-10-12,49,comp4,24,7.0,7.0,7.0,0.107,즉시,0.8803675453409245,True,fp_v1,False
2015-10-12,50,comp1,8,28.169229048295325,30.228726196765045,32.28822334523476,0.0307,주의,0.00567711714800555,True,fp_v1,False
2015-10-12,50,comp2,42,7.0,7.0,7.0,0.3125,즉시,0.8926921960353036,False,fp_v1,False
2015-10-12,50,comp3,16,26.072604473884276,40.18638008335313,,0.0508,관찰,0.03856601151250585,True,fp_v1,False
2015-10-12,50,comp4,24,36.98434944012003,,,0.107,관찰,0.06416288505691427,True,fp_v1,False
2015-10-12,51,comp1,8,7.0,16.52649149818652,19.553972143982485,0.0307,주의,0.03743584567721348,True,fp_v1,False
2015-10-12,51,comp2,42,29.255226943242047,,,0.3125,관찰,0.42520837354675667,False,fp_v1,False
2015-10-12,51,comp3,16,27.132303584755878,40.422600415573974,,0.0508,관찰,0.03856601151250585,True,fp_v1,False
2015-10-12,51,comp4,24,35.612602948965694,,,0.107,관찰,0.04756102505111679,True,fp_v1,False
2015-10-12,52,comp1,8,7.0,7.0,7.0,0.0307,즉시,0.14533981142273952,True,fp_v1,False
2015-10-12,52,comp2,42,,,,0.3125,정상,0.19197268382419372,False,fp_v1,False
2015-10-12,52,comp3,16,27.917434532896763,40.49922376865305,,0.0508,관찰,0.03856601151250585,True,fp_v1,False
2015-10-12,52,comp4,24,7.0,,,0.107,관찰,0.1755963337263963,True,fp_v1,False
2015-10-12,53,comp1,8,35.6205118315755,37.38459667784661,39.14868152411772,0.0307,주의,0.0035364140646267916,True,fp_v1,False
2015-10-12,53,comp2,42,,,,0.3125,정상,0.19736540523611823,False,fp_v1,False
2015-10-12,53,comp3,16,26.121325919064,40.29053983084911,,0.0508,관찰,0.03856601151250585,True,fp_v1,False
2015-10-12,53,comp4,24,36.765383643798394,,,0.107,관찰,0.052052482387981276,True,fp_v1,False
2015-10-12,54,comp1,8,7.0,15.221691224863058,19.30629625161578,0.0307,주의,0.0421137718227197,True,fp_v1,False
2015-10-12,54,comp2,42,,,,0.3125,정상,0.18625546064902548,False,fp_v1,False
2015-10-12,54,comp3,16,14.266517135420047,15.376554940568438,21.8192783938329,0.0508,주의,0.1300526490259647,True,fp_v1,False
2015-10-12,54,comp4,24,37.24669737980666,,,0.107,관찰,0.04756102505111679,True,fp_v1,False
2015-10-12,55,comp1,8,7.532374410478086,16.499827935243456,19.131923965625607,0.0307,주의,0.035000204436715705,True,fp_v1,False
2015-10-12,55,comp2,42,29.215262530570953,,,0.3125,관찰,0.47193192792340194,False,fp_v1,False
2015-10-12,55,comp3,16,27.665428459911094,40.47895773672856,,0.0508,관찰,0.03856601151250585,True,fp_v1,False
2015-10-12,55,comp4,24,12.154202124128414,30.561063465608754,33.996831631572576,0.107,주의,0.1135946001727108,True,fp_v1,False
2015-10-12,56,comp1,8,14.723581616280581,15.544325129923335,19.292074759317995,0.0307,주의,0.0036340759829825223,True,fp_v1,False
2015-10-12,56,comp2,42,,,,0.3125,정상,0.26829344863786164,False,fp_v1,False
2015-10-12,56,comp3,16,27.917434532896763,29.663739961919354,31.33595145141769,0.0508,주의,0.03856601151250585,True,fp_v1,False
2015-10-12,56,comp4,24,37.536845843239995,,,0.107,관찰,0.05633829114651671,True,fp_v1,False
2015-10-12,57,comp1,8,21.176891405601403,21.46762712058003,21.758362835558657,0.0307,주의,0.0035864395053640556,True,fp_v1,False
2015-10-12,57,comp2,42,,,,0.3125,정상,0.19089782546505507,False,fp_v1,False
2015-10-12,57,comp3,16,27.917434532896763,40.49922376865305,,0.0508,관찰,0.03856601151250585,True,fp_v1,False
2015-10-12,57,comp4,24,32.35343146772904,,,0.107,관찰,0.05244316246052502,True,fp_v1,False
2015-10-12,58,comp1,8,10.557042640091275,16.411152264563057,17.373033347428837,0.0307,주의,0.02731033329475242,True,fp_v1,False
2015-10-12,58,comp2,42,37.738805795967885,,,0.3125,관찰,0.4047981909340574,False,fp_v1,False
2015-10-12,58,comp3,16,27.74598944444699,39.491778723720955,,0.0508,관찰,0.03856601151250585,True,fp_v1,False
2015-10-12,58,comp4,24,37.47187935262022,,,0.107,관찰,0.04756102505111679,True,fp_v1,False
2015-10-12,59,comp1,8,7.0,7.0,7.0,0.0307,즉시,0.16188001724819626,True,fp_v1,False
2015-10-12,59,comp2,42,20.714939754511832,34.21293689839334,34.21293689839334,0.3125,주의,0.6276769490200912,False,fp_v1,False
2015-10-12,59,comp3,16,27.917434532896763,40.49922376865305,,0.0508,관찰,0.03856601151250585,True,fp_v1,False
2015-10-12,59,comp4,24,36.2400656310516,,,0.107,관찰,0.04876622574514722,True,fp_v1,False
2015-10-12,60,comp1,8,10.125405788348875,16.52073722699925,21.652029237321834,0.0307,주의,0.025467215571177013,True,fp_v1,False
2015-10-12,60,comp2,42,,,,0.3125,정상,0.1488133833296753,False,fp_v1,False
2015-10-12,60,comp3,16,26.149730349654345,40.25609781865771,,0.0508,관찰,0.03856601151250585,True,fp_v1,False
2015-10-12,60,comp4,24,37.4665081525277,,,0.107,관찰,0.0580002410611576,True,fp_v1,False
2015-10-12,61,comp1,8,8.632535916642432,9.418459115015374,10.204382313388315,0.0307,주의,0.00599121242923737,True,fp_v1,False
2015-10-12,61,comp2,42,,,,0.3125,정상,0.18913548739194272,False,fp_v1,False
2015-10-12,61,comp3,16,27.917434532896763,40.49922376865305,,0.0508,관찰,0.03856601151250585,True,fp_v1,False
2015-10-12,61,comp4,24,37.3916533323871,,,0.107,관찰,0.05051884315283353,True,fp_v1,False
2015-10-12,62,comp1,8,9.97001340659024,12.222260710393382,14.183430078423594,0.0307,주의,0.0038467908350498085,True,fp_v1,False
2015-10-12,62,comp2,42,,,,0.3125,정상,0.18460683876406508,False,fp_v1,False
2015-10-12,62,comp3,16,27.917434532896763,40.49922376865305,,0.0508,관찰,0.03856601151250585,True,fp_v1,False
2015-10-12,62,comp4,24,32.71248486844187,,,0.107,관찰,0.04743566658304071,True,fp_v1,False
2015-10-12,63,comp1,8,35.6205118315755,37.38459667784661,39.14868152411772,0.0307,주의,0.0035364140646267916,True,fp_v1,False
2015-10-12,63,comp2,42,29.03938334335171,40.07445530553046,40.07445530553046,0.3125,주의,0.6358292967075272,False,fp_v1,False
2015-10-12,63,comp3,16,27.436448026794547,40.45738074673805,,0.0508,관찰,0.03856601151250585,True,fp_v1,False
2015-10-12,63,comp4,24,15.505945361590795,21.485294906442824,22.620052529326767,0.107,주의,0.45111975102381624,True,fp_v1,False
2015-10-12,64,comp1,8,17.460011993702963,19.194998800034366,20.929985606365765,0.0307,주의,0.0035364140646267916,True,fp_v1,False
2015-10-12,64,comp2,42,,,,0.3125,정상,0.2367850179545067,False,fp_v1,False
2015-10-12,64,comp3,16,25.01464760065535,40.236000038978474,,0.0508,관찰,0.03856601151250585,True,fp_v1,False
2015-10-12,64,comp4,24,17.10990308680636,19.107912480313097,25.016053524852612,0.107,주의,0.31532753392673984,True,fp_v1,False
2015-10-12,65,comp1,8,7.0,7.0,7.0,0.0307,즉시,0.21464287957679104,True,fp_v1,False
2015-10-12,65,comp2,42,22.032541526116624,30.878741853809053,30.878741853809053,0.3125,주의,0.6825092803464127,False,fp_v1,False
2015-10-12,65,comp3,16,25.864238899564338,40.10965115405863,,0.0508,관찰,0.03856601151250585,True,fp_v1,False
2015-10-12,65,comp4,24,33.98348490727515,,,0.107,관찰,0.04756102505111679,True,fp_v1,False
2015-10-12,66,comp1,8,29.285721511172415,33.051408202546085,36.42621663756442,0.0307,주의,0.0035364140646267916,True,fp_v1,False
2015-10-12,66,comp2,42,35.81844900196075,,,0.3125,관찰,0.4443629585362356,False,fp_v1,False
2015-10-12,66,comp3,16,26.646932378691517,40.37108712856598,,0.0508,관찰,0.03856601151250585,True,fp_v1,False
2015-10-12,66,comp4,24,37.069676911769854,,,0.107,관찰,0.04756102505111679,True,fp_v1,False
2015-10-12,67,comp1,8,31.034182820681615,36.12582962553227,38.20095490579992,0.0307,주의,0.0035364140646267916,True,fp_v1,False
2015-10-12,67,comp2,42,7.0,7.894491487855161,7.894491487855161,0.3125,주의,0.6048250299519548,False,fp_v1,False
2015-10-12,67,comp3,16,19.624696833679963,40.38970327204958,,0.0508,관찰,0.03856601151250585,True,fp_v1,False
2015-10-12,67,comp4,24,16.466843251252453,18.4011180312432,20.335392811233945,0.107,주의,0.4263930900426661,True,fp_v1,False
2015-10-12,68,comp1,8,7.0,7.0,24.428371819213904,0.0307,주의,0.07282195454165413,True,fp_v1,False
2015-10-12,68,comp2,42,,,,0.3125,정상,0.1603390683127615,False,fp_v1,False
2015-10-12,68,comp3,16,27.917434532896763,40.49922376865305,,0.0508,관찰,0.03856601151250585,True,fp_v1,False
2015-10-12,68,comp4,24,37.30992647532991,,,0.107,관찰,0.04756102505111679,True,fp_v1,False
2015-10-12,69,comp1,8,35.51630271874598,36.98412614431358,38.451949569881165,0.0307,주의,0.0035364140646267916,True,fp_v1,False
2015-10-12,69,comp2,42,,,,0.3125,정상,0.20472048594420011,False,fp_v1,False
2015-10-12,69,comp3,16,7.0,18.290599567731014,21.17631376970979,0.0508,주의,0.06390392635944597,True,fp_v1,False
2015-10-12,69,comp4,24,16.185022497592794,18.108153534261113,20.031284570929433,0.107,주의,0.3748978098393759,True,fp_v1,False
2015-10-12,70,comp1,8,8.69187152775298,9.568681734523052,10.445491941293126,0.0307,주의,0.006474818965425549,True,fp_v1,False
2015-10-12,70,comp2,42,41.416595643857654,,,0.3125,관찰,0.3204478331004318,False,fp_v1,False
2015-10-12,70,comp3,16,27.917434532896763,40.49922376865305,,0.0508,관찰,0.03856601151250585,True,fp_v1,False
2015-10-12,70,comp4,24,37.0068261147427,,,0.107,관찰,0.05755467819888736,True,fp_v1,False
2015-10-12,71,comp1,8,10.352366535005409,13.065307262071576,24.88991931652361,0.0307,주의,0.004079996677112284,True,fp_v1,False
2015-10-12,71,comp2,42,29.103651121406212,,,0.3125,관찰,0.42090010785794224,False,fp_v1,False
2015-10-12,71,comp3,16,25.410157633417388,36.74275351852443,39.86288082502415,0.0508,주의,0.03856601151250585,True,fp_v1,False
2015-10-12,71,comp4,24,37.33726413639179,,,0.107,관찰,0.04756102505111679,True,fp_v1,False
2015-10-12,72,comp1,8,21.151644558064934,21.421876312410333,21.692108066755733,0.0307,주의,0.003942050558065711,True,fp_v1,False
2015-10-12,72,comp2,42,28.7069600598163,37.63482516656339,37.63482516656339,0.3125,주의,0.6283719843891886,False,fp_v1,False
2015-10-12,72,comp3,16,25.45796844236611,40.30920104061505,,0.0508,관찰,0.03856601151250585,True,fp_v1,False
2015-10-12,72,comp4,24,37.51741575405454,,,0.107,관찰,0.048303007739785644,True,fp_v1,False
2015-10-12,73,comp1,8,7.0,7.0,7.0,0.0307,즉시,0.12047719774229362,True,fp_v1,False
2015-10-12,73,comp2,42,7.542651225477791,,,0.3125,관찰,0.5884515598907925,False,fp_v1,False
2015-10-12,73,comp3,16,27.497035253628795,28.953869730769192,29.941856882881165,0.0508,주의,0.03857967299981238,True,fp_v1,False
2015-10-12,73,comp4,24,19.601907207567088,32.501712196471956,,0.107,관찰,0.13007144456443812,True,fp_v1,False
2015-10-12,74,comp1,8,35.4749821827414,37.16505217959649,38.855122176451594,0.0307,주의,0.0035364140646267916,True,fp_v1,False
2015-10-12,74,comp2,42,,,,0.3125,정상,0.3091471884103115,False,fp_v1,False
2015-10-12,74,comp3,16,27.13631752677302,40.42311452561147,,0.0508,관찰,0.03856601151250585,True,fp_v1,False
2015-10-12,74,comp4,24,37.3086169198706,,,0.107,관찰,0.05013985515132433,True,fp_v1,False
2015-10-12,75,comp1,8,7.497077593474595,8.146131582375515,9.061471143185567,0.0307,주의,0.05649454488411768,True,fp_v1,False
2015-10-12,75,comp2,42,22.97516409800623,41.22899988580256,41.22899988580256,0.3125,주의,0.6163600030548854,False,fp_v1,False
2015-10-12,75,comp3,16,27.917434532896763,40.49922376865305,,0.0508,관찰,0.03856601151250585,True,fp_v1,False
2015-10-12,75,comp4,24,22.582057735745963,34.438271638367205,,0.107,관찰,0.15993548628805168,True,fp_v1,False
2015-10-12,76,comp1,8,30.259808689477715,35.47619056107703,36.78530933985499,0.0307,주의,0.0035364140646267916,True,fp_v1,False
2015-10-12,76,comp2,42,40.401743721457294,,,0.3125,관찰,0.31885917376120965,False,fp_v1,False
2015-10-12,76,comp3,16,27.917434532896763,39.51002368553789,,0.0508,관찰,0.03856601151250585,True,fp_v1,False
2015-10-12,76,comp4,24,34.74179439906605,,,0.107,관찰,0.04756102505111679,True,fp_v1,False
2015-10-12,77,comp1,8,9.362903424142536,11.034809797637022,12.70671617113151,0.0307,주의,0.005673566465189424,True,fp_v1,False
2015-10-12,77,comp2,42,,,,0.3125,정상,0.1499175588366823,False,fp_v1,False
2015-10-12,77,comp3,16,25.898956734306438,40.235035931171026,,0.0508,관찰,0.03856601151250585,True,fp_v1,False
2015-10-12,77,comp4,24,21.30222613265542,26.793870478410263,,0.107,관찰,0.18249442121807935,True,fp_v1,False
2015-10-12,78,comp1,8,35.58449948359471,37.24620298253479,38.90790648147487,0.0307,주의,0.0035364140646267916,True,fp_v1,False
2015-10-12,78,comp2,42,22.5557253106448,,,0.3125,관찰,0.4559362147336883,False,fp_v1,False
2015-10-12,78,comp3,16,26.465466812651346,40.30587348076304,,0.0508,관찰,0.03856601151250585,True,fp_v1,False
2015-10-12,78,comp4,24,7.0,7.97312228365582,,0.107,관찰,0.21678630255284823,True,fp_v1,False
2015-10-12,79,comp1,8,7.0,7.0,7.0,0.0307,즉시,0.12000804799166002,True,fp_v1,False
2015-10-12,79,comp2,42,,,,0.3125,정상,0.2516221099395797,False,fp_v1,False
2015-10-12,79,comp3,16,26.01087168158685,40.17378695571454,,0.0508,관찰,0.03856601151250585,True,fp_v1,False
2015-10-12,79,comp4,24,34.70809748504883,,,0.107,관찰,0.04756102505111679,True,fp_v1,False
2015-10-12,80,comp1,8,7.0,8.82192152677821,9.820015740569056,0.0307,주의,0.03611609255252442,True,fp_v1,False
2015-10-12,80,comp2,42,,,,0.3125,정상,0.23606756302057463,False,fp_v1,False
2015-10-12,80,comp3,16,27.917434532896763,40.49922376865305,,0.0508,관찰,0.03856601151250585,True,fp_v1,False
2015-10-12,80,comp4,24,37.536845843239995,,,0.107,관찰,0.04756102505111679,True,fp_v1,False
2015-10-12,81,comp1,8,16.97259451572508,18.283166156989573,19.593737798254065,0.0307,주의,0.005331526092290559,True,fp_v1,False
2015-10-12,81,comp2,42,22.133681875179477,,,0.3125,관찰,0.5481273520893365,False,fp_v1,False
2015-10-12,81,comp3,16,26.17517892312122,40.417979257145255,,0.0508,관찰,0.03856601151250585,True,fp_v1,False
2015-10-12,81,comp4,24,37.40716034133868,,,0.107,관찰,0.052545188904555985,True,fp_v1,False
2015-10-12,82,comp1,8,35.55242325293295,37.12293559393451,38.69344793493606,0.0307,주의,0.0035364140646267916,True,fp_v1,False
2015-10-12,82,comp2,42,,,,0.3125,정상,0.18854026730973178,False,fp_v1,False
2015-10-12,82,comp3,16,27.917434532896763,40.49922376865305,,0.0508,관찰,0.03856601151250585,True,fp_v1,False
2015-10-12,82,comp4,24,33.4141574598101,,,0.107,관찰,0.05386851563550767,True,fp_v1,False
2015-10-12,83,comp1,8,7.0,7.0,7.0,0.0307,즉시,0.6860896209357197,True,fp_v1,False
2015-10-12,83,comp2,42,7.0,,,0.3125,관찰,0.4945198627061044,False,fp_v1,False
2015-10-12,83,comp3,16,27.917434532896763,40.49922376865305,,0.0508,관찰,0.03856601151250585,True,fp_v1,False
2015-10-12,83,comp4,24,17.763828964289765,24.451893210343652,26.907413194952397,0.107,주의,0.19430862146924255,True,fp_v1,False
2015-10-12,84,comp1,8,35.585638149498834,37.26007636527085,38.93451458104287,0.0307,주의,0.0035364140646267916,True,fp_v1,False
2015-10-12,84,comp2,42,,,,0.3125,정상,0.25928558856123624,False,fp_v1,False
2015-10-12,84,comp3,16,25.18715040710678,40.293648776606496,,0.0508,관찰,0.03856601151250585,True,fp_v1,False
2015-10-12,84,comp4,24,36.622087814715584,,,0.107,관찰,0.05405296255541385,True,fp_v1,False
2015-10-12,85,comp1,8,14.62286925025112,16.13691397777693,19.863279911392436,0.0307,주의,0.01732341216395727,True,fp_v1,False
2015-10-12,85,comp2,42,7.0,7.0,7.0,0.3125,즉시,0.9059390613633787,False,fp_v1,False
2015-10-12,85,comp3,16,17.00998323172994,28.242848561357054,33.059952167406045,0.0508,주의,0.03856601151250585,True,fp_v1,False
2015-10-12,85,comp4,24,17.07053348047859,29.148416767269055,,0.107,관찰,0.19358718383710236,True,fp_v1,False
2015-10-12,86,comp1,8,9.380130748868588,10.996667671464117,12.613204594059646,0.0307,주의,0.004489300337146407,True,fp_v1,False
2015-10-12,86,comp2,42,22.252808674918032,,,0.3125,관찰,0.5122340662906633,False,fp_v1,False
2015-10-12,86,comp3,16,24.954529015336984,40.006131599833985,,0.0508,관찰,0.03856601151250585,True,fp_v1,False
2015-10-12,86,comp4,24,37.536845843239995,,,0.107,관찰,0.04756102505111679,True,fp_v1,False
2015-10-12,87,comp1,8,8.420042174778263,8.929053073799912,9.438063972821562,0.0307,주의,0.005365568665644496,True,fp_v1,False
2015-10-12,87,comp2,42,,,,0.3125,정상,0.16934809080277394,False,fp_v1,False
2015-10-12,87,comp3,16,11.741145940440209,20.180936571340066,22.595440181469222,0.0508,주의,0.07089781295260228,True,fp_v1,False
2015-10-12,87,comp4,24,30.869237310075142,,,0.107,관찰,0.06714466486595076,True,fp_v1,False
2015-10-12,88,comp1,8,30.34088505693213,35.6705826678213,37.906529717034765,0.0307,주의,0.0035364140646267916,True,fp_v1,False
2015-10-12,88,comp2,42,7.0,,,0.3125,관찰,0.581465321517503,False,fp_v1,False
2015-10-12,88,comp3,16,27.917434532896763,40.49922376865305,,0.0508,관찰,0.03856601151250585,True,fp_v1,False
2015-10-12,88,comp4,24,17.09850951404102,21.426181979756684,30.942566067744355,0.107,주의,0.2874647568623844,True,fp_v1,False
2015-10-12,89,comp1,8,7.695547240118664,12.622931689620241,16.410810090527804,0.0307,주의,0.03443933330039375,True,fp_v1,False
2015-10-12,89,comp2,42,40.33905857784144,,,0.3125,관찰,0.34558697485728845,False,fp_v1,False
2015-10-12,89,comp3,16,24.357065474728852,40.36575640783107,,0.0508,관찰,0.03856601151250585,True,fp_v1,False
2015-10-12,89,comp4,24,13.227980957068599,21.884373585547152,23.034398803511777,0.107,주의,0.4108409238426088,True,fp_v1,False
2015-10-12,90,comp1,8,35.57716497737876,37.26759517953061,38.95802538168247,0.0307,주의,0.0039509056044547824,True,fp_v1,False
2015-10-12,90,comp2,42,22.085207597609028,39.08148623489057,39.08148623489057,0.3125,주의,0.6361921327392581,False,fp_v1,False
2015-10-12,90,comp3,16,7.0,7.501711513566413,14.36312287877572,0.0508,주의,0.2119189186390607,True,fp_v1,False
2015-10-12,90,comp4,24,37.47187935262022,,,0.107,관찰,0.047994212128624585,True,fp_v1,False
2015-10-12,91,comp1,8,17.3528652046312,19.020218572592754,20.6875719405543,0.0307,주의,0.0035364140646267916,True,fp_v1,False
2015-10-12,91,comp2,42,31.43832947698529,,,0.3125,관찰,0.44335688665747275,False,fp_v1,False
2015-10-12,91,comp3,16,27.917434532896763,40.49922376865305,,0.0508,관찰,0.03856601151250585,True,fp_v1,False
2015-10-12,91,comp4,24,36.81298196014692,,,0.107,관찰,0.047939803439990734,True,fp_v1,False
2015-10-12,92,comp1,8,16.40248790055314,17.021590709761618,17.640693518970096,0.0307,주의,0.005118292500051339,True,fp_v1,False
2015-10-12,92,comp2,42,,,,0.3125,정상,0.13965060300554638,False,fp_v1,False
2015-10-12,92,comp3,16,7.0,7.0,7.0,0.0508,즉시,0.2471191273165396,True,fp_v1,False
2015-10-12,92,comp4,24,37.42612339463533,,,0.107,관찰,0.05051884315283353,True,fp_v1,False
2015-10-12,93,comp1,8,7.0,7.0,7.44362560939504,0.0307,주의,0.1268210642533395,True,fp_v1,False
2015-10-12,93,comp2,42,,,,0.3125,정상,0.2391231506619281,False,fp_v1,False
2015-10-12,93,comp3,16,26.359931946051862,40.27912372634476,,0.0508,관찰,0.03856601151250585,True,fp_v1,False
2015-10-12,93,comp4,24,16.554933328443468,20.987986494360705,25.353946059344445,0.107,주의,0.2333565671253634,True,fp_v1,False
2015-10-12,94,comp1,8,15.690167175925925,19.224079911236565,24.88651819661551,0.0307,주의,0.006681072033267895,True,fp_v1,False
2015-10-12,94,comp2,42,,,,0.3125,정상,0.22910659119671212,False,fp_v1,False
2015-10-12,94,comp3,16,8.80381188652262,11.689364384285621,14.262958205344326,0.0508,주의,0.2191267283181653,True,fp_v1,False
2015-10-12,94,comp4,24,35.74703624685642,,,0.107,관찰,0.04762542457250797,True,fp_v1,False
2015-10-12,95,comp1,8,35.460628910699754,36.77017441776385,38.07971992482794,0.0307,주의,0.0035364140646267916,True,fp_v1,False
2015-10-12,95,comp2,42,22.169034063650162,41.95621105036652,41.95621105036652,0.3125,주의,0.6006606588951141,False,fp_v1,False
2015-10-12,95,comp3,16,25.394863050608166,38.17400406353194,,0.0508,관찰,0.03856601151250585,True,fp_v1,False
2015-10-12,95,comp4,24,7.0,7.0,16.194796720186915,0.107,주의,0.5205109186250197,True,fp_v1,False
2015-10-12,96,comp1,8,7.0,7.0,7.0,0.0307,즉시,0.11205274993439915,True,fp_v1,False
2015-10-12,96,comp2,42,,,,0.3125,정상,0.18715784104853972,False,fp_v1,False
2015-10-12,96,comp3,16,16.422995078864954,18.18475995822927,19.946524837593593,0.0508,주의,0.03857967299981238,True,fp_v1,False
2015-10-12,96,comp4,24,36.99734684210619,,,0.107,관찰,0.04756102505111679,True,fp_v1,False
2015-10-12,97,comp1,8,35.50594564119686,36.94432440088327,38.38270316056967,0.0307,주의,0.0035364140646267916,True,fp_v1,False
2015-10-12,97,comp2,42,40.666434526095934,,,0.3125,관찰,0.32495173157754886,False,fp_v1,False
2015-10-12,97,comp3,16,10.461382924503951,13.750981604006068,14.933552428407484,0.0508,주의,0.20591388168096803,True,fp_v1,False
2015-10-12,97,comp4,24,10.633724248809596,13.744267510171923,17.301141925216086,0.107,주의,0.6386837742036897,True,fp_v1,False
2015-10-12,98,comp1,8,29.562490312963213,34.004573998209494,36.50769765139479,0.0307,주의,0.0035364140646267916,True,fp_v1,False
2015-10-12,98,comp2,42,40.512052028565726,,,0.3125,관찰,0.33037290777394673,False,fp_v1,False
2015-10-12,98,comp3,16,7.0,7.0,7.0,0.0508,즉시,0.7588381843272848,True,fp_v1,False
2015-10-12,98,comp4,24,30.672907962068244,,,0.107,관찰,0.04762542457250797,True,fp_v1,False
2015-10-12,99,comp1,8,16.869969060405776,18.103350058279187,19.336731056152598,0.0307,주의,0.0035364140646267916,True,fp_v1,False
2015-10-12,99,comp2,42,,,,0.3125,정상,0.3117621014205917,False,fp_v1,False
2015-10-12,99,comp3,16,27.497035253628795,31.673084744251607,35.94446772469698,0.0508,주의,0.03857967299981238,True,fp_v1,False
2015-10-12,99,comp4,24,21.201173911037554,29.41373612241902,31.23339138241939,0.107,주의,0.12044704900875497,True,fp_v1,False
2015-10-12,100,comp1,8,35.55242325293295,37.12293559393451,38.69344793493606,0.0307,주의,0.0035364140646267916,True,fp_v1,False
2015-10-12,100,comp2,42,,,,0.3125,정상,0.16607518794813816,False,fp_v1,False
2015-10-12,100,comp3,16,27.917434532896763,40.49922376865305,,0.0508,관찰,0.03856601151250585,True,fp_v1,False
2015-10-12,100,comp4,24,34.85191416468178,,,0.107,관찰,0.05407923440948575,True,fp_v1,False
2015-10-19,1,comp1,8,29.19798866761846,33.65065192740457,36.938551418813525,0.0307,주의,0.0035364140646267916,True,fp_v1,False
2015-10-19,1,comp2,42,,,,0.3125,정상,0.14991143181037858,False,fp_v1,False
2015-10-19,1,comp3,16,11.179831820915595,26.4603608192647,41.28012594669435,0.0508,주의,0.0813822139237728,True,fp_v1,False
2015-10-19,1,comp4,24,36.87359829909009,,,0.107,관찰,0.056056436710373476,True,fp_v1,False
2015-10-19,2,comp1,8,11.170622649201004,18.36573562998734,24.93528919105424,0.0307,주의,0.008039376379993675,True,fp_v1,False
2015-10-19,2,comp2,42,26.602510624087742,,,0.3125,관찰,0.597292774972989,False,fp_v1,False
2015-10-19,2,comp3,16,12.336583610670194,27.065433083690962,39.05346135522915,0.0508,주의,0.062142410626252344,True,fp_v1,False
2015-10-19,2,comp4,24,37.536845843239995,,,0.107,관찰,0.04756102505111679,True,fp_v1,False
2015-10-19,3,comp1,8,14.221815304558561,14.485560510673215,14.749305716787868,0.0307,주의,0.004880280045027636,True,fp_v1,False
2015-10-19,3,comp2,42,,,,0.3125,정상,0.24128278970417127,False,fp_v1,False
2015-10-19,3,comp3,16,26.89382731993372,40.38877575894148,,0.0508,관찰,0.03856601151250585,True,fp_v1,False
2015-10-19,3,comp4,24,36.46242686891489,,,0.107,관찰,0.058859457255372866,True,fp_v1,False
2015-10-19,4,comp1,8,11.457464359944503,14.237248548468978,14.8469502572767,0.0307,주의,0.005197074961013574,True,fp_v1,False
2015-10-19,4,comp2,42,,,,0.3125,정상,0.14607958952962244,False,fp_v1,False
2015-10-19,4,comp3,16,26.398684859640053,40.28931849744885,,0.0508,관찰,0.03856601151250585,True,fp_v1,False
2015-10-19,4,comp4,24,36.81780820772334,,,0.107,관찰,0.05397316266841272,True,fp_v1,False
2015-10-19,5,comp1,8,29.812851592429794,35.449918994962516,37.70730921212276,0.0307,주의,0.004471420369057719,True,fp_v1,False
2015-10-19,5,comp2,42,,,,0.3125,정상,0.16481947131505026,False,fp_v1,False
2015-10-19,5,comp3,16,24.028193421763987,39.764921588168384,,0.0508,관찰,0.03856601151250585,True,fp_v1,False
2015-10-19,5,comp4,24,37.44234739944095,,,0.107,관찰,0.047994212128624585,True,fp_v1,False
2015-10-19,6,comp1,8,7.0,8.752684312288821,10.160056258214205,0.0307,주의,0.044977757151138706,True,fp_v1,False
2015-10-19,6,comp2,42,,,,0.3125,정상,0.16454349389109746,False,fp_v1,False
2015-10-19,6,comp3,16,27.578005086112583,40.47384467827768,,0.0508,관찰,0.03856601151250585,True,fp_v1,False
2015-10-19,6,comp4,24,37.34294333002245,,,0.107,관찰,0.050608548920677926,True,fp_v1,False
2015-10-19,7,comp1,8,16.643247074811907,17.419229224393426,18.19521137397495,0.0307,주의,0.0035364140646267916,True,fp_v1,False
2015-10-19,7,comp2,42,21.926941782103818,,,0.3125,관찰,0.584649415522243,False,fp_v1,False
2015-10-19,7,comp3,16,27.917434532896763,40.49922376865305,,0.0508,관찰,0.03856601151250585,True,fp_v1,False
2015-10-19,7,comp4,24,19.234586929064108,30.18220007827052,33.597441680371816,0.107,주의,0.1456313644600478,True,fp_v1,False
2015-10-19,8,comp1,8,30.116550352282516,35.41331107744789,37.312967523880886,0.0307,주의,0.0035364140646267916,True,fp_v1,False
2015-10-19,8,comp2,42,,,,0.3125,정상,0.3050449064801692,False,fp_v1,False
2015-10-19,8,comp3,16,25.419087476025013,39.810213064607765,,0.0508,관찰,0.03856601151250585,True,fp_v1,False
2015-10-19,8,comp4,24,37.57519413191121,,,0.107,관찰,0.04826335677205907,True,fp_v1,False
2015-10-19,9,comp1,8,9.420616255999217,11.03665933896525,12.65270242193128,0.0307,주의,0.003712245774956445,True,fp_v1,False
2015-10-19,9,comp2,42,,,,0.3125,정상,0.24898661660261565,False,fp_v1,False
2015-10-19,9,comp3,16,19.491542245520886,35.00047863114744,39.01086427888211,0.0508,주의,0.03986336091645064,True,fp_v1,False
2015-10-19,9,comp4,24,37.48745454883815,,,0.107,관찰,0.04756102505111679,True,fp_v1,False
2015-10-19,10,comp1,8,35.6205118315755,37.38459667784661,39.14868152411772,0.0307,주의,0.0035364140646267916,True,fp_v1,False
2015-10-19,10,comp2,42,,,,0.3125,정상,0.1463109185865419,False,fp_v1,False
2015-10-19,10,comp3,16,27.477616571413908,40.46151648094062,,0.0508,관찰,0.03856601151250585,True,fp_v1,False
2015-10-19,10,comp4,24,35.64343793602442,,,0.107,관찰,0.05394973539764261,True,fp_v1,False
2015-10-19,11,comp1,8,14.266515691178792,25.136312361158986,35.06746973501931,0.0307,주의,0.005114671306648774,True,fp_v1,False
2015-10-19,11,comp2,42,,,,0.3125,정상,0.25319821548191485,False,fp_v1,False
2015-10-19,11,comp3,16,27.61189262967985,39.92044781989165,,0.0508,관찰,0.03856601151250585,True,fp_v1,False
2015-10-19,11,comp4,24,37.536845843239995,,,0.107,관찰,0.04756102505111679,True,fp_v1,False
2015-10-19,12,comp1,8,14.346554544355568,14.755509510566649,15.164464476777729,0.0307,주의,0.004684006778182553,True,fp_v1,False
2015-10-19,12,comp2,42,,,,0.3125,정상,0.16360017698513327,False,fp_v1,False
2015-10-19,12,comp3,16,17.32235374660519,37.187137891378356,,0.0508,관찰,0.040649571674075374,True,fp_v1,False
2015-10-19,12,comp4,24,16.16899017056948,,,0.107,관찰,0.18681451530390808,True,fp_v1,False
2015-10-19,13,comp1,8,7.0,7.0,15.150093438790828,0.0307,주의,0.08080061316856234,True,fp_v1,False
2015-10-19,13,comp2,42,7.018574333380153,,,0.3125,관찰,0.3736083480926529,False,fp_v1,False
2015-10-19,13,comp3,16,27.497035253628795,32.41233147423212,,0.0508,관찰,0.03857967299981238,True,fp_v1,False
2015-10-19,13,comp4,24,29.266449147439186,31.54626737937421,33.82608561130923,0.107,주의,0.04756102505111679,True,fp_v1,False
2015-10-19,14,comp1,8,35.525472247306745,37.178309771835494,38.83114729636425,0.0307,주의,0.0046871665068410106,True,fp_v1,False
2015-10-19,14,comp2,42,28.744576305806802,39.07698753643033,39.07698753643033,0.3125,주의,0.6150759429705344,False,fp_v1,False
2015-10-19,14,comp3,16,27.26763177920343,40.439068529917414,,0.0508,관찰,0.03856601151250585,True,fp_v1,False
2015-10-19,14,comp4,24,37.46854419860638,,,0.107,관찰,0.04971797753316018,True,fp_v1,False
2015-10-19,15,comp1,8,8.406637260445672,8.888963182029398,9.371289103613123,0.0307,주의,0.004817211293904557,True,fp_v1,False
2015-10-19,15,comp2,42,31.632758253124774,41.11705488166864,41.11705488166864,0.3125,주의,0.6279039688536079,False,fp_v1,False
2015-10-19,15,comp3,16,25.804039508937038,40.077226654233066,,0.0508,관찰,0.03856601151250585,True,fp_v1,False
2015-10-19,15,comp4,24,28.864508583659937,34.112761155397955,,0.107,관찰,0.05082163798328097,True,fp_v1,False
2015-10-19,16,comp1,8,12.890913737159195,17.32767623776338,19.87687893584932,0.0307,주의,0.004264065806771323,True,fp_v1,False
2015-10-19,16,comp2,42,29.648805825256538,41.52400146943009,41.52400146943009,0.3125,주의,0.6134980818991838,False,fp_v1,False
2015-10-19,16,comp3,16,27.917434532896763,39.51002368553789,,0.0508,관찰,0.03856601151250585,True,fp_v1,False
2015-10-19,16,comp4,24,37.47443615051723,,,0.107,관찰,0.05051884315283353,True,fp_v1,False
2015-10-19,17,comp1,8,7.0,11.229924172956133,15.378583959427981,0.0307,주의,0.04972814627812095,True,fp_v1,False
2015-10-19,17,comp2,42,,,,0.3125,정상,0.2383979658622466,False,fp_v1,False
2015-10-19,17,comp3,16,7.0,14.550089658914962,15.465987707916122,0.0508,주의,0.1819085778210732,True,fp_v1,False
2015-10-19,17,comp4,24,12.224800055262984,18.820095649284053,24.107549796998804,0.107,주의,0.3157836712255693,True,fp_v1,False
2015-10-19,18,comp1,8,35.58869792926376,37.26233740428968,38.93597687931559,0.0307,주의,0.0035364140646267916,True,fp_v1,False
2015-10-19,18,comp2,42,31.213506265783092,,,0.3125,관찰,0.43391387310048635,False,fp_v1,False
2015-10-19,18,comp3,16,27.439317650147665,40.4576729634401,,0.0508,관찰,0.03856601151250585,True,fp_v1,False
2015-10-19,18,comp4,24,9.895372469918204,11.970930395608393,16.123090846223025,0.107,주의,0.5591773273968464,True,fp_v1,False
2015-10-19,19,comp1,8,7.0,7.0,7.0,0.0307,즉시,0.2756887440171344,True,fp_v1,False
2015-10-19,19,comp2,42,,,,0.3125,정상,0.1672176084814524,False,fp_v1,False
2015-10-19,19,comp3,16,27.917434532896763,40.49922376865305,,0.0508,관찰,0.03856601151250585,True,fp_v1,False
2015-10-19,19,comp4,24,7.0,7.0,20.100971183287463,0.107,주의,0.6123549974253159,True,fp_v1,False
2015-10-19,20,comp1,8,35.62313121039337,37.39466282277611,39.16619443515886,0.0307,주의,0.0035364140646267916,True,fp_v1,False
2015-10-19,20,comp2,42,,,,0.3125,정상,0.2822713950715468,False,fp_v1,False
2015-10-19,20,comp3,16,10.196025088245518,13.60278479635651,14.4330542631199,0.0508,주의,0.31459011772273704,True,fp_v1,False
2015-10-19,20,comp4,24,10.142607278728402,12.563879294295894,16.852767546479203,0.107,주의,0.5533654726460775,True,fp_v1,False
2015-10-19,21,comp1,8,14.20448995458085,15.462164170580841,16.329569722496178,0.0307,주의,0.025706424723144373,True,fp_v1,False
2015-10-19,21,comp2,42,32.98226698686899,,,0.3125,관찰,0.35035541157789346,False,fp_v1,False
2015-10-19,21,comp3,16,27.497035253628795,29.003869273352013,30.043644320697293,0.0508,주의,0.03857967299981238,True,fp_v1,False
2015-10-19,21,comp4,24,29.607971361745456,33.625973092399235,,0.107,관찰,0.06417947695389158,True,fp_v1,False
2015-10-19,22,comp1,8,7.0,7.414587239281886,8.64916349630397,0.0307,주의,0.07357384017657831,True,fp_v1,False
2015-10-19,22,comp2,42,,,,0.3125,정상,0.29266193934364143,False,fp_v1,False
2015-10-19,22,comp3,16,10.829701480806708,18.495253003305102,21.468707328168204,0.0508,주의,0.05722195514846521,True,fp_v1,False
2015-10-19,22,comp4,24,16.117582425661844,17.879671196501,19.641759967340157,0.107,주의,0.5105478129674562,True,fp_v1,False
2015-10-19,23,comp1,8,28.914889989551583,31.514050736150494,34.113211482749406,0.0307,주의,0.0035364140646267916,True,fp_v1,False
2015-10-19,23,comp2,42,33.479622106173956,,,0.3125,관찰,0.34023272465068605,False,fp_v1,False
2015-10-19,23,comp3,16,27.917434532896763,35.3945612100731,38.03692808876506,0.0508,주의,0.03856601151250585,True,fp_v1,False
2015-10-19,23,comp4,24,37.51892333596837,,,0.107,관찰,0.05115799849496993,True,fp_v1,False
2015-10-19,24,comp1,8,24.720066174949217,25.704896735499943,26.689727296050666,0.0307,주의,0.0035364140646267916,True,fp_v1,False
2015-10-19,24,comp2,42,33.48813384063547,,,0.3125,관찰,0.5121953378517173,False,fp_v1,False
2015-10-19,24,comp3,16,27.917434532896763,39.51002368553789,,0.0508,관찰,0.03856601151250585,True,fp_v1,False
2015-10-19,24,comp4,24,10.742697612576418,13.883108450819536,22.772218920679187,0.107,주의,0.3522307674479352,True,fp_v1,False
2015-10-19,25,comp1,8,24.65932002978041,25.56106842055401,26.462816811327617,0.0307,주의,0.0035364140646267916,True,fp_v1,False
2015-10-19,25,comp2,42,30.42855535340939,,,0.3125,관찰,0.555638641566217,False,fp_v1,False
2015-10-19,25,comp3,16,26.755997029775703,40.36575640783107,,0.0508,관찰,0.03856601151250585,True,fp_v1,False
2015-10-19,25,comp4,24,7.0,7.0,7.0,0.107,즉시,0.6090621145307866,True,fp_v1,False
2015-10-19,26,comp1,8,14.700349517589121,16.681168057665587,20.763985433483466,0.0307,주의,0.004130619406551989,True,fp_v1,False
2015-10-19,26,comp2,42,,,,0.3125,정상,0.1291813323581222,False,fp_v1,False
2015-10-19,26,comp3,16,27.917434532896763,40.49922376865305,,0.0508,관찰,0.03856601151250585,True,fp_v1,False
2015-10-19,26,comp4,24,37.25156990916134,,,0.107,관찰,0.05051884315283353,True,fp_v1,False
2015-10-19,27,comp1,8,7.0,7.0,7.0,0.0307,즉시,0.13427047399474043,True,fp_v1,False
2015-10-19,27,comp2,42,30.870602614962483,,,0.3125,관찰,0.44811377837683675,False,fp_v1,False
2015-10-19,27,comp3,16,26.425525689883717,40.29612073565127,,0.0508,관찰,0.03856601151250585,True,fp_v1,False
2015-10-19,27,comp4,24,33.253655015523435,,,0.107,관찰,0.05674490609222896,True,fp_v1,False
2015-10-19,28,comp1,8,35.517996287145046,37.109961411249735,38.70192653535442,0.0307,주의,0.004214421546494683,True,fp_v1,False
2015-10-19,28,comp2,42,,,,0.3125,정상,0.29192774302980573,False,fp_v1,False
2015-10-19,28,comp3,16,18.872599695940377,38.78346017573543,,0.0508,관찰,0.03856601151250585,True,fp_v1,False
2015-10-19,28,comp4,24,37.47187935262022,,,0.107,관찰,0.047994212128624585,True,fp_v1,False
2015-10-19,29,comp1,8,9.731941532718112,11.812835620577015,13.893729708435915,0.0307,주의,0.0051478025660950675,True,fp_v1,False
2015-10-19,29,comp2,42,,,,0.3125,정상,0.2547800766287374,False,fp_v1,False
2015-10-19,29,comp3,16,27.917434532896763,40.49922376865305,,0.0508,관찰,0.03856601151250585,True,fp_v1,False
2015-10-19,29,comp4,24,37.536845843239995,,,0.107,관찰,0.04756102505111679,True,fp_v1,False
2015-10-19,30,comp1,8,7.0,7.0,7.0,0.0307,즉시,0.11231831470891833,True,fp_v1,False
2015-10-19,30,comp2,42,,,,0.3125,정상,0.1632391275628403,False,fp_v1,False
2015-10-19,30,comp3,16,27.917434532896763,40.49922376865305,,0.0508,관찰,0.03856601151250585,True,fp_v1,False
2015-10-19,30,comp4,24,30.679970908965153,,,0.107,관찰,0.04856405433526124,True,fp_v1,False
2015-10-19,31,comp1,8,9.758883961413321,14.819548875385578,16.174902807401217,0.0307,주의,0.024431901473324944,True,fp_v1,False
2015-10-19,31,comp2,42,7.0,7.0,7.0,0.3125,즉시,0.9078542869223085,False,fp_v1,False
2015-10-19,31,comp3,16,7.0,16.219122844421978,17.805726080092608,0.0508,주의,0.09452681678370509,True,fp_v1,False
2015-10-19,31,comp4,24,36.56443376786655,,,0.107,관찰,0.05083739030677167,True,fp_v1,False
2015-10-19,32,comp1,8,16.841883909531717,21.59370535617429,25.375116497936826,0.0307,주의,0.02553135347368292,True,fp_v1,False
2015-10-19,32,comp2,42,21.330790872884823,,,0.3125,관찰,0.5225022023335194,False,fp_v1,False
2015-10-19,32,comp3,16,26.39686297025199,40.288849262856886,,0.0508,관찰,0.03856601151250585,True,fp_v1,False
2015-10-19,32,comp4,24,32.0334236797332,,,0.107,관찰,0.04756102505111679,True,fp_v1,False
2015-10-19,33,comp1,8,8.793186504808322,9.76350238057018,10.73381825633204,0.0307,주의,0.005603803766721447,True,fp_v1,False
2015-10-19,33,comp2,42,38.76313676229513,,,0.3125,관찰,0.4405772830566128,False,fp_v1,False
2015-10-19,33,comp3,16,26.89382731993372,40.38877575894148,,0.0508,관찰,0.03856601151250585,True,fp_v1,False
2015-10-19,33,comp4,24,11.948224903443249,30.509773383337983,,0.107,관찰,0.18231864495317218,True,fp_v1,False
2015-10-19,34,comp1,8,24.256705336375745,24.677710864618096,25.098716392860442,0.0307,주의,0.005451668904810815,True,fp_v1,False
2015-10-19,34,comp2,42,,,,0.3125,정상,0.18232373830232018,False,fp_v1,False
2015-10-19,34,comp3,16,27.56223766858473,40.46965197822703,,0.0508,관찰,0.03856601151250585,True,fp_v1,False
2015-10-19,34,comp4,24,33.49753099513441,,,0.107,관찰,0.05418619784601102,True,fp_v1,False
2015-10-19,35,comp1,8,15.179556135201405,16.554949295409628,17.99796667525914,0.0307,주의,0.0035364140646267916,True,fp_v1,False
2015-10-19,35,comp2,42,,,,0.3125,정상,0.26733370792789,False,fp_v1,False
2015-10-19,35,comp3,16,7.0,12.587230390316773,21.039830329217832,0.0508,주의,0.12017507638712568,True,fp_v1,False
2015-10-19,35,comp4,24,32.260438584529496,,,0.107,관찰,0.04793765473480356,True,fp_v1,False
2015-10-19,36,comp1,8,7.572780614200959,16.566864003137297,18.096871290458225,0.0307,주의,0.03981722429752961,True,fp_v1,False
2015-10-19,36,comp2,42,,,,0.3125,정상,0.2675060013199739,False,fp_v1,False
2015-10-19,36,comp3,16,27.7639994193378,40.48727352386993,,0.0508,관찰,0.03856601151250585,True,fp_v1,False
2015-10-19,36,comp4,24,37.48991848312843,,,0.107,관찰,0.04756102505111679,True,fp_v1,False
2015-10-19,37,comp1,8,8.983782616598395,14.078703624792631,14.945877837884,0.0307,주의,0.025223641383376405,True,fp_v1,False
2015-10-19,37,comp2,42,,,,0.3125,정상,0.27534260279830935,False,fp_v1,False
2015-10-19,37,comp3,16,9.94971496624056,12.671864975954602,14.17725920972462,0.0508,주의,0.41965269792226656,True,fp_v1,False
2015-10-19,37,comp4,24,35.220242817143514,,,0.107,관찰,0.04756102505111679,True,fp_v1,False
2015-10-19,38,comp1,8,11.2152141581669,14.425808911802905,24.121477194402456,0.0307,주의,0.004269990648951563,True,fp_v1,False
2015-10-19,38,comp2,42,,,,0.3125,정상,0.19042485127809067,False,fp_v1,False
2015-10-19,38,comp3,16,27.917434532896763,40.49922376865305,,0.0508,관찰,0.03856601151250585,True,fp_v1,False
2015-10-19,38,comp4,24,36.15954894608462,,,0.107,관찰,0.05256066282339725,True,fp_v1,False
2015-10-19,39,comp1,8,35.352072573505865,36.99427877190043,38.636484970294994,0.0307,주의,0.00363081518287633,True,fp_v1,False
2015-10-19,39,comp2,42,,,,0.3125,정상,0.18290515524126133,False,fp_v1,False
2015-10-19,39,comp3,16,24.02406406749164,27.67661847770599,,0.0508,관찰,0.03856601151250585,True,fp_v1,False
2015-10-19,39,comp4,24,37.474725459731864,,,0.107,관찰,0.05051884315283353,True,fp_v1,False
2015-10-19,40,comp1,8,9.578599657350775,11.41652774155861,13.254455825766446,0.0307,주의,0.004331387981689258,True,fp_v1,False
2015-10-19,40,comp2,42,32.29875351691306,41.113701404564864,41.113701404564864,0.3125,주의,0.6322881928278954,False,fp_v1,False
2015-10-19,40,comp3,16,7.0,14.473155638900545,15.22285954793797,0.0508,주의,0.20493489949605964,True,fp_v1,False
2015-10-19,40,comp4,24,37.05759564376894,,,0.107,관찰,0.051568607789974685,True,fp_v1,False
2015-10-19,41,comp1,8,13.212579064485052,17.937975994024658,20.17527140658316,0.0307,주의,0.006012897116420395,True,fp_v1,False
2015-10-19,41,comp2,42,,,,0.3125,정상,0.31189840963138643,False,fp_v1,False
2015-10-19,41,comp3,16,27.132303584755878,40.422600415573974,,0.0508,관찰,0.03856601151250585,True,fp_v1,False
2015-10-19,41,comp4,24,37.47187935262022,,,0.107,관찰,0.04756102505111679,True,fp_v1,False
2015-10-19,42,comp1,8,28.383099404607947,29.948413594611722,31.5137277846155,0.0307,주의,0.0035864395053640556,True,fp_v1,False
2015-10-19,42,comp2,42,32.39903268953574,,,0.3125,관찰,0.35636648923929143,False,fp_v1,False
2015-10-19,42,comp3,16,26.49549880227036,37.781576941088545,40.93653203158157,0.0508,주의,0.03856601151250585,True,fp_v1,False
2015-10-19,42,comp4,24,37.213601282557704,,,0.107,관찰,0.04756102505111679,True,fp_v1,False
2015-10-19,43,comp1,8,16.976590546881795,22.323698002476554,25.357719568989104,0.0307,주의,0.006564555774280211,True,fp_v1,False
2015-10-19,43,comp2,42,27.283657402394894,,,0.3125,관찰,0.44481940931336766,False,fp_v1,False
2015-10-19,43,comp3,16,27.439317650147665,40.4576729634401,,0.0508,관찰,0.03856601151250585,True,fp_v1,False
2015-10-19,43,comp4,24,35.97368101182738,,,0.107,관찰,0.04756102505111679,True,fp_v1,False
2015-10-19,44,comp1,8,11.519926188055276,22.84912862618235,25.717346234205937,0.0307,주의,0.004328623895500491,True,fp_v1,False
2015-10-19,44,comp2,42,,,,0.3125,정상,0.2282095038271621,False,fp_v1,False
2015-10-19,44,comp3,16,27.917434532896763,40.49922376865305,,0.0508,관찰,0.03856601151250585,True,fp_v1,False
2015-10-19,44,comp4,24,36.477333349266615,,,0.107,관찰,0.05312764736806718,True,fp_v1,False
2015-10-19,45,comp1,8,14.974596764023957,17.704216370496972,19.961234911213506,0.0307,주의,0.023551553350170493,True,fp_v1,False
2015-10-19,45,comp2,42,,,,0.3125,정상,0.27323916970609097,False,fp_v1,False
2015-10-19,45,comp3,16,27.28643644472628,40.44498051950351,,0.0508,관찰,0.03856601151250585,True,fp_v1,False
2015-10-19,45,comp4,24,7.0,7.0,7.0,0.107,즉시,0.8999820883945303,True,fp_v1,False
2015-10-19,46,comp1,8,17.086864768713045,18.5570069534061,20.02714913809915,0.0307,주의,0.004681915228533222,True,fp_v1,False
2015-10-19,46,comp2,42,23.278673974005404,,,0.3125,관찰,0.3736460840926572,False,fp_v1,False
2015-10-19,46,comp3,16,27.917434532896763,40.49922376865305,,0.0508,관찰,0.03856601151250585,True,fp_v1,False
2015-10-19,46,comp4,24,37.29235195231417,,,0.107,관찰,0.04756102505111679,True,fp_v1,False
2015-10-19,47,comp1,8,7.254159800678863,17.382335426938006,19.36197975479135,0.0307,주의,0.03995994133678213,True,fp_v1,False
2015-10-19,47,comp2,42,37.400966729652396,,,0.3125,관찰,0.42475804501926095,False,fp_v1,False
2015-10-19,47,comp3,16,17.270193787492637,21.66422804205986,23.922076744632196,0.0508,주의,0.03856601151250585,True,fp_v1,False
2015-10-19,47,comp4,24,37.47187935262022,,,0.107,관찰,0.04756102505111679,True,fp_v1,False
2015-10-19,48,comp1,8,29.87741028775539,35.44813491263998,37.68187162288902,0.0307,주의,0.0044639126891773805,True,fp_v1,False
2015-10-19,48,comp2,42,35.031917965029734,,,0.3125,관찰,0.48551719559526596,False,fp_v1,False
2015-10-19,48,comp3,16,20.06845517603439,39.85298395660364,,0.0508,관찰,0.03856601151250585,True,fp_v1,False
2015-10-19,48,comp4,24,37.069676911769854,,,0.107,관찰,0.04826335677205907,True,fp_v1,False
2015-10-19,49,comp1,8,8.465007860629756,9.049356121395451,9.633704382161149,0.0307,주의,0.006269331140917085,True,fp_v1,False
2015-10-19,49,comp2,42,,,,0.3125,정상,0.18962610478524328,False,fp_v1,False
2015-10-19,49,comp3,16,9.42252410494136,11.33221110938727,13.24189811383318,0.0508,주의,0.17246191104395042,True,fp_v1,False
2015-10-19,49,comp4,24,37.48562035370453,,,0.107,관찰,0.04756102505111679,True,fp_v1,False
2015-10-19,50,comp1,8,21.446758189656183,22.174074823301595,22.901391456947003,0.0307,주의,0.0035677503382625965,True,fp_v1,False
2015-10-19,50,comp2,42,,,,0.3125,정상,0.21560510657049417,False,fp_v1,False
2015-10-19,50,comp3,16,27.917434532896763,40.49922376865305,,0.0508,관찰,0.03856601151250585,True,fp_v1,False
2015-10-19,50,comp4,24,36.98434944012003,,,0.107,관찰,0.06389455908427352,True,fp_v1,False
2015-10-19,51,comp1,8,14.108828723302471,17.63480193576157,20.370910416408005,0.0307,주의,0.0064580174452780435,True,fp_v1,False
2015-10-19,51,comp2,42,23.89361530888997,,,0.3125,관찰,0.5176939194764595,False,fp_v1,False
2015-10-19,51,comp3,16,27.132303584755878,40.422600415573974,,0.0508,관찰,0.03856601151250585,True,fp_v1,False
2015-10-19,51,comp4,24,36.59906298901057,,,0.107,관찰,0.04756102505111679,True,fp_v1,False
2015-10-19,52,comp1,8,8.860380340638452,9.948346856325347,11.036313372012241,0.0307,주의,0.006421490186581499,True,fp_v1,False
2015-10-19,52,comp2,42,,,,0.3125,정상,0.19436226644787807,False,fp_v1,False
2015-10-19,52,comp3,16,27.917434532896763,40.49922376865305,,0.0508,관찰,0.03856601151250585,True,fp_v1,False
2015-10-19,52,comp4,24,23.33115438090907,,,0.107,관찰,0.10965088597914743,True,fp_v1,False
2015-10-19,53,comp1,8,35.579378194979256,37.23170325854664,38.88402832211402,0.0307,주의,0.0035364140646267916,True,fp_v1,False
2015-10-19,53,comp2,42,28.138440396325716,,,0.3125,관찰,0.5835795585190433,False,fp_v1,False
2015-10-19,53,comp3,16,26.872431660290015,40.43972979324663,,0.0508,관찰,0.03856601151250585,True,fp_v1,False
2015-10-19,53,comp4,24,36.804510999482524,,,0.107,관찰,0.07443703115116514,True,fp_v1,False
2015-10-19,54,comp1,8,12.675828409021651,19.79623226029264,24.317355344830155,0.0307,주의,0.005427335067014648,True,fp_v1,False
2015-10-19,54,comp2,42,,,,0.3125,정상,0.20850794707617754,False,fp_v1,False
2015-10-19,54,comp3,16,10.77565673356553,14.676205770771842,21.572957934913962,0.0508,주의,0.11889988067356867,True,fp_v1,False
2015-10-19,54,comp4,24,37.536845843239995,,,0.107,관찰,0.04756102505111679,True,fp_v1,False
2015-10-19,55,comp1,8,14.024898168225814,15.18469408464406,16.26758346888813,0.0307,주의,0.004130619406551989,True,fp_v1,False
2015-10-19,55,comp2,42,,,,0.3125,정상,0.2512040501809915,False,fp_v1,False
2015-10-19,55,comp3,16,27.917434532896763,40.49922376865305,,0.0508,관찰,0.03856601151250585,True,fp_v1,False
2015-10-19,55,comp4,24,10.853804874119152,15.503438538445064,18.523507099783814,0.107,주의,0.4164448602972743,True,fp_v1,False
2015-10-19,56,comp1,8,7.448163720977917,7.962919710380202,17.313108662936507,0.0307,주의,0.06360664638698209,True,fp_v1,False
2015-10-19,56,comp2,42,,,,0.3125,정상,0.29529020096035025,False,fp_v1,False
2015-10-19,56,comp3,16,21.113960981836065,21.588074513995615,22.062188046155164,0.0508,주의,0.03856601151250585,True,fp_v1,False
2015-10-19,56,comp4,24,37.536845843239995,,,0.107,관찰,0.04776656900549104,True,fp_v1,False
2015-10-19,57,comp1,8,16.590521646612128,17.351278788972763,18.112035931333395,0.0307,주의,0.004325518989587151,True,fp_v1,False
2015-10-19,57,comp2,42,,,,0.3125,정상,0.30413911517336994,False,fp_v1,False
2015-10-19,57,comp3,16,27.917434532896763,40.49922376865305,,0.0508,관찰,0.03856601151250585,True,fp_v1,False
2015-10-19,57,comp4,24,34.60845780196512,,,0.107,관찰,0.052456084562394624,True,fp_v1,False
2015-10-19,58,comp1,8,35.51134878580198,36.96406737170425,38.41678595760653,0.0307,주의,0.0035364140646267916,True,fp_v1,False
2015-10-19,58,comp2,42,29.881670722792787,40.754407568836235,40.754407568836235,0.3125,주의,0.6402641296249449,False,fp_v1,False
2015-10-19,58,comp3,16,24.512897273606683,26.646711269474803,35.91158459994351,0.0508,주의,0.03856601151250585,True,fp_v1,False
2015-10-19,58,comp4,24,37.213601282557704,,,0.107,관찰,0.047550560380924006,True,fp_v1,False
2015-10-19,59,comp1,8,35.41661229993544,36.6010207313109,37.78542916268637,0.0307,주의,0.0035364140646267916,True,fp_v1,False
2015-10-19,59,comp2,42,,,,0.3125,정상,0.15595440411166203,False,fp_v1,False
2015-10-19,59,comp3,16,27.917434532896763,40.49922376865305,,0.0508,관찰,0.03856601151250585,True,fp_v1,False
2015-10-19,59,comp4,24,30.896156229909508,,,0.107,관찰,0.05599068975576628,True,fp_v1,False
2015-10-19,60,comp1,8,8.987364184590565,10.273465535511715,11.559566886432863,0.0307,주의,0.007130492680211063,True,fp_v1,False
2015-10-19,60,comp2,42,,,,0.3125,정상,0.1632978039284477,False,fp_v1,False
2015-10-19,60,comp3,16,25.346797566956035,39.82148426610435,,0.0508,관찰,0.03856601151250585,True,fp_v1,False
2015-10-19,60,comp4,24,37.536845843239995,,,0.107,관찰,0.04756102505111679,True,fp_v1,False
2015-10-19,61,comp1,8,7.0,8.109794241269341,8.58032904471342,0.0307,주의,0.05423237630711348,True,fp_v1,False
2015-10-19,61,comp2,42,,,,0.3125,정상,0.19046905283456633,False,fp_v1,False
2015-10-19,61,comp3,16,27.7639994193378,40.48727352386993,,0.0508,관찰,0.03856601151250585,True,fp_v1,False
2015-10-19,61,comp4,24,37.40716034133868,,,0.107,관찰,0.050522748887406786,True,fp_v1,False
2015-10-19,62,comp1,8,7.0,7.0,7.0,0.0307,즉시,0.18456865472342632,True,fp_v1,False
2015-10-19,62,comp2,42,,,,0.3125,정상,0.19598837534574523,False,fp_v1,False
2015-10-19,62,comp3,16,27.917434532896763,40.49922376865305,,0.0508,관찰,0.03856601151250585,True,fp_v1,False
2015-10-19,62,comp4,24,31.23222711020251,,,0.107,관찰,0.04892442605704861,True,fp_v1,False
2015-10-19,63,comp1,8,35.58449948359471,37.24620298253479,38.90790648147487,0.0307,주의,0.0035364140646267916,True,fp_v1,False
2015-10-19,63,comp2,42,28.99698773517632,40.17893503052671,40.17893503052671,0.3125,주의,0.6572525844965048,False,fp_v1,False
2015-10-19,63,comp3,16,27.121045030542167,40.45738074673805,,0.0508,관찰,0.03856601151250585,True,fp_v1,False
2015-10-19,63,comp4,24,7.0,7.0,26.005781509058785,0.107,주의,0.2959127651887833,True,fp_v1,False
2015-10-19,64,comp1,8,9.335211870634293,10.844269210036613,12.353326549438934,0.0307,주의,0.0035364140646267916,True,fp_v1,False
2015-10-19,64,comp2,42,,,,0.3125,정상,0.14159843936492683,False,fp_v1,False
2015-10-19,64,comp3,16,25.988555996610785,40.377731357784576,,0.0508,관찰,0.03856601151250585,True,fp_v1,False
2015-10-19,64,comp4,24,16.508477657373405,28.391183380486545,32.44127517037697,0.107,주의,0.2036652659042098,True,fp_v1,False
2015-10-19,65,comp1,8,11.548733820811846,17.961566477967395,24.555720568690088,0.0307,주의,0.005058543762274084,True,fp_v1,False
2015-10-19,65,comp2,42,21.96284940784549,32.070497042997516,32.070497042997516,0.3125,주의,0.6812245230276035,False,fp_v1,False
2015-10-19,65,comp3,16,27.917434532896763,40.49922376865305,,0.0508,관찰,0.03856601151250585,True,fp_v1,False
2015-10-19,65,comp4,24,32.20700997326827,,,0.107,관찰,0.04793765473480356,True,fp_v1,False
2015-10-19,66,comp1,8,35.6205118315755,37.38459667784661,39.14868152411772,0.0307,주의,0.0035364140646267916,True,fp_v1,False
2015-10-19,66,comp2,42,30.992012182871008,,,0.3125,관찰,0.42140545268879,False,fp_v1,False
2015-10-19,66,comp3,16,25.883437583720777,40.19862919265884,,0.0508,관찰,0.03856601151250585,True,fp_v1,False
2015-10-19,66,comp4,24,37.43054791229342,,,0.107,관찰,0.04826335677205907,True,fp_v1,False
2015-10-19,67,comp1,8,26.09322014759543,35.6848575761533,37.64107302976123,0.0307,주의,0.0035364140646267916,True,fp_v1,False
2015-10-19,67,comp2,42,,,,0.3125,정상,0.2495364100462038,False,fp_v1,False
2015-10-19,67,comp3,16,19.624696833679963,40.09316055492677,,0.0508,관찰,0.03856601151250585,True,fp_v1,False
2015-10-19,67,comp4,24,17.578010932467215,23.802832233818826,26.846680212378025,0.107,주의,0.2175550511374913,True,fp_v1,False
2015-10-19,68,comp1,8,14.172426487857189,19.798445588239552,25.71033666978542,0.0307,주의,0.004240217620249707,True,fp_v1,False
2015-10-19,68,comp2,42,,,,0.3125,정상,0.14607958952962244,False,fp_v1,False
2015-10-19,68,comp3,16,26.187120407836446,40.22746152990636,,0.0508,관찰,0.03856601151250585,True,fp_v1,False
2015-10-19,68,comp4,24,37.48745454883815,,,0.107,관찰,0.04756102505111679,True,fp_v1,False
2015-10-19,69,comp1,8,28.88053231583436,31.383842705696605,33.88715309555885,0.0307,주의,0.0035364140646267916,True,fp_v1,False
2015-10-19,69,comp2,42,,,,0.3125,정상,0.18033250804394305,False,fp_v1,False
2015-10-19,69,comp3,16,14.275624936676234,16.97345257212668,24.391460022212595,0.0508,주의,0.1002294426826407,True,fp_v1,False
2015-10-19,69,comp4,24,37.51892333596837,,,0.107,관찰,0.04826335677205907,True,fp_v1,False
2015-10-19,70,comp1,8,7.0,7.0,7.0,0.0307,즉시,0.11839645705203804,True,fp_v1,False
2015-10-19,70,comp2,42,37.45414526938269,,,0.3125,관찰,0.4294210649426907,False,fp_v1,False
2015-10-19,70,comp3,16,27.917434532896763,40.49922376865305,,0.0508,관찰,0.03856601151250585,True,fp_v1,False
2015-10-19,70,comp4,24,37.26976045296795,,,0.107,관찰,0.05755467819888736,True,fp_v1,False
2015-10-19,71,comp1,8,7.0,7.0,7.0,0.0307,즉시,0.2562155401231269,True,fp_v1,False
2015-10-19,71,comp2,42,28.655668892824437,,,0.3125,관찰,0.5634064589706952,False,fp_v1,False
2015-10-19,71,comp3,16,16.64535838384901,19.330252265472303,35.06833694848313,0.0508,주의,0.03856601151250585,True,fp_v1,False
2015-10-19,71,comp4,24,31.06657582446516,,,0.107,관찰,0.04756102505111679,True,fp_v1,False
2015-10-19,72,comp1,8,16.379741254383358,16.88329113221655,17.38684101004974,0.0307,주의,0.004937832420316253,True,fp_v1,False
2015-10-19,72,comp2,42,23.7973248099452,39.462075850255246,39.462075850255246,0.3125,주의,0.6471292037175221,False,fp_v1,False
2015-10-19,72,comp3,16,25.45796844236611,40.30920104061505,,0.0508,관찰,0.03856601151250585,True,fp_v1,False
2015-10-19,72,comp4,24,37.51741575405454,,,0.107,관찰,0.048303007739785644,True,fp_v1,False
2015-10-19,73,comp1,8,9.403493796659587,11.030069251224964,12.656644705790338,0.0307,주의,0.004210126301816251,True,fp_v1,False
2015-10-19,73,comp2,42,41.05887568940811,,,0.3125,관찰,0.33764267929861913,False,fp_v1,False
2015-10-19,73,comp3,16,24.331610019225113,25.7127582044092,27.09390638959329,0.0508,주의,0.03857967299981238,True,fp_v1,False
2015-10-19,73,comp4,24,36.00960309341342,,,0.107,관찰,0.04793765473480356,True,fp_v1,False
2015-10-19,74,comp1,8,28.253135443271198,29.13608754276869,30.01903964226618,0.0307,주의,0.005067673558840913,True,fp_v1,False
2015-10-19,74,comp2,42,7.0,,,0.3125,관찰,0.5201464824450948,False,fp_v1,False
2015-10-19,74,comp3,16,27.421409587506158,40.4558395215947,,0.0508,관찰,0.03856601151250585,True,fp_v1,False
2015-10-19,74,comp4,24,37.238308283375034,,,0.107,관찰,0.05051884315283353,True,fp_v1,False
2015-10-19,75,comp1,8,8.159267037260644,9.565476237433662,10.971685437606682,0.0307,주의,0.02722086054564644,True,fp_v1,False
2015-10-19,75,comp2,42,7.0,7.0,7.0,0.3125,즉시,0.9153149098539539,False,fp_v1,False
2015-10-19,75,comp3,16,27.917434532896763,40.49922376865305,,0.0508,관찰,0.03856601151250585,True,fp_v1,False
2015-10-19,75,comp4,24,16.07172760156733,28.069204973920986,31.10821174011853,0.107,주의,0.21156337093687666,True,fp_v1,False
2015-10-19,76,comp1,8,25.738826673548612,35.11382742006038,36.36075890096891,0.0307,주의,0.0035364140646267916,True,fp_v1,False
2015-10-19,76,comp2,42,30.52541655842219,,,0.3125,관찰,0.38419076175001093,False,fp_v1,False
2015-10-19,76,comp3,16,25.097454021311083,36.244349654573234,39.6602750582439,0.0508,주의,0.03856601151250585,True,fp_v1,False
2015-10-19,76,comp4,24,37.0355121280003,,,0.107,관찰,0.04756102505111679,True,fp_v1,False
2015-10-19,77,comp1,8,7.0,7.0,16.16677878592535,0.0307,주의,0.06955730324464841,True,fp_v1,False
2015-10-19,77,comp2,42,,,,0.3125,정상,0.17119176627309718,False,fp_v1,False
2015-10-19,77,comp3,16,26.0750852561834,40.19938729356693,,0.0508,관찰,0.03856601151250585,True,fp_v1,False
2015-10-19,77,comp4,24,15.844516729056142,33.071629290385516,,0.107,관찰,0.11968473852088038,True,fp_v1,False
2015-10-19,78,comp1,8,29.081619967923178,32.15661273638157,35.29908353874209,0.0307,주의,0.0035364140646267916,True,fp_v1,False
2015-10-19,78,comp2,42,22.113451591205852,37.538713177939535,37.538713177939535,0.3125,주의,0.7045507746688875,False,fp_v1,False
2015-10-19,78,comp3,16,27.917434532896763,40.49922376865305,,0.0508,관찰,0.03856601151250585,True,fp_v1,False
2015-10-19,78,comp4,24,14.43546299376875,15.804557064270497,23.488046632847084,0.107,주의,0.3398738891014256,True,fp_v1,False
2015-10-19,79,comp1,8,13.002014956695326,16.33516364877905,19.495684560380475,0.0307,주의,0.005308193812455885,True,fp_v1,False
2015-10-19,79,comp2,42,29.657367119495166,,,0.3125,관찰,0.44639892158166217,False,fp_v1,False
2015-10-19,79,comp3,16,27.917434532896763,40.49922376865305,,0.0508,관찰,0.03856601151250585,True,fp_v1,False
2015-10-19,79,comp4,24,32.73565692244142,,,0.107,관찰,0.04756102505111679,True,fp_v1,False
2015-10-19,80,comp1,8,7.0,7.0,7.0,0.0307,즉시,0.09656945434757291,True,fp_v1,False
2015-10-19,80,comp2,42,,,,0.3125,정상,0.24511639666109655,False,fp_v1,False
2015-10-19,80,comp3,16,27.917434532896763,40.49922376865305,,0.0508,관찰,0.03856601151250585,True,fp_v1,False
2015-10-19,80,comp4,24,37.536845843239995,,,0.107,관찰,0.04756102505111679,True,fp_v1,False
2015-10-19,81,comp1,8,35.19147774636458,35.9931820030985,36.79488625983241,0.0307,주의,0.0037122599131421356,True,fp_v1,False
2015-10-19,81,comp2,42,,,,0.3125,정상,0.22947841875557135,False,fp_v1,False
2015-10-19,81,comp3,16,25.858969674406275,40.08917772099185,,0.0508,관찰,0.03856601151250585,True,fp_v1,False
2015-10-19,81,comp4,24,35.80311472680896,,,0.107,관찰,0.06416288505691427,True,fp_v1,False
2015-10-19,82,comp1,8,35.460628910699754,36.77017441776385,38.07971992482794,0.0307,주의,0.0035364140646267916,True,fp_v1,False
2015-10-19,82,comp2,42,,,,0.3125,정상,0.22295102820177706,False,fp_v1,False
2015-10-19,82,comp3,16,27.917434532896763,40.49922376865305,,0.0508,관찰,0.03856601151250585,True,fp_v1,False
2015-10-19,82,comp4,24,34.33391488715704,,,0.107,관찰,0.07115918519894904,True,fp_v1,False
2015-10-19,83,comp1,8,35.49966172207511,36.92017560645409,38.34068949083307,0.0307,주의,0.0035364140646267916,True,fp_v1,False
2015-10-19,83,comp2,42,37.517594594304256,,,0.3125,관찰,0.3967899635421777,False,fp_v1,False
2015-10-19,83,comp3,16,26.005397924293298,40.159071141336206,,0.0508,관찰,0.03856601151250585,True,fp_v1,False
2015-10-19,83,comp4,24,20.383728970324462,24.64983377956643,27.37603149502483,0.107,주의,0.18849480130537183,True,fp_v1,False
2015-10-19,84,comp1,8,29.51468733491856,33.950980800595964,37.0118177449314,0.0307,주의,0.0035364140646267916,True,fp_v1,False
2015-10-19,84,comp2,42,30.847895636723486,,,0.3125,관찰,0.5090897110305351,False,fp_v1,False
2015-10-19,84,comp3,16,27.917434532896763,40.49922376865305,,0.0508,관찰,0.03856601151250585,True,fp_v1,False
2015-10-19,84,comp4,24,33.82587059572964,,,0.107,관찰,0.05356972272816464,True,fp_v1,False
2015-10-19,85,comp1,8,9.9214613779743,12.419379043682863,16.17579150112906,0.0307,주의,0.007084247683721902,True,fp_v1,False
2015-10-19,85,comp2,42,40.88119032511711,,,0.3125,관찰,0.3425614705863373,False,fp_v1,False
2015-10-19,85,comp3,16,12.194537182847501,14.240977992692875,14.596515653942513,0.0508,주의,0.3527191491293234,True,fp_v1,False
2015-10-19,85,comp4,24,21.399652158692728,25.42695093570316,,0.107,관찰,0.17137549371180177,True,fp_v1,False
2015-10-19,86,comp1,8,7.0,7.0,7.0,0.0307,즉시,0.29387111994935244,True,fp_v1,False
2015-10-19,86,comp2,42,22.625825369961117,,,0.3125,관찰,0.5218740239638853,False,fp_v1,False
2015-10-19,86,comp3,16,19.357620273561405,39.98268405096317,,0.0508,관찰,0.03856601151250585,True,fp_v1,False
2015-10-19,86,comp4,24,37.47187935262022,,,0.107,관찰,0.047994212128624585,True,fp_v1,False
2015-10-19,87,comp1,8,7.0,7.0,7.0,0.0307,즉시,0.20241613522585952,True,fp_v1,False
2015-10-19,87,comp2,42,,,,0.3125,정상,0.23289773826047103,False,fp_v1,False
2015-10-19,87,comp3,16,11.190428876529095,22.125580663598733,25.37370236040625,0.0508,주의,0.06773226327265819,True,fp_v1,False
2015-10-19,87,comp4,24,15.90414074192206,41.23832026985484,,0.107,관찰,0.11132880984054952,True,fp_v1,False
2015-10-19,88,comp1,8,35.6205118315755,37.38459667784661,39.14868152411772,0.0307,주의,0.0035364140646267916,True,fp_v1,False
2015-10-19,88,comp2,42,,,,0.3125,정상,0.1957811487733153,False,fp_v1,False
2015-10-19,88,comp3,16,27.718917400183418,40.48353623462542,,0.0508,관찰,0.03856601151250585,True,fp_v1,False
2015-10-19,88,comp4,24,15.79873324241384,22.55252871801823,30.296470860746247,0.107,주의,0.27256049235931473,True,fp_v1,False
2015-10-19,89,comp1,8,7.0,7.0,7.0,0.0307,즉시,0.5306413814057471,True,fp_v1,False
2015-10-19,89,comp2,42,38.5201405933731,,,0.3125,관찰,0.3726945463832673,False,fp_v1,False
2015-10-19,89,comp3,16,24.357065474728852,40.36575640783107,,0.0508,관찰,0.03856601151250585,True,fp_v1,False
2015-10-19,89,comp4,24,11.967219698583033,18.304969180530275,21.398201608312093,0.107,주의,0.37546818195025805,True,fp_v1,False
2015-10-19,90,comp1,8,33.04766568908588,36.67593743365364,38.60687104605886,0.0307,주의,0.003602272150575689,True,fp_v1,False
2015-10-19,90,comp2,42,,,,0.3125,정상,0.18747770278620945,False,fp_v1,False
2015-10-19,90,comp3,16,10.594160568391056,14.658668518445516,24.55478971754193,0.0508,주의,0.13239691286057803,True,fp_v1,False
2015-10-19,90,comp4,24,37.10597829038244,,,0.107,관찰,0.05051884315283353,True,fp_v1,False
2015-10-19,91,comp1,8,8.900039923567423,9.955607505680096,11.01117508779277,0.0307,주의,0.0045230049747780315,True,fp_v1,False
2015-10-19,91,comp2,42,27.579144908927237,35.6379159445396,35.6379159445396,0.3125,주의,0.6389040507449205,False,fp_v1,False
2015-10-19,91,comp3,16,27.917434532896763,40.49922376865305,,0.0508,관찰,0.03856601151250585,True,fp_v1,False
2015-10-19,91,comp4,24,36.81298196014692,,,0.107,관찰,0.047939803439990734,True,fp_v1,False
2015-10-19,92,comp1,8,8.380201160799773,8.833779543776313,9.287357926752854,0.0307,주의,0.0049660878045869545,True,fp_v1,False
2015-10-19,92,comp2,42,,,,0.3125,정상,0.1957177977207422,False,fp_v1,False
2015-10-19,92,comp3,16,7.0,14.336967688276285,15.620912575796849,0.0508,주의,0.1672974143028857,True,fp_v1,False
2015-10-19,92,comp4,24,36.73113285702766,,,0.107,관찰,0.08404018056303413,True,fp_v1,False
2015-10-19,93,comp1,8,8.437975246383106,9.026192981836727,9.61441071729035,0.0307,주의,0.007840795568278313,True,fp_v1,False
2015-10-19,93,comp2,42,38.31876668100336,,,0.3125,관찰,0.4548310832445486,False,fp_v1,False
2015-10-19,93,comp3,16,27.917434532896763,40.49922376865305,,0.0508,관찰,0.03856601151250585,True,fp_v1,False
2015-10-19,93,comp4,24,16.265380763253106,21.37351700974789,24.2789424839173,0.107,주의,0.2969434975010963,True,fp_v1,False
2015-10-19,94,comp1,8,7.0,16.94834730969904,19.849162825717993,0.0307,주의,0.050390836290148774,True,fp_v1,False
2015-10-19,94,comp2,42,,,,0.3125,정상,0.23820214378946597,False,fp_v1,False
2015-10-19,94,comp3,16,7.0,7.0,7.0,0.0508,즉시,0.3042683497577348,True,fp_v1,False
2015-10-19,94,comp4,24,32.12936978934276,,,0.107,관찰,0.04856405433526124,True,fp_v1,False
2015-10-19,95,comp1,8,35.55242325293295,37.12293559393451,38.69344793493606,0.0307,주의,0.0035364140646267916,True,fp_v1,False
2015-10-19,95,comp2,42,22.373436049281164,,,0.3125,관찰,0.5489771910617843,False,fp_v1,False
2015-10-19,95,comp3,16,25.15331356676134,31.13729002928302,39.23182733480852,0.0508,주의,0.04177577918621885,True,fp_v1,False
2015-10-19,95,comp4,24,37.57519413191121,,,0.107,관찰,0.04826335677205907,True,fp_v1,False
2015-10-19,96,comp1,8,35.58449948359471,37.24620298253479,38.90790648147487,0.0307,주의,0.0035364140646267916,True,fp_v1,False
2015-10-19,96,comp2,42,,,,0.3125,정상,0.23826992322793142,False,fp_v1,False
2015-10-19,96,comp3,16,11.009182375439357,14.127692320520444,14.606995309304855,0.0508,주의,0.29985898712411824,True,fp_v1,False
2015-10-19,96,comp4,24,37.12065415193154,,,0.107,관찰,0.04826335677205907,True,fp_v1,False
2015-10-19,97,comp1,8,32.92547425866347,36.59933786431196,38.47682531211602,0.0307,주의,0.0035364140646267916,True,fp_v1,False
2015-10-19,97,comp2,42,7.9292177955895005,,,0.3125,관찰,0.4109934824209794,False,fp_v1,False
2015-10-19,97,comp3,16,7.0,7.0,7.171717451025205,0.0508,주의,0.3258415270114929,True,fp_v1,False
2015-10-19,97,comp4,24,7.0,7.0,16.63886460536327,0.107,주의,0.7124690409747578,True,fp_v1,False
2015-10-19,98,comp1,8,22.584755208316587,25.39122535049152,35.64774062754636,0.0307,주의,0.0035364140646267916,True,fp_v1,False
2015-10-19,98,comp2,42,39.84903395382344,,,0.3125,관찰,0.36455000344541033,False,fp_v1,False
2015-10-19,98,comp3,16,10.840785911016305,14.045867026464071,14.212606397878627,0.0508,주의,0.6965378731684124,True,fp_v1,False
2015-10-19,98,comp4,24,35.81569420023963,,,0.107,관찰,0.05599068975576628,True,fp_v1,False
2015-10-19,99,comp1,8,8.708394342022967,9.528468110982809,10.348541879942651,0.0307,주의,0.004180475973171231,True,fp_v1,False
2015-10-19,99,comp2,42,,,,0.3125,정상,0.2906805030830012,False,fp_v1,False
2015-10-19,99,comp3,16,24.56461284254196,26.91621248549207,28.431924629793954,0.0508,주의,0.03857967299981238,True,fp_v1,False
2015-10-19,99,comp4,24,11.152869662500104,24.89089344219062,32.05883801903572,0.107,주의,0.19309075131800493,True,fp_v1,False
2015-10-19,100,comp1,8,35.27747789044102,36.615774160309876,37.95407043017874,0.0307,주의,0.0035364140646267916,True,fp_v1,False
2015-10-19,100,comp2,42,,,,0.3125,정상,0.20561484359883206,False,fp_v1,False
2015-10-19,100,comp3,16,27.917434532896763,40.49922376865305,,0.0508,관찰,0.03856601151250585,True,fp_v1,False
2015-10-19,100,comp4,24,36.381874404824316,,,0.107,관찰,0.050268200597590525,True,fp_v1,False
2015-10-26,1,comp1,8,21.505215555003947,22.29260584963334,23.079996144262736,0.0307,주의,0.0035364140646267916,True,fp_v1,False
2015-10-26,1,comp2,42,,,,0.3125,정상,0.2025929127552156,False,fp_v1,False
2015-10-26,1,comp3,16,11.43418703699992,26.23650035146928,39.91826428602526,0.0508,주의,0.0574454596868553,True,fp_v1,False
2015-10-26,1,comp4,24,36.58297066690737,,,0.107,관찰,0.056056436710373476,True,fp_v1,False
2015-10-26,2,comp1,8,7.0,7.0,7.0,0.0307,즉시,0.15281508229484286,True,fp_v1,False
2015-10-26,2,comp2,42,27.02161289746499,,,0.3125,관찰,0.528155694176672,False,fp_v1,False
2015-10-26,2,comp3,16,7.677276216499755,27.120549930425,,0.0508,관찰,0.062142410626252344,True,fp_v1,False
2015-10-26,2,comp4,24,37.29235195231417,,,0.107,관찰,0.04756102505111679,True,fp_v1,False
2015-10-26,3,comp1,8,10.135890987613283,12.57422674810363,20.04393496759087,0.0307,주의,0.003807659026221148,True,fp_v1,False
2015-10-26,3,comp2,42,,,,0.3125,정상,0.20647973541248144,False,fp_v1,False
2015-10-26,3,comp3,16,27.132303584755878,40.422600415573974,,0.0508,관찰,0.03856601151250585,True,fp_v1,False
2015-10-26,3,comp4,24,37.48745454883815,,,0.107,관찰,0.04776656900549104,True,fp_v1,False
2015-10-26,4,comp1,8,7.0,7.0,15.454688682333757,0.0307,주의,0.08107601847026565,True,fp_v1,False
2015-10-26,4,comp2,42,,,,0.3125,정상,0.1634418313195551,False,fp_v1,False
2015-10-26,4,comp3,16,26.28557719978784,40.28931849744885,,0.0508,관찰,0.03856601151250585,True,fp_v1,False
2015-10-26,4,comp4,24,37.43967848803397,,,0.107,관찰,0.051568607789974685,True,fp_v1,False
2015-10-26,5,comp1,8,24.843271548476057,26.07182880855778,27.300386068639504,0.0307,주의,0.0035864395053640556,True,fp_v1,False
2015-10-26,5,comp2,42,,,,0.3125,정상,0.22162599208469855,False,fp_v1,False
2015-10-26,5,comp3,16,27.917434532896763,40.49922376865305,,0.0508,관찰,0.03856601151250585,True,fp_v1,False
2015-10-26,5,comp4,24,37.47443615051723,,,0.107,관찰,0.05051884315283353,True,fp_v1,False
2015-10-26,6,comp1,8,7.0,7.123459693935979,7.597246940867128,0.0307,주의,0.1181882429149336,True,fp_v1,False
2015-10-26,6,comp2,42,,,,0.3125,정상,0.16860919289591894,False,fp_v1,False
2015-10-26,6,comp3,16,26.521267611177162,40.33370481328113,,0.0508,관찰,0.03856601151250585,True,fp_v1,False
2015-10-26,6,comp4,24,37.34294333002245,,,0.107,관찰,0.0507209918841543,True,fp_v1,False
2015-10-26,7,comp1,8,8.619339919333932,9.332609610689351,10.045879302044773,0.0307,주의,0.004042546030870991,True,fp_v1,False
2015-10-26,7,comp2,42,,,,0.3125,정상,0.2757019311016419,False,fp_v1,False
2015-10-26,7,comp3,16,27.718917400183418,40.48353623462542,,0.0508,관찰,0.03856601151250585,True,fp_v1,False
2015-10-26,7,comp4,24,36.01616253458518,,,0.107,관찰,0.04793765473480356,True,fp_v1,False
2015-10-26,8,comp1,8,21.55092614652626,22.368591183722387,23.186256220918512,0.0307,주의,0.0035364140646267916,True,fp_v1,False
2015-10-26,8,comp2,42,,,,0.3125,정상,0.21576282324658452,False,fp_v1,False
2015-10-26,8,comp3,16,24.89792136724929,36.26532897563297,41.685923399989946,0.0508,주의,0.03856601151250585,True,fp_v1,False
2015-10-26,8,comp4,24,37.397076214390125,,,0.107,관찰,0.04756102505111679,True,fp_v1,False
2015-10-26,9,comp1,8,7.0,7.0,7.0,0.0307,즉시,0.24398935727006535,True,fp_v1,False
2015-10-26,9,comp2,42,,,,0.3125,정상,0.25145029541206815,False,fp_v1,False
2015-10-26,9,comp3,16,16.604267267298393,35.45483147512482,39.166754443194655,0.0508,주의,0.04464531262197517,True,fp_v1,False
2015-10-26,9,comp4,24,37.29235195231417,,,0.107,관찰,0.04756102505111679,True,fp_v1,False
2015-10-26,10,comp1,8,35.568466196987686,37.19266732590373,38.81686845481977,0.0307,주의,0.0035364140646267916,True,fp_v1,False
2015-10-26,10,comp2,42,,,,0.3125,정상,0.19610610525626596,False,fp_v1,False
2015-10-26,10,comp3,16,27.115504720750135,40.46151648094062,,0.0508,관찰,0.03856601151250585,True,fp_v1,False
2015-10-26,10,comp4,24,33.82209547432286,,,0.107,관찰,0.052844963702429346,True,fp_v1,False
2015-10-26,11,comp1,8,7.0,19.03556086880733,23.358650417952983,0.0307,주의,0.04255236841648635,True,fp_v1,False
2015-10-26,11,comp2,42,,,,0.3125,정상,0.2521068690482408,False,fp_v1,False
2015-10-26,11,comp3,16,22.357105468557403,38.04169953696416,,0.0508,관찰,0.03856601151250585,True,fp_v1,False
2015-10-26,11,comp4,24,37.536845843239995,,,0.107,관찰,0.04756102505111679,True,fp_v1,False
2015-10-26,12,comp1,8,35.55691547829748,37.14019899671801,38.723482515138535,0.0307,주의,0.0035364140646267916,True,fp_v1,False
2015-10-26,12,comp2,42,,,,0.3125,정상,0.26870130437522377,False,fp_v1,False
2015-10-26,12,comp3,16,21.58940789902065,37.52480784914019,,0.0508,관찰,0.04083443223967188,True,fp_v1,False
2015-10-26,12,comp4,24,11.473296722184724,,,0.107,관찰,0.2013129189996792,True,fp_v1,False
2015-10-26,13,comp1,8,35.6205118315755,37.38459667784661,39.14868152411772,0.0307,주의,0.0035364140646267916,True,fp_v1,False
2015-10-26,13,comp2,42,39.35651565959949,,,0.3125,관찰,0.3429540537162887,False,fp_v1,False
2015-10-26,13,comp3,16,24.45784358144273,26.364751681160136,,0.0508,관찰,0.03857967299981238,True,fp_v1,False
2015-10-26,13,comp4,24,24.166610009055887,30.05165918751206,,0.107,관찰,0.10301617254917618,True,fp_v1,False
2015-10-26,14,comp1,8,28.46183862649525,30.53561291659131,32.60938720668737,0.0307,주의,0.0046871665068410106,True,fp_v1,False
2015-10-26,14,comp2,42,22.10313047817655,,,0.3125,관찰,0.5823481380896817,False,fp_v1,False
2015-10-26,14,comp3,16,24.248449317042017,40.412387291481004,,0.0508,관찰,0.03856601151250585,True,fp_v1,False
2015-10-26,14,comp4,24,37.49236840329116,,,0.107,관찰,0.04971797753316018,True,fp_v1,False
2015-10-26,15,comp1,8,7.0,7.0,7.0,0.0307,즉시,0.29930436148784506,True,fp_v1,False
2015-10-26,15,comp2,42,29.80552418681926,37.770455984645494,37.770455984645494,0.3125,주의,0.7218376983871633,False,fp_v1,False
2015-10-26,15,comp3,16,25.71185405923379,40.047139736599135,,0.0508,관찰,0.03856601151250585,True,fp_v1,False
2015-10-26,15,comp4,24,28.103281915138826,32.27760173796171,,0.107,관찰,0.05082163798328097,True,fp_v1,False
2015-10-26,16,comp1,8,7.0,16.80802951753776,18.82386273791002,0.0307,주의,0.049090448412254635,True,fp_v1,False
2015-10-26,16,comp2,42,37.78765794402877,,,0.3125,관찰,0.3880268695608966,False,fp_v1,False
2015-10-26,16,comp3,16,27.61189262967985,39.062861257516445,,0.0508,관찰,0.03856601151250585,True,fp_v1,False
2015-10-26,16,comp4,24,37.47443615051723,,,0.107,관찰,0.05051884315283353,True,fp_v1,False
2015-10-26,17,comp1,8,7.0,7.0,7.5745654630008845,0.0307,주의,0.11295612816355152,True,fp_v1,False
2015-10-26,17,comp2,42,,,,0.3125,정상,0.22602654967248373,False,fp_v1,False
2015-10-26,17,comp3,16,7.0,14.629280707992836,15.781037865389981,0.0508,주의,0.1619595004777945,True,fp_v1,False
2015-10-26,17,comp4,24,9.191859685764303,17.406671450971693,19.18010522648157,0.107,주의,0.43080322099170926,True,fp_v1,False
2015-10-26,18,comp1,8,30.33340222478807,35.791783447541604,37.9849147822026,0.0307,주의,0.0035364140646267916,True,fp_v1,False
2015-10-26,18,comp2,42,34.22023416020134,,,0.3125,관찰,0.4274708942227487,False,fp_v1,False
2015-10-26,18,comp3,16,26.672841171635497,40.35036162810477,,0.0508,관찰,0.03856601151250585,True,fp_v1,False
2015-10-26,18,comp4,24,7.0,7.0,7.0,0.107,즉시,0.8460949653343559,True,fp_v1,False
2015-10-26,19,comp1,8,10.353799001720466,13.17729066202584,14.816364655898248,0.0307,주의,0.005106610553434014,True,fp_v1,False
2015-10-26,19,comp2,42,,,,0.3125,정상,0.12817447059915343,False,fp_v1,False
2015-10-26,19,comp3,16,27.917434532896763,40.49922376865305,,0.0508,관찰,0.03856601151250585,True,fp_v1,False
2015-10-26,19,comp4,24,11.144153328088532,14.534688227521631,17.0200348675084,0.107,주의,0.6152158382597197,True,fp_v1,False
2015-10-26,20,comp1,8,35.58869792926376,37.26233740428968,38.93597687931559,0.0307,주의,0.0035364140646267916,True,fp_v1,False
2015-10-26,20,comp2,42,,,,0.3125,정상,0.2098193423264394,False,fp_v1,False
2015-10-26,20,comp3,16,7.0,7.411495835812314,14.86856785397209,0.0508,주의,0.1983775859472298,True,fp_v1,False
2015-10-26,20,comp4,24,7.101666384472541,7.894904250790115,18.35921320044129,0.107,주의,0.6585080071689187,True,fp_v1,False
2015-10-26,21,comp1,8,35.58869792926376,37.26233740428968,38.93597687931559,0.0307,주의,0.0035364140646267916,True,fp_v1,False
2015-10-26,21,comp2,42,23.4400812219047,,,0.3125,관찰,0.5379708470236408,False,fp_v1,False
2015-10-26,21,comp3,16,24.124210350424427,25.045961052760546,25.967711755096666,0.0508,주의,0.03857967299981238,True,fp_v1,False
2015-10-26,21,comp4,24,24.441642269977066,26.531703951310536,,0.107,관찰,0.0843902735457087,True,fp_v1,False
2015-10-26,22,comp1,8,8.328721408419947,8.780481206595482,9.23224100477102,0.0307,주의,0.008360620942722573,True,fp_v1,False
2015-10-26,22,comp2,42,,,,0.3125,정상,0.19474756560660644,False,fp_v1,False
2015-10-26,22,comp3,16,11.606062094106214,14.992565909993976,20.143697503470737,0.0508,주의,0.13038932661160638,True,fp_v1,False
2015-10-26,22,comp4,24,16.210405713610665,21.081280557143653,23.138510105572276,0.107,주의,0.36580755138588017,True,fp_v1,False
2015-10-26,23,comp1,8,21.926672604597634,23.29114345275224,25.4386010076606,0.0307,주의,0.0035364140646267916,True,fp_v1,False
2015-10-26,23,comp2,42,22.100708082406488,,,0.3125,관찰,0.5302945829602738,False,fp_v1,False
2015-10-26,23,comp3,16,21.796823719242322,25.29235817997466,37.287588774790905,0.0508,주의,0.03856601151250585,True,fp_v1,False
2015-10-26,23,comp4,24,37.34263689954757,,,0.107,관찰,0.04756102505111679,True,fp_v1,False
2015-10-26,24,comp1,8,16.676776897623704,17.47707233565954,18.277367773695374,0.0307,주의,0.0035364140646267916,True,fp_v1,False
2015-10-26,24,comp2,42,28.520106285683344,,,0.3125,관찰,0.5402728263232783,False,fp_v1,False
2015-10-26,24,comp3,16,27.917434532896763,39.51002368553789,,0.0508,관찰,0.03856601151250585,True,fp_v1,False
2015-10-26,24,comp4,24,7.0,7.428719620280828,7.866929653706107,0.107,주의,0.4538751794065541,True,fp_v1,False
2015-10-26,25,comp1,8,17.118188017818444,18.532721476085452,19.94725493435246,0.0307,주의,0.0035364140646267916,True,fp_v1,False
2015-10-26,25,comp2,42,32.5475322390423,,,0.3125,관찰,0.4982518400037089,False,fp_v1,False
2015-10-26,25,comp3,16,26.755997029775703,40.36575640783107,,0.0508,관찰,0.03856601151250585,True,fp_v1,False
2015-10-26,25,comp4,24,8.414477559858884,16.685857110052364,21.088321652155955,0.107,주의,0.4087277000437085,True,fp_v1,False
2015-10-26,26,comp1,8,7.4186872865172075,7.891232770169999,24.994136617228104,0.0307,주의,0.06846112583485423,True,fp_v1,False
2015-10-26,26,comp2,42,,,,0.3125,정상,0.1416652404030922,False,fp_v1,False
2015-10-26,26,comp3,16,27.7639994193378,40.48727352386993,,0.0508,관찰,0.03856601151250585,True,fp_v1,False
2015-10-26,26,comp4,24,37.296158400714695,,,0.107,관찰,0.050522748887406786,True,fp_v1,False
2015-10-26,27,comp1,8,35.57107627988346,37.194618265939376,38.818160251995295,0.0307,주의,0.0035364140646267916,True,fp_v1,False
2015-10-26,27,comp2,42,29.87168675544545,,,0.3125,관찰,0.5372265488711939,False,fp_v1,False
2015-10-26,27,comp3,16,26.465466812651346,40.30587348076304,,0.0508,관찰,0.03856601151250585,True,fp_v1,False
2015-10-26,27,comp4,24,37.0355121280003,,,0.107,관찰,0.04826335677205907,True,fp_v1,False
2015-10-26,28,comp1,8,29.09517889245176,33.79179338976612,36.84734069391084,0.0307,주의,0.0054907730186818295,True,fp_v1,False
2015-10-26,28,comp2,42,,,,0.3125,정상,0.2713636693263726,False,fp_v1,False
2015-10-26,28,comp3,16,17.740688627132364,39.218384975702,,0.0508,관찰,0.03856601151250585,True,fp_v1,False
2015-10-26,28,comp4,24,37.471217653193655,,,0.107,관찰,0.047994212128624585,True,fp_v1,False
2015-10-26,29,comp1,8,7.0,7.0,7.0,0.0307,즉시,0.2595879718970604,True,fp_v1,False
2015-10-26,29,comp2,42,22.31464371781082,,,0.3125,관찰,0.4716522992429861,False,fp_v1,False
2015-10-26,29,comp3,16,27.7639994193378,40.48727352386993,,0.0508,관찰,0.03856601151250585,True,fp_v1,False
2015-10-26,29,comp4,24,37.47187935262022,,,0.107,관찰,0.04756102505111679,True,fp_v1,False
2015-10-26,30,comp1,8,12.329786237116876,15.366362441615168,25.338532769775764,0.0307,주의,0.005892698039359931,True,fp_v1,False
2015-10-26,30,comp2,42,,,,0.3125,정상,0.16470957597196395,False,fp_v1,False
2015-10-26,30,comp3,16,27.917434532896763,40.49922376865305,,0.0508,관찰,0.03856601151250585,True,fp_v1,False
2015-10-26,30,comp4,24,25.32606909007644,27.76261720075218,,0.107,관찰,0.04876622574514722,True,fp_v1,False
2015-10-26,31,comp1,8,9.094627696179154,10.661883506538901,12.229139316898648,0.0307,주의,0.00925731707248519,True,fp_v1,False
2015-10-26,31,comp2,42,,,,0.3125,정상,0.21676318576657244,False,fp_v1,False
2015-10-26,31,comp3,16,9.76419290015415,12.852816395143291,14.381375019905583,0.0508,주의,0.28774975412575343,True,fp_v1,False
2015-10-26,31,comp4,24,35.57406318438325,,,0.107,관찰,0.05348904271804608,True,fp_v1,False
2015-10-26,32,comp1,8,15.582934739245356,21.22016060998159,24.797907864277906,0.0307,주의,0.012709606272957205,True,fp_v1,False
2015-10-26,32,comp2,42,22.930298702030584,,,0.3125,관찰,0.5273067048776394,False,fp_v1,False
2015-10-26,32,comp3,16,27.15085055367503,40.42496220394639,,0.0508,관찰,0.03856601151250585,True,fp_v1,False
2015-10-26,32,comp4,24,24.97605049713391,27.05818021550088,,0.107,관찰,0.05684106788733634,True,fp_v1,False
2015-10-26,33,comp1,8,7.0,7.0,7.0,0.0307,즉시,0.1568467862108789,True,fp_v1,False
2015-10-26,33,comp2,42,30.625833270123714,,,0.3125,관찰,0.4968998760540142,False,fp_v1,False
2015-10-26,33,comp3,16,27.659859698523572,40.478471757496116,,0.0508,관찰,0.03856601151250585,True,fp_v1,False
2015-10-26,33,comp4,24,11.03225387460417,28.790787299614262,32.61150884706893,0.107,주의,0.19185385822866483,True,fp_v1,False
2015-10-26,34,comp1,8,16.518643768310053,17.203023335584433,17.887402902858813,0.0307,주의,0.005302588788149045,True,fp_v1,False
2015-10-26,34,comp2,42,,,,0.3125,정상,0.24023532548454535,False,fp_v1,False
2015-10-26,34,comp3,16,27.56223766858473,40.46965197822703,,0.0508,관찰,0.03856601151250585,True,fp_v1,False
2015-10-26,34,comp4,24,35.82262331312846,,,0.107,관찰,0.052456084562394624,True,fp_v1,False
2015-10-26,35,comp1,8,7.48743499589814,16.541765149987715,19.886682669362266,0.0307,주의,0.05445036480313412,True,fp_v1,False
2015-10-26,35,comp2,42,,,,0.3125,정상,0.28771021386666834,False,fp_v1,False
2015-10-26,35,comp3,16,7.0,14.393138433937215,21.07906687372722,0.0508,주의,0.14743088472176688,True,fp_v1,False
2015-10-26,35,comp4,24,22.553447429742008,27.818881333249063,,0.107,관찰,0.16199818385423198,True,fp_v1,False
2015-10-26,36,comp1,8,9.713294288747397,11.904660031935915,16.100771685170024,0.0307,주의,0.006697048132142782,True,fp_v1,False
2015-10-26,36,comp2,42,,,,0.3125,정상,0.30342765274264466,False,fp_v1,False
2015-10-26,36,comp3,16,27.917434532896763,40.49922376865305,,0.0508,관찰,0.03856601151250585,True,fp_v1,False
2015-10-26,36,comp4,24,37.48991848312843,,,0.107,관찰,0.04756102505111679,True,fp_v1,False
2015-10-26,37,comp1,8,7.0,16.91356615260087,19.148462678352033,0.0307,주의,0.040504041881478874,True,fp_v1,False
2015-10-26,37,comp2,42,21.371932894374392,,,0.3125,관찰,0.524608208919841,False,fp_v1,False
2015-10-26,37,comp3,16,7.0,7.0,7.0,0.0508,즉시,0.26165015265754704,True,fp_v1,False
2015-10-26,37,comp4,24,36.06970153248505,,,0.107,관찰,0.08099639483751067,True,fp_v1,False
2015-10-26,38,comp1,8,7.0,7.0,8.772110016493734,0.0307,주의,0.08155091233202838,True,fp_v1,False
2015-10-26,38,comp2,42,,,,0.3125,정상,0.18856063649781626,False,fp_v1,False
2015-10-26,38,comp3,16,27.917434532896763,40.49922376865305,,0.0508,관찰,0.03856601151250585,True,fp_v1,False
2015-10-26,38,comp4,24,31.528881118404506,,,0.107,관찰,0.05256066282339725,True,fp_v1,False
2015-10-26,39,comp1,8,28.372617218899634,30.08305528302415,31.793493347148672,0.0307,주의,0.004384264835015374,True,fp_v1,False
2015-10-26,39,comp2,42,,,,0.3125,정상,0.18886413136565652,False,fp_v1,False
2015-10-26,39,comp3,16,26.009494664451882,40.177289039325125,,0.0508,관찰,0.03856601151250585,True,fp_v1,False
2015-10-26,39,comp4,24,37.474725459731864,,,0.107,관찰,0.05051884315283353,True,fp_v1,False
2015-10-26,40,comp1,8,7.0,16.053993412072682,17.499396336706514,0.0307,주의,0.03905481955069221,True,fp_v1,False
2015-10-26,40,comp2,42,33.2238746028774,41.72054358541294,41.72054358541294,0.3125,주의,0.6103367178992473,False,fp_v1,False
2015-10-26,40,comp3,16,7.0,7.0,7.0,0.0508,즉시,0.5975039630624286,True,fp_v1,False
2015-10-26,40,comp4,24,37.471217653193655,,,0.107,관찰,0.05051884315283353,True,fp_v1,False
2015-10-26,41,comp1,8,7.0,7.9836937136257005,17.357011625064082,0.0307,주의,0.06186285565494662,True,fp_v1,False
2015-10-26,41,comp2,42,,,,0.3125,정상,0.2690842122218771,False,fp_v1,False
2015-10-26,41,comp3,16,27.132303584755878,40.422600415573974,,0.0508,관찰,0.03856601151250585,True,fp_v1,False
2015-10-26,41,comp4,24,35.725285871894634,,,0.107,관찰,0.04756102505111679,True,fp_v1,False
2015-10-26,42,comp1,8,21.557631284854118,22.412054852313705,23.26647841977329,0.0307,주의,0.00617788774815533,True,fp_v1,False
2015-10-26,42,comp2,42,23.12790935712827,,,0.3125,관찰,0.5076897090119447,False,fp_v1,False
2015-10-26,42,comp3,16,27.447803269640346,36.93166001605757,38.932410450369304,0.0508,주의,0.03857967299981238,True,fp_v1,False
2015-10-26,42,comp4,24,37.47187935262022,,,0.107,관찰,0.04756102505111679,True,fp_v1,False
2015-10-26,43,comp1,8,15.882082917520227,24.0195483555972,25.2663920183435,0.0307,주의,0.028805193057451328,True,fp_v1,False
2015-10-26,43,comp2,42,31.476055934238115,,,0.3125,관찰,0.3968909862460418,False,fp_v1,False
2015-10-26,43,comp3,16,27.158769509654494,40.4576729634401,,0.0508,관찰,0.03856601151250585,True,fp_v1,False
2015-10-26,43,comp4,24,36.479774110821616,,,0.107,관찰,0.04756102505111679,True,fp_v1,False
2015-10-26,44,comp1,8,14.065802107676895,15.932666220712171,24.72939942879118,0.0307,주의,0.029615661183994314,True,fp_v1,False
2015-10-26,44,comp2,42,,,,0.3125,정상,0.2313552509032062,False,fp_v1,False
2015-10-26,44,comp3,16,27.74598944444699,40.48579349730155,,0.0508,관찰,0.03856601151250585,True,fp_v1,False
2015-10-26,44,comp4,24,36.78301388480311,,,0.107,관찰,0.05312764736806718,True,fp_v1,False
2015-10-26,45,comp1,8,13.893654095226964,22.722258678403833,35.081770747342134,0.0307,주의,0.005897525919640498,True,fp_v1,False
2015-10-26,45,comp2,42,23.675186981922742,41.57857342463862,41.57857342463862,0.3125,주의,0.606752955741988,False,fp_v1,False
2015-10-26,45,comp3,16,27.18794603370901,40.43492233509508,,0.0508,관찰,0.03856601151250585,True,fp_v1,False
2015-10-26,45,comp4,24,37.48562035370453,,,0.107,관찰,0.04756102505111679,True,fp_v1,False
2015-10-26,46,comp1,8,35.57463110455481,37.20827928361913,38.841927462683444,0.0307,주의,0.0035364140646267916,True,fp_v1,False
2015-10-26,46,comp2,42,,,,0.3125,정상,0.30057900625042294,False,fp_v1,False
2015-10-26,46,comp3,16,27.623262181639813,40.47523285442099,,0.0508,관찰,0.03856601151250585,True,fp_v1,False
2015-10-26,46,comp4,24,37.40171238397461,,,0.107,관찰,0.04826335677205907,True,fp_v1,False
2015-10-26,47,comp1,8,8.985014010293934,10.15050088701734,11.315987763740745,0.0307,주의,0.004753461755502046,True,fp_v1,False
2015-10-26,47,comp2,42,,,,0.3125,정상,0.18790396916366203,False,fp_v1,False
2015-10-26,47,comp3,16,9.291142134621618,11.027066289532163,12.762990444442707,0.0508,주의,0.24439211060552615,True,fp_v1,False
2015-10-26,47,comp4,24,37.48745454883815,,,0.107,관찰,0.04776656900549104,True,fp_v1,False
2015-10-26,48,comp1,8,24.995508479388974,26.48728210322326,27.979055727057553,0.0307,주의,0.0035364140646267916,True,fp_v1,False
2015-10-26,48,comp2,42,35.198060078086435,,,0.3125,관찰,0.3912213947835263,False,fp_v1,False
2015-10-26,48,comp3,16,27.917434532896763,40.49922376865305,,0.0508,관찰,0.03856601151250585,True,fp_v1,False
2015-10-26,48,comp4,24,37.1499795629415,,,0.107,관찰,0.04756102505111679,True,fp_v1,False
2015-10-26,49,comp1,8,7.201036262761163,14.072484922358434,15.444198623061263,0.0307,주의,0.03857530150023443,True,fp_v1,False
2015-10-26,49,comp2,42,28.573274421500898,,,0.3125,관찰,0.4201007156542923,False,fp_v1,False
2015-10-26,49,comp3,16,7.0,7.0,7.0,0.0508,즉시,0.19709081809061146,True,fp_v1,False
2015-10-26,49,comp4,24,36.23541020452802,,,0.107,관찰,0.04756102505111679,True,fp_v1,False
2015-10-26,50,comp1,8,17.079231158784435,18.486555496055356,19.89387983332628,0.0307,주의,0.004882653690123631,True,fp_v1,False
2015-10-26,50,comp2,42,,,,0.3125,정상,0.1653040598615412,False,fp_v1,False
2015-10-26,50,comp3,16,27.021082572776955,40.407666866286796,,0.0508,관찰,0.03856601151250585,True,fp_v1,False
2015-10-26,50,comp4,24,37.49236840329116,,,0.107,관찰,0.06389455908427352,True,fp_v1,False
2015-10-26,51,comp1,8,7.0,7.0,18.057674605106296,0.0307,주의,0.07045121846970193,True,fp_v1,False
2015-10-26,51,comp2,42,24.873208971721425,,,0.3125,관찰,0.5664553539865508,False,fp_v1,False
2015-10-26,51,comp3,16,27.132303584755878,40.422600415573974,,0.0508,관찰,0.03856601151250585,True,fp_v1,False
2015-10-26,51,comp4,24,30.980706023660268,,,0.107,관찰,0.04756102505111679,True,fp_v1,False
2015-10-26,52,comp1,8,7.0,8.011991286764077,9.809704299421576,0.0307,주의,0.06119058611126139,True,fp_v1,False
2015-10-26,52,comp2,42,,,,0.3125,정상,0.20228036245345976,False,fp_v1,False
2015-10-26,52,comp3,16,27.917434532896763,40.49922376865305,,0.0508,관찰,0.03856601151250585,True,fp_v1,False
2015-10-26,52,comp4,24,7.0,22.921908041900416,,0.107,관찰,0.26000305234340615,True,fp_v1,False
2015-10-26,53,comp1,8,35.6205118315755,37.38459667784661,39.14868152411772,0.0307,주의,0.0035364140646267916,True,fp_v1,False
2015-10-26,53,comp2,42,22.464550450984085,,,0.3125,관찰,0.5210189797223918,False,fp_v1,False
2015-10-26,53,comp3,16,25.484916997630982,40.10708570834374,,0.0508,관찰,0.03856601151250585,True,fp_v1,False
2015-10-26,53,comp4,24,36.804510999482524,,,0.107,관찰,0.06269093921417924,True,fp_v1,False
2015-10-26,54,comp1,8,13.268802782999952,15.57674374954906,19.274249560291356,0.0307,주의,0.021364466507473007,True,fp_v1,False
2015-10-26,54,comp2,42,,,,0.3125,정상,0.20078947780117154,False,fp_v1,False
2015-10-26,54,comp3,16,7.0,17.39524930108491,21.615591310734995,0.0508,주의,0.09057422521467141,True,fp_v1,False
2015-10-26,54,comp4,24,37.24669737980666,,,0.107,관찰,0.04756102505111679,True,fp_v1,False
2015-10-26,55,comp1,8,7.35648716770899,7.758875354504054,16.563468949827314,0.0307,주의,0.07979043622953827,True,fp_v1,False
2015-10-26,55,comp2,42,38.94362481849754,,,0.3125,관찰,0.389388505085706,False,fp_v1,False
2015-10-26,55,comp3,16,27.917434532896763,40.49922376865305,,0.0508,관찰,0.03856601151250585,True,fp_v1,False
2015-10-26,55,comp4,24,7.54844856086519,21.228720504578387,24.807175207312984,0.107,주의,0.3059112176919985,True,fp_v1,False
2015-10-26,56,comp1,8,7.0,14.166754557006309,14.794793836187978,0.0307,주의,0.040700643524923495,True,fp_v1,False
2015-10-26,56,comp2,42,22.791695504298897,,,0.3125,관찰,0.41181027956525523,False,fp_v1,False
2015-10-26,56,comp3,16,14.19700863777208,15.016626542209114,15.836244446646146,0.0508,주의,0.1624511304060526,True,fp_v1,False
2015-10-26,56,comp4,24,37.07901375264805,,,0.107,관찰,0.04756102505111679,True,fp_v1,False
2015-10-26,57,comp1,8,10.65670059634205,13.738944468809969,14.563214818829715,0.0307,주의,0.004238207449522375,True,fp_v1,False
2015-10-26,57,comp2,42,,,,0.3125,정상,0.29432447443814325,False,fp_v1,False
2015-10-26,57,comp3,16,27.675225125646897,40.47980835793124,,0.0508,관찰,0.03856601151250585,True,fp_v1,False
2015-10-26,57,comp4,24,37.536845843239995,,,0.107,관찰,0.04756102505111679,True,fp_v1,False
2015-10-26,58,comp1,8,28.12759560654868,28.64190433076949,29.156213054990296,0.0307,주의,0.005013097455671563,True,fp_v1,False
2015-10-26,58,comp2,42,30.013055125221968,,,0.3125,관찰,0.5958541722097581,False,fp_v1,False
2015-10-26,58,comp3,16,17.088309842165835,24.948178913051787,28.532480295489453,0.0508,주의,0.03856601151250585,True,fp_v1,False
2015-10-26,58,comp4,24,36.859420672458434,,,0.107,관찰,0.047994212128624585,True,fp_v1,False
2015-10-26,59,comp1,8,35.38495742455339,36.47937259048174,37.57378775641008,0.0307,주의,0.0035364140646267916,True,fp_v1,False
2015-10-26,59,comp2,42,,,,0.3125,정상,0.1620359483310559,False,fp_v1,False
2015-10-26,59,comp3,16,27.507842141606275,40.46447741548973,,0.0508,관찰,0.03856601151250585,True,fp_v1,False
2015-10-26,59,comp4,24,21.51942715261224,22.60900678157405,23.698586410535857,0.107,주의,0.35059972196194,True,fp_v1,False
2015-10-26,60,comp1,8,7.0,10.106947464200587,13.787097954014005,0.0307,주의,0.043820418830362355,True,fp_v1,False
2015-10-26,60,comp2,42,,,,0.3125,정상,0.17977240482658882,False,fp_v1,False
2015-10-26,60,comp3,16,26.501317910606208,40.33065821306871,,0.0508,관찰,0.03856601151250585,True,fp_v1,False
2015-10-26,60,comp4,24,37.48991848312843,,,0.107,관찰,0.04756102505111679,True,fp_v1,False
2015-10-26,61,comp1,8,35.6205118315755,37.38459667784661,39.14868152411772,0.0307,주의,0.0035364140646267916,True,fp_v1,False
2015-10-26,61,comp2,42,,,,0.3125,정상,0.16598012537261125,False,fp_v1,False
2015-10-26,61,comp3,16,27.917434532896763,40.49922376865305,,0.0508,관찰,0.03856601151250585,True,fp_v1,False
2015-10-26,61,comp4,24,37.07546323655428,,,0.107,관찰,0.05153290660248371,True,fp_v1,False
2015-10-26,62,comp1,8,35.462342878145726,36.77676111098971,38.091179343833694,0.0307,주의,0.0035364140646267916,True,fp_v1,False
2015-10-26,62,comp2,42,,,,0.3125,정상,0.14948091612938785,False,fp_v1,False
2015-10-26,62,comp3,16,27.917434532896763,40.49922376865305,,0.0508,관찰,0.03856601151250585,True,fp_v1,False
2015-10-26,62,comp4,24,29.32602054140092,32.30019391710355,,0.107,관찰,0.05929457734743557,True,fp_v1,False
2015-10-26,63,comp1,8,28.16116824307004,29.033882681937136,29.906597120804232,0.0307,주의,0.0035364140646267916,True,fp_v1,False
2015-10-26,63,comp2,42,29.443852943756063,,,0.3125,관찰,0.4793460188141467,False,fp_v1,False
2015-10-26,63,comp3,16,27.917434532896763,40.49922376865305,,0.0508,관찰,0.03856601151250585,True,fp_v1,False
2015-10-26,63,comp4,24,37.51892333596837,,,0.107,관찰,0.04756102505111679,True,fp_v1,False
2015-10-26,64,comp1,8,7.0,7.0,7.0,0.0307,즉시,0.1531689948877649,True,fp_v1,False
2015-10-26,64,comp2,42,,,,0.3125,정상,0.21790534772988213,False,fp_v1,False
2015-10-26,64,comp3,16,20.05718889015308,40.43652161206369,,0.0508,관찰,0.03856601151250585,True,fp_v1,False
2015-10-26,64,comp4,24,7.0,21.086094318708263,23.119017646632184,0.107,주의,0.3673692410409903,True,fp_v1,False
2015-10-26,65,comp1,8,9.09938217180434,16.754973336048856,18.616681726094463,0.0307,주의,0.026603792238965678,True,fp_v1,False
2015-10-26,65,comp2,42,21.465548403711733,28.628552447164054,28.628552447164054,0.3125,주의,0.6886455168897447,False,fp_v1,False
2015-10-26,65,comp3,16,27.917434532896763,40.49922376865305,,0.0508,관찰,0.03856601151250585,True,fp_v1,False
2015-10-26,65,comp4,24,29.231789924431812,,,0.107,관찰,0.08797246977962869,True,fp_v1,False
2015-10-26,66,comp1,8,35.48150943531853,37.12823339510555,38.77495735489257,0.0307,주의,0.0035364140646267916,True,fp_v1,False
2015-10-26,66,comp2,42,22.531110262814888,,,0.3125,관찰,0.5400118920304798,False,fp_v1,False
2015-10-26,66,comp3,16,25.981616367283248,40.19862919265884,,0.0508,관찰,0.03856601151250585,True,fp_v1,False
2015-10-26,66,comp4,24,37.30868371487315,,,0.107,관찰,0.04756102505111679,True,fp_v1,False
2015-10-26,67,comp1,8,18.12513191788794,20.71792052021396,36.495307928510165,0.0307,주의,0.004647240217752486,True,fp_v1,False
2015-10-26,67,comp2,42,,,,0.3125,정상,0.3093541450124828,False,fp_v1,False
2015-10-26,67,comp3,16,24.574453386937027,39.53574097248141,,0.0508,관찰,0.03856601151250585,True,fp_v1,False
2015-10-26,67,comp4,24,7.0,7.805075012250206,17.647935242024495,0.107,주의,0.6856964429829081,True,fp_v1,False
2015-10-26,68,comp1,8,7.0,15.859174562575726,24.848982077219237,0.0307,주의,0.03722520946586514,True,fp_v1,False
2015-10-26,68,comp2,42,,,,0.3125,정상,0.15957176439201456,False,fp_v1,False
2015-10-26,68,comp3,16,26.899596460343258,40.40801448771533,,0.0508,관찰,0.03856601151250585,True,fp_v1,False
2015-10-26,68,comp4,24,37.24669737980666,,,0.107,관찰,0.04756102505111679,True,fp_v1,False
2015-10-26,69,comp1,8,21.353227539924916,21.84588068838169,22.33853383683847,0.0307,주의,0.0035364140646267916,True,fp_v1,False
2015-10-26,69,comp2,42,,,,0.3125,정상,0.16543768032211353,False,fp_v1,False
2015-10-26,69,comp3,16,7.0,7.0,24.174262584874825,0.0508,주의,0.1500740480786039,True,fp_v1,False
2015-10-26,69,comp4,24,37.18161928744549,,,0.107,관찰,0.04756102505111679,True,fp_v1,False
2015-10-26,70,comp1,8,10.351117605086625,13.406153544053169,14.795884900719985,0.0307,주의,0.007073126556423492,True,fp_v1,False
2015-10-26,70,comp2,42,32.72820063356154,,,0.3125,관찰,0.5204911678989445,False,fp_v1,False
2015-10-26,70,comp3,16,27.917434532896763,40.49922376865305,,0.0508,관찰,0.03856601151250585,True,fp_v1,False
2015-10-26,70,comp4,24,36.988807849189904,,,0.107,관찰,0.05755467819888736,True,fp_v1,False
2015-10-26,71,comp1,8,15.129761172701254,19.75280083985806,25.639020456338187,0.0307,주의,0.0050574278526604195,True,fp_v1,False
2015-10-26,71,comp2,42,23.145055286285945,40.24534673032877,40.24534673032877,0.3125,주의,0.604424484752372,False,fp_v1,False
2015-10-26,71,comp3,16,26.043351605615644,36.90825263271233,39.206320010784474,0.0508,주의,0.04177577918621885,True,fp_v1,False
2015-10-26,71,comp4,24,24.925070240030298,26.590349894808426,,0.107,관찰,0.04756102505111679,True,fp_v1,False
2015-10-26,72,comp1,8,35.23238602950114,36.591769635326905,37.95115324115267,0.0307,주의,0.0035364140646267916,True,fp_v1,False
2015-10-26,72,comp2,42,22.674622856216395,34.438685916043674,34.438685916043674,0.3125,주의,0.6127449384781098,False,fp_v1,False
2015-10-26,72,comp3,16,27.021082572776955,40.407666866286796,,0.0508,관찰,0.03856601151250585,True,fp_v1,False
2015-10-26,72,comp4,24,37.352513470039725,,,0.107,관찰,0.0480628022632367,True,fp_v1,False
2015-10-26,73,comp1,8,7.0,7.0,7.268409487333859,0.0307,주의,0.17281167903813907,True,fp_v1,False
2015-10-26,73,comp2,42,32.61486158116169,,,0.3125,관찰,0.3745363532583805,False,fp_v1,False
2015-10-26,73,comp3,16,16.85664137906174,20.424533232297758,21.865925851409138,0.0508,주의,0.03857967299981238,True,fp_v1,False
2015-10-26,73,comp4,24,33.84207739623218,,,0.107,관찰,0.04793765473480356,True,fp_v1,False
2015-10-26,74,comp1,8,24.6370587021216,25.619526771530055,26.601994840938513,0.0307,주의,0.0037122599131421356,True,fp_v1,False
2015-10-26,74,comp2,42,,,,0.3125,정상,0.1680337670796788,False,fp_v1,False
2015-10-26,74,comp3,16,26.8518429760287,40.09222108324712,,0.0508,관찰,0.03856601151250585,True,fp_v1,False
2015-10-26,74,comp4,24,37.05446824166045,,,0.107,관찰,0.050522748887406786,True,fp_v1,False
2015-10-26,75,comp1,8,12.049805325985584,14.965871921508569,21.60869279934025,0.0307,주의,0.004263659025703699,True,fp_v1,False
2015-10-26,75,comp2,42,,,,0.3125,정상,0.263798977922284,False,fp_v1,False
2015-10-26,75,comp3,16,27.718917400183418,40.48353623462542,,0.0508,관찰,0.03856601151250585,True,fp_v1,False
2015-10-26,75,comp4,24,13.059997396691571,18.934786689038457,21.866077057655673,0.107,주의,0.46502207783361205,True,fp_v1,False
2015-10-26,76,comp1,8,17.91143616954059,20.356855496505954,36.10338069528589,0.0307,주의,0.004513595864952218,True,fp_v1,False
2015-10-26,76,comp2,42,28.705615884578087,,,0.3125,관찰,0.5075153882567833,False,fp_v1,False
2015-10-26,76,comp3,16,18.332104833600877,31.729712188303004,37.86328482480189,0.0508,주의,0.03856601151250585,True,fp_v1,False
2015-10-26,76,comp4,24,37.07901375264805,,,0.107,관찰,0.04756102505111679,True,fp_v1,False
2015-10-26,77,comp1,8,9.178632103170019,10.568594017592902,11.958555932015786,0.0307,주의,0.004667274458005002,True,fp_v1,False
2015-10-26,77,comp2,42,,,,0.3125,정상,0.1463109185865419,False,fp_v1,False
2015-10-26,77,comp3,16,25.12386377739139,39.31599440475682,,0.0508,관찰,0.03856601151250585,True,fp_v1,False
2015-10-26,77,comp4,24,15.470534635034449,40.89551329859265,,0.107,관찰,0.1338477529587579,True,fp_v1,False
2015-10-26,78,comp1,8,21.23656237435591,21.560107437083747,21.883652499811586,0.0307,주의,0.0035364140646267916,True,fp_v1,False
2015-10-26,78,comp2,42,22.030646027921353,,,0.3125,관찰,0.5648268254639476,False,fp_v1,False
2015-10-26,78,comp3,16,27.917434532896763,40.49922376865305,,0.0508,관찰,0.03856601151250585,True,fp_v1,False
2015-10-26,78,comp4,24,7.684679538952599,21.571158157883776,23.57862258363815,0.107,주의,0.343459866771375,True,fp_v1,False
2015-10-26,79,comp1,8,7.0,7.539951296701061,15.48360987313898,0.0307,주의,0.07277486424560835,True,fp_v1,False
2015-10-26,79,comp2,42,22.819190187262954,,,0.3125,관찰,0.3183673017121111,False,fp_v1,False
2015-10-26,79,comp3,16,27.917434532896763,40.49922376865305,,0.0508,관찰,0.03856601151250585,True,fp_v1,False
2015-10-26,79,comp4,24,28.1555785348493,34.004145973460425,,0.107,관찰,0.07242116183157107,True,fp_v1,False
2015-10-26,80,comp1,8,15.112196079688742,18.910807357297255,25.841521118416434,0.0307,주의,0.01779061347983446,True,fp_v1,False
2015-10-26,80,comp2,42,,,,0.3125,정상,0.24837854886397026,False,fp_v1,False
2015-10-26,80,comp3,16,27.7639994193378,40.48727352386993,,0.0508,관찰,0.03856601151250585,True,fp_v1,False
2015-10-26,80,comp4,24,37.47187935262022,,,0.107,관찰,0.04756102505111679,True,fp_v1,False
2015-10-26,81,comp1,8,28.225352901263356,29.568766942495543,30.91218098372773,0.0307,주의,0.004502971143299701,True,fp_v1,False
2015-10-26,81,comp2,42,32.06723356188274,,,0.3125,관찰,0.41799325907768475,False,fp_v1,False
2015-10-26,81,comp3,16,25.61773484387528,40.08917772099185,,0.0508,관찰,0.03856601151250585,True,fp_v1,False
2015-10-26,81,comp4,24,37.49236840329116,,,0.107,관찰,0.06416288505691427,True,fp_v1,False
2015-10-26,82,comp1,8,28.05397854964216,28.364559974755586,28.675141399869016,0.0307,주의,0.0035364140646267916,True,fp_v1,False
2015-10-26,82,comp2,42,,,,0.3125,정상,0.16230829351773549,False,fp_v1,False
2015-10-26,82,comp3,16,27.917434532896763,40.49922376865305,,0.0508,관찰,0.03856601151250585,True,fp_v1,False
2015-10-26,82,comp4,24,33.77635148200455,,,0.107,관찰,0.05219635901130116,True,fp_v1,False
2015-10-26,83,comp1,8,28.58029218868255,30.2300345535706,31.879776918458653,0.0307,주의,0.0035364140646267916,True,fp_v1,False
2015-10-26,83,comp2,42,36.69244779529106,,,0.3125,관찰,0.34340301076398877,False,fp_v1,False
2015-10-26,83,comp3,16,19.84604704339523,40.308694209174924,,0.0508,관찰,0.03856601151250585,True,fp_v1,False
2015-10-26,83,comp4,24,17.300283719160866,22.18420858118479,,0.107,관찰,0.2636955192186192,True,fp_v1,False
2015-10-26,84,comp1,8,22.266924165904733,24.11591037657284,29.290814311852145,0.0307,주의,0.003974078688334114,True,fp_v1,False
2015-10-26,84,comp2,42,30.999358986694116,,,0.3125,관찰,0.557941878859923,False,fp_v1,False
2015-10-26,84,comp3,16,27.917434532896763,40.49922376865305,,0.0508,관찰,0.03856601151250585,True,fp_v1,False
2015-10-26,84,comp4,24,36.47718002232369,,,0.107,관찰,0.051568607789974685,True,fp_v1,False
2015-10-26,85,comp1,8,7.0,14.834723824724287,16.093841002674395,0.0307,주의,0.03741255286986907,True,fp_v1,False
2015-10-26,85,comp2,42,,,,0.3125,정상,0.30520434381495853,False,fp_v1,False
2015-10-26,85,comp3,16,7.0,14.15520241048366,14.738763390697944,0.0508,주의,0.26203403564330363,True,fp_v1,False
2015-10-26,85,comp4,24,16.42241771876012,18.46193536441057,20.501453010061027,0.107,주의,0.34715546280623494,True,fp_v1,False
2015-10-26,86,comp1,8,12.526409808085742,20.319959786423716,35.91165409876066,0.0307,주의,0.006534387821104364,True,fp_v1,False
2015-10-26,86,comp2,42,,,,0.3125,정상,0.26413153801999295,False,fp_v1,False
2015-10-26,86,comp3,16,19.357620273561405,39.7895536557499,,0.0508,관찰,0.03856601151250585,True,fp_v1,False
2015-10-26,86,comp4,24,37.47187935262022,,,0.107,관찰,0.047994212128624585,True,fp_v1,False
2015-10-26,87,comp1,8,10.631048328643015,14.209712933935176,15.42590853521222,0.0307,주의,0.010857641326874634,True,fp_v1,False
2015-10-26,87,comp2,42,32.850722156553196,,,0.3125,관찰,0.3548868650889211,False,fp_v1,False
2015-10-26,87,comp3,16,27.917434532896763,40.49922376865305,,0.0508,관찰,0.03856601151250585,True,fp_v1,False
2015-10-26,87,comp4,24,33.03781668776806,41.549374936819476,,0.107,관찰,0.0808017698055569,True,fp_v1,False
2015-10-26,88,comp1,8,35.58869792926376,37.26233740428968,38.93597687931559,0.0307,주의,0.0035364140646267916,True,fp_v1,False
2015-10-26,88,comp2,42,37.527606698863806,,,0.3125,관찰,0.503895879060109,False,fp_v1,False
2015-10-26,88,comp3,16,26.89382731993372,40.38877575894148,,0.0508,관찰,0.03856601151250585,True,fp_v1,False
2015-10-26,88,comp4,24,7.918871184900692,20.622510204114192,22.31726922665232,0.107,주의,0.44690659984277636,True,fp_v1,False
2015-10-26,89,comp1,8,7.0,12.30399111853054,14.36287443816749,0.0307,주의,0.05164370391290301,True,fp_v1,False
2015-10-26,89,comp2,42,,,,0.3125,정상,0.2720720962591945,False,fp_v1,False
2015-10-26,89,comp3,16,24.54899697914614,39.68089227208733,,0.0508,관찰,0.03856601151250585,True,fp_v1,False
2015-10-26,89,comp4,24,9.07369430615644,12.207244721969943,24.419554699061095,0.107,주의,0.30733819339233087,True,fp_v1,False
2015-10-26,90,comp1,8,21.460381799951953,22.10614367737072,22.751905554789488,0.0307,주의,0.0042164460965017974,True,fp_v1,False
2015-10-26,90,comp2,42,,,,0.3125,정상,0.22886172689709583,False,fp_v1,False
2015-10-26,90,comp3,16,7.0,7.958448039252227,21.625966007429,0.0508,주의,0.1282975164336325,True,fp_v1,False
2015-10-26,90,comp4,24,37.22131503800025,,,0.107,관찰,0.05051884315283353,True,fp_v1,False
2015-10-26,91,comp1,8,7.0,7.0,7.0,0.0307,즉시,0.19494712473780157,True,fp_v1,False
2015-10-26,91,comp2,42,22.835773861705043,34.75814196691125,34.75814196691125,0.3125,주의,0.6074590050560815,False,fp_v1,False
2015-10-26,91,comp3,16,27.917434532896763,40.49922376865305,,0.0508,관찰,0.03856601151250585,True,fp_v1,False
2015-10-26,91,comp4,24,37.18347611411496,,,0.107,관찰,0.048303007739785644,True,fp_v1,False
2015-10-26,92,comp1,8,7.0,7.0,7.0,0.0307,즉시,0.5924878517201122,True,fp_v1,False
2015-10-26,92,comp2,42,,,,0.3125,정상,0.21783195817937193,False,fp_v1,False
2015-10-26,92,comp3,16,7.0,14.046864126132778,15.634928798571497,0.0508,주의,0.1639787434897966,True,fp_v1,False
2015-10-26,92,comp4,24,37.40716034133868,,,0.107,관찰,0.050522748887406786,True,fp_v1,False
2015-10-26,93,comp1,8,7.0,7.0,7.0,0.0307,즉시,0.2182216473384403,True,fp_v1,False
2015-10-26,93,comp2,42,37.637325698737904,,,0.3125,관찰,0.4368975309758916,False,fp_v1,False
2015-10-26,93,comp3,16,27.917434532896763,40.49922376865305,,0.0508,관찰,0.03856601151250585,True,fp_v1,False
2015-10-26,93,comp4,24,18.131991297028573,22.78636792355916,26.702646932133383,0.107,주의,0.24907978729764535,True,fp_v1,False
2015-10-26,94,comp1,8,9.492964247918255,13.066354062289346,17.287624033482043,0.0307,주의,0.017872169007217657,True,fp_v1,False
2015-10-26,94,comp2,42,,,,0.3125,정상,0.22061848052537383,False,fp_v1,False
2015-10-26,94,comp3,16,27.917434532896763,39.95114163766269,,0.0508,관찰,0.03856601151250585,True,fp_v1,False
2015-10-26,94,comp4,24,24.962872698165537,26.72595495056555,,0.107,관찰,0.04856405433526124,True,fp_v1,False
2015-10-26,95,comp1,8,35.57321323913239,37.20283049601528,38.83244775289816,0.0307,주의,0.0035364140646267916,True,fp_v1,False
2015-10-26,95,comp2,42,21.458314319127375,29.730989096047853,29.730989096047853,0.3125,주의,0.7165319120517508,False,fp_v1,False
2015-10-26,95,comp3,16,21.35404485378402,22.828633614462024,24.408219899878265,0.0508,주의,0.03857967299981238,True,fp_v1,False
2015-10-26,95,comp4,24,37.40797449526062,,,0.107,관찰,0.04826335677205907,True,fp_v1,False
2015-10-26,96,comp1,8,29.879676000039865,35.641297908641405,37.864000618729406,0.0307,주의,0.0035364140646267916,True,fp_v1,False
2015-10-26,96,comp2,42,,,,0.3125,정상,0.19493489260310368,False,fp_v1,False
2015-10-26,96,comp3,16,14.113723638092917,15.288458484006048,20.856304554427354,0.0508,주의,0.13228958427314597,True,fp_v1,False
2015-10-26,96,comp4,24,36.50730048982305,,,0.107,관찰,0.04826335677205907,True,fp_v1,False
2015-10-26,97,comp1,8,35.50608142380875,36.9448462068324,38.38361098985605,0.0307,주의,0.0035364140646267916,True,fp_v1,False
2015-10-26,97,comp2,42,,,,0.3125,정상,0.14607958952962244,False,fp_v1,False
2015-10-26,97,comp3,16,10.744209453813944,14.653204116266677,18.389605518080174,0.0508,주의,0.11558254406501323,True,fp_v1,False
2015-10-26,97,comp4,24,15.602858620926998,24.327218958169787,25.41377638728661,0.107,주의,0.1817767344956392,True,fp_v1,False
2015-10-26,98,comp1,8,17.158191318771355,18.555120958847425,19.9520505989235,0.0307,주의,0.0035364140646267916,True,fp_v1,False
2015-10-26,98,comp2,42,23.652971447413538,,,0.3125,관찰,0.583004880174799,False,fp_v1,False
2015-10-26,98,comp3,16,7.0,7.0,7.0,0.0508,즉시,0.7563481065224162,True,fp_v1,False
2015-10-26,98,comp4,24,33.81932052257681,,,0.107,관찰,0.04892442605704861,True,fp_v1,False
2015-10-26,99,comp1,8,7.0,7.0,7.0,0.0307,즉시,0.2699701011916962,True,fp_v1,False
2015-10-26,99,comp2,42,,,,0.3125,정상,0.27952681466462176,False,fp_v1,False
2015-10-26,99,comp3,16,16.505907895817387,18.613002771331846,20.720097646846305,0.0508,주의,0.03857967299981238,True,fp_v1,False
2015-10-26,99,comp4,24,11.749429403763713,19.977308598441503,34.867076873705514,0.107,주의,0.23412934455136605,True,fp_v1,False
2015-10-26,100,comp1,8,28.08993749391622,28.444421673129334,28.79890585234245,0.0307,주의,0.0036012798868749743,True,fp_v1,False
2015-10-26,100,comp2,42,31.234394454438856,,,0.3125,관찰,0.3820916940081914,False,fp_v1,False
2015-10-26,100,comp3,16,27.5666304014462,40.47006146980026,,0.0508,관찰,0.03856601151250585,True,fp_v1,False
2015-10-26,100,comp4,24,37.536845843239995,,,0.107,관찰,0.04756102505111679,True,fp_v1,False
2015-11-02,1,comp1,8,14.25838598445746,14.550413995007572,14.842442005557682,0.0307,주의,0.0035364140646267916,True,fp_v1,False
2015-11-02,1,comp2,42,,,,0.3125,정상,0.1453167091848824,False,fp_v1,False
2015-11-02,1,comp3,16,14.886648689793356,26.531788969120985,30.143140227660286,0.0508,주의,0.060847657649048335,True,fp_v1,False
2015-11-02,1,comp4,24,36.486304238767026,,,0.107,관찰,0.056056436710373476,True,fp_v1,False
2015-11-02,2,comp1,8,35.6205118315755,37.38459667784661,39.14868152411772,0.0307,주의,0.0035364140646267916,True,fp_v1,False
2015-11-02,2,comp2,42,30.747044370297626,,,0.3125,관찰,0.3898824508490119,False,fp_v1,False
2015-11-02,2,comp3,16,12.626628898067642,26.92618138085705,40.480433281200426,0.0508,주의,0.06125296632179138,True,fp_v1,False
2015-11-02,2,comp4,24,37.57254235837531,,,0.107,관찰,0.04826335677205907,True,fp_v1,False
2015-11-02,3,comp1,8,7.0,9.80284974184247,12.279486266254093,0.0307,주의,0.03904919757308969,True,fp_v1,False
2015-11-02,3,comp2,42,,,,0.3125,정상,0.19872846902749264,False,fp_v1,False
2015-11-02,3,comp3,16,26.692686798150053,40.422600415573974,,0.0508,관찰,0.03856601151250585,True,fp_v1,False
2015-11-02,3,comp4,24,37.35197753917943,,,0.107,관찰,0.04756102505111679,True,fp_v1,False
2015-11-02,4,comp1,8,8.499112973991796,9.324533620131113,10.14995426627043,0.0307,주의,0.012135493250294472,True,fp_v1,False
2015-11-02,4,comp2,42,,,,0.3125,정상,0.16940587206459545,False,fp_v1,False
2015-11-02,4,comp3,16,27.917434532896763,40.49922376865305,,0.0508,관찰,0.03856601151250585,True,fp_v1,False
2015-11-02,4,comp4,24,37.38649501123132,,,0.107,관찰,0.051568607789974685,True,fp_v1,False
2015-11-02,5,comp1,8,16.850274471318084,17.98698512341116,19.12369577550424,0.0307,주의,0.005427171090223748,True,fp_v1,False
2015-11-02,5,comp2,42,,,,0.3125,정상,0.22694897519672413,False,fp_v1,False
2015-11-02,5,comp3,16,27.607000739201148,40.48579349730155,,0.0508,관찰,0.03856601151250585,True,fp_v1,False
2015-11-02,5,comp4,24,37.47443615051723,,,0.107,관찰,0.05051884315283353,True,fp_v1,False
2015-11-02,6,comp1,8,7.0,7.0,7.621318492071369,0.0307,주의,0.10650211858101227,True,fp_v1,False
2015-11-02,6,comp2,42,,,,0.3125,정상,0.18207013127167745,False,fp_v1,False
2015-11-02,6,comp3,16,26.63467297611011,40.35685708520882,,0.0508,관찰,0.03856601151250585,True,fp_v1,False
2015-11-02,6,comp4,24,37.34294333002245,,,0.107,관찰,0.0507209918841543,True,fp_v1,False
2015-11-02,7,comp1,8,7.0,7.0,7.0,0.0307,즉시,0.5458070534541649,True,fp_v1,False
2015-11-02,7,comp2,42,,,,0.3125,정상,0.2876372907764754,False,fp_v1,False
2015-11-02,7,comp3,16,27.718917400183418,40.48353623462542,,0.0508,관찰,0.03856601151250585,True,fp_v1,False
2015-11-02,7,comp4,24,35.27533592955865,,,0.107,관찰,0.04793765473480356,True,fp_v1,False
2015-11-02,8,comp1,8,15.489001709111102,17.04347335377863,18.54195621941244,0.0307,주의,0.0035364140646267916,True,fp_v1,False
2015-11-02,8,comp2,42,,,,0.3125,정상,0.17887204678776478,False,fp_v1,False
2015-11-02,8,comp3,16,24.764551983220123,36.92959108443889,41.722303723074354,0.0508,주의,0.03856601151250585,True,fp_v1,False
2015-11-02,8,comp4,24,32.03522307697091,,,0.107,관찰,0.04756102505111679,True,fp_v1,False
2015-11-02,9,comp1,8,10.04093996024127,12.445078433229838,21.138017092560055,0.0307,주의,0.004637565522496036,True,fp_v1,False
2015-11-02,9,comp2,42,,,,0.3125,정상,0.1903969359308776,False,fp_v1,False
2015-11-02,9,comp3,16,12.942703236611747,24.43683591850572,27.687036000495837,0.0508,주의,0.056933852860310885,True,fp_v1,False
2015-11-02,9,comp4,24,37.419964832031695,,,0.107,관찰,0.04756102505111679,True,fp_v1,False
2015-11-02,10,comp1,8,29.91034694299913,35.371265113842426,37.19547410628323,0.0307,주의,0.0035364140646267916,True,fp_v1,False
2015-11-02,10,comp2,42,,,,0.3125,정상,0.1486922610015586,False,fp_v1,False
2015-11-02,10,comp3,16,27.917434532896763,40.49922376865305,,0.0508,관찰,0.03856601151250585,True,fp_v1,False
2015-11-02,10,comp4,24,31.22682901997532,,,0.107,관찰,0.06670408437341131,True,fp_v1,False
2015-11-02,11,comp1,8,14.732655266140501,24.97956500043286,27.65342190982043,0.0307,주의,0.02271427178970841,True,fp_v1,False
2015-11-02,11,comp2,42,,,,0.3125,정상,0.2844622843242009,False,fp_v1,False
2015-11-02,11,comp3,16,14.257526621783448,15.328918376327172,28.9494973278932,0.0508,주의,0.1333384988943076,True,fp_v1,False
2015-11-02,11,comp4,24,37.48991848312843,,,0.107,관찰,0.04756102505111679,True,fp_v1,False
2015-11-02,12,comp1,8,29.412753592388746,34.28112655824238,37.11872821973442,0.0307,주의,0.0035364140646267916,True,fp_v1,False
2015-11-02,12,comp2,42,,,,0.3125,정상,0.29230326298089965,False,fp_v1,False
2015-11-02,12,comp3,16,18.247283196521707,35.91306588081358,,0.0508,관찰,0.04083443223967188,True,fp_v1,False
2015-11-02,12,comp4,24,19.082862299201736,,,0.107,관찰,0.16881247675853495,True,fp_v1,False
2015-11-02,13,comp1,8,35.58449948359471,37.24620298253479,38.90790648147487,0.0307,주의,0.0035364140646267916,True,fp_v1,False
2015-11-02,13,comp2,42,35.650971600989195,41.55505736944736,41.55505736944736,0.3125,주의,0.6216665223542795,False,fp_v1,False
2015-11-02,13,comp3,16,16.55312543323227,18.856880277772436,25.710897450973953,0.0508,주의,0.03857967299981238,True,fp_v1,False
2015-11-02,13,comp4,24,16.439416968291162,19.600473287557783,,0.107,관찰,0.261373201584102,True,fp_v1,False
2015-11-02,14,comp1,8,24.26197653199867,24.68306392927751,25.104151326556345,0.0307,주의,0.0035864395053640556,True,fp_v1,False
2015-11-02,14,comp2,42,22.440395219210313,,,0.3125,관찰,0.4698418987054091,False,fp_v1,False
2015-11-02,14,comp3,16,27.65363568545983,40.47792647261652,,0.0508,관찰,0.03856601151250585,True,fp_v1,False
2015-11-02,14,comp4,24,37.49236840329116,,,0.107,관찰,0.04971797753316018,True,fp_v1,False
2015-11-02,15,comp1,8,9.415314952698665,11.057805253813846,12.700295554929031,0.0307,주의,0.004245842351025433,True,fp_v1,False
2015-11-02,15,comp2,42,,,,0.3125,정상,0.27429029746404743,False,fp_v1,False
2015-11-02,15,comp3,16,27.675225125646897,40.47980835793124,,0.0508,관찰,0.03856601151250585,True,fp_v1,False
2015-11-02,15,comp4,24,37.48745454883815,,,0.107,관찰,0.04756102505111679,True,fp_v1,False
2015-11-02,16,comp1,8,17.512567235262814,24.421419373267902,26.189279026155013,0.0307,주의,0.004590678868460815,True,fp_v1,False
2015-11-02,16,comp2,42,33.970334875599214,,,0.3125,관찰,0.4817966962963687,False,fp_v1,False
2015-11-02,16,comp3,16,24.897513748582373,28.959307885656933,34.631932951184496,0.0508,주의,0.03856601151250585,True,fp_v1,False
2015-11-02,16,comp4,24,37.536845843239995,,,0.107,관찰,0.04756102505111679,True,fp_v1,False
2015-11-02,17,comp1,8,13.149236723199515,15.348075795251683,17.371074284612096,0.0307,주의,0.004304445601159774,True,fp_v1,False
2015-11-02,17,comp2,42,29.956634573995284,,,0.3125,관찰,0.3965852199622388,False,fp_v1,False
2015-11-02,17,comp3,16,27.917434532896763,38.19418679594076,41.404637937364335,0.0508,주의,0.03856601151250585,True,fp_v1,False
2015-11-02,17,comp4,24,37.18866808932978,,,0.107,관찰,0.04756102505111679,True,fp_v1,False
2015-11-02,18,comp1,8,24.4427769623103,25.075856146444718,25.70893533057913,0.0307,주의,0.0035364140646267916,True,fp_v1,False
2015-11-02,18,comp2,42,,,,0.3125,정상,0.272230401160542,False,fp_v1,False
2015-11-02,18,comp3,16,25.10721309851966,38.66376075713785,,0.0508,관찰,0.03856601151250585,True,fp_v1,False
2015-11-02,18,comp4,24,37.46785963801708,,,0.107,관찰,0.04756102505111679,True,fp_v1,False
2015-11-02,19,comp1,8,7.06871688532991,7.153631057303824,7.238545229277738,0.0307,주의,0.36736969489675114,True,fp_v1,False
2015-11-02,19,comp2,42,,,,0.3125,정상,0.17124484204044418,False,fp_v1,False
2015-11-02,19,comp3,16,27.718917400183418,40.48353623462542,,0.0508,관찰,0.03856601151250585,True,fp_v1,False
2015-11-02,19,comp4,24,7.354546718381559,7.725779061612976,8.851707831477045,0.107,주의,0.7519254630365987,True,fp_v1,False
2015-11-02,20,comp1,8,29.998739364080482,35.70930239480418,37.80734276656155,0.0307,주의,0.0035364140646267916,True,fp_v1,False
2015-11-02,20,comp2,42,32.84550417574242,,,0.3125,관찰,0.5499520676870503,False,fp_v1,False
2015-11-02,20,comp3,16,27.917434532896763,40.49922376865305,,0.0508,관찰,0.03856601151250585,True,fp_v1,False
2015-11-02,20,comp4,24,10.015233490525137,12.339102907760033,16.777188401731614,0.107,주의,0.7558198258811669,True,fp_v1,False
2015-11-02,21,comp1,8,29.542609769571094,33.92817404044194,37.045043157618565,0.0307,주의,0.0035364140646267916,True,fp_v1,False
2015-11-02,21,comp2,42,7.0,,,0.3125,관찰,0.44230054946302566,False,fp_v1,False
2015-11-02,21,comp3,16,16.345835151355885,17.78623068821026,19.22662622506463,0.0508,주의,0.03857967299981238,True,fp_v1,False
2015-11-02,21,comp4,24,17.86062911226196,24.59442612179361,29.280917650389583,0.107,주의,0.19720444891928057,True,fp_v1,False
2015-11-02,22,comp1,8,7.0,8.859758815820442,14.098643303964383,0.0307,주의,0.05639477156088862,True,fp_v1,False
2015-11-02,22,comp2,42,,,,0.3125,정상,0.19259258747195096,False,fp_v1,False
2015-11-02,22,comp3,16,7.0,7.0,7.0,0.0508,즉시,0.2952818519544089,True,fp_v1,False
2015-11-02,22,comp4,24,16.233779123281845,17.54034496033628,18.846910797390716,0.107,주의,0.6474418121363574,True,fp_v1,False
2015-11-02,23,comp1,8,14.500255213408517,15.065643986509953,15.63103275961139,0.0307,주의,0.0035364140646267916,True,fp_v1,False
2015-11-02,23,comp2,42,41.43893308913623,,,0.3125,관찰,0.3239951334984361,False,fp_v1,False
2015-11-02,23,comp3,16,14.272887915061293,15.408187481710167,28.759178984652088,0.0508,주의,0.12800360536113042,True,fp_v1,False
2015-11-02,23,comp4,24,31.941712440341377,,,0.107,관찰,0.04756102505111679,True,fp_v1,False
2015-11-02,24,comp1,8,8.352100615781644,8.755061102000722,9.158021588219802,0.0307,주의,0.003874523177967294,True,fp_v1,False
2015-11-02,24,comp2,42,,,,0.3125,정상,0.22379389077974604,False,fp_v1,False
2015-11-02,24,comp3,16,26.437193974113697,38.09854643162534,41.76169627274155,0.0508,주의,0.03856601151250585,True,fp_v1,False
2015-11-02,24,comp4,24,12.461470159690933,14.918811815284869,21.32932485866476,0.107,주의,0.4911286090177417,True,fp_v1,False
2015-11-02,25,comp1,8,9.17164686166748,10.497372425312138,11.823097988956796,0.0307,주의,0.0035677503382625965,True,fp_v1,False
2015-11-02,25,comp2,42,,,,0.3125,정상,0.19310120958051685,False,fp_v1,False
2015-11-02,25,comp3,16,27.917434532896763,40.49922376865305,,0.0508,관찰,0.03856601151250585,True,fp_v1,False
2015-11-02,25,comp4,24,10.384698322214575,12.952503205480093,18.194740919074174,0.107,주의,0.5610351782908742,True,fp_v1,False
2015-11-02,26,comp1,8,7.0,7.0,7.0,0.0307,즉시,0.6476673898873886,True,fp_v1,False
2015-11-02,26,comp2,42,,,,0.3125,정상,0.17100868660139182,False,fp_v1,False
2015-11-02,26,comp3,16,27.7639994193378,40.48727352386993,,0.0508,관찰,0.03856601151250585,True,fp_v1,False
2015-11-02,26,comp4,24,37.40716034133868,,,0.107,관찰,0.05010262436137241,True,fp_v1,False
2015-11-02,27,comp1,8,28.839274096926967,31.802345609934186,34.76541712294141,0.0307,주의,0.0035364140646267916,True,fp_v1,False
2015-11-02,27,comp2,42,29.919311089917045,,,0.3125,관찰,0.5121646711694031,False,fp_v1,False
2015-11-02,27,comp3,16,26.12130286530306,40.29612073565127,,0.0508,관찰,0.03856601151250585,True,fp_v1,False
2015-11-02,27,comp4,24,36.55663332285611,,,0.107,관찰,0.04756102505111679,True,fp_v1,False
2015-11-02,28,comp1,8,24.491343819644868,25.228403845416565,25.965463871188263,0.0307,주의,0.0036012798868749743,True,fp_v1,False
2015-11-02,28,comp2,42,31.73111294495366,41.969310857064045,41.969310857064045,0.3125,주의,0.6010102661388992,False,fp_v1,False
2015-11-02,28,comp3,16,17.064370636482266,37.034076244693665,,0.0508,관찰,0.03856601151250585,True,fp_v1,False
2015-11-02,28,comp4,24,37.536845843239995,,,0.107,관찰,0.04756102505111679,True,fp_v1,False
2015-11-02,29,comp1,8,35.58232370573618,37.23784157443719,38.8933594431382,0.0307,주의,0.0035364140646267916,True,fp_v1,False
2015-11-02,29,comp2,42,,,,0.3125,정상,0.23443127670134087,False,fp_v1,False
2015-11-02,29,comp3,16,26.89382731993372,40.38877575894148,,0.0508,관찰,0.03856601151250585,True,fp_v1,False
2015-11-02,29,comp4,24,36.43389405347621,,,0.107,관찰,0.04869056862445559,True,fp_v1,False
2015-11-02,30,comp1,8,7.0,13.541154502779909,14.601707555518267,0.0307,주의,0.03543179166336483,True,fp_v1,False
2015-11-02,30,comp2,42,,,,0.3125,정상,0.1559738549720481,False,fp_v1,False
2015-11-02,30,comp3,16,27.837932180666893,40.493174724417315,,0.0508,관찰,0.03856601151250585,True,fp_v1,False
2015-11-02,30,comp4,24,18.579235577769367,31.46638288967581,,0.107,관찰,0.15809452263407073,True,fp_v1,False
2015-11-02,31,comp1,8,7.603062208257404,11.394449885483994,14.740298269284466,0.0307,주의,0.03324224018185343,True,fp_v1,False
2015-11-02,31,comp2,42,34.6895104242774,,,0.3125,관찰,0.31930717868588043,False,fp_v1,False
2015-11-02,31,comp3,16,7.0,11.407096172382394,15.42976126380587,0.0508,주의,0.16503547494794998,True,fp_v1,False
2015-11-02,31,comp4,24,35.406136763889364,,,0.107,관찰,0.05397316266841272,True,fp_v1,False
2015-11-02,32,comp1,8,16.70353289934355,18.971162756079217,21.721510907886852,0.0307,주의,0.018283290902107074,True,fp_v1,False
2015-11-02,32,comp2,42,22.0371524799518,41.81993266912531,41.81993266912531,0.3125,주의,0.6026319210907728,False,fp_v1,False
2015-11-02,32,comp3,16,27.096371469234786,40.41792347256136,,0.0508,관찰,0.03856601151250585,True,fp_v1,False
2015-11-02,32,comp4,24,16.85854172824221,18.480474298389602,20.102406868536995,0.107,주의,0.38021483225274494,True,fp_v1,False
2015-11-02,33,comp1,8,7.824954508706495,9.204558638539652,10.486239396253248,0.0307,주의,0.03254483463430295,True,fp_v1,False
2015-11-02,33,comp2,42,22.673650000107653,39.72738172866368,39.72738172866368,0.3125,주의,0.6149235329958453,False,fp_v1,False
2015-11-02,33,comp3,16,25.40875984250861,40.22385562036842,,0.0508,관찰,0.03856601151250585,True,fp_v1,False
2015-11-02,33,comp4,24,18.021703114884335,25.325451051090848,28.627148978479006,0.107,주의,0.16409516400193477,True,fp_v1,False
2015-11-02,34,comp1,8,9.03134571539253,10.228037079335056,11.424728443277584,0.0307,주의,0.0042414669635441994,True,fp_v1,False
2015-11-02,34,comp2,42,,,,0.3125,정상,0.20995542002011985,False,fp_v1,False
2015-11-02,34,comp3,16,27.414304412814772,40.478471757496116,,0.0508,관찰,0.03856601151250585,True,fp_v1,False
2015-11-02,34,comp4,24,35.62245440374294,,,0.107,관찰,0.051568607789974685,True,fp_v1,False
2015-11-02,35,comp1,8,7.882216712216397,17.14670573372878,19.23221453306836,0.0307,주의,0.03162672956851963,True,fp_v1,False
2015-11-02,35,comp2,42,,,,0.3125,정상,0.279486444439614,False,fp_v1,False
2015-11-02,35,comp3,16,7.0,14.38433049953818,15.080114220329103,0.0508,주의,0.21942897157010122,True,fp_v1,False
2015-11-02,35,comp4,24,15.131066213322118,16.800779824025064,19.381251159958076,0.107,주의,0.3881218949315942,True,fp_v1,False
2015-11-02,36,comp1,8,9.474891597326184,13.618339201048531,16.856518040829396,0.0307,주의,0.01977060440647739,True,fp_v1,False
2015-11-02,36,comp2,42,32.86073725588099,,,0.3125,관찰,0.3344426373666581,False,fp_v1,False
2015-11-02,36,comp3,16,27.6898668208801,40.48106948822319,,0.0508,관찰,0.03856601151250585,True,fp_v1,False
2015-11-02,36,comp4,24,37.47806463438357,,,0.107,관찰,0.047994212128624585,True,fp_v1,False
2015-11-02,37,comp1,8,14.216786307843718,17.982148547842833,24.730460939421945,0.0307,주의,0.028782499892151786,True,fp_v1,False
2015-11-02,37,comp2,42,23.0704790685741,,,0.3125,관찰,0.4941889164960879,False,fp_v1,False
2015-11-02,37,comp3,16,7.0,7.584078292134988,14.687872544251922,0.0508,주의,0.2252547017191815,True,fp_v1,False
2015-11-02,37,comp4,24,28.67193572529359,31.204878264565043,33.7378208038365,0.107,주의,0.06911173033862114,True,fp_v1,False
2015-11-02,38,comp1,8,35.58449948359471,37.24620298253479,38.90790648147487,0.0307,주의,0.0035364140646267916,True,fp_v1,False
2015-11-02,38,comp2,42,,,,0.3125,정상,0.19061242546452037,False,fp_v1,False
2015-11-02,38,comp3,16,27.665428459911094,40.47895773672856,,0.0508,관찰,0.03856601151250585,True,fp_v1,False
2015-11-02,38,comp4,24,24.562668358706055,25.668587671908558,26.77450698511106,0.107,주의,0.05256066282339725,True,fp_v1,False
2015-11-02,39,comp1,8,24.311980404195193,24.82069789593137,25.32941538766755,0.0307,주의,0.004042426212550654,True,fp_v1,False
2015-11-02,39,comp2,42,35.42024232123703,41.57948682383943,41.57948682383943,0.3125,주의,0.6196286310918622,False,fp_v1,False
2015-11-02,39,comp3,16,26.71992365932273,40.42736415922442,,0.0508,관찰,0.03856601151250585,True,fp_v1,False
2015-11-02,39,comp4,24,37.45568428043323,,,0.107,관찰,0.05051884315283353,True,fp_v1,False
2015-11-02,40,comp1,8,14.148062201670255,17.406100354595253,24.850397219428572,0.0307,주의,0.004644200568879208,True,fp_v1,False
2015-11-02,40,comp2,42,,,,0.3125,정상,0.21225929656965942,False,fp_v1,False
2015-11-02,40,comp3,16,9.637440604032605,12.430807096669703,14.24878583179055,0.0508,주의,0.3089212257040594,True,fp_v1,False
2015-11-02,40,comp4,24,37.074643691951174,,,0.107,관찰,0.06672047469406045,True,fp_v1,False
2015-11-02,41,comp1,8,35.57463110455481,37.20827928361913,38.841927462683444,0.0307,주의,0.0035364140646267916,True,fp_v1,False
2015-11-02,41,comp2,42,,,,0.3125,정상,0.23294163562903533,False,fp_v1,False
2015-11-02,41,comp3,16,25.35714767932679,39.95068611040167,,0.0508,관찰,0.03856601151250585,True,fp_v1,False
2015-11-02,41,comp4,24,36.931096976886366,,,0.107,관찰,0.04826335677205907,True,fp_v1,False
2015-11-02,42,comp1,8,14.317862331401098,14.690132503582555,15.062402675764012,0.0307,주의,0.004486510891559234,True,fp_v1,False
2015-11-02,42,comp2,42,32.51047862861582,,,0.3125,관찰,0.36017053799380344,False,fp_v1,False
2015-11-02,42,comp3,16,25.2880457699857,28.614097919671963,29.522958935599487,0.0508,주의,0.03857967299981238,True,fp_v1,False
2015-11-02,42,comp4,24,37.143278094021724,,,0.107,관찰,0.05088958126926209,True,fp_v1,False
2015-11-02,43,comp1,8,7.0,7.0,7.0,0.0307,즉시,0.7754735103512307,True,fp_v1,False
2015-11-02,43,comp2,42,,,,0.3125,정상,0.30273664686980767,False,fp_v1,False
2015-11-02,43,comp3,16,27.284680330823786,40.4576729634401,,0.0508,관찰,0.03856601151250585,True,fp_v1,False
2015-11-02,43,comp4,24,32.62166761454766,,,0.107,관찰,0.04793765473480356,True,fp_v1,False
2015-11-02,44,comp1,8,9.947515066492208,12.459436648055725,14.362673756187958,0.0307,주의,0.006897495354378841,True,fp_v1,False
2015-11-02,44,comp2,42,,,,0.3125,정상,0.15466770449087436,False,fp_v1,False
2015-11-02,44,comp3,16,27.51262017692624,40.46493978238786,,0.0508,관찰,0.03856601151250585,True,fp_v1,False
2015-11-02,44,comp4,24,37.18684482001668,,,0.107,관찰,0.050522748887406786,True,fp_v1,False
2015-11-02,45,comp1,8,7.0,7.0,7.0,0.0307,즉시,0.5705259185408104,True,fp_v1,False
2015-11-02,45,comp2,42,23.82276695438313,,,0.3125,관찰,0.49050202281079586,False,fp_v1,False
2015-11-02,45,comp3,16,27.214844707281692,40.43492233509508,,0.0508,관찰,0.03856601151250585,True,fp_v1,False
2015-11-02,45,comp4,24,36.17552806584981,,,0.107,관찰,0.04756102505111679,True,fp_v1,False
2015-11-02,46,comp1,8,30.029228048596863,35.72224679070611,37.91665358490455,0.0307,주의,0.0035364140646267916,True,fp_v1,False
2015-11-02,46,comp2,42,7.0,,,0.3125,관찰,0.46553111616990006,False,fp_v1,False
2015-11-02,46,comp3,16,27.011662534418974,40.41882538375556,,0.0508,관찰,0.03856601151250585,True,fp_v1,False
2015-11-02,46,comp4,24,36.5157497046946,,,0.107,관찰,0.04756102505111679,True,fp_v1,False
2015-11-02,47,comp1,8,7.0,7.003540944066059,7.817422622635764,0.0307,주의,0.09897940617130062,True,fp_v1,False
2015-11-02,47,comp2,42,,,,0.3125,정상,0.21638811084525011,False,fp_v1,False
2015-11-02,47,comp3,16,7.0,7.0,14.068922037133015,0.0508,주의,0.2227162111479626,True,fp_v1,False
2015-11-02,47,comp4,24,37.48991848312843,,,0.107,관찰,0.04756102505111679,True,fp_v1,False
2015-11-02,48,comp1,8,17.528511709409845,19.481118481001808,24.46260942128183,0.0307,주의,0.004279789397797735,True,fp_v1,False
2015-11-02,48,comp2,42,39.09278831264547,,,0.3125,관찰,0.3553944412165551,False,fp_v1,False
2015-11-02,48,comp3,16,27.917434532896763,40.49922376865305,,0.0508,관찰,0.03856601151250585,True,fp_v1,False
2015-11-02,48,comp4,24,37.219605073927625,,,0.107,관찰,0.04756102505111679,True,fp_v1,False
2015-11-02,49,comp1,8,11.206295537296464,15.306950094981236,22.324645686465654,0.0307,주의,0.02001508743211245,True,fp_v1,False
2015-11-02,49,comp2,42,32.38398900930626,,,0.3125,관찰,0.4226649056478452,False,fp_v1,False
2015-11-02,49,comp3,16,7.0,15.721476728932696,19.122280910985815,0.0508,주의,0.10507235455930364,True,fp_v1,False
2015-11-02,49,comp4,24,36.032735849570834,,,0.107,관찰,0.04756102505111679,True,fp_v1,False
2015-11-02,50,comp1,8,9.100766770929786,10.661496586238652,12.22222640154752,0.0307,주의,0.009046918718692464,True,fp_v1,False
2015-11-02,50,comp2,42,,,,0.3125,정상,0.2363996416483143,False,fp_v1,False
2015-11-02,50,comp3,16,26.478005964976024,40.38877575894148,,0.0508,관찰,0.03856601151250585,True,fp_v1,False
2015-11-02,50,comp4,24,37.49236840329116,,,0.107,관찰,0.06389455908427352,True,fp_v1,False
2015-11-02,51,comp1,8,35.58449948359471,37.24620298253479,38.90790648147487,0.0307,주의,0.0035364140646267916,True,fp_v1,False
2015-11-02,51,comp2,42,32.02303556935587,,,0.3125,관찰,0.38705860576348766,False,fp_v1,False
2015-11-02,51,comp3,16,26.672841171635497,40.35036162810477,,0.0508,관찰,0.03856601151250585,True,fp_v1,False
2015-11-02,51,comp4,24,24.468847204866936,25.318231879578185,26.167616554289435,0.107,주의,0.04793765473480356,True,fp_v1,False
2015-11-02,52,comp1,8,35.6205118315755,37.38459667784661,39.14868152411772,0.0307,주의,0.0035364140646267916,True,fp_v1,False
2015-11-02,52,comp2,42,34.761844072607175,,,0.3125,관찰,0.31661618771023314,False,fp_v1,False
2015-11-02,52,comp3,16,27.917434532896763,40.49922376865305,,0.0508,관찰,0.03856601151250585,True,fp_v1,False
2015-11-02,52,comp4,24,37.51892333596837,,,0.107,관찰,0.05115799849496993,True,fp_v1,False
2015-11-02,53,comp1,8,35.49515578699403,37.180000540910235,38.86484529482644,0.0307,주의,0.0035364140646267916,True,fp_v1,False
2015-11-02,53,comp2,42,22.164102093222237,,,0.3125,관찰,0.4644409048597584,False,fp_v1,False
2015-11-02,53,comp3,16,25.428686661208264,40.12685826140299,,0.0508,관찰,0.03856601151250585,True,fp_v1,False
2015-11-02,53,comp4,24,36.7735521887563,,,0.107,관찰,0.05712608364333432,True,fp_v1,False
2015-11-02,54,comp1,8,35.58232370573618,37.23784157443719,38.8933594431382,0.0307,주의,0.0035364140646267916,True,fp_v1,False
2015-11-02,54,comp2,42,,,,0.3125,정상,0.14720335480157298,False,fp_v1,False
2015-11-02,54,comp3,16,11.169728759141377,14.379871869757006,15.468141383253263,0.0508,주의,0.1771196093147856,True,fp_v1,False
2015-11-02,54,comp4,24,36.64564477411055,,,0.107,관찰,0.04826335677205907,True,fp_v1,False
2015-11-02,55,comp1,8,7.228861499373028,14.104736198986474,14.999874354913654,0.0307,주의,0.056555805804387155,True,fp_v1,False
2015-11-02,55,comp2,42,29.642262618790696,34.51180650508297,34.51180650508297,0.3125,주의,0.6288231573769663,False,fp_v1,False
2015-11-02,55,comp3,16,27.917434532896763,40.49922376865305,,0.0508,관찰,0.03856601151250585,True,fp_v1,False
2015-11-02,55,comp4,24,15.419618436727683,25.47218303935898,,0.107,관찰,0.19590388151410987,True,fp_v1,False
2015-11-02,56,comp1,8,8.636282244453568,9.511157425438277,10.386032606422987,0.0307,주의,0.008371763702301017,True,fp_v1,False
2015-11-02,56,comp2,42,33.39541282374051,,,0.3125,관찰,0.3205744152515754,False,fp_v1,False
2015-11-02,56,comp3,16,25.712125205186652,36.77028592150118,38.60389033265852,0.0508,주의,0.03857967299981238,True,fp_v1,False
2015-11-02,56,comp4,24,37.47187935262022,,,0.107,관찰,0.04756102505111679,True,fp_v1,False
2015-11-02,57,comp1,8,7.0,7.0,7.098010189138681,0.0307,주의,0.166727749287174,True,fp_v1,False
2015-11-02,57,comp2,42,,,,0.3125,정상,0.1984240012724369,False,fp_v1,False
2015-11-02,57,comp3,16,27.132303584755878,40.422600415573974,,0.0508,관찰,0.03856601151250585,True,fp_v1,False
2015-11-02,57,comp4,24,35.581334625527184,,,0.107,관찰,0.04756102505111679,True,fp_v1,False
2015-11-02,58,comp1,8,24.33795655424366,24.864560736657314,25.39116491907097,0.0307,주의,0.003576935319744477,True,fp_v1,False
2015-11-02,58,comp2,42,23.800753825948426,,,0.3125,관찰,0.5254848877110726,False,fp_v1,False
2015-11-02,58,comp3,16,26.343987904039675,36.487710999153514,38.27932918248301,0.0508,주의,0.03857967299981238,True,fp_v1,False
2015-11-02,58,comp4,24,37.536845843239995,,,0.107,관찰,0.04756102505111679,True,fp_v1,False
2015-11-02,59,comp1,8,35.40710292234469,36.56447665743933,37.721850392533966,0.0307,주의,0.0035364140646267916,True,fp_v1,False
2015-11-02,59,comp2,42,,,,0.3125,정상,0.1757866614142377,False,fp_v1,False
2015-11-02,59,comp3,16,27.1077488172434,40.41941906509392,,0.0508,관찰,0.03856601151250585,True,fp_v1,False
2015-11-02,59,comp4,24,15.656671426159342,17.046514224464257,18.3424739661942,0.107,주의,0.5404167584539644,True,fp_v1,False
2015-11-02,60,comp1,8,8.529987225101186,9.187616387666754,9.84524555023232,0.0307,주의,0.005958237349382804,True,fp_v1,False
2015-11-02,60,comp2,42,,,,0.3125,정상,0.19493167472790057,False,fp_v1,False
2015-11-02,60,comp3,16,27.917434532896763,40.49922376865305,,0.0508,관찰,0.03856601151250585,True,fp_v1,False
2015-11-02,60,comp4,24,37.48991848312843,,,0.107,관찰,0.047994212128624585,True,fp_v1,False
2015-11-02,61,comp1,8,35.555831761737565,37.183780154628096,38.81172854751862,0.0307,주의,0.004684941318547919,True,fp_v1,False
2015-11-02,61,comp2,42,36.559752385132064,,,0.3125,관찰,0.5391324333040957,False,fp_v1,False
2015-11-02,61,comp3,16,27.65363568545983,40.47792647261652,,0.0508,관찰,0.03856601151250585,True,fp_v1,False
2015-11-02,61,comp4,24,37.05907787747475,,,0.107,관찰,0.0499299442404903,True,fp_v1,False
2015-11-02,62,comp1,8,35.44055089956675,36.69301560110767,37.94548030264858,0.0307,주의,0.0035364140646267916,True,fp_v1,False
2015-11-02,62,comp2,42,,,,0.3125,정상,0.18791524982632346,False,fp_v1,False
2015-11-02,62,comp3,16,26.87695857368797,40.386110537220034,,0.0508,관찰,0.03856601151250585,True,fp_v1,False
2015-11-02,62,comp4,24,21.732891485091873,23.667625587378524,,0.107,관찰,0.23238188622843065,True,fp_v1,False
2015-11-02,63,comp1,8,21.37614539277819,21.971740203228148,22.567335013678104,0.0307,주의,0.0035364140646267916,True,fp_v1,False
2015-11-02,63,comp2,42,,,,0.3125,정상,0.30729242852274247,False,fp_v1,False
2015-11-02,63,comp3,16,27.917434532896763,40.49922376865305,,0.0508,관찰,0.03856601151250585,True,fp_v1,False
2015-11-02,63,comp4,24,37.22437626782254,,,0.107,관찰,0.04756102505111679,True,fp_v1,False
2015-11-02,64,comp1,8,12.380637274224306,14.291872965471242,14.71242001489378,0.0307,주의,0.005289402643945377,True,fp_v1,False
2015-11-02,64,comp2,42,,,,0.3125,정상,0.12817447059915343,False,fp_v1,False
2015-11-02,64,comp3,16,26.57574081378756,40.43046644876854,,0.0508,관찰,0.03856601151250585,True,fp_v1,False
2015-11-02,64,comp4,24,16.580115978014476,18.66120038517456,20.74228479233464,0.107,주의,0.33425055683725197,True,fp_v1,False
2015-11-02,65,comp1,8,11.546968620578568,14.857433782772867,21.68352642304432,0.0307,주의,0.00489006788432532,True,fp_v1,False
2015-11-02,65,comp2,42,21.507355382728797,32.624717511894154,32.624717511894154,0.3125,주의,0.6781050825965015,False,fp_v1,False
2015-11-02,65,comp3,16,27.917434532896763,40.49922376865305,,0.0508,관찰,0.03856601151250585,True,fp_v1,False
2015-11-02,65,comp4,24,25.2348462184118,,,0.107,관찰,0.06406051324987946,True,fp_v1,False
2015-11-02,66,comp1,8,35.6205118315755,37.38459667784661,39.14868152411772,0.0307,주의,0.0035364140646267916,True,fp_v1,False
2015-11-02,66,comp2,42,23.19336771515026,,,0.3125,관찰,0.5255629894588322,False,fp_v1,False
2015-11-02,66,comp3,16,26.855697502678556,40.40447170508897,,0.0508,관찰,0.03856601151250585,True,fp_v1,False
2015-11-02,66,comp4,24,37.23174319252665,,,0.107,관찰,0.04826335677205907,True,fp_v1,False
2015-11-02,67,comp1,8,8.764449108407021,9.659509316927936,10.554569525448853,0.0307,주의,0.004479538905408114,True,fp_v1,False
2015-11-02,67,comp2,42,,,,0.3125,정상,0.21943158925076187,False,fp_v1,False
2015-11-02,67,comp3,16,26.540527020284497,40.329498540610956,,0.0508,관찰,0.03856601151250585,True,fp_v1,False
2015-11-02,67,comp4,24,21.07661142681495,22.91350625194801,31.827489048615085,0.107,주의,0.27728877922182693,True,fp_v1,False
2015-11-02,68,comp1,8,12.34778850949718,24.259789043751585,26.733049463738393,0.0307,주의,0.004955631373123122,True,fp_v1,False
2015-11-02,68,comp2,42,,,,0.3125,정상,0.1795361476806656,False,fp_v1,False
2015-11-02,68,comp3,16,27.17129371639036,40.43492233509508,,0.0508,관찰,0.03856601151250585,True,fp_v1,False
2015-11-02,68,comp4,24,37.536845843239995,,,0.107,관찰,0.04756102505111679,True,fp_v1,False
2015-11-02,69,comp1,8,14.937364193629543,15.996773825314158,21.12003507784555,0.0307,주의,0.0035364140646267916,True,fp_v1,False
2015-11-02,69,comp2,42,,,,0.3125,정상,0.17014816078490647,False,fp_v1,False
2015-11-02,69,comp3,16,27.917434532896763,40.49922376865305,,0.0508,관찰,0.03856601151250585,True,fp_v1,False
2015-11-02,69,comp4,24,30.593685567514797,,,0.107,관찰,0.04756102505111679,True,fp_v1,False
2015-11-02,70,comp1,8,7.286109770636457,7.665676431703002,8.219579753943583,0.0307,주의,0.0884339618207877,True,fp_v1,False
2015-11-02,70,comp2,42,37.444053715089076,,,0.3125,관찰,0.44253930997286595,False,fp_v1,False
2015-11-02,70,comp3,16,27.917434532896763,40.49922376865305,,0.0508,관찰,0.03856601151250585,True,fp_v1,False
2015-11-02,70,comp4,24,36.988807849189904,,,0.107,관찰,0.05811974288777521,True,fp_v1,False
2015-11-02,71,comp1,8,11.479412748655854,15.514511507089068,17.807467897294384,0.0307,주의,0.02287870386719105,True,fp_v1,False
2015-11-02,71,comp2,42,23.243653803742426,32.868869110127996,32.868869110127996,0.3125,주의,0.7101747283784079,False,fp_v1,False
2015-11-02,71,comp3,16,26.343987904039675,37.20578027060539,39.86215374871683,0.0508,주의,0.03857967299981238,True,fp_v1,False
2015-11-02,71,comp4,24,17.71872785002353,20.812722659164717,,0.107,관찰,0.2617405603484274,True,fp_v1,False
2015-11-02,72,comp1,8,29.173711323273473,35.01533100378096,37.082245602577366,0.0307,주의,0.00610262238019347,True,fp_v1,False
2015-11-02,72,comp2,42,22.50731851353147,36.743686838872954,36.743686838872954,0.3125,주의,0.6369988398876175,False,fp_v1,False
2015-11-02,72,comp3,16,27.083373263761487,40.417979257145255,,0.0508,관찰,0.03856601151250585,True,fp_v1,False
2015-11-02,72,comp4,24,37.49373732836726,,,0.107,관찰,0.048303007739785644,True,fp_v1,False
2015-11-02,73,comp1,8,8.748055721623663,9.619309493497306,10.49056326537095,0.0307,주의,0.004340748651736442,True,fp_v1,False
2015-11-02,73,comp2,42,36.96697286207175,,,0.3125,관찰,0.43562341055636966,False,fp_v1,False
2015-11-02,73,comp3,16,11.551049363281239,14.426546179671261,15.299494049257333,0.0508,주의,0.19304798105521787,True,fp_v1,False
2015-11-02,73,comp4,24,36.40668159481343,,,0.107,관찰,0.04876622574514722,True,fp_v1,False
2015-11-02,74,comp1,8,16.909306099230424,18.091701071392446,19.27409604355447,0.0307,주의,0.004913512230385366,True,fp_v1,False
2015-11-02,74,comp2,42,,,,0.3125,정상,0.18466644768557097,False,fp_v1,False
2015-11-02,74,comp3,16,25.321890541769722,39.217887586500865,,0.0508,관찰,0.03856601151250585,True,fp_v1,False
2015-11-02,74,comp4,24,37.296158400714695,,,0.107,관찰,0.050522748887406786,True,fp_v1,False
2015-11-02,75,comp1,8,12.124053438637088,19.11624600471876,25.258968970430853,0.0307,주의,0.02171457701002944,True,fp_v1,False
2015-11-02,75,comp2,42,,,,0.3125,정상,0.30446562162974344,False,fp_v1,False
2015-11-02,75,comp3,16,27.718917400183418,40.48353623462542,,0.0508,관찰,0.03856601151250585,True,fp_v1,False
2015-11-02,75,comp4,24,7.0,16.67293871100048,18.277594328837846,0.107,주의,0.6359190038865792,True,fp_v1,False
2015-11-02,76,comp1,8,35.613296122370535,37.35686705961392,39.1004379968573,0.0307,주의,0.0035364140646267916,True,fp_v1,False
2015-11-02,76,comp2,42,21.39622892593959,34.61928589421693,34.61928589421693,0.3125,주의,0.6058042315434159,False,fp_v1,False
2015-11-02,76,comp3,16,11.094239869036784,20.560828860082687,25.056838450649046,0.0508,주의,0.0862835756513847,True,fp_v1,False
2015-11-02,76,comp4,24,36.318884307565966,,,0.107,관찰,0.04826335677205907,True,fp_v1,False
2015-11-02,77,comp1,8,7.0,7.0,7.0,0.0307,즉시,0.1789414018925654,True,fp_v1,False
2015-11-02,77,comp2,42,,,,0.3125,정상,0.15397976919196957,False,fp_v1,False
2015-11-02,77,comp3,16,22.41493931537007,28.388945171879353,32.32354356421221,0.0508,주의,0.03856601151250585,True,fp_v1,False
2015-11-02,77,comp4,24,37.101687925157755,,,0.107,관찰,0.0507209918841543,True,fp_v1,False
2015-11-02,78,comp1,8,14.387835554934334,14.826167555665272,15.26449955639621,0.0307,주의,0.0035364140646267916,True,fp_v1,False
2015-11-02,78,comp2,42,21.90941921215113,,,0.3125,관찰,0.5743491881258167,False,fp_v1,False
2015-11-02,78,comp3,16,27.917434532896763,40.49922376865305,,0.0508,관찰,0.03856601151250585,True,fp_v1,False
2015-11-02,78,comp4,24,7.0,7.0,7.0,0.107,즉시,0.7041212935683796,True,fp_v1,False
2015-11-02,79,comp1,8,14.77421871623373,17.660139629405297,20.005130106542005,0.0307,주의,0.006291705071216253,True,fp_v1,False
2015-11-02,79,comp2,42,38.35014792194075,,,0.3125,관찰,0.3416479449848448,False,fp_v1,False
2015-11-02,79,comp3,16,27.917434532896763,40.49922376865305,,0.0508,관찰,0.03856601151250585,True,fp_v1,False
2015-11-02,79,comp4,24,13.395763762508796,18.938200394366454,24.824229956248743,0.107,주의,0.23969099489017753,True,fp_v1,False
2015-11-02,80,comp1,8,7.921584935383259,14.817526432279326,19.57710959799738,0.0307,주의,0.03169692197255396,True,fp_v1,False
2015-11-02,80,comp2,42,,,,0.3125,정상,0.28206986854673133,False,fp_v1,False
2015-11-02,80,comp3,16,26.964125286959113,40.39946683081725,,0.0508,관찰,0.03856601151250585,True,fp_v1,False
2015-11-02,80,comp4,24,37.47187935262022,,,0.107,관찰,0.04756102505111679,True,fp_v1,False
2015-11-02,81,comp1,8,24.260708808603617,24.69156784028555,25.122426871967484,0.0307,주의,0.0035864395053640556,True,fp_v1,False
2015-11-02,81,comp2,42,29.82609970946973,,,0.3125,관찰,0.5701191350229584,False,fp_v1,False
2015-11-02,81,comp3,16,27.917434532896763,40.49922376865305,,0.0508,관찰,0.03856601151250585,True,fp_v1,False
2015-11-02,81,comp4,24,37.49236840329116,,,0.107,관찰,0.06389455908427352,True,fp_v1,False
2015-11-02,82,comp1,8,21.15709100350454,21.416444803485792,21.675798603467044,0.0307,주의,0.004422193898792779,True,fp_v1,False
2015-11-02,82,comp2,42,,,,0.3125,정상,0.1672691407904238,False,fp_v1,False
2015-11-02,82,comp3,16,27.56223766858473,40.46965197822703,,0.0508,관찰,0.03856601151250585,True,fp_v1,False
2015-11-02,82,comp4,24,30.583527768637452,41.82255255455655,,0.107,관찰,0.05219635901130116,True,fp_v1,False
2015-11-02,83,comp1,8,25.261118837273266,26.98594415839115,29.564206914519193,0.0307,주의,0.0035364140646267916,True,fp_v1,False
2015-11-02,83,comp2,42,,,,0.3125,정상,0.16757020571414205,False,fp_v1,False
2015-11-02,83,comp3,16,27.917434532896763,40.49922376865305,,0.0508,관찰,0.03856601151250585,True,fp_v1,False
2015-11-02,83,comp4,24,11.491112069010573,17.23016005433571,25.893581933028138,0.107,주의,0.24842035139080398,True,fp_v1,False
2015-11-02,84,comp1,8,35.613296122370535,37.35686705961392,39.1004379968573,0.0307,주의,0.0035364140646267916,True,fp_v1,False
2015-11-02,84,comp2,42,31.38875306910211,,,0.3125,관찰,0.4797593686434597,False,fp_v1,False
2015-11-02,84,comp3,16,27.917434532896763,40.49922376865305,,0.0508,관찰,0.03856601151250585,True,fp_v1,False
2015-11-02,84,comp4,24,34.08617532884639,,,0.107,관찰,0.05550748071588894,True,fp_v1,False
2015-11-02,85,comp1,8,8.455076700879513,10.403661401431528,12.352246101983543,0.0307,주의,0.023528472897554765,True,fp_v1,False
2015-11-02,85,comp2,42,23.49969131179029,,,0.3125,관찰,0.45495751012099844,False,fp_v1,False
2015-11-02,85,comp3,16,7.0,7.0,7.0,0.0508,즉시,0.228608262797863,True,fp_v1,False
2015-11-02,85,comp4,24,16.913052862281873,22.381417430447776,26.75714007864393,0.107,주의,0.24292037801929836,True,fp_v1,False
2015-11-02,86,comp1,8,7.445149897034984,18.239606635410798,27.986395571116823,0.0307,주의,0.03620061545997819,True,fp_v1,False
2015-11-02,86,comp2,42,21.812008853321025,,,0.3125,관찰,0.39469524443638204,False,fp_v1,False
2015-11-02,86,comp3,16,19.357620273561405,40.163070285101476,,0.0508,관찰,0.03856601151250585,True,fp_v1,False
2015-11-02,86,comp4,24,37.22131503800025,,,0.107,관찰,0.047994212128624585,True,fp_v1,False
2015-11-02,87,comp1,8,7.0,7.0,7.0,0.0307,즉시,0.16457439490664366,True,fp_v1,False
2015-11-02,87,comp2,42,32.93964701400891,,,0.3125,관찰,0.3348807468693113,False,fp_v1,False
2015-11-02,87,comp3,16,27.917434532896763,38.19418679594076,41.404637937364335,0.0508,주의,0.03856601151250585,True,fp_v1,False
2015-11-02,87,comp4,24,36.988807849189904,,,0.107,관찰,0.050624818131010295,True,fp_v1,False
2015-11-02,88,comp1,8,35.6205118315755,37.38459667784661,39.14868152411772,0.0307,주의,0.0035364140646267916,True,fp_v1,False
2015-11-02,88,comp2,42,,,,0.3125,정상,0.2514407386753782,False,fp_v1,False
2015-11-02,88,comp3,16,27.56223766858473,40.46965197822703,,0.0508,관찰,0.03856601151250585,True,fp_v1,False
2015-11-02,88,comp4,24,21.05609678091609,22.24757141252676,23.439046044137434,0.107,주의,0.37137629143320894,True,fp_v1,False
2015-11-02,89,comp1,8,14.017763119049876,14.586995913414011,15.156228707778144,0.0307,주의,0.02973974217954396,True,fp_v1,False
2015-11-02,89,comp2,42,,,,0.3125,정상,0.2769463671807585,False,fp_v1,False
2015-11-02,89,comp3,16,27.454503333568884,40.459209431394235,,0.0508,관찰,0.03856601151250585,True,fp_v1,False
2015-11-02,89,comp4,24,9.057301411684977,11.790214638988958,,0.107,관찰,0.3005183099360371,True,fp_v1,False
2015-11-02,90,comp1,8,15.699555625417775,24.94207768683079,26.64064375868878,0.0307,주의,0.003576935319744477,True,fp_v1,False
2015-11-02,90,comp2,42,31.045605506362428,,,0.3125,관찰,0.38072230086653397,False,fp_v1,False
2015-11-02,90,comp3,16,27.917434532896763,40.49922376865305,,0.0508,관찰,0.03856601151250585,True,fp_v1,False
2015-11-02,90,comp4,24,37.536845843239995,,,0.107,관찰,0.04756102505111679,True,fp_v1,False
2015-11-02,91,comp1,8,14.237214006024034,24.695696461077183,27.237956206462762,0.0307,주의,0.006539887665065785,True,fp_v1,False
2015-11-02,91,comp2,42,23.048143275360736,,,0.3125,관찰,0.5228900523227297,False,fp_v1,False
2015-11-02,91,comp3,16,26.477353296839652,40.308694209174924,,0.0508,관찰,0.03856601151250585,True,fp_v1,False
2015-11-02,91,comp4,24,37.35996568401199,,,0.107,관찰,0.04756102505111679,True,fp_v1,False
2015-11-02,92,comp1,8,7.0,7.464863548814605,9.038955248643791,0.0307,주의,0.07644496327991739,True,fp_v1,False
2015-11-02,92,comp2,42,,,,0.3125,정상,0.23842752710571521,False,fp_v1,False
2015-11-02,92,comp3,16,7.6829761952958275,15.011195542458887,17.53066058650158,0.0508,주의,0.1339736745801833,True,fp_v1,False
2015-11-02,92,comp4,24,37.40716034133868,,,0.107,관찰,0.05010262436137241,True,fp_v1,False
2015-11-02,93,comp1,8,7.0,7.376684905912255,8.104837971412962,0.0307,주의,0.08521235849461457,True,fp_v1,False
2015-11-02,93,comp2,42,36.35565344160979,,,0.3125,관찰,0.5162630697513685,False,fp_v1,False
2015-11-02,93,comp3,16,26.397297103947086,40.288961163749306,,0.0508,관찰,0.03856601151250585,True,fp_v1,False
2015-11-02,93,comp4,24,21.22541771060742,24.962028596088327,,0.107,관찰,0.20422783896796787,True,fp_v1,False
2015-11-02,94,comp1,8,7.0,7.0,17.953393921430187,0.0307,주의,0.06450127209409978,True,fp_v1,False
2015-11-02,94,comp2,42,7.3585163088059735,,,0.3125,관찰,0.4833899133789337,False,fp_v1,False
2015-11-02,94,comp3,16,27.917434532896763,39.95114163766269,,0.0508,관찰,0.03856601151250585,True,fp_v1,False
2015-11-02,94,comp4,24,17.219873315888528,19.53693176326208,23.27129084442691,0.107,주의,0.3336526401604052,True,fp_v1,False
2015-11-02,95,comp1,8,30.250584485288,35.49536634974048,37.41757493181051,0.0307,주의,0.0035364140646267916,True,fp_v1,False
2015-11-02,95,comp2,42,26.886730897265394,,,0.3125,관찰,0.4705117521853729,False,fp_v1,False
2015-11-02,95,comp3,16,26.343987904039675,37.861570551383025,41.30769808264086,0.0508,주의,0.03857967299981238,True,fp_v1,False
2015-11-02,95,comp4,24,32.58678867475244,,,0.107,관찰,0.04826335677205907,True,fp_v1,False
2015-11-02,96,comp1,8,35.6205118315755,37.38459667784661,39.14868152411772,0.0307,주의,0.0035364140646267916,True,fp_v1,False
2015-11-02,96,comp2,42,,,,0.3125,정상,0.26325573067905067,False,fp_v1,False
2015-11-02,96,comp3,16,11.748686906280003,14.336049077568465,14.85594475929511,0.0508,주의,0.2640278057258175,True,fp_v1,False
2015-11-02,96,comp4,24,35.36663171514381,,,0.107,관찰,0.05386851563550767,True,fp_v1,False
2015-11-02,97,comp1,8,28.967497858953056,31.71804704259287,34.468596226232684,0.0307,주의,0.0035364140646267916,True,fp_v1,False
2015-11-02,97,comp2,42,,,,0.3125,정상,0.18507877167335823,False,fp_v1,False
2015-11-02,97,comp3,16,14.449678557511488,17.10458887455363,18.762525967571072,0.0508,주의,0.06771382023360106,True,fp_v1,False
2015-11-02,97,comp4,24,7.0,17.052295768248324,18.904489812795152,0.107,주의,0.465534402109327,True,fp_v1,False
2015-11-02,98,comp1,8,8.390949736277232,8.844908775138729,9.298867814000225,0.0307,주의,0.004260822872755268,True,fp_v1,False
2015-11-02,98,comp2,42,,,,0.3125,정상,0.16274935857470282,False,fp_v1,False
2015-11-02,98,comp3,16,7.791683676044228,12.83775447115412,14.171296475585105,0.0508,주의,0.5899298541409204,True,fp_v1,False
2015-11-02,98,comp4,24,30.709843628885192,,,0.107,관찰,0.056926273040875094,True,fp_v1,False
2015-11-02,99,comp1,8,9.737851128397422,11.884560466916376,14.094083619095652,0.0307,주의,0.005846621148228388,True,fp_v1,False
2015-11-02,99,comp2,42,28.73918564476076,,,0.3125,관찰,0.49434916554913744,False,fp_v1,False
2015-11-02,99,comp3,16,10.927846837790065,14.05103959828599,14.263679164774986,0.0508,주의,0.566866819889079,True,fp_v1,False
2015-11-02,99,comp4,24,37.536845843239995,,,0.107,관찰,0.04756102505111679,True,fp_v1,False
2015-11-02,100,comp1,8,21.20152449494097,21.5064369810706,21.81134946720023,0.0307,주의,0.004405358544327097,True,fp_v1,False
2015-11-02,100,comp2,42,30.293331601445143,,,0.3125,관찰,0.36931480941429523,False,fp_v1,False
2015-11-02,100,comp3,16,25.71391966053791,40.001221415487564,,0.0508,관찰,0.03856601151250585,True,fp_v1,False
2015-11-02,100,comp4,24,37.536845843239995,,,0.107,관찰,0.04756102505111679,True,fp_v1,False
2015-11-09,1,comp1,8,7.107183073769425,7.228081994369253,7.34898091496908,0.0307,주의,0.25739451489382587,True,fp_v1,False
2015-11-09,1,comp2,42,,,,0.3125,정상,0.19903449508857068,False,fp_v1,False
2015-11-09,1,comp3,16,10.951518307877855,31.979746394533343,,0.0508,관찰,0.07389943000864946,True,fp_v1,False
2015-11-09,1,comp4,24,36.4070600138066,,,0.107,관찰,0.056056436710373476,True,fp_v1,False
2015-11-09,2,comp1,8,35.34820999695285,36.8287346799717,38.30925936299055,0.0307,주의,0.0035364140646267916,True,fp_v1,False
2015-11-09,2,comp2,42,30.273331207286926,,,0.3125,관찰,0.40784909465997427,False,fp_v1,False
2015-11-09,2,comp3,16,12.602034945499916,25.6888471901491,,0.0508,관찰,0.06125296632179138,True,fp_v1,False
2015-11-09,2,comp4,24,37.575947610475254,,,0.107,관찰,0.04756102505111679,True,fp_v1,False
2015-11-09,3,comp1,8,35.57107627988346,37.194618265939376,38.818160251995295,0.0307,주의,0.0035364140646267916,True,fp_v1,False
2015-11-09,3,comp2,42,,,,0.3125,정상,0.18587649106000534,False,fp_v1,False
2015-11-09,3,comp3,16,27.56223766858473,40.46965197822703,,0.0508,관찰,0.03856601151250585,True,fp_v1,False
2015-11-09,3,comp4,24,37.194659799687535,,,0.107,관찰,0.04826335677205907,True,fp_v1,False
2015-11-09,4,comp1,8,7.0,7.0,7.0,0.0307,즉시,0.1058293786444773,True,fp_v1,False
2015-11-09,4,comp2,42,,,,0.3125,정상,0.1706309309857685,False,fp_v1,False
2015-11-09,4,comp3,16,27.917434532896763,40.49922376865305,,0.0508,관찰,0.03856601151250585,True,fp_v1,False
2015-11-09,4,comp4,24,37.23804266615833,,,0.107,관찰,0.05397316266841272,True,fp_v1,False
2015-11-09,5,comp1,8,10.693859438563244,13.760570368368361,24.509562057421412,0.0307,주의,0.0037322310275137746,True,fp_v1,False
2015-11-09,5,comp2,42,35.8277714747682,,,0.3125,관찰,0.408716662202717,False,fp_v1,False
2015-11-09,5,comp3,16,27.917434532896763,40.49922376865305,,0.0508,관찰,0.03856601151250585,True,fp_v1,False
2015-11-09,5,comp4,24,37.536845843239995,,,0.107,관찰,0.04756102505111679,True,fp_v1,False
2015-11-09,6,comp1,8,13.739274057041218,21.639561263324172,25.13064023780552,0.0307,주의,0.004490479991445378,True,fp_v1,False
2015-11-09,6,comp2,42,,,,0.3125,정상,0.14607958952962244,False,fp_v1,False
2015-11-09,6,comp3,16,20.667852485238257,40.21158509777109,,0.0508,관찰,0.03856601151250585,True,fp_v1,False
2015-11-09,6,comp4,24,37.48745454883815,,,0.107,관찰,0.04756102505111679,True,fp_v1,False
2015-11-09,7,comp1,8,8.33828199855465,8.726176880734174,9.114071762913698,0.0307,주의,0.003926321842471774,True,fp_v1,False
2015-11-09,7,comp2,42,,,,0.3125,정상,0.2783375714117998,False,fp_v1,False
2015-11-09,7,comp3,16,27.56223766858473,40.46965197822703,,0.0508,관찰,0.03856601151250585,True,fp_v1,False
2015-11-09,7,comp4,24,36.83197919987649,,,0.107,관찰,0.056056436710373476,True,fp_v1,False
2015-11-09,8,comp1,8,15.546338125493465,17.256888331150996,18.52330544490504,0.0307,주의,0.004386283338122343,True,fp_v1,False
2015-11-09,8,comp2,42,,,,0.3125,정상,0.1815741456053223,False,fp_v1,False
2015-11-09,8,comp3,16,9.192772027855296,35.20329724112127,41.65121227034252,0.0508,주의,0.06124661659100579,True,fp_v1,False
2015-11-09,8,comp4,24,35.012406590643295,,,0.107,관찰,0.04756102505111679,True,fp_v1,False
2015-11-09,9,comp1,8,7.770451309177277,22.96464468250396,26.24539169806205,0.0307,주의,0.035071871042515114,True,fp_v1,False
2015-11-09,9,comp2,42,41.89368226747041,,,0.3125,관찰,0.31488185010312675,False,fp_v1,False
2015-11-09,9,comp3,16,10.192881113613916,17.565190532329737,26.640597142314803,0.0508,주의,0.09079911510517148,True,fp_v1,False
2015-11-09,9,comp4,24,37.47187935262022,,,0.107,관찰,0.04756102505111679,True,fp_v1,False
2015-11-09,10,comp1,8,21.253450206343725,21.69109563895133,22.128741071558935,0.0307,주의,0.005888830328880009,True,fp_v1,False
2015-11-09,10,comp2,42,,,,0.3125,정상,0.18737410365521012,False,fp_v1,False
2015-11-09,10,comp3,16,27.917434532896763,40.49922376865305,,0.0508,관찰,0.03856601151250585,True,fp_v1,False
2015-11-09,10,comp4,24,36.606093506173195,,,0.107,관찰,0.0507209918841543,True,fp_v1,False
2015-11-09,11,comp1,8,14.19211785125495,15.532047710729978,18.354972506922408,0.0307,주의,0.024762766357003124,True,fp_v1,False
2015-11-09,11,comp2,42,,,,0.3125,정상,0.2821547699747735,False,fp_v1,False
2015-11-09,11,comp3,16,7.4754852586694325,7.991448573050641,15.054138112161267,0.0508,주의,0.1971071346448325,True,fp_v1,False
2015-11-09,11,comp4,24,37.47187935262022,,,0.107,관찰,0.04756102505111679,True,fp_v1,False
2015-11-09,12,comp1,8,25.423491017292644,27.520081925603005,35.53484391102852,0.0307,주의,0.004697227730286848,True,fp_v1,False
2015-11-09,12,comp2,42,,,,0.3125,정상,0.28347189405694345,False,fp_v1,False
2015-11-09,12,comp3,16,13.137994036965246,27.754873157113416,38.46425718744562,0.0508,주의,0.05674507490244671,True,fp_v1,False
2015-11-09,12,comp4,24,19.84304019731988,32.141927137716834,,0.107,관찰,0.13546431779059243,True,fp_v1,False
2015-11-09,13,comp1,8,29.155127099482314,32.449426875725784,35.74145495769875,0.0307,주의,0.0035364140646267916,True,fp_v1,False
2015-11-09,13,comp2,42,,,,0.3125,정상,0.1978721183414145,False,fp_v1,False
2015-11-09,13,comp3,16,27.497035253628795,39.14683257169327,,0.0508,관찰,0.03857967299981238,True,fp_v1,False
2015-11-09,13,comp4,24,10.47703462173677,13.150518413782368,,0.107,관찰,0.25111633918440995,True,fp_v1,False
2015-11-09,14,comp1,8,16.561743837422906,17.323391806252353,18.0850397750818,0.0307,주의,0.005033936104445413,True,fp_v1,False
2015-11-09,14,comp2,42,22.97137185051611,35.97768205509546,35.97768205509546,0.3125,주의,0.6321685990742391,False,fp_v1,False
2015-11-09,14,comp3,16,27.7639994193378,40.48727352386993,,0.0508,관찰,0.03856601151250585,True,fp_v1,False
2015-11-09,14,comp4,24,37.49236840329116,,,0.107,관찰,0.04971797753316018,True,fp_v1,False
2015-11-09,15,comp1,8,7.1564625064819385,7.336919874498081,7.5173772425142245,0.0307,주의,0.17419217187568198,True,fp_v1,False
2015-11-09,15,comp2,42,,,,0.3125,정상,0.2467075854481726,False,fp_v1,False
2015-11-09,15,comp3,16,27.132303584755878,40.422600415573974,,0.0508,관찰,0.03856601151250585,True,fp_v1,False
2015-11-09,15,comp4,24,37.14280106789869,,,0.107,관찰,0.04756102505111679,True,fp_v1,False
2015-11-09,16,comp1,8,7.0,16.646142440309934,25.51910627765787,0.0307,주의,0.05887265843964012,True,fp_v1,False
2015-11-09,16,comp2,42,32.59168487987004,,,0.3125,관찰,0.5315702096860151,False,fp_v1,False
2015-11-09,16,comp3,16,17.760223021598083,23.170508226834617,29.379409345385007,0.0508,주의,0.03856601151250585,True,fp_v1,False
2015-11-09,16,comp4,24,37.48991848312843,,,0.107,관찰,0.04756102505111679,True,fp_v1,False
2015-11-09,17,comp1,8,7.0,7.0,9.45709110380611,0.0307,주의,0.0796308944974104,True,fp_v1,False
2015-11-09,17,comp2,42,28.423667581378613,,,0.3125,관찰,0.4510435772534409,False,fp_v1,False
2015-11-09,17,comp3,16,27.917434532896763,38.19418679594076,41.404637937364335,0.0508,주의,0.03856601151250585,True,fp_v1,False
2015-11-09,17,comp4,24,33.18402976212971,,,0.107,관찰,0.04756102505111679,True,fp_v1,False
2015-11-09,18,comp1,8,16.933120043999555,18.213908457949763,19.494696871899972,0.0307,주의,0.0035364140646267916,True,fp_v1,False
2015-11-09,18,comp2,42,,,,0.3125,정상,0.20151134386563344,False,fp_v1,False
2015-11-09,18,comp3,16,24.589159469990026,38.417292683453695,,0.0508,관찰,0.03856601151250585,True,fp_v1,False
2015-11-09,18,comp4,24,34.833847891239046,,,0.107,관찰,0.04756102505111679,True,fp_v1,False
2015-11-09,19,comp1,8,7.0,7.0,7.450621893544735,0.0307,주의,0.10915449441839828,True,fp_v1,False
2015-11-09,19,comp2,42,34.02139481780669,,,0.3125,관찰,0.33954686887952185,False,fp_v1,False
2015-11-09,19,comp3,16,26.197886191363636,40.34851023314444,,0.0508,관찰,0.03856601151250585,True,fp_v1,False
2015-11-09,19,comp4,24,10.16347848822703,15.996508758481886,17.951552207772604,0.107,주의,0.6133399729787273,True,fp_v1,False
2015-11-09,20,comp1,8,21.625299725931974,22.60563846599001,23.585977206048042,0.0307,주의,0.0035364140646267916,True,fp_v1,False
2015-11-09,20,comp2,42,7.0,,,0.3125,관찰,0.5394420761577853,False,fp_v1,False
2015-11-09,20,comp3,16,27.917434532896763,39.09152234901836,,0.0508,관찰,0.03856601151250585,True,fp_v1,False
2015-11-09,20,comp4,24,7.0,7.0,7.0,0.107,즉시,0.7648990090512275,True,fp_v1,False
2015-11-09,21,comp1,8,24.94160413074967,26.33679259243523,27.731981054120784,0.0307,주의,0.0035364140646267916,True,fp_v1,False
2015-11-09,21,comp2,42,28.9203803609505,,,0.3125,관찰,0.5399770115642843,False,fp_v1,False
2015-11-09,21,comp3,16,10.687735893940381,14.55235931948968,17.7232435789288,0.0508,주의,0.12361745315976022,True,fp_v1,False
2015-11-09,21,comp4,24,37.34263689954757,,,0.107,관찰,0.04756102505111679,True,fp_v1,False
2015-11-09,22,comp1,8,8.924156155488204,9.995551297015126,11.06694643854205,0.0307,주의,0.004218699786803667,True,fp_v1,False
2015-11-09,22,comp2,42,,,,0.3125,정상,0.23907218273289763,False,fp_v1,False
2015-11-09,22,comp3,16,27.917434532896763,38.19418679594076,41.404637937364335,0.0508,주의,0.03856601151250585,True,fp_v1,False
2015-11-09,22,comp4,24,10.22182035367898,12.669349510389644,18.744720435392527,0.107,주의,0.5744329920963275,True,fp_v1,False
2015-11-09,23,comp1,8,7.401750216740697,7.861993598714067,12.493792861389991,0.0307,주의,0.07060020813620516,True,fp_v1,False
2015-11-09,23,comp2,42,37.94543880283656,,,0.3125,관찰,0.4340917838541681,False,fp_v1,False
2015-11-09,23,comp3,16,7.340169276874823,7.703576651833748,14.091024187204592,0.0508,주의,0.3485631372604018,True,fp_v1,False
2015-11-09,23,comp4,24,30.819191526026444,,,0.107,관찰,0.04756102505111679,True,fp_v1,False
2015-11-09,24,comp1,8,7.0,7.0,7.0,0.0307,즉시,0.23415477123668216,True,fp_v1,False
2015-11-09,24,comp2,42,,,,0.3125,정상,0.2864332130210423,False,fp_v1,False
2015-11-09,24,comp3,16,18.33260789738489,33.34904469254305,41.97794959256593,0.0508,주의,0.03856601151250585,True,fp_v1,False
2015-11-09,24,comp4,24,7.0,7.095875168305387,7.635276247102457,0.107,주의,0.6693545137063935,True,fp_v1,False
2015-11-09,25,comp1,8,7.0,7.0,7.0,0.0307,즉시,0.3576152418744433,True,fp_v1,False
2015-11-09,25,comp2,42,32.449005566368626,,,0.3125,관찰,0.37863754367109026,False,fp_v1,False
2015-11-09,25,comp3,16,27.917434532896763,40.49922376865305,,0.0508,관찰,0.03856601151250585,True,fp_v1,False
2015-11-09,25,comp4,24,7.0,7.0,7.0,0.107,즉시,0.4757939125315513,True,fp_v1,False
2015-11-09,26,comp1,8,35.56944851847208,37.23727836249278,38.90510820651349,0.0307,주의,0.0035364140646267916,True,fp_v1,False
2015-11-09,26,comp2,42,38.480422140437575,,,0.3125,관찰,0.40153764676869635,False,fp_v1,False
2015-11-09,26,comp3,16,26.157560172492417,40.21744916063444,,0.0508,관찰,0.03856601151250585,True,fp_v1,False
2015-11-09,26,comp4,24,37.35159524852059,,,0.107,관찰,0.04756102505111679,True,fp_v1,False
2015-11-09,27,comp1,8,35.6205118315755,37.38459667784661,39.14868152411772,0.0307,주의,0.0035364140646267916,True,fp_v1,False
2015-11-09,27,comp2,42,34.52506671578288,,,0.3125,관찰,0.5386872156933293,False,fp_v1,False
2015-11-09,27,comp3,16,27.917434532896763,40.49922376865305,,0.0508,관찰,0.03856601151250585,True,fp_v1,False
2015-11-09,27,comp4,24,36.65069667616578,,,0.107,관찰,0.04826335677205907,True,fp_v1,False
2015-11-09,28,comp1,8,17.486476910619054,19.38806188636005,24.14283467317032,0.0307,주의,0.004576834977846594,True,fp_v1,False
2015-11-09,28,comp2,42,33.74010663533825,41.430072182313154,41.430072182313154,0.3125,주의,0.6240713891521003,False,fp_v1,False
2015-11-09,28,comp3,16,19.145056768055095,40.317629052868746,,0.0508,관찰,0.03856601151250585,True,fp_v1,False
2015-11-09,28,comp4,24,37.48991848312843,,,0.107,관찰,0.047994212128624585,True,fp_v1,False
2015-11-09,29,comp1,8,28.18194228379581,31.594977354791073,35.00835858571247,0.0307,주의,0.004197521616202661,True,fp_v1,False
2015-11-09,29,comp2,42,,,,0.3125,정상,0.24132008071189992,False,fp_v1,False
2015-11-09,29,comp3,16,26.471387998520566,40.38877575894148,,0.0508,관찰,0.03856601151250585,True,fp_v1,False
2015-11-09,29,comp4,24,37.15170779781147,,,0.107,관찰,0.047994212128624585,True,fp_v1,False
2015-11-09,30,comp1,8,35.50789655710912,36.95182167549819,38.395746793887255,0.0307,주의,0.0036809568177693553,True,fp_v1,False
2015-11-09,30,comp2,42,,,,0.3125,정상,0.1810982795189921,False,fp_v1,False
2015-11-09,30,comp3,16,26.87695857368797,40.386110537220034,,0.0508,관찰,0.03856601151250585,True,fp_v1,False
2015-11-09,30,comp4,24,10.71273592607954,13.636382033769497,25.917744366449533,0.107,주의,0.22730774004566698,True,fp_v1,False
2015-11-09,31,comp1,8,11.069572643759056,14.689167914475162,27.804282821561753,0.0307,주의,0.004205955412865792,True,fp_v1,False
2015-11-09,31,comp2,42,,,,0.3125,정상,0.23353164190235975,False,fp_v1,False
2015-11-09,31,comp3,16,9.504602598236707,11.575898973627975,13.647195349019242,0.0508,주의,0.39261984156930974,True,fp_v1,False
2015-11-09,31,comp4,24,37.48745454883815,,,0.107,관찰,0.04756102505111679,True,fp_v1,False
2015-11-09,32,comp1,8,35.6205118315755,37.38459667784661,39.14868152411772,0.0307,주의,0.0035364140646267916,True,fp_v1,False
2015-11-09,32,comp2,42,22.647955406468654,,,0.3125,관찰,0.37763233627605736,False,fp_v1,False
2015-11-09,32,comp3,16,26.605376711527825,40.3524222765436,,0.0508,관찰,0.03856601151250585,True,fp_v1,False
2015-11-09,32,comp4,24,10.084027551854208,12.332013425307984,16.37597053975614,0.107,주의,0.6605349186619199,True,fp_v1,False
2015-11-09,33,comp1,8,7.0,11.366534016391732,16.328728186027135,0.0307,주의,0.046975225293478855,True,fp_v1,False
2015-11-09,33,comp2,42,28.936212951536763,,,0.3125,관찰,0.5020452915687962,False,fp_v1,False
2015-11-09,33,comp3,16,26.176343009292324,40.22385562036842,,0.0508,관찰,0.03856601151250585,True,fp_v1,False
2015-11-09,33,comp4,24,17.66084214808676,24.709884852282723,,0.107,관찰,0.1982208029719653,True,fp_v1,False
2015-11-09,34,comp1,8,7.0,7.0,7.0,0.0307,즉시,0.20482453070228288,True,fp_v1,False
2015-11-09,34,comp2,42,,,,0.3125,정상,0.23390460370309363,False,fp_v1,False
2015-11-09,34,comp3,16,27.659859698523572,40.478471757496116,,0.0508,관찰,0.03856601151250585,True,fp_v1,False
2015-11-09,34,comp4,24,34.48307605975699,,,0.107,관찰,0.05398997274098471,True,fp_v1,False
2015-11-09,35,comp1,8,11.904118220231759,20.82613761076754,25.033609862867937,0.0307,주의,0.00819491345357636,True,fp_v1,False
2015-11-09,35,comp2,42,,,,0.3125,정상,0.28487496093406944,False,fp_v1,False
2015-11-09,35,comp3,16,9.298748758226502,11.259923928136441,13.22109909804638,0.0508,주의,0.17247121479378483,True,fp_v1,False
2015-11-09,35,comp4,24,35.872484031330195,,,0.107,관찰,0.0538709596458637,True,fp_v1,False
2015-11-09,36,comp1,8,9.783658828892033,14.610179063194927,16.864808329261646,0.0307,주의,0.01814738566336088,True,fp_v1,False
2015-11-09,36,comp2,42,,,,0.3125,정상,0.26975148933501225,False,fp_v1,False
2015-11-09,36,comp3,16,27.578721624061217,40.471182302679516,,0.0508,관찰,0.03856601151250585,True,fp_v1,False
2015-11-09,36,comp4,24,37.48967989767455,,,0.107,관찰,0.051568607789974685,True,fp_v1,False
2015-11-09,37,comp1,8,7.890331821696922,9.742344420634712,11.581425735700028,0.0307,주의,0.032312392411317344,True,fp_v1,False
2015-11-09,37,comp2,42,35.5599752199517,,,0.3125,관찰,0.4811051971485956,False,fp_v1,False
2015-11-09,37,comp3,16,7.0,7.0,7.0,0.0508,즉시,0.24734338617454213,True,fp_v1,False
2015-11-09,37,comp4,24,21.443453891435,22.693824837861317,23.944195784287633,0.107,주의,0.325775423723887,True,fp_v1,False
2015-11-09,38,comp1,8,35.29062748409321,37.02844790151275,38.76626831893229,0.0307,주의,0.0035364140646267916,True,fp_v1,False
2015-11-09,38,comp2,42,,,,0.3125,정상,0.22493840734801465,False,fp_v1,False
2015-11-09,38,comp3,16,26.69666799184969,40.377837903815305,,0.0508,관찰,0.03856601151250585,True,fp_v1,False
2015-11-09,38,comp4,24,16.66748300622122,18.353213121643076,20.038943237064935,0.107,주의,0.3820020979593866,True,fp_v1,False
2015-11-09,39,comp1,8,16.788219696120596,17.797030860925222,18.80584202572985,0.0307,주의,0.004724637956871156,True,fp_v1,False
2015-11-09,39,comp2,42,22.477311040465338,38.755762711710744,38.755762711710744,0.3125,주의,0.721710225436711,False,fp_v1,False
2015-11-09,39,comp3,16,27.148898768681878,40.42471530314995,,0.0508,관찰,0.03856601151250585,True,fp_v1,False
2015-11-09,39,comp4,24,37.406984746186794,,,0.107,관찰,0.05051884315283353,True,fp_v1,False
2015-11-09,40,comp1,8,7.0,7.695808205643251,22.413734661776637,0.0307,주의,0.07161760203481657,True,fp_v1,False
2015-11-09,40,comp2,42,,,,0.3125,정상,0.26002738517465634,False,fp_v1,False
2015-11-09,40,comp3,16,8.609744266981203,14.28845317744805,15.482464410676831,0.0508,주의,0.17431325057583913,True,fp_v1,False
2015-11-09,40,comp4,24,35.40958044278494,,,0.107,관찰,0.05000887879011519,True,fp_v1,False
2015-11-09,41,comp1,8,29.30971013980557,33.044864325383024,36.42721443817422,0.0307,주의,0.0035364140646267916,True,fp_v1,False
2015-11-09,41,comp2,42,7.0,,,0.3125,관찰,0.4324160186759508,False,fp_v1,False
2015-11-09,41,comp3,16,25.795478765937514,40.11236930140043,,0.0508,관찰,0.03856601151250585,True,fp_v1,False
2015-11-09,41,comp4,24,37.05375202872033,,,0.107,관찰,0.04756102505111679,True,fp_v1,False
2015-11-09,42,comp1,8,35.58449948359471,37.24620298253479,38.90790648147487,0.0307,주의,0.0035364140646267916,True,fp_v1,False
2015-11-09,42,comp2,42,30.566380093673267,,,0.3125,관찰,0.46667830872827865,False,fp_v1,False
2015-11-09,42,comp3,16,21.043706591521044,21.34118365102816,21.63866071053528,0.0508,주의,0.03857967299981238,True,fp_v1,False
2015-11-09,42,comp4,24,36.76982563197024,,,0.107,관찰,0.05550748071588894,True,fp_v1,False
2015-11-09,43,comp1,8,35.57463110455481,37.20827928361913,38.841927462683444,0.0307,주의,0.0035364140646267916,True,fp_v1,False
2015-11-09,43,comp2,42,,,,0.3125,정상,0.273416177651529,False,fp_v1,False
2015-11-09,43,comp3,16,26.18713560571399,40.288103991235836,,0.0508,관찰,0.03856601151250585,True,fp_v1,False
2015-11-09,43,comp4,24,36.52884593360769,,,0.107,관찰,0.04793765473480356,True,fp_v1,False
2015-11-09,44,comp1,8,7.0,7.056852346478225,7.681881028461037,0.0307,주의,0.10771712643089508,True,fp_v1,False
2015-11-09,44,comp2,42,,,,0.3125,정상,0.14694594420080018,False,fp_v1,False
2015-11-09,44,comp3,16,27.451227294139787,40.46493978238786,,0.0508,관찰,0.03856601151250585,True,fp_v1,False
2015-11-09,44,comp4,24,37.245757683504166,,,0.107,관찰,0.050522748887406786,True,fp_v1,False
2015-11-09,45,comp1,8,35.58449948359471,37.24620298253479,38.90790648147487,0.0307,주의,0.0035364140646267916,True,fp_v1,False
2015-11-09,45,comp2,42,22.25889701449984,39.563353111636054,39.563353111636054,0.3125,주의,0.6814306767945824,False,fp_v1,False
2015-11-09,45,comp3,16,27.917434532896763,40.49922376865305,,0.0508,관찰,0.03856601151250585,True,fp_v1,False
2015-11-09,45,comp4,24,25.081020573090665,27.050305758010413,,0.107,관찰,0.04826335677205907,True,fp_v1,False
2015-11-09,46,comp1,8,35.58449948359471,37.24620298253479,38.90790648147487,0.0307,주의,0.0035364140646267916,True,fp_v1,False
2015-11-09,46,comp2,42,34.62471247015726,,,0.3125,관찰,0.37539177424904985,False,fp_v1,False
2015-11-09,46,comp3,16,26.75173910849686,40.39555204645286,,0.0508,관찰,0.03856601151250585,True,fp_v1,False
2015-11-09,46,comp4,24,37.03324099993323,,,0.107,관찰,0.047550560380924006,True,fp_v1,False
2015-11-09,47,comp1,8,13.372692776822255,16.452931166587582,20.371699921289682,0.0307,주의,0.004933742943217474,True,fp_v1,False
2015-11-09,47,comp2,42,,,,0.3125,정상,0.16554984388081892,False,fp_v1,False
2015-11-09,47,comp3,16,10.604954512116425,15.98515622878888,19.969169240359953,0.0508,주의,0.10167688049302896,True,fp_v1,False
2015-11-09,47,comp4,24,37.536845843239995,,,0.107,관찰,0.04756102505111679,True,fp_v1,False
2015-11-09,48,comp1,8,35.6205118315755,37.38459667784661,39.14868152411772,0.0307,주의,0.0035364140646267916,True,fp_v1,False
2015-11-09,48,comp2,42,,,,0.3125,정상,0.12997290090691865,False,fp_v1,False
2015-11-09,48,comp3,16,27.917434532896763,40.49922376865305,,0.0508,관찰,0.03856601151250585,True,fp_v1,False
2015-11-09,48,comp4,24,36.34435935833008,,,0.107,관찰,0.05295847825170017,True,fp_v1,False
2015-11-09,49,comp1,8,14.423512887775585,21.221724807662323,22.79457450154746,0.0307,주의,0.0183926318276517,True,fp_v1,False
2015-11-09,49,comp2,42,30.79070889437166,,,0.3125,관찰,0.33706525485774824,False,fp_v1,False
2015-11-09,49,comp3,16,7.0,7.0,7.0,0.0508,즉시,0.16987322281977948,True,fp_v1,False
2015-11-09,49,comp4,24,30.979335404705147,,,0.107,관찰,0.04756102505111679,True,fp_v1,False
2015-11-09,50,comp1,8,7.0,7.0,7.600415826535062,0.0307,주의,0.09771714090445037,True,fp_v1,False
2015-11-09,50,comp2,42,,,,0.3125,정상,0.27367625475254803,False,fp_v1,False
2015-11-09,50,comp3,16,26.89382731993372,40.38877575894148,,0.0508,관찰,0.03856601151250585,True,fp_v1,False
2015-11-09,50,comp4,24,37.49236840329116,,,0.107,관찰,0.06389455908427352,True,fp_v1,False
2015-11-09,51,comp1,8,29.16030740052552,32.45900469866762,35.76913917442226,0.0307,주의,0.0035364140646267916,True,fp_v1,False
2015-11-09,51,comp2,42,28.045529092471615,,,0.3125,관찰,0.5107788475658547,False,fp_v1,False
2015-11-09,51,comp3,16,25.931756400247593,40.35036162810477,,0.0508,관찰,0.03856601151250585,True,fp_v1,False
2015-11-09,51,comp4,24,17.260045759775167,19.542801307164353,,0.107,관찰,0.2823035291762807,True,fp_v1,False
2015-11-09,52,comp1,8,35.58449948359471,37.24620298253479,38.90790648147487,0.0307,주의,0.0035364140646267916,True,fp_v1,False
2015-11-09,52,comp2,42,7.564837186956478,34.07497579472388,34.07497579472388,0.3125,주의,0.6992119598602236,False,fp_v1,False
2015-11-09,52,comp3,16,26.437882600830036,40.29918421059918,,0.0508,관찰,0.03856601151250585,True,fp_v1,False
2015-11-09,52,comp4,24,37.46785963801708,,,0.107,관찰,0.05115799849496993,True,fp_v1,False
2015-11-09,53,comp1,8,31.13773981239214,36.0908378639233,37.81843408989482,0.0307,주의,0.004528402829759473,True,fp_v1,False
2015-11-09,53,comp2,42,7.0,7.0,7.0,0.3125,즉시,0.9214941945807688,False,fp_v1,False
2015-11-09,53,comp3,16,25.71906142544182,40.40206375163336,,0.0508,관찰,0.03856601151250585,True,fp_v1,False
2015-11-09,53,comp4,24,37.28526894521482,,,0.107,관찰,0.0737922960553479,True,fp_v1,False
2015-11-09,54,comp1,8,35.220772256798035,36.72231453749672,38.2238568181954,0.0307,주의,0.0035364140646267916,True,fp_v1,False
2015-11-09,54,comp2,42,,,,0.3125,정상,0.21097134685337565,False,fp_v1,False
2015-11-09,54,comp3,16,7.0,10.31826340598095,14.645826805152545,0.0508,주의,0.19779078555481105,True,fp_v1,False
2015-11-09,54,comp4,24,36.68372541477675,,,0.107,관찰,0.04756102505111679,True,fp_v1,False
2015-11-09,55,comp1,8,7.0,10.183754559217295,12.836068148698754,0.0307,주의,0.03612074076113264,True,fp_v1,False
2015-11-09,55,comp2,42,28.342304097216125,39.562616243067396,39.562616243067396,0.3125,주의,0.6364989477553668,False,fp_v1,False
2015-11-09,55,comp3,16,27.507842141606275,40.46447741548973,,0.0508,관찰,0.03856601151250585,True,fp_v1,False
2015-11-09,55,comp4,24,16.569107968080658,25.17836540382573,,0.107,관찰,0.17457150640191685,True,fp_v1,False
2015-11-09,56,comp1,8,7.0,7.0,7.0,0.0307,즉시,0.38593032828720625,True,fp_v1,False
2015-11-09,56,comp2,42,,,,0.3125,정상,0.24322129594114422,False,fp_v1,False
2015-11-09,56,comp3,16,27.005660218449812,29.831246035121026,31.82049748954857,0.0508,주의,0.03857967299981238,True,fp_v1,False
2015-11-09,56,comp4,24,36.902403901877065,,,0.107,관찰,0.04756102505111679,True,fp_v1,False
2015-11-09,57,comp1,8,35.58449948359471,37.24620298253479,38.90790648147487,0.0307,주의,0.0035364140646267916,True,fp_v1,False
2015-11-09,57,comp2,42,,,,0.3125,정상,0.24318215171559907,False,fp_v1,False
2015-11-09,57,comp3,16,25.620388129119068,40.12198426963609,,0.0508,관찰,0.03856601151250585,True,fp_v1,False
2015-11-09,57,comp4,24,37.19910644323686,,,0.107,관찰,0.04826335677205907,True,fp_v1,False
2015-11-09,58,comp1,8,17.182024146030525,18.836055080970365,20.4900860159102,0.0307,주의,0.00693229874979989,True,fp_v1,False
2015-11-09,58,comp2,42,22.550299270324825,,,0.3125,관찰,0.48103633847151506,False,fp_v1,False
2015-11-09,58,comp3,16,25.52697844599714,28.45509620224044,29.061463216043112,0.0508,주의,0.03857967299981238,True,fp_v1,False
2015-11-09,58,comp4,24,37.3495848105904,,,0.107,관찰,0.04756102505111679,True,fp_v1,False
2015-11-09,59,comp1,8,35.38495742455339,36.47937259048174,37.57378775641008,0.0307,주의,0.0035364140646267916,True,fp_v1,False
2015-11-09,59,comp2,42,39.20822942597175,,,0.3125,관찰,0.36711763477943504,False,fp_v1,False
2015-11-09,59,comp3,16,27.1077488172434,40.41941906509392,,0.0508,관찰,0.03856601151250585,True,fp_v1,False
2015-11-09,59,comp4,24,7.368142331783296,7.745025980740394,10.063352934203062,0.107,주의,0.8152865521619047,True,fp_v1,False
2015-11-09,60,comp1,8,7.0,7.0,14.82240955577022,0.0307,주의,0.08239658578242147,True,fp_v1,False
2015-11-09,60,comp2,42,,,,0.3125,정상,0.19274635754698977,False,fp_v1,False
2015-11-09,60,comp3,16,27.7639994193378,40.48727352386993,,0.0508,관찰,0.03856601151250585,True,fp_v1,False
2015-11-09,60,comp4,24,37.48204076979881,,,0.107,관찰,0.047994212128624585,True,fp_v1,False
2015-11-09,61,comp1,8,35.4164381287306,37.11069526110656,38.80495239348251,0.0307,주의,0.0048191913060094205,True,fp_v1,False
2015-11-09,61,comp2,42,31.332808683510063,,,0.3125,관찰,0.5051188091139838,False,fp_v1,False
2015-11-09,61,comp3,16,27.74598944444699,40.48579349730155,,0.0508,관찰,0.03856601151250585,True,fp_v1,False
2015-11-09,61,comp4,24,37.05907787747475,,,0.107,관찰,0.0499299442404903,True,fp_v1,False
2015-11-09,62,comp1,8,28.53132817015547,30.041868220597966,31.552408271040463,0.0307,주의,0.0035364140646267916,True,fp_v1,False
2015-11-09,62,comp2,42,,,,0.3125,정상,0.16558428705682368,False,fp_v1,False
2015-11-09,62,comp3,16,25.576826483491587,40.41337211702286,,0.0508,관찰,0.03856601151250585,True,fp_v1,False
2015-11-09,62,comp4,24,17.31751121924875,24.549272960945924,27.99549179122007,0.107,주의,0.1969458865743187,True,fp_v1,False
2015-11-09,63,comp1,8,14.965225870634296,16.20006867555273,18.55524174111857,0.0307,주의,0.00449567983074161,True,fp_v1,False
2015-11-09,63,comp2,42,7.0,7.0,7.0,0.3125,즉시,0.8994356835722115,False,fp_v1,False
2015-11-09,63,comp3,16,27.917434532896763,40.49922376865305,,0.0508,관찰,0.03856601151250585,True,fp_v1,False
2015-11-09,63,comp4,24,32.91240784431301,,,0.107,관찰,0.04756102505111679,True,fp_v1,False
2015-11-09,64,comp1,8,7.195296358286018,7.423847130492771,7.652397902699525,0.0307,주의,0.13878101256832107,True,fp_v1,False
2015-11-09,64,comp2,42,,,,0.3125,정상,0.16863253687229302,False,fp_v1,False
2015-11-09,64,comp3,16,26.94819571981769,40.41924198890618,,0.0508,관찰,0.03856601151250585,True,fp_v1,False
2015-11-09,64,comp4,24,9.003328879633337,19.682854474028325,22.0922788870566,0.107,주의,0.4680746081332927,True,fp_v1,False
2015-11-09,65,comp1,8,7.0,7.270715396900191,14.615987528837726,0.0307,주의,0.0677710097710286,True,fp_v1,False
2015-11-09,65,comp2,42,21.48695500408416,31.961779572081674,31.961779572081674,0.3125,주의,0.644654434171463,False,fp_v1,False
2015-11-09,65,comp3,16,27.917434532896763,40.49922376865305,,0.0508,관찰,0.03856601151250585,True,fp_v1,False
2015-11-09,65,comp4,24,7.781543645562496,,,0.107,관찰,0.1694643247281056,True,fp_v1,False
2015-11-09,66,comp1,8,35.49283211328393,37.178278730877736,38.86372534847154,0.0307,주의,0.0035364140646267916,True,fp_v1,False
2015-11-09,66,comp2,42,22.47777053821483,,,0.3125,관찰,0.580165448542837,False,fp_v1,False
2015-11-09,66,comp3,16,26.18831222429356,40.268478212432015,,0.0508,관찰,0.03856601151250585,True,fp_v1,False
2015-11-09,66,comp4,24,37.23174319252665,,,0.107,관찰,0.04756102505111679,True,fp_v1,False
2015-11-09,67,comp1,8,7.0,7.0,7.0,0.0307,즉시,0.2139052626741485,True,fp_v1,False
2015-11-09,67,comp2,42,33.91054802591614,,,0.3125,관찰,0.32961640545895066,False,fp_v1,False
2015-11-09,67,comp3,16,25.58382951881263,40.16786497916055,,0.0508,관찰,0.03856601151250585,True,fp_v1,False
2015-11-09,67,comp4,24,16.291163067184385,20.02732377341973,,0.107,관찰,0.2736312823070796,True,fp_v1,False
2015-11-09,68,comp1,8,7.0,7.0,7.0,0.0307,즉시,0.12576335523789173,True,fp_v1,False
2015-11-09,68,comp2,42,41.89268761344903,,,0.3125,관찰,0.31409613246714074,False,fp_v1,False
2015-11-09,68,comp3,16,26.79964242852905,40.428902510606946,,0.0508,관찰,0.03856601151250585,True,fp_v1,False
2015-11-09,68,comp4,24,37.24669737980666,,,0.107,관찰,0.04756102505111679,True,fp_v1,False
2015-11-09,69,comp1,8,7.423234222368137,7.901849680097606,22.787704797771262,0.0307,주의,0.06769056249106635,True,fp_v1,False
2015-11-09,69,comp2,42,,,,0.3125,정상,0.18735785895412657,False,fp_v1,False
2015-11-09,69,comp3,16,27.917434532896763,39.51002368553789,,0.0508,관찰,0.03856601151250585,True,fp_v1,False
2015-11-09,69,comp4,24,23.097067111228508,25.628055897527258,27.76793491043316,0.107,주의,0.13259260267296388,True,fp_v1,False
2015-11-09,70,comp1,8,7.0,7.0,7.0,0.0307,즉시,0.8420275963548055,True,fp_v1,False
2015-11-09,70,comp2,42,35.30435462478688,,,0.3125,관찰,0.47779239077545277,False,fp_v1,False
2015-11-09,70,comp3,16,27.917434532896763,40.49922376865305,,0.0508,관찰,0.03856601151250585,True,fp_v1,False
2015-11-09,70,comp4,24,36.988807849189904,,,0.107,관찰,0.05122261080478354,True,fp_v1,False
2015-11-09,71,comp1,8,35.54126020297391,37.08003653787725,38.61881287278059,0.0307,주의,0.0035364140646267916,True,fp_v1,False
2015-11-09,71,comp2,42,22.842109498342307,39.832567117499536,39.832567117499536,0.3125,주의,0.644334514991721,False,fp_v1,False
2015-11-09,71,comp3,16,26.343987904039675,31.03379486405334,34.68732841057029,0.0508,주의,0.03857967299981238,True,fp_v1,False
2015-11-09,71,comp4,24,10.804708857764547,13.800267437889987,18.56112706454647,0.107,주의,0.5355220746365352,True,fp_v1,False
2015-11-09,72,comp1,8,35.38665579944977,36.85375636453326,38.32085692961675,0.0307,주의,0.0035364140646267916,True,fp_v1,False
2015-11-09,72,comp2,42,22.16375609935592,38.295589345699845,38.295589345699845,0.3125,주의,0.633601811512671,False,fp_v1,False
2015-11-09,72,comp3,16,27.581802380195356,40.4714664119845,,0.0508,관찰,0.03856601151250585,True,fp_v1,False
2015-11-09,72,comp4,24,37.41036824440576,,,0.107,관찰,0.04990335776144257,True,fp_v1,False
2015-11-09,73,comp1,8,7.0,7.0,7.0,0.0307,즉시,0.10267949759745507,True,fp_v1,False
2015-11-09,73,comp2,42,33.75855914759207,,,0.3125,관찰,0.3472333811696807,False,fp_v1,False
2015-11-09,73,comp3,16,7.0,7.0,7.0,0.0508,즉시,0.2187827977818248,True,fp_v1,False
2015-11-09,73,comp4,24,33.8365805088287,,,0.107,관찰,0.05381528438874315,True,fp_v1,False
2015-11-09,74,comp1,8,9.001189494103496,10.179448624801092,11.357707755498687,0.0307,주의,0.0046132687725221645,True,fp_v1,False
2015-11-09,74,comp2,42,,,,0.3125,정상,0.19523985454042886,False,fp_v1,False
2015-11-09,74,comp3,16,27.917434532896763,40.49922376865305,,0.0508,관찰,0.03856601151250585,True,fp_v1,False
2015-11-09,74,comp4,24,37.296158400714695,,,0.107,관찰,0.0507209918841543,True,fp_v1,False
2015-11-09,75,comp1,8,10.17972060229653,12.836298374731065,16.292876143492567,0.0307,주의,0.005510249428782488,True,fp_v1,False
2015-11-09,75,comp2,42,32.529364319196745,,,0.3125,관찰,0.4338434042687657,False,fp_v1,False
2015-11-09,75,comp3,16,27.917434532896763,40.49922376865305,,0.0508,관찰,0.03856601151250585,True,fp_v1,False
2015-11-09,75,comp4,24,9.753339970368476,11.828509586010625,13.903679201652778,0.107,주의,0.7373704501247956,True,fp_v1,False
2015-11-09,76,comp1,8,35.584875976436734,37.24648195851569,38.90808794059464,0.0307,주의,0.0035364140646267916,True,fp_v1,False
2015-11-09,76,comp2,42,27.075085978143697,33.05042085707263,33.05042085707263,0.3125,주의,0.705565439360784,False,fp_v1,False
2015-11-09,76,comp3,16,7.0,7.0,16.139520135583783,0.0508,주의,0.15116390976517619,True,fp_v1,False
2015-11-09,76,comp4,24,35.72711931390023,,,0.107,관찰,0.04826335677205907,True,fp_v1,False
2015-11-09,77,comp1,8,8.6838185186085,9.776605314971588,10.869392111334674,0.0307,주의,0.011488402934433385,True,fp_v1,False
2015-11-09,77,comp2,42,,,,0.3125,정상,0.18605869114336504,False,fp_v1,False
2015-11-09,77,comp3,16,27.917434532896763,40.49922376865305,,0.0508,관찰,0.03856601151250585,True,fp_v1,False
2015-11-09,77,comp4,24,37.16342978658448,,,0.107,관찰,0.0507209918841543,True,fp_v1,False
2015-11-09,78,comp1,8,9.506087012053394,11.226473122851269,12.946859233649144,0.0307,주의,0.0038238415900762944,True,fp_v1,False
2015-11-09,78,comp2,42,21.751294709599716,,,0.3125,관찰,0.5245849253126865,False,fp_v1,False
2015-11-09,78,comp3,16,27.917434532896763,40.49922376865305,,0.0508,관찰,0.03856601151250585,True,fp_v1,False
2015-11-09,78,comp4,24,37.22437626782254,,,0.107,관찰,0.04756102505111679,True,fp_v1,False
2015-11-09,79,comp1,8,7.0,16.865914991935778,18.52438335833028,0.0307,주의,0.04327821016101286,True,fp_v1,False
2015-11-09,79,comp2,42,33.96883058500218,,,0.3125,관찰,0.40536825996750586,False,fp_v1,False
2015-11-09,79,comp3,16,27.917434532896763,40.49922376865305,,0.0508,관찰,0.03856601151250585,True,fp_v1,False
2015-11-09,79,comp4,24,15.04682698521712,17.40975122482376,19.08682361092057,0.107,주의,0.5131989915296218,True,fp_v1,False
2015-11-09,80,comp1,8,7.615397440987616,15.257668645876093,26.232502005561415,0.0307,주의,0.032223775200191616,True,fp_v1,False
2015-11-09,80,comp2,42,7.0,7.0,7.0,0.3125,즉시,0.9263867618083759,False,fp_v1,False
2015-11-09,80,comp3,16,26.689056793109003,40.39946683081725,,0.0508,관찰,0.03856601151250585,True,fp_v1,False
2015-11-09,80,comp4,24,37.47806463438357,,,0.107,관찰,0.05326425245687772,True,fp_v1,False
2015-11-09,81,comp1,8,16.8617800030643,18.009956466795195,19.15813293052609,0.0307,주의,0.005081227111737795,True,fp_v1,False
2015-11-09,81,comp2,42,29.47633730803459,,,0.3125,관찰,0.5862196194156716,False,fp_v1,False
2015-11-09,81,comp3,16,27.6898668208801,40.48106948822319,,0.0508,관찰,0.03856601151250585,True,fp_v1,False
2015-11-09,81,comp4,24,37.49236840329116,,,0.107,관찰,0.06389455908427352,True,fp_v1,False
2015-11-09,82,comp1,8,14.273520098723463,14.602974577582364,14.932429056441267,0.0307,주의,0.005211813772122289,True,fp_v1,False
2015-11-09,82,comp2,42,,,,0.3125,정상,0.16111592109847328,False,fp_v1,False
2015-11-09,82,comp3,16,27.56223766858473,40.46965197822703,,0.0508,관찰,0.03856601151250585,True,fp_v1,False
2015-11-09,82,comp4,24,31.905238891832777,41.63250708621568,,0.107,관찰,0.052456084562394624,True,fp_v1,False
2015-11-09,83,comp1,8,17.680106532640625,19.666849280815963,35.08452333721958,0.0307,주의,0.0035364140646267916,True,fp_v1,False
2015-11-09,83,comp2,42,,,,0.3125,정상,0.15699067053298688,False,fp_v1,False
2015-11-09,83,comp3,16,27.917434532896763,40.49922376865305,,0.0508,관찰,0.03856601151250585,True,fp_v1,False
2015-11-09,83,comp4,24,16.220398949655237,18.53483625152098,20.849273553386723,0.107,주의,0.32796831570015716,True,fp_v1,False
2015-11-09,84,comp1,8,35.58232370573618,37.23784157443719,38.8933594431382,0.0307,주의,0.0035364140646267916,True,fp_v1,False
2015-11-09,84,comp2,42,23.349966688800528,,,0.3125,관찰,0.5192187355732981,False,fp_v1,False
2015-11-09,84,comp3,16,25.741329138056404,40.019610987055664,,0.0508,관찰,0.03856601151250585,True,fp_v1,False
2015-11-09,84,comp4,24,29.859954283083322,,,0.107,관찰,0.07799040226949969,True,fp_v1,False
2015-11-09,85,comp1,8,7.069357983132006,8.520096814692174,10.700853585235617,0.0307,주의,0.05407414598724861,True,fp_v1,False
2015-11-09,85,comp2,42,7.52519367226223,,,0.3125,관찰,0.4808390733473987,False,fp_v1,False
2015-11-09,85,comp3,16,7.0,7.0,7.436137952113736,0.0508,주의,0.19108744551799858,True,fp_v1,False
2015-11-09,85,comp4,24,7.0,7.0,7.0,0.107,즉시,0.6472734217550089,True,fp_v1,False
2015-11-09,86,comp1,8,35.34725941169019,37.0031809211968,38.65910243070341,0.0307,주의,0.0035364140646267916,True,fp_v1,False
2015-11-09,86,comp2,42,21.28364570331974,,,0.3125,관찰,0.5023021482398741,False,fp_v1,False
2015-11-09,86,comp3,16,25.77232374364855,40.08865850076603,,0.0508,관찰,0.03856601151250585,True,fp_v1,False
2015-11-09,86,comp4,24,37.2028816512276,,,0.107,관찰,0.05013985515132433,True,fp_v1,False
2015-11-09,87,comp1,8,15.56052859535304,24.48951741232496,25.87352528901745,0.0307,주의,0.005033514664828745,True,fp_v1,False
2015-11-09,87,comp2,42,23.416243231284277,,,0.3125,관찰,0.35326247554085966,False,fp_v1,False
2015-11-09,87,comp3,16,27.917434532896763,39.95114163766269,,0.0508,관찰,0.03856601151250585,True,fp_v1,False
2015-11-09,87,comp4,24,37.536845843239995,,,0.107,관찰,0.04756102505111679,True,fp_v1,False
2015-11-09,88,comp1,8,35.58869792926376,37.26233740428968,38.93597687931559,0.0307,주의,0.0035364140646267916,True,fp_v1,False
2015-11-09,88,comp2,42,38.35304986278024,,,0.3125,관찰,0.4651428937302538,False,fp_v1,False
2015-11-09,88,comp3,16,26.755997029775703,40.36575640783107,,0.0508,관찰,0.03856601151250585,True,fp_v1,False
2015-11-09,88,comp4,24,7.0,7.0,21.42736970583185,0.107,주의,0.6524323359612825,True,fp_v1,False
2015-11-09,89,comp1,8,35.37766199191857,36.451336598999866,37.52501120608117,0.0307,주의,0.0035364140646267916,True,fp_v1,False
2015-11-09,89,comp2,42,,,,0.3125,정상,0.2746889859172582,False,fp_v1,False
2015-11-09,89,comp3,16,27.25467263025388,40.437565219110155,,0.0508,관찰,0.03856601151250585,True,fp_v1,False
2015-11-09,89,comp4,24,10.662200509746919,13.956148868564213,27.876248467449127,0.107,주의,0.21542445191985765,True,fp_v1,False
2015-11-09,90,comp1,8,16.050375481842824,21.57098514986822,25.967465212897253,0.0307,주의,0.028254092070109975,True,fp_v1,False
2015-11-09,90,comp2,42,21.940613629771363,37.870189075375784,37.870189075375784,0.3125,주의,0.6919805711590273,False,fp_v1,False
2015-11-09,90,comp3,16,27.73554475738665,39.49060400164191,,0.0508,관찰,0.03856601151250585,True,fp_v1,False
2015-11-09,90,comp4,24,37.536845843239995,,,0.107,관찰,0.04756102505111679,True,fp_v1,False
2015-11-09,91,comp1,8,7.0,21.591672335303357,23.051288533702582,0.0307,주의,0.03884170452323485,True,fp_v1,False
2015-11-09,91,comp2,42,21.86385930756917,,,0.3125,관찰,0.5701706203985494,False,fp_v1,False
2015-11-09,91,comp3,16,27.665428459911094,40.47895773672856,,0.0508,관찰,0.03856601151250585,True,fp_v1,False
2015-11-09,91,comp4,24,33.24481245432326,,,0.107,관찰,0.04756102505111679,True,fp_v1,False
2015-11-09,92,comp1,8,7.0,7.0,7.0,0.0307,즉시,0.12448082714708594,True,fp_v1,False
2015-11-09,92,comp2,42,,,,0.3125,정상,0.23896929959251842,False,fp_v1,False
2015-11-09,92,comp3,16,7.0,14.781409157963168,16.196910953015596,0.0508,주의,0.14765924875463088,True,fp_v1,False
2015-11-09,92,comp4,24,37.40716034133868,,,0.107,관찰,0.0499299442404903,True,fp_v1,False
2015-11-09,93,comp1,8,7.0,7.0,7.2536471626634595,0.0307,주의,0.13942606940771848,True,fp_v1,False
2015-11-09,93,comp2,42,36.78530118525785,,,0.3125,관찰,0.4690938731374526,False,fp_v1,False
2015-11-09,93,comp3,16,26.397297103947086,40.288961163749306,,0.0508,관찰,0.03856601151250585,True,fp_v1,False
2015-11-09,93,comp4,24,7.0,20.433440815093917,23.848004153151233,0.107,주의,0.32653743753280373,True,fp_v1,False
2015-11-09,94,comp1,8,15.224066221232093,18.78131221982044,24.775426881696717,0.0307,주의,0.00685608232812651,True,fp_v1,False
2015-11-09,94,comp2,42,,,,0.3125,정상,0.2264018197763726,False,fp_v1,False
2015-11-09,94,comp3,16,25.9624334901931,37.57046510554741,40.99578359972286,0.0508,주의,0.03856601151250585,True,fp_v1,False
2015-11-09,94,comp4,24,10.60883801788386,13.482200368604268,22.496250515144663,0.107,주의,0.3691996452653174,True,fp_v1,False
2015-11-09,95,comp1,8,21.396694894218392,21.951898148761224,22.507101403304056,0.0307,주의,0.0035364140646267916,True,fp_v1,False
2015-11-09,95,comp2,42,24.619742365664706,,,0.3125,관찰,0.4736135535837592,False,fp_v1,False
2015-11-09,95,comp3,16,26.343987904039675,37.861570551383025,41.30769808264086,0.0508,주의,0.03857967299981238,True,fp_v1,False
2015-11-09,95,comp4,24,32.60554940473613,,,0.107,관찰,0.04756102505111679,True,fp_v1,False
2015-11-09,96,comp1,8,35.505890096269674,37.18795451539572,38.87001893452176,0.0307,주의,0.0035364140646267916,True,fp_v1,False
2015-11-09,96,comp2,42,,,,0.3125,정상,0.2703557175877367,False,fp_v1,False
2015-11-09,96,comp3,16,7.0,7.0,7.0,0.0508,즉시,0.2025073119176804,True,fp_v1,False
2015-11-09,96,comp4,24,35.51278641420311,,,0.107,관찰,0.08397742906926046,True,fp_v1,False
2015-11-09,97,comp1,8,24.85774800360259,26.10771514808327,27.357682292563947,0.0307,주의,0.0035364140646267916,True,fp_v1,False
2015-11-09,97,comp2,42,,,,0.3125,정상,0.15981636726110443,False,fp_v1,False
2015-11-09,97,comp3,16,14.49470153696637,20.258781189850048,29.4337761176082,0.0508,주의,0.06572438289368575,True,fp_v1,False
2015-11-09,97,comp4,24,13.139056263134812,22.549171737526894,24.781531434444304,0.107,주의,0.2502971231686154,True,fp_v1,False
2015-11-09,98,comp1,8,7.0,7.0,7.0,0.0307,즉시,0.44300874359097714,True,fp_v1,False
2015-11-09,98,comp2,42,,,,0.3125,정상,0.16860395614726828,False,fp_v1,False
2015-11-09,98,comp3,16,7.0,7.0,7.116159569201557,0.0508,주의,0.4349335949814636,True,fp_v1,False
2015-11-09,98,comp4,24,21.369275469320968,30.828687363239712,34.07125669829547,0.107,주의,0.12065749392173147,True,fp_v1,False
2015-11-09,99,comp1,8,7.0,12.301140012798484,20.354195855365703,0.0307,주의,0.04875381570988676,True,fp_v1,False
2015-11-09,99,comp2,42,22.91683967591336,,,0.3125,관찰,0.43762555133674513,False,fp_v1,False
2015-11-09,99,comp3,16,7.0,7.0,7.0,0.0508,즉시,0.41656064538487253,True,fp_v1,False
2015-11-09,99,comp4,24,37.35996568401199,,,0.107,관찰,0.04756102505111679,True,fp_v1,False
2015-11-09,100,comp1,8,14.960687757227069,16.121682364992612,17.55990030018026,0.0307,주의,0.0047230315088081605,True,fp_v1,False
2015-11-09,100,comp2,42,,,,0.3125,정상,0.3059156409546161,False,fp_v1,False
2015-11-09,100,comp3,16,24.474041888360976,39.93630578234057,,0.0508,관찰,0.03856601151250585,True,fp_v1,False
2015-11-09,100,comp4,24,37.3495848105904,,,0.107,관찰,0.04756102505111679,True,fp_v1,False
2015-11-16,1,comp1,8,7.0,7.377559645557519,8.936489876123739,0.0307,주의,0.0772855364520955,True,fp_v1,False
2015-11-16,1,comp2,42,,,,0.3125,정상,0.19617512560814712,False,fp_v1,False
2015-11-16,1,comp3,16,18.242281412392263,26.882654669722157,,0.0508,관찰,0.0410643238066387,True,fp_v1,False
2015-11-16,1,comp4,24,33.084259596788364,,,0.107,관찰,0.056056436710373476,True,fp_v1,False
2015-11-16,2,comp1,8,35.53993196277206,37.07493217562089,38.609932388469716,0.0307,주의,0.0035364140646267916,True,fp_v1,False
2015-11-16,2,comp2,42,28.66890826508439,,,0.3125,관찰,0.41467506091558726,False,fp_v1,False
2015-11-16,2,comp3,16,12.669779287621562,25.787639987324006,,0.0508,관찰,0.06125296632179138,True,fp_v1,False
2015-11-16,2,comp4,24,37.53794645598576,,,0.107,관찰,0.04736794145594708,True,fp_v1,False
2015-11-16,3,comp1,8,28.625861377748503,31.57104183107974,34.51622228441097,0.0307,주의,0.0035364140646267916,True,fp_v1,False
2015-11-16,3,comp2,42,,,,0.3125,정상,0.15023915082591294,False,fp_v1,False
2015-11-16,3,comp3,16,27.425642915879973,40.46965197822703,,0.0508,관찰,0.03856601151250585,True,fp_v1,False
2015-11-16,3,comp4,24,36.40604152112034,,,0.107,관찰,0.04756102505111679,True,fp_v1,False
2015-11-16,4,comp1,8,14.14367429121869,16.53513856207936,20.612110519675635,0.0307,주의,0.00402323840175248,True,fp_v1,False
2015-11-16,4,comp2,42,,,,0.3125,정상,0.1463109185865419,False,fp_v1,False
2015-11-16,4,comp3,16,27.392639290349486,40.45284411981456,,0.0508,관찰,0.03856601151250585,True,fp_v1,False
2015-11-16,4,comp4,24,37.48745454883815,,,0.107,관찰,0.04756102505111679,True,fp_v1,False
2015-11-16,5,comp1,8,7.0,7.0,16.83666841585068,0.0307,주의,0.08894337805954583,True,fp_v1,False
2015-11-16,5,comp2,42,28.673198668801884,,,0.3125,관찰,0.4098739660850657,False,fp_v1,False
2015-11-16,5,comp3,16,27.7639994193378,40.48727352386993,,0.0508,관찰,0.03856601151250585,True,fp_v1,False
2015-11-16,5,comp4,24,37.48991848312843,,,0.107,관찰,0.04756102505111679,True,fp_v1,False
2015-11-16,6,comp1,8,7.0,19.161469034817443,23.31089140789804,0.0307,주의,0.030982703514897847,True,fp_v1,False
2015-11-16,6,comp2,42,,,,0.3125,정상,0.1488133833296753,False,fp_v1,False
2015-11-16,6,comp3,16,24.358542510910627,38.57551149229543,,0.0508,관찰,0.03856601151250585,True,fp_v1,False
2015-11-16,6,comp4,24,37.35197753917943,,,0.107,관찰,0.04756102505111679,True,fp_v1,False
2015-11-16,7,comp1,8,7.0,7.0,7.0,0.0307,즉시,0.2940385871922969,True,fp_v1,False
2015-11-16,7,comp2,42,,,,0.3125,정상,0.29230209000697677,False,fp_v1,False
2015-11-16,7,comp3,16,27.56223766858473,40.46965197822703,,0.0508,관찰,0.03856601151250585,True,fp_v1,False
2015-11-16,7,comp4,24,35.00085862284474,,,0.107,관찰,0.056056436710373476,True,fp_v1,False
2015-11-16,8,comp1,8,7.0,16.557523064479753,17.646726122857704,0.0307,주의,0.03626891650005795,True,fp_v1,False
2015-11-16,8,comp2,42,,,,0.3125,정상,0.1786974172017899,False,fp_v1,False
2015-11-16,8,comp3,16,18.760840112191126,36.95453304862644,40.34226821501025,0.0508,주의,0.0410643238066387,True,fp_v1,False
2015-11-16,8,comp4,24,31.618010007007264,,,0.107,관찰,0.04756102505111679,True,fp_v1,False
2015-11-16,9,comp1,8,35.6205118315755,37.38459667784661,39.14868152411772,0.0307,주의,0.0035364140646267916,True,fp_v1,False
2015-11-16,9,comp2,42,,,,0.3125,정상,0.16514085730554826,False,fp_v1,False
2015-11-16,9,comp3,16,18.380585106173143,39.697809151624824,,0.0508,관찰,0.04083443223967188,True,fp_v1,False
2015-11-16,9,comp4,24,36.88928600724514,,,0.107,관찰,0.061166257470823895,True,fp_v1,False
2015-11-16,10,comp1,8,14.458367663130568,14.97718911690836,15.49601057068615,0.0307,주의,0.003576935319744477,True,fp_v1,False
2015-11-16,10,comp2,42,29.822865153712826,34.712336426351264,34.712336426351264,0.3125,주의,0.6169145645433732,False,fp_v1,False
2015-11-16,10,comp3,16,27.917434532896763,40.49922376865305,,0.0508,관찰,0.03856601151250585,True,fp_v1,False
2015-11-16,10,comp4,24,37.536845843239995,,,0.107,관찰,0.04756102505111679,True,fp_v1,False
2015-11-16,11,comp1,8,7.6003693912357475,17.655806518861173,22.375171453079567,0.0307,주의,0.03656692145972415,True,fp_v1,False
2015-11-16,11,comp2,42,,,,0.3125,정상,0.23160932874433468,False,fp_v1,False
2015-11-16,11,comp3,16,14.058189428277087,14.92095670302495,15.783723977772814,0.0508,주의,0.16503437724774428,True,fp_v1,False
2015-11-16,11,comp4,24,37.47806463438357,,,0.107,관찰,0.05176601006349469,True,fp_v1,False
2015-11-16,12,comp1,8,16.52347452412596,17.210545651945164,17.897616779764373,0.0307,주의,0.004934543454754316,True,fp_v1,False
2015-11-16,12,comp2,42,,,,0.3125,정상,0.225824484622261,False,fp_v1,False
2015-11-16,12,comp3,16,7.678597527733437,22.7074281204953,33.39950433275678,0.0508,주의,0.06584753386168536,True,fp_v1,False
2015-11-16,12,comp4,24,20.23682674768196,31.247683271083595,,0.107,관찰,0.14633769724934265,True,fp_v1,False
2015-11-16,13,comp1,8,21.342414593999806,21.833775789816663,22.32513698563352,0.0307,주의,0.0035364140646267916,True,fp_v1,False
2015-11-16,13,comp2,42,,,,0.3125,정상,0.26117511002817484,False,fp_v1,False
2015-11-16,13,comp3,16,27.497035253628795,39.14683257169327,,0.0508,관찰,0.03857967299981238,True,fp_v1,False
2015-11-16,13,comp4,24,8.403578770803925,13.206719777925365,25.65476024457036,0.107,주의,0.2603968615112316,True,fp_v1,False
2015-11-16,14,comp1,8,9.446627211244484,11.092259441968004,12.737891672691525,0.0307,주의,0.003712245774956445,True,fp_v1,False
2015-11-16,14,comp2,42,,,,0.3125,정상,0.18303478527035208,False,fp_v1,False
2015-11-16,14,comp3,16,27.04729185348085,40.411310028664104,,0.0508,관찰,0.03856601151250585,True,fp_v1,False
2015-11-16,14,comp4,24,37.536845843239995,,,0.107,관찰,0.04756102505111679,True,fp_v1,False
2015-11-16,15,comp1,8,8.22535500683764,14.08301232082861,14.784730157620091,0.0307,주의,0.029641419197278793,True,fp_v1,False
2015-11-16,15,comp2,42,33.248678196208346,,,0.3125,관찰,0.3528050664074026,False,fp_v1,False
2015-11-16,15,comp3,16,25.518950697741936,40.07383581137448,,0.0508,관찰,0.03856601151250585,True,fp_v1,False
2015-11-16,15,comp4,24,33.62425039405662,,,0.107,관찰,0.04756102505111679,True,fp_v1,False
2015-11-16,16,comp1,8,35.6205118315755,37.38459667784661,39.14868152411772,0.0307,주의,0.0035364140646267916,True,fp_v1,False
2015-11-16,16,comp2,42,27.408830114759375,40.16150406633746,40.16150406633746,0.3125,주의,0.6461080479129906,False,fp_v1,False
2015-11-16,16,comp3,16,12.827365929753478,24.27990109800766,25.304233048175572,0.0508,주의,0.08672553381675455,True,fp_v1,False
2015-11-16,16,comp4,24,37.43054791229342,,,0.107,관찰,0.04826335677205907,True,fp_v1,False
2015-11-16,17,comp1,8,11.860596069974587,15.547991292053487,17.51673654379959,0.0307,주의,0.006266420625292201,True,fp_v1,False
2015-11-16,17,comp2,42,30.885273109393935,,,0.3125,관찰,0.3422688506725081,False,fp_v1,False
2015-11-16,17,comp3,16,25.394863050608166,37.1576397795256,41.07296137271718,0.0508,주의,0.03856601151250585,True,fp_v1,False
2015-11-16,17,comp4,24,24.66124431283595,25.851593600223456,27.041942887610958,0.107,주의,0.04756102505111679,True,fp_v1,False
2015-11-16,18,comp1,8,11.692156432628895,14.496122458923463,15.559469773266429,0.0307,주의,0.004500206582285042,True,fp_v1,False
2015-11-16,18,comp2,42,32.49039716233074,,,0.3125,관찰,0.42169646390455917,False,fp_v1,False
2015-11-16,18,comp3,16,27.917434532896763,40.49922376865305,,0.0508,관찰,0.03856601151250585,True,fp_v1,False
2015-11-16,18,comp4,24,33.31645129356905,,,0.107,관찰,0.04756102505111679,True,fp_v1,False
2015-11-16,19,comp1,8,7.0,7.0,14.029323286725715,0.0307,주의,0.09207412224841545,True,fp_v1,False
2015-11-16,19,comp2,42,28.98813139364914,,,0.3125,관찰,0.4368182550537404,False,fp_v1,False
2015-11-16,19,comp3,16,26.543322417673945,40.323710047892455,,0.0508,관찰,0.03856601151250585,True,fp_v1,False
2015-11-16,19,comp4,24,7.0,7.49310365796229,10.52704758364824,0.107,주의,0.8287117463855023,True,fp_v1,False
2015-11-16,20,comp1,8,14.165549995830606,14.357332086071303,14.549114176312,0.0307,주의,0.0035677503382625965,True,fp_v1,False
2015-11-16,20,comp2,42,,,,0.3125,정상,0.16297056205374788,False,fp_v1,False
2015-11-16,20,comp3,16,27.917434532896763,39.09152234901836,,0.0508,관찰,0.03856601151250585,True,fp_v1,False
2015-11-16,20,comp4,24,10.589524344158214,13.375678554908909,16.73148364834797,0.107,주의,0.5967230467928676,True,fp_v1,False
2015-11-16,21,comp1,8,16.805775107206696,17.828735209163856,18.85169531112102,0.0307,주의,0.0035364140646267916,True,fp_v1,False
2015-11-16,21,comp2,42,22.75174367403034,,,0.3125,관찰,0.5907541888736365,False,fp_v1,False
2015-11-16,21,comp3,16,7.0,7.0,7.0,0.0508,즉시,0.2482401635249401,True,fp_v1,False
2015-11-16,21,comp4,24,34.249842135185574,,,0.107,관찰,0.04756102505111679,True,fp_v1,False
2015-11-16,22,comp1,8,7.0,7.0,7.0,0.0307,즉시,0.2204762367315383,True,fp_v1,False
2015-11-16,22,comp2,42,31.710821637061684,,,0.3125,관찰,0.4472368450208787,False,fp_v1,False
2015-11-16,22,comp3,16,27.917434532896763,39.95114163766269,,0.0508,관찰,0.03856601151250585,True,fp_v1,False
2015-11-16,22,comp4,24,8.238647717385598,10.777029263592631,13.315410809799666,0.107,주의,0.6662935613419156,True,fp_v1,False
2015-11-16,23,comp1,8,15.230969980352862,17.85344527046732,20.01911907448963,0.0307,주의,0.02361350089677219,True,fp_v1,False
2015-11-16,23,comp2,42,33.73169404904987,,,0.3125,관찰,0.3987058692217658,False,fp_v1,False
2015-11-16,23,comp3,16,7.0,7.0,7.0,0.0508,즉시,0.7691051404006818,True,fp_v1,False
2015-11-16,23,comp4,24,17.491976839684014,31.174167596231754,,0.107,관찰,0.15120488523503553,True,fp_v1,False
2015-11-16,24,comp1,8,35.60184842189977,37.31287410553555,39.02389978917133,0.0307,주의,0.0035364140646267916,True,fp_v1,False
2015-11-16,24,comp2,42,39.75066069510215,,,0.3125,관찰,0.35710885845573276,False,fp_v1,False
2015-11-16,24,comp3,16,12.29134220266287,24.37385183461561,27.36397008088315,0.0508,주의,0.09160448652598664,True,fp_v1,False
2015-11-16,24,comp4,24,37.57519413191121,,,0.107,관찰,0.05115799849496993,True,fp_v1,False
2015-11-16,25,comp1,8,7.22322839794637,8.994366383610183,11.271112067984006,0.0307,주의,0.04798817046574091,True,fp_v1,False
2015-11-16,25,comp2,42,28.544457236821422,,,0.3125,관찰,0.41618963876834336,False,fp_v1,False
2015-11-16,25,comp3,16,27.917434532896763,40.49922376865305,,0.0508,관찰,0.03856601151250585,True,fp_v1,False
2015-11-16,25,comp4,24,7.0,17.174159540449455,24.758061751046345,0.107,주의,0.2794060008694331,True,fp_v1,False
2015-11-16,26,comp1,8,35.31822906579907,37.05121526565802,38.78420146551697,0.0307,주의,0.004221776970299631,True,fp_v1,False
2015-11-16,26,comp2,42,7.0,7.145881934272216,7.145881934272216,0.3125,주의,0.7529396375045149,False,fp_v1,False
2015-11-16,26,comp3,16,25.699802542141562,40.109846942207575,,0.0508,관찰,0.03856601151250585,True,fp_v1,False
2015-11-16,26,comp4,24,37.47187935262022,,,0.107,관찰,0.04756102505111679,True,fp_v1,False
2015-11-16,27,comp1,8,35.42736075934069,37.14311652422365,38.858872289106614,0.0307,주의,0.0035364140646267916,True,fp_v1,False
2015-11-16,27,comp2,42,31.14752477047848,,,0.3125,관찰,0.5438343027298305,False,fp_v1,False
2015-11-16,27,comp3,16,27.917434532896763,40.49922376865305,,0.0508,관찰,0.03856601151250585,True,fp_v1,False
2015-11-16,27,comp4,24,37.12065415193154,,,0.107,관찰,0.04826335677205907,True,fp_v1,False
2015-11-16,28,comp1,8,15.47440458156863,17.406356398487638,19.158999056768806,0.0307,주의,0.0055584693874312615,True,fp_v1,False
2015-11-16,28,comp2,42,30.0130184295919,,,0.3125,관찰,0.5459569004951714,False,fp_v1,False
2015-11-16,28,comp3,16,26.169914752644374,36.87553063615387,39.20037435727253,0.0508,주의,0.03856601151250585,True,fp_v1,False
2015-11-16,28,comp4,24,37.47187935262022,,,0.107,관찰,0.047994212128624585,True,fp_v1,False
2015-11-16,29,comp1,8,24.290443708736298,24.76021781297548,25.22999191721466,0.0307,주의,0.0035864395053640556,True,fp_v1,False
2015-11-16,29,comp2,42,,,,0.3125,정상,0.18830199707960874,False,fp_v1,False
2015-11-16,29,comp3,16,27.917434532896763,40.49922376865305,,0.0508,관찰,0.03856601151250585,True,fp_v1,False
2015-11-16,29,comp4,24,37.07126361552596,,,0.107,관찰,0.05051884315283353,True,fp_v1,False
2015-11-16,30,comp1,8,29.839487689955977,35.02634145304748,37.02100964734251,0.0307,주의,0.0035364140646267916,True,fp_v1,False
2015-11-16,30,comp2,42,,,,0.3125,정상,0.26808512982271787,False,fp_v1,False
2015-11-16,30,comp3,16,26.477353296839652,40.308694209174924,,0.0508,관찰,0.03856601151250585,True,fp_v1,False
2015-11-16,30,comp4,24,7.311607894190907,12.125739764209213,22.00100516571871,0.107,주의,0.46712711985756045,True,fp_v1,False
2015-11-16,31,comp1,8,7.0,7.0,7.0,0.0307,즉시,0.09518483014177877,True,fp_v1,False
2015-11-16,31,comp2,42,,,,0.3125,정상,0.1778463516823982,False,fp_v1,False
2015-11-16,31,comp3,16,7.0,7.0,7.0,0.0508,즉시,0.5145694352746552,True,fp_v1,False
2015-11-16,31,comp4,24,37.29235195231417,,,0.107,관찰,0.04756102505111679,True,fp_v1,False
2015-11-16,32,comp1,8,35.58449948359471,37.24620298253479,38.90790648147487,0.0307,주의,0.0035364140646267916,True,fp_v1,False
2015-11-16,32,comp2,42,22.45252846290147,40.56294524727599,40.56294524727599,0.3125,주의,0.6402489032845051,False,fp_v1,False
2015-11-16,32,comp3,16,26.832823727040264,40.46757101530356,,0.0508,관찰,0.03856601151250585,True,fp_v1,False
2015-11-16,32,comp4,24,7.0,7.0,7.343401357757245,0.107,주의,0.542798716132292,True,fp_v1,False
2015-11-16,33,comp1,8,9.38012411464234,10.974828560029122,12.569533005415904,0.0307,주의,0.004130619406551989,True,fp_v1,False
2015-11-16,33,comp2,42,,,,0.3125,정상,0.286485203937068,False,fp_v1,False
2015-11-16,33,comp3,16,27.917434532896763,40.49922376865305,,0.0508,관찰,0.03856601151250585,True,fp_v1,False
2015-11-16,33,comp4,24,15.296840645461714,24.54167612099142,27.379215857300725,0.107,주의,0.19357408518216293,True,fp_v1,False
2015-11-16,34,comp1,8,35.57107627988346,37.194618265939376,38.818160251995295,0.0307,주의,0.0035364140646267916,True,fp_v1,False
2015-11-16,34,comp2,42,,,,0.3125,정상,0.21259167211207447,False,fp_v1,False
2015-11-16,34,comp3,16,27.917434532896763,40.49922376865305,,0.0508,관찰,0.03856601151250585,True,fp_v1,False
2015-11-16,34,comp4,24,15.402841125782928,,,0.107,관찰,0.12011262498122481,True,fp_v1,False
2015-11-16,35,comp1,8,7.0,7.0,7.0,0.0307,즉시,0.24763847652081858,True,fp_v1,False
2015-11-16,35,comp2,42,32.089926674725,,,0.3125,관찰,0.4669031301490164,False,fp_v1,False
2015-11-16,35,comp3,16,7.0,9.846193783986106,14.004417904181683,0.0508,주의,0.4232419719565062,True,fp_v1,False
2015-11-16,35,comp4,24,33.82483389015216,,,0.107,관찰,0.05066717639426512,True,fp_v1,False
2015-11-16,36,comp1,8,7.955145023380455,11.839513860905093,14.544528113560961,0.0307,주의,0.030990784061007387,True,fp_v1,False
2015-11-16,36,comp2,42,,,,0.3125,정상,0.23880323747015827,False,fp_v1,False
2015-11-16,36,comp3,16,27.578721624061217,40.471182302679516,,0.0508,관찰,0.03856601151250585,True,fp_v1,False
2015-11-16,36,comp4,24,37.47423677062034,,,0.107,관찰,0.05397316266841272,True,fp_v1,False
2015-11-16,37,comp1,8,10.75882238838599,14.010974374632648,14.35841276809491,0.0307,주의,0.005393789325653357,True,fp_v1,False
2015-11-16,37,comp2,42,,,,0.3125,정상,0.12817447059915343,False,fp_v1,False
2015-11-16,37,comp3,16,9.218910267012802,11.531928775720946,13.84494728442909,0.0508,주의,0.15571099715310488,True,fp_v1,False
2015-11-16,37,comp4,24,21.252188150368223,22.170807154290642,23.089426158213058,0.107,주의,0.4270629060091069,True,fp_v1,False
2015-11-16,38,comp1,8,24.416867224034636,24.98701424135594,25.55716125867724,0.0307,주의,0.0035364140646267916,True,fp_v1,False
2015-11-16,38,comp2,42,,,,0.3125,정상,0.1626589554300506,False,fp_v1,False
2015-11-16,38,comp3,16,26.53373864339527,40.433472516216575,,0.0508,관찰,0.03856601151250585,True,fp_v1,False
2015-11-16,38,comp4,24,10.804103214573008,13.993413215994067,25.152006080619007,0.107,주의,0.22887832588131637,True,fp_v1,False
2015-11-16,39,comp1,8,35.23027944237013,36.615296481962716,38.000313521555306,0.0307,주의,0.0035864395053640556,True,fp_v1,False
2015-11-16,39,comp2,42,23.280406398912653,,,0.3125,관찰,0.5966669208100939,False,fp_v1,False
2015-11-16,39,comp3,16,27.61189262967985,40.47421042364491,,0.0508,관찰,0.03856601151250585,True,fp_v1,False
2015-11-16,39,comp4,24,37.374194972362496,,,0.107,관찰,0.05051884315283353,True,fp_v1,False
2015-11-16,40,comp1,8,14.068805191912803,15.227312809521507,16.805822293255037,0.0307,주의,0.005182682717822204,True,fp_v1,False
2015-11-16,40,comp2,42,,,,0.3125,정상,0.1393755453298205,False,fp_v1,False
2015-11-16,40,comp3,16,10.728982253374625,16.707293985922956,19.63503765600012,0.0508,주의,0.0892734630824781,True,fp_v1,False
2015-11-16,40,comp4,24,32.05665775275316,,,0.107,관찰,0.05000887879011519,True,fp_v1,False
2015-11-16,41,comp1,8,35.54655130084754,37.10036996871544,38.65418863658334,0.0307,주의,0.0035364140646267916,True,fp_v1,False
2015-11-16,41,comp2,42,,,,0.3125,정상,0.19583004321985123,False,fp_v1,False
2015-11-16,41,comp3,16,27.917434532896763,40.49922376865305,,0.0508,관찰,0.03856601151250585,True,fp_v1,False
2015-11-16,41,comp4,24,37.29371073774057,,,0.107,관찰,0.04826335677205907,True,fp_v1,False
2015-11-16,42,comp1,8,28.325730978904712,29.505401963198704,30.6850729474927,0.0307,주의,0.0035364140646267916,True,fp_v1,False
2015-11-16,42,comp2,42,28.536631951246463,34.502607099643214,34.502607099643214,0.3125,주의,0.6239693353216541,False,fp_v1,False
2015-11-16,42,comp3,16,16.50092261391137,18.587253903713865,20.67358519351636,0.0508,주의,0.03857967299981238,True,fp_v1,False
2015-11-16,42,comp4,24,36.5445344066961,,,0.107,관찰,0.05118216906297802,True,fp_v1,False
2015-11-16,43,comp1,8,28.83209703671962,31.209527089855634,33.58695714299164,0.0307,주의,0.0035364140646267916,True,fp_v1,False
2015-11-16,43,comp2,42,7.0,7.033390289800049,7.033390289800049,0.3125,주의,0.7548617882238852,False,fp_v1,False
2015-11-16,43,comp3,16,25.55307754478944,40.396644670329366,,0.0508,관찰,0.03856601151250585,True,fp_v1,False
2015-11-16,43,comp4,24,33.849054249416646,,,0.107,관찰,0.04793765473480356,True,fp_v1,False
2015-11-16,44,comp1,8,7.0,7.0,8.354778083007163,0.0307,주의,0.07914980402050403,True,fp_v1,False
2015-11-16,44,comp2,42,,,,0.3125,정상,0.1679680755985647,False,fp_v1,False
2015-11-16,44,comp3,16,27.532365329713322,40.46757101530356,,0.0508,관찰,0.03856601151250585,True,fp_v1,False
2015-11-16,44,comp4,24,37.296158400714695,,,0.107,관찰,0.0507209918841543,True,fp_v1,False
2015-11-16,45,comp1,8,29.496389005914352,33.750549902021326,36.92594811857246,0.0307,주의,0.0035364140646267916,True,fp_v1,False
2015-11-16,45,comp2,42,22.185981692179006,32.766072586654914,32.766072586654914,0.3125,주의,0.7003753433545092,False,fp_v1,False
2015-11-16,45,comp3,16,27.917434532896763,40.49922376865305,,0.0508,관찰,0.03856601151250585,True,fp_v1,False
2015-11-16,45,comp4,24,17.73656417661339,20.90004708414941,,0.107,관찰,0.2173807554232506,True,fp_v1,False
2015-11-16,46,comp1,8,28.67545172275574,31.19614915773117,33.7168465927066,0.0307,주의,0.0035364140646267916,True,fp_v1,False
2015-11-16,46,comp2,42,32.967581354810164,,,0.3125,관찰,0.35180804514499475,False,fp_v1,False
2015-11-16,46,comp3,16,27.125635598661148,40.4321953637406,,0.0508,관찰,0.03856601151250585,True,fp_v1,False
2015-11-16,46,comp4,24,36.48429592340028,,,0.107,관찰,0.04756102505111679,True,fp_v1,False
2015-11-16,47,comp1,8,7.075304653775369,7.579425056903722,16.489217297182556,0.0307,주의,0.08700564469445818,True,fp_v1,False
2015-11-16,47,comp2,42,,,,0.3125,정상,0.2062858860706254,False,fp_v1,False
2015-11-16,47,comp3,16,7.0,7.0,7.0,0.0508,즉시,0.5241115762017682,True,fp_v1,False
2015-11-16,47,comp4,24,36.99734684210619,,,0.107,관찰,0.04756102505111679,True,fp_v1,False
2015-11-16,48,comp1,8,35.57107627988346,37.194618265939376,38.818160251995295,0.0307,주의,0.0035364140646267916,True,fp_v1,False
2015-11-16,48,comp2,42,,,,0.3125,정상,0.1463109185865419,False,fp_v1,False
2015-11-16,48,comp3,16,26.447897951725327,40.30163651840901,,0.0508,관찰,0.03856601151250585,True,fp_v1,False
2015-11-16,48,comp4,24,36.52720871731033,,,0.107,관찰,0.055424053202653964,True,fp_v1,False
2015-11-16,49,comp1,8,12.868379435553393,18.045626046375336,21.204430536685642,0.0307,주의,0.005047586337251972,True,fp_v1,False
2015-11-16,49,comp2,42,,,,0.3125,정상,0.20790691480231016,False,fp_v1,False
2015-11-16,49,comp3,16,27.917434532896763,39.1668092180671,,0.0508,관찰,0.03856601151250585,True,fp_v1,False
2015-11-16,49,comp4,24,10.584566828664508,13.351123395605182,27.499624958728504,0.107,주의,0.23909610593179478,True,fp_v1,False
2015-11-16,50,comp1,8,10.151847369912929,13.088710072473125,17.61211454230041,0.0307,주의,0.008205404043645276,True,fp_v1,False
2015-11-16,50,comp2,42,,,,0.3125,정상,0.2451728171401029,False,fp_v1,False
2015-11-16,50,comp3,16,26.13035122481069,40.37422458960752,,0.0508,관찰,0.03856601151250585,True,fp_v1,False
2015-11-16,50,comp4,24,37.536845843239995,,,0.107,관찰,0.04756102505111679,True,fp_v1,False
2015-11-16,51,comp1,8,24.56932132465242,25.34797897973595,26.12663663481948,0.0307,주의,0.0035364140646267916,True,fp_v1,False
2015-11-16,51,comp2,42,22.952892626683727,35.69891272659266,35.69891272659266,0.3125,주의,0.6772048226990942,False,fp_v1,False
2015-11-16,51,comp3,16,27.917434532896763,40.49922376865305,,0.0508,관찰,0.03856601151250585,True,fp_v1,False
2015-11-16,51,comp4,24,9.721327740682332,11.566333764482867,13.4113397882834,0.107,주의,0.35513899024780954,True,fp_v1,False
2015-11-16,52,comp1,8,35.6205118315755,37.38459667784661,39.14868152411772,0.0307,주의,0.0035364140646267916,True,fp_v1,False
2015-11-16,52,comp2,42,22.174974711190323,33.79414079049407,33.79414079049407,0.3125,주의,0.6364448750111462,False,fp_v1,False
2015-11-16,52,comp3,16,25.997673156735058,40.28931849744885,,0.0508,관찰,0.03856601151250585,True,fp_v1,False
2015-11-16,52,comp4,24,35.51239668603876,,,0.107,관찰,0.04826335677205907,True,fp_v1,False
2015-11-16,53,comp1,8,21.558908757782444,22.37436715169312,23.1898255456038,0.0307,주의,0.0037122599131421356,True,fp_v1,False
2015-11-16,53,comp2,42,,,,0.3125,정상,0.16174990871492398,False,fp_v1,False
2015-11-16,53,comp3,16,25.99132822790969,40.376927188257206,,0.0508,관찰,0.03856601151250585,True,fp_v1,False
2015-11-16,53,comp4,24,37.02060283200745,,,0.107,관찰,0.06389455908427352,True,fp_v1,False
2015-11-16,54,comp1,8,35.58232370573618,37.23784157443719,38.8933594431382,0.0307,주의,0.0035364140646267916,True,fp_v1,False
2015-11-16,54,comp2,42,,,,0.3125,정상,0.1520067522378367,False,fp_v1,False
2015-11-16,54,comp3,16,14.741392810337448,21.643142329082632,25.085444224485087,0.0508,주의,0.05911282768026621,True,fp_v1,False
2015-11-16,54,comp4,24,35.92406116388502,,,0.107,관찰,0.05386851563550767,True,fp_v1,False
2015-11-16,55,comp1,8,7.0,7.0,7.0,0.0307,즉시,0.4947147493360976,True,fp_v1,False
2015-11-16,55,comp2,42,23.350877888829803,38.03472007441323,38.03472007441323,0.3125,주의,0.6212027370120032,False,fp_v1,False
2015-11-16,55,comp3,16,26.543322417673945,40.323710047892455,,0.0508,관찰,0.03856601151250585,True,fp_v1,False
2015-11-16,55,comp4,24,13.61549420148606,34.118818358042944,,0.107,관찰,0.15105067073937237,True,fp_v1,False
2015-11-16,56,comp1,8,35.57463110455481,37.20827928361913,38.841927462683444,0.0307,주의,0.0035364140646267916,True,fp_v1,False
2015-11-16,56,comp2,42,23.5922959595836,,,0.3125,관찰,0.34057484029833845,False,fp_v1,False
2015-11-16,56,comp3,16,19.64980771415719,26.423681606036844,29.463201238851983,0.0508,주의,0.03857967299981238,True,fp_v1,False
2015-11-16,56,comp4,24,36.73074425717967,,,0.107,관찰,0.05295847825170017,True,fp_v1,False
2015-11-16,57,comp1,8,29.622414174645872,34.24936704840793,37.11641122370178,0.0307,주의,0.0035364140646267916,True,fp_v1,False
2015-11-16,57,comp2,42,,,,0.3125,정상,0.1721543910284152,False,fp_v1,False
2015-11-16,57,comp3,16,25.625799966182626,39.93519996144988,,0.0508,관찰,0.03856601151250585,True,fp_v1,False
2015-11-16,57,comp4,24,36.32878446639995,,,0.107,관찰,0.04756102505111679,True,fp_v1,False
2015-11-16,58,comp1,8,8.341819881972745,8.812201878529121,9.2825838750855,0.0307,주의,0.00839011264238022,True,fp_v1,False
2015-11-16,58,comp2,42,25.8051065894649,,,0.3125,관찰,0.5715167739835896,False,fp_v1,False
2015-11-16,58,comp3,16,24.098849159621693,24.843839333970177,25.588829508318657,0.0508,주의,0.03857967299981238,True,fp_v1,False
2015-11-16,58,comp4,24,37.3495848105904,,,0.107,관찰,0.04756102505111679,True,fp_v1,False
2015-11-16,59,comp1,8,29.153821359385628,32.434079159189515,35.7278688590391,0.0307,주의,0.0035364140646267916,True,fp_v1,False
2015-11-16,59,comp2,42,31.22384487942165,,,0.3125,관찰,0.48120842335767705,False,fp_v1,False
2015-11-16,59,comp3,16,26.592980987891412,40.41941906509392,,0.0508,관찰,0.03856601151250585,True,fp_v1,False
2015-11-16,59,comp4,24,7.194925109422113,16.772108812560788,18.39478668247096,0.107,주의,0.5059621622758513,True,fp_v1,False
2015-11-16,60,comp1,8,11.243305212879214,16.829621957381164,20.879598642478268,0.0307,주의,0.006693766294589727,True,fp_v1,False
2015-11-16,60,comp2,42,,,,0.3125,정상,0.2126004902540306,False,fp_v1,False
2015-11-16,60,comp3,16,27.03081624551182,40.40902918170078,,0.0508,관찰,0.03856601151250585,True,fp_v1,False
2015-11-16,60,comp4,24,37.536845843239995,,,0.107,관찰,0.04756102505111679,True,fp_v1,False
2015-11-16,61,comp1,8,21.523615439810253,22.251698189343042,22.97978093887583,0.0307,주의,0.004612960621777833,True,fp_v1,False
2015-11-16,61,comp2,42,32.038700498704436,,,0.3125,관찰,0.5030078825733248,False,fp_v1,False
2015-11-16,61,comp3,16,27.318923557149272,40.4448760833742,,0.0508,관찰,0.03856601151250585,True,fp_v1,False
2015-11-16,61,comp4,24,37.49236840329116,,,0.107,관찰,0.0499299442404903,True,fp_v1,False
2015-11-16,62,comp1,8,21.497252302363364,22.177341550696944,22.857430799030524,0.0307,주의,0.0035364140646267916,True,fp_v1,False
2015-11-16,62,comp2,42,,,,0.3125,정상,0.18763200452756684,False,fp_v1,False
2015-11-16,62,comp3,16,25.782747109260864,40.22106653684373,,0.0508,관찰,0.03856601151250585,True,fp_v1,False
2015-11-16,62,comp4,24,15.608052830214195,19.574657268047204,27.64839052690813,0.107,주의,0.27036448969677496,True,fp_v1,False
2015-11-16,63,comp1,8,35.38866435239529,36.4936181332208,37.59857191404631,0.0307,주의,0.0035364140646267916,True,fp_v1,False
2015-11-16,63,comp2,42,40.11145614557332,,,0.3125,관찰,0.3497676776017665,False,fp_v1,False
2015-11-16,63,comp3,16,27.062383606521347,40.41337211702286,,0.0508,관찰,0.03856601151250585,True,fp_v1,False
2015-11-16,63,comp4,24,21.784902355414154,23.214751720543738,,0.107,관찰,0.2727625297817334,True,fp_v1,False
2015-11-16,64,comp1,8,7.0,7.031180483380068,7.61075730320904,0.0307,주의,0.11270952337642706,True,fp_v1,False
2015-11-16,64,comp2,42,,,,0.3125,정상,0.16449089716629348,False,fp_v1,False
2015-11-16,64,comp3,16,26.930960324532254,40.42576482851982,,0.0508,관찰,0.03856601151250585,True,fp_v1,False
2015-11-16,64,comp4,24,11.238256539478236,18.002253204852614,20.41472132609988,0.107,주의,0.48073855056840137,True,fp_v1,False
2015-11-16,65,comp1,8,8.483783121921084,9.090171006261452,9.696558890601821,0.0307,주의,0.006206722093420072,True,fp_v1,False
2015-11-16,65,comp2,42,22.518947735450418,,,0.3125,관찰,0.5965215247672183,False,fp_v1,False
2015-11-16,65,comp3,16,27.917434532896763,40.49922376865305,,0.0508,관찰,0.03856601151250585,True,fp_v1,False
2015-11-16,65,comp4,24,17.39940630476947,25.551468748685295,,0.107,관찰,0.15304546785032033,True,fp_v1,False
2015-11-16,66,comp1,8,31.385648439033222,36.165647212486085,37.84900194860297,0.0307,주의,0.0035677503382625965,True,fp_v1,False
2015-11-16,66,comp2,42,,,,0.3125,정상,0.17437057404438763,False,fp_v1,False
2015-11-16,66,comp3,16,27.917434532896763,40.49922376865305,,0.0508,관찰,0.03856601151250585,True,fp_v1,False
2015-11-16,66,comp4,24,36.35426806818095,,,0.107,관찰,0.052456084562394624,True,fp_v1,False
2015-11-16,67,comp1,8,10.098323919951515,12.736289126518605,14.957341376906786,0.0307,주의,0.006279738822226398,True,fp_v1,False
2015-11-16,67,comp2,42,,,,0.3125,정상,0.17507538585462654,False,fp_v1,False
2015-11-16,67,comp3,16,26.432659396149464,40.321746335204374,,0.0508,관찰,0.03856601151250585,True,fp_v1,False
2015-11-16,67,comp4,24,23.697627266897822,30.014396523334277,33.83009496525508,0.107,주의,0.10981805424080966,True,fp_v1,False
2015-11-16,68,comp1,8,15.516623451461175,22.485833341233857,36.134657720179455,0.0307,주의,0.0054111097685617246,True,fp_v1,False
2015-11-16,68,comp2,42,38.77350499162711,,,0.3125,관찰,0.38288491835206734,False,fp_v1,False
2015-11-16,68,comp3,16,26.84976003573802,40.43358831079873,,0.0508,관찰,0.03856601151250585,True,fp_v1,False
2015-11-16,68,comp4,24,37.536845843239995,,,0.107,관찰,0.04756102505111679,True,fp_v1,False
2015-11-16,69,comp1,8,7.95592586860747,16.799283537286886,18.47827898807474,0.0307,주의,0.030799494721790072,True,fp_v1,False
2015-11-16,69,comp2,42,,,,0.3125,정상,0.1712148220782729,False,fp_v1,False
2015-11-16,69,comp3,16,27.917434532896763,39.51002368553789,,0.0508,관찰,0.03856601151250585,True,fp_v1,False
2015-11-16,69,comp4,24,18.325120041500313,25.086804644779328,,0.107,관찰,0.1761089858903869,True,fp_v1,False
2015-11-16,70,comp1,8,35.57463110455481,37.20827928361913,38.841927462683444,0.0307,주의,0.0035364140646267916,True,fp_v1,False
2015-11-16,70,comp2,42,38.15877532296276,,,0.3125,관찰,0.39366053416244273,False,fp_v1,False
2015-11-16,70,comp3,16,27.917434532896763,40.49922376865305,,0.0508,관찰,0.03856601151250585,True,fp_v1,False
2015-11-16,70,comp4,24,35.91501605808168,,,0.107,관찰,0.07394344699334106,True,fp_v1,False
2015-11-16,71,comp1,8,35.58449948359471,37.24620298253479,38.90790648147487,0.0307,주의,0.0035364140646267916,True,fp_v1,False
2015-11-16,71,comp2,42,23.30833127946611,,,0.3125,관찰,0.4978025867887824,False,fp_v1,False
2015-11-16,71,comp3,16,21.257015904760276,22.32748130038551,23.39794669601075,0.0508,주의,0.03857967299981238,True,fp_v1,False
2015-11-16,71,comp4,24,7.0,16.90095271110122,19.348587185101156,0.107,주의,0.6594870195782523,True,fp_v1,False
2015-11-16,72,comp1,8,35.41982243379523,36.72493014642171,38.03003785904819,0.0307,주의,0.004175397929736516,True,fp_v1,False
2015-11-16,72,comp2,42,22.011853840383825,34.01383502296905,34.01383502296905,0.3125,주의,0.6813102889783988,False,fp_v1,False
2015-11-16,72,comp3,16,26.53330234790001,40.34619546779631,,0.0508,관찰,0.03856601151250585,True,fp_v1,False
2015-11-16,72,comp4,24,37.49373732836726,,,0.107,관찰,0.048303007739785644,True,fp_v1,False
2015-11-16,73,comp1,8,11.577320648662557,17.464526182262446,24.001905504364046,0.0307,주의,0.004133932464227506,True,fp_v1,False
2015-11-16,73,comp2,42,30.166543267276282,,,0.3125,관찰,0.3607008098765963,False,fp_v1,False
2015-11-16,73,comp3,16,27.917434532896763,40.49922376865305,,0.0508,관찰,0.03856601151250585,True,fp_v1,False
2015-11-16,73,comp4,24,36.089961478471594,,,0.107,관찰,0.05599068975576628,True,fp_v1,False
2015-11-16,74,comp1,8,7.0,7.0,7.0,0.0307,즉시,0.24533413609601776,True,fp_v1,False
2015-11-16,74,comp2,42,,,,0.3125,정상,0.20064081045176332,False,fp_v1,False
2015-11-16,74,comp3,16,27.021082572776955,40.407666866286796,,0.0508,관찰,0.03856601151250585,True,fp_v1,False
2015-11-16,74,comp4,24,37.40716034133868,,,0.107,관찰,0.0507209918841543,True,fp_v1,False
2015-11-16,75,comp1,8,7.0,7.0,7.643374929623844,0.0307,주의,0.0966582221641581,True,fp_v1,False
2015-11-16,75,comp2,42,31.314903041425616,,,0.3125,관찰,0.4901679158908501,False,fp_v1,False
2015-11-16,75,comp3,16,27.917434532896763,40.49922376865305,,0.0508,관찰,0.03856601151250585,True,fp_v1,False
2015-11-16,75,comp4,24,8.10184602736656,11.11734341400426,16.06273766694475,0.107,주의,0.8708033343483836,True,fp_v1,False
2015-11-16,76,comp1,8,28.653674303140374,31.200586428148966,33.747498553157556,0.0307,주의,0.0035364140646267916,True,fp_v1,False
2015-11-16,76,comp2,42,27.679486582517214,34.22744673177268,34.22744673177268,0.3125,주의,0.6347589888710351,False,fp_v1,False
2015-11-16,76,comp3,16,7.0,14.28464321670351,14.99598751538193,0.0508,주의,0.22396489349910448,True,fp_v1,False
2015-11-16,76,comp4,24,34.81925807215687,,,0.107,관찰,0.05198482451004459,True,fp_v1,False
2015-11-16,77,comp1,8,7.0,7.0,7.0,0.0307,즉시,0.22326582048690644,True,fp_v1,False
2015-11-16,77,comp2,42,,,,0.3125,정상,0.1575765304710035,False,fp_v1,False
2015-11-16,77,comp3,16,27.917434532896763,40.49922376865305,,0.0508,관찰,0.03856601151250585,True,fp_v1,False
2015-11-16,77,comp4,24,37.212520968568356,,,0.107,관찰,0.05402375693532118,True,fp_v1,False
2015-11-16,78,comp1,8,14.866222216606447,16.891608230679385,18.635945234294766,0.0307,주의,0.019232322894088938,True,fp_v1,False
2015-11-16,78,comp2,42,22.85030007458764,,,0.3125,관찰,0.40676262637624644,False,fp_v1,False
2015-11-16,78,comp3,16,27.917434532896763,40.49922376865305,,0.0508,관찰,0.03856601151250585,True,fp_v1,False
2015-11-16,78,comp4,24,31.214043987511573,,,0.107,관찰,0.04756102505111679,True,fp_v1,False
2015-11-16,79,comp1,8,35.55242325293295,37.12293559393451,38.69344793493606,0.0307,주의,0.0035364140646267916,True,fp_v1,False
2015-11-16,79,comp2,42,36.151883938475834,,,0.3125,관찰,0.4808329821708485,False,fp_v1,False
2015-11-16,79,comp3,16,27.917434532896763,40.49922376865305,,0.0508,관찰,0.03856601151250585,True,fp_v1,False
2015-11-16,79,comp4,24,10.20647757610609,12.64061106917057,18.20125707839424,0.107,주의,0.3810671303788231,True,fp_v1,False
2015-11-16,80,comp1,8,10.703290217291894,13.946313296458412,26.060238855882613,0.0307,주의,0.005108981114962382,True,fp_v1,False
2015-11-16,80,comp2,42,,,,0.3125,정상,0.16362245948984766,False,fp_v1,False
2015-11-16,80,comp3,16,25.241797978847984,40.307258819275845,,0.0508,관찰,0.03856601151250585,True,fp_v1,False
2015-11-16,80,comp4,24,37.38649501123132,,,0.107,관찰,0.05397316266841272,True,fp_v1,False
2015-11-16,81,comp1,8,35.38498645238283,37.22267607758631,39.06036570278978,0.0307,주의,0.0035364140646267916,True,fp_v1,False
2015-11-16,81,comp2,42,23.701914014806103,,,0.3125,관찰,0.5558840477855684,False,fp_v1,False
2015-11-16,81,comp3,16,26.591390753300814,40.334013255020395,,0.0508,관찰,0.03856601151250585,True,fp_v1,False
2015-11-16,81,comp4,24,36.91286620662386,,,0.107,관찰,0.051362677499302255,True,fp_v1,False
2015-11-16,82,comp1,8,35.4557181925304,36.751302767560574,38.04688734259074,0.0307,주의,0.0035364140646267916,True,fp_v1,False
2015-11-16,82,comp2,42,,,,0.3125,정상,0.16111592109847328,False,fp_v1,False
2015-11-16,82,comp3,16,27.56223766858473,40.46965197822703,,0.0508,관찰,0.03856601151250585,True,fp_v1,False
2015-11-16,82,comp4,24,26.03954772248442,,,0.107,관찰,0.09698198953744913,True,fp_v1,False
2015-11-16,83,comp1,8,11.335106226571916,14.936358838135279,17.51516589092005,0.0307,주의,0.0050698029002861755,True,fp_v1,False
2015-11-16,83,comp2,42,,,,0.3125,정상,0.2678210286057369,False,fp_v1,False
2015-11-16,83,comp3,16,27.665428459911094,40.47895773672856,,0.0508,관찰,0.03856601151250585,True,fp_v1,False
2015-11-16,83,comp4,24,7.0,13.837319445963107,25.332138588472574,0.107,주의,0.2974103674474117,True,fp_v1,False
2015-11-16,84,comp1,8,28.75396206296329,31.40372417486873,34.053486286774174,0.0307,주의,0.0035364140646267916,True,fp_v1,False
2015-11-16,84,comp2,42,31.210564672407596,,,0.3125,관찰,0.41450709660869745,False,fp_v1,False
2015-11-16,84,comp3,16,25.14057670825132,40.173579905088815,,0.0508,관찰,0.03856601151250585,True,fp_v1,False
2015-11-16,84,comp4,24,36.56320580728479,,,0.107,관찰,0.06133311293108938,True,fp_v1,False
2015-11-16,85,comp1,8,35.58869792926376,37.26233740428968,38.93597687931559,0.0307,주의,0.0035364140646267916,True,fp_v1,False
2015-11-16,85,comp2,42,,,,0.3125,정상,0.23569305254232625,False,fp_v1,False
2015-11-16,85,comp3,16,11.118315973072335,14.17304285751009,14.704512690838612,0.0508,주의,0.2760605189648711,True,fp_v1,False
2015-11-16,85,comp4,24,14.75940574028151,17.38246784665139,19.54869942074425,0.107,주의,0.3926863163835081,True,fp_v1,False
2015-11-16,86,comp1,8,28.28522918851749,30.210271698166746,32.135314207816,0.0307,주의,0.0044696862520477686,True,fp_v1,False
2015-11-16,86,comp2,42,24.344002149837515,,,0.3125,관찰,0.5171198919177034,False,fp_v1,False
2015-11-16,86,comp3,16,25.217684809856554,40.08865850076603,,0.0508,관찰,0.03856601151250585,True,fp_v1,False
2015-11-16,86,comp4,24,37.192139605425695,,,0.107,관찰,0.05051884315283353,True,fp_v1,False
2015-11-16,87,comp1,8,7.451839234283074,7.974161075335415,27.230667313949564,0.0307,주의,0.06291394299571168,True,fp_v1,False
2015-11-16,87,comp2,42,22.122143583378588,,,0.3125,관찰,0.4797394385538637,False,fp_v1,False
2015-11-16,87,comp3,16,25.449938368598673,36.84537769489489,40.04217418816505,0.0508,주의,0.03856601151250585,True,fp_v1,False
2015-11-16,87,comp4,24,37.536845843239995,,,0.107,관찰,0.04756102505111679,True,fp_v1,False
2015-11-16,88,comp1,8,29.916687422117867,35.5835764520263,37.791848348135,0.0307,주의,0.0035364140646267916,True,fp_v1,False
2015-11-16,88,comp2,42,30.676936793812114,,,0.3125,관찰,0.4792050081621077,False,fp_v1,False
2015-11-16,88,comp3,16,20.985130736761853,40.437565219110155,,0.0508,관찰,0.03856601151250585,True,fp_v1,False
2015-11-16,88,comp4,24,7.0,17.854109574348946,20.971556603404082,0.107,주의,0.5228915256587678,True,fp_v1,False
2015-11-16,89,comp1,8,28.377704122295622,29.451498503982236,30.525292885668847,0.0307,주의,0.0035364140646267916,True,fp_v1,False
2015-11-16,89,comp2,42,,,,0.3125,정상,0.2649071150323002,False,fp_v1,False
2015-11-16,89,comp3,16,27.04776251185027,40.437565219110155,,0.0508,관찰,0.03856601151250585,True,fp_v1,False
2015-11-16,89,comp4,24,21.126154304825736,24.281076830748827,,0.107,관찰,0.20916552044890066,True,fp_v1,False
2015-11-16,90,comp1,8,14.633195749025653,15.928110790939387,17.756416341625677,0.0307,주의,0.015686931383210305,True,fp_v1,False
2015-11-16,90,comp2,42,22.073850540117068,36.038776044595416,36.038776044595416,0.3125,주의,0.702912086092973,False,fp_v1,False
2015-11-16,90,comp3,16,27.73554475738665,34.43895746718233,38.73319278731805,0.0508,주의,0.03856601151250585,True,fp_v1,False
2015-11-16,90,comp4,24,37.48991848312843,,,0.107,관찰,0.047994212128624585,True,fp_v1,False
2015-11-16,91,comp1,8,11.842240443129928,15.138350875629289,21.12646789609844,0.0307,주의,0.005299525324902057,True,fp_v1,False
2015-11-16,91,comp2,42,21.323713417956565,34.85871605078617,34.85871605078617,0.3125,주의,0.6026356521092341,False,fp_v1,False
2015-11-16,91,comp3,16,27.917434532896763,40.49922376865305,,0.0508,관찰,0.03856601151250585,True,fp_v1,False
2015-11-16,91,comp4,24,25.53738780223131,41.30434716352532,,0.107,관찰,0.04756102505111679,True,fp_v1,False
2015-11-16,92,comp1,8,7.0,8.263098860780719,10.4771205462592,0.0307,주의,0.05774745179034417,True,fp_v1,False
2015-11-16,92,comp2,42,,,,0.3125,정상,0.28625730536281174,False,fp_v1,False
2015-11-16,92,comp3,16,7.0,7.0,17.257678897884922,0.0508,주의,0.11628194267104698,True,fp_v1,False
2015-11-16,92,comp4,24,37.40716034133868,,,0.107,관찰,0.0499299442404903,True,fp_v1,False
2015-11-16,93,comp1,8,9.851777008131258,12.042716361424175,14.196108070198322,0.0307,주의,0.004752069121025566,True,fp_v1,False
2015-11-16,93,comp2,42,,,,0.3125,정상,0.296144838441433,False,fp_v1,False
2015-11-16,93,comp3,16,27.917434532896763,40.49922376865305,,0.0508,관찰,0.03856601151250585,True,fp_v1,False
2015-11-16,93,comp4,24,13.171169501227414,21.847220514445425,23.40252054603162,0.107,주의,0.36210480310954307,True,fp_v1,False
2015-11-16,94,comp1,8,7.0,16.77430116208371,17.6946126409003,0.0307,주의,0.03556795721740981,True,fp_v1,False
2015-11-16,94,comp2,42,31.62315273687404,,,0.3125,관찰,0.3360838426198681,False,fp_v1,False
2015-11-16,94,comp3,16,25.9624334901931,34.345355301645355,,0.0508,관찰,0.03856601151250585,True,fp_v1,False
2015-11-16,94,comp4,24,7.0,7.0,7.291688242549509,0.107,주의,0.7400872968967446,True,fp_v1,False
2015-11-16,95,comp1,8,14.206509803995836,14.439907321073337,14.67330483815084,0.0307,주의,0.0035364140646267916,True,fp_v1,False
2015-11-16,95,comp2,42,23.38015800765715,,,0.3125,관찰,0.5022954357700403,False,fp_v1,False
2015-11-16,95,comp3,16,26.343987904039675,35.931711903372914,40.984859465035335,0.0508,주의,0.03857967299981238,True,fp_v1,False
2015-11-16,95,comp4,24,31.62025731194208,,,0.107,관찰,0.054717845654759505,True,fp_v1,False
2015-11-16,96,comp1,8,35.6205118315755,37.38459667784661,39.14868152411772,0.0307,주의,0.0035364140646267916,True,fp_v1,False
2015-11-16,96,comp2,42,,,,0.3125,정상,0.20201902803861274,False,fp_v1,False
2015-11-16,96,comp3,16,14.289867134001886,15.916527291929231,23.086785935159405,0.0508,주의,0.10414370465474787,True,fp_v1,False
2015-11-16,96,comp4,24,32.68226487093628,,,0.107,관찰,0.06819342219132828,True,fp_v1,False
2015-11-16,97,comp1,8,17.06646567619187,18.54282301409563,20.019180351999392,0.0307,주의,0.0035364140646267916,True,fp_v1,False
2015-11-16,97,comp2,42,,,,0.3125,정상,0.16464257350378927,False,fp_v1,False
2015-11-16,97,comp3,16,15.381556645593953,20.468084054488955,28.058712304132758,0.0508,주의,0.05296933221970968,True,fp_v1,False
2015-11-16,97,comp4,24,7.0,16.506770635348314,19.739973004166337,0.107,주의,0.44191725929615944,True,fp_v1,False
2015-11-16,98,comp1,8,9.949356451312392,12.290705422847253,17.912638509773327,0.0307,주의,0.005139455462049008,True,fp_v1,False
2015-11-16,98,comp2,42,,,,0.3125,정상,0.29133305503093326,False,fp_v1,False
2015-11-16,98,comp3,16,8.480336899372942,10.691394179346,12.902451459319058,0.0508,주의,0.513509922093361,True,fp_v1,False
2015-11-16,98,comp4,24,36.34614693698838,,,0.107,관찰,0.056926273040875094,True,fp_v1,False
2015-11-16,99,comp1,8,8.101637025851213,9.246019987001015,10.390402948150816,0.0307,주의,0.027971296593718973,True,fp_v1,False
2015-11-16,99,comp2,42,,,,0.3125,정상,0.23799884783093433,False,fp_v1,False
2015-11-16,99,comp3,16,9.602421020358241,12.04341390049707,14.065591445271098,0.0508,주의,0.44943686104172814,True,fp_v1,False
2015-11-16,99,comp4,24,36.1299742583684,,,0.107,관찰,0.04756102505111679,True,fp_v1,False
2015-11-16,100,comp1,8,9.388321695048356,10.991863134454137,12.595404573859916,0.0307,주의,0.004120096605166486,True,fp_v1,False
2015-11-16,100,comp2,42,23.363826505015062,,,0.3125,관찰,0.3534646602681722,False,fp_v1,False
2015-11-16,100,comp3,16,25.510416978018863,40.25424166344097,,0.0508,관찰,0.03856601151250585,True,fp_v1,False
2015-11-16,100,comp4,24,37.536845843239995,,,0.107,관찰,0.04756102505111679,True,fp_v1,False
2015-11-23,1,comp1,8,8.351458579013482,8.791637958381395,9.231817337749307,0.0307,주의,0.00618730083937422,True,fp_v1,False
2015-11-23,1,comp2,42,,,,0.3125,정상,0.14607958952962244,False,fp_v1,False
2015-11-23,1,comp3,16,17.797818680815425,25.26855262026191,27.19199912755565,0.0508,주의,0.0410643238066387,True,fp_v1,False
2015-11-23,1,comp4,24,24.38217575477475,,,0.107,관찰,0.10138563312336596,True,fp_v1,False
2015-11-23,2,comp1,8,,,,0.0307,정상,0.0035364140646267916,True,fp_v1,False
2015-11-23,2,comp2,42,23.971680338452643,,,0.3125,관찰,0.41128532379133925,False,fp_v1,False
2015-11-23,2,comp3,16,12.223792921295495,27.531569893711826,,0.0508,관찰,0.06125296632179138,True,fp_v1,False
2015-11-23,2,comp4,24,,,,0.107,정상,0.04756102505111679,True,fp_v1,False
2015-11-23,3,comp1,8,,,,0.0307,정상,0.0035364140646267916,True,fp_v1,False
2015-11-23,3,comp2,42,,,,0.3125,정상,0.16809692334124826,False,fp_v1,False
2015-11-23,3,comp3,16,26.076662824829903,,,0.0508,관찰,0.03856601151250585,True,fp_v1,False
2015-11-23,3,comp4,24,,,,0.107,정상,0.04826335677205907,True,fp_v1,False
2015-11-23,4,comp1,8,7.0,7.0,7.0,0.0307,즉시,0.16631909745243925,True,fp_v1,False
2015-11-23,4,comp2,42,,,,0.3125,정상,0.14795849751572362,False,fp_v1,False
2015-11-23,4,comp3,16,27.500080580072666,,,0.0508,관찰,0.03856601151250585,True,fp_v1,False
2015-11-23,4,comp4,24,,,,0.107,정상,0.04756102505111679,True,fp_v1,False
2015-11-23,5,comp1,8,,,,0.0307,정상,0.0035364140646267916,True,fp_v1,False
2015-11-23,5,comp2,42,,,,0.3125,정상,0.23585460527995575,False,fp_v1,False
2015-11-23,5,comp3,16,26.491394538498096,,,0.0508,관찰,0.03856601151250585,True,fp_v1,False
2015-11-23,5,comp4,24,,,,0.107,정상,0.048336557163609906,True,fp_v1,False
2015-11-23,6,comp1,8,11.891385833178745,16.055585554092524,22.21179797205668,0.0307,주의,0.004321257942270335,True,fp_v1,False
2015-11-23,6,comp2,42,,,,0.3125,정상,0.14720335480157298,False,fp_v1,False
2015-11-23,6,comp3,16,25.19098521874703,,,0.0508,관찰,0.03856601151250585,True,fp_v1,False
2015-11-23,6,comp4,24,,,,0.107,정상,0.04756102505111679,True,fp_v1,False
2015-11-23,7,comp1,8,8.843564986139565,9.924234245277901,11.004903504416234,0.0307,주의,0.006735224227234579,True,fp_v1,False
2015-11-23,7,comp2,42,,,,0.3125,정상,0.2830835824695169,False,fp_v1,False
2015-11-23,7,comp3,16,27.917434532896763,,,0.0508,관찰,0.03856601151250585,True,fp_v1,False
2015-11-23,7,comp4,24,30.69591067955306,,,0.107,관찰,0.056056436710373476,True,fp_v1,False
2015-11-23,8,comp1,8,9.924308893091936,12.301266882143896,16.515409500797634,0.0307,주의,0.005845822533530992,True,fp_v1,False
2015-11-23,8,comp2,42,,,,0.3125,정상,0.18170917063070155,False,fp_v1,False
2015-11-23,8,comp3,16,27.917434532896763,,,0.0508,관찰,0.03856601151250585,True,fp_v1,False
2015-11-23,8,comp4,24,24.45620604872592,25.389871614443322,26.323537180160724,0.107,주의,0.054717845654759505,True,fp_v1,False
2015-11-23,9,comp1,8,,,,0.0307,정상,0.0035364140646267916,True,fp_v1,False
2015-11-23,9,comp2,42,,,,0.3125,정상,0.14747921422474614,False,fp_v1,False
2015-11-23,9,comp3,16,24.292127747894753,,,0.0508,관찰,0.04703849181257974,True,fp_v1,False
2015-11-23,9,comp4,24,,,,0.107,정상,0.05904330172888578,True,fp_v1,False
2015-11-23,10,comp1,8,7.353490924632005,7.752059259044261,8.57084826460688,0.0307,주의,0.08049170819097141,True,fp_v1,False
2015-11-23,10,comp2,42,28.48401430456044,,,0.3125,관찰,0.5382182016384468,False,fp_v1,False
2015-11-23,10,comp3,16,27.917434532896763,,,0.0508,관찰,0.03856601151250585,True,fp_v1,False
2015-11-23,10,comp4,24,,,,0.107,정상,0.04756102505111679,True,fp_v1,False
2015-11-23,11,comp1,8,13.845713750890226,19.98796074726048,,0.0307,관찰,0.005384081345038258,True,fp_v1,False
2015-11-23,11,comp2,42,,,,0.3125,정상,0.183455953577846,False,fp_v1,False
2015-11-23,11,comp3,16,7.101681775642314,7.792686231428401,21.380844937540477,0.0508,주의,0.12455509375325777,True,fp_v1,False
2015-11-23,11,comp4,24,,,,0.107,정상,0.04756102505111679,True,fp_v1,False
2015-11-23,12,comp1,8,,,,0.0307,정상,0.0035364140646267916,True,fp_v1,False
2015-11-23,12,comp2,42,,,,0.3125,정상,0.19701187953193852,False,fp_v1,False
2015-11-23,12,comp3,16,14.332209386042882,27.674727381323198,,0.0508,관찰,0.05874512577173065,True,fp_v1,False
2015-11-23,12,comp4,24,,,,0.107,정상,0.04736794145594708,True,fp_v1,False
2015-11-23,13,comp1,8,14.188535589227266,14.402011816073422,14.615488042919578,0.0307,주의,0.0035864395053640556,True,fp_v1,False
2015-11-23,13,comp2,42,30.401145145990284,,,0.3125,관찰,0.4617075961464783,False,fp_v1,False
2015-11-23,13,comp3,16,26.343987904039675,,,0.0508,관찰,0.03857967299981238,True,fp_v1,False
2015-11-23,13,comp4,24,16.603543070554814,31.275788791350113,,0.107,관찰,0.18379796817162306,True,fp_v1,False
2015-11-23,14,comp1,8,7.2727166330090895,14.497277228263973,16.69776666244001,0.0307,주의,0.047124977652120176,True,fp_v1,False
2015-11-23,14,comp2,42,,,,0.3125,정상,0.15752996060633376,False,fp_v1,False
2015-11-23,14,comp3,16,26.67250924725735,,,0.0508,관찰,0.03856601151250585,True,fp_v1,False
2015-11-23,14,comp4,24,,,,0.107,정상,0.047994212128624585,True,fp_v1,False
2015-11-23,15,comp1,8,7.0,11.3000026374639,14.31250600871708,0.0307,주의,0.03277883603491694,True,fp_v1,False
2015-11-23,15,comp2,42,34.63290818676066,,,0.3125,관찰,0.31912659625072026,False,fp_v1,False
2015-11-23,15,comp3,16,25.796658156324884,,,0.0508,관찰,0.03856601151250585,True,fp_v1,False
2015-11-23,15,comp4,24,26.1037091723354,,,0.107,관찰,0.06648084136152105,True,fp_v1,False
2015-11-23,16,comp1,8,,,,0.0307,정상,0.004869275424775156,True,fp_v1,False
2015-11-23,16,comp2,42,26.36564065975108,,,0.3125,관찰,0.5177577478112871,False,fp_v1,False
2015-11-23,16,comp3,16,7.318148797883084,16.28138746588328,18.094600625675763,0.0508,주의,0.09365972697609361,True,fp_v1,False
2015-11-23,16,comp4,24,,,,0.107,정상,0.04756102505111679,True,fp_v1,False
2015-11-23,17,comp1,8,7.398255514789986,16.090788839891395,19.023771513027853,0.0307,주의,0.03790677488892766,True,fp_v1,False
2015-11-23,17,comp2,42,23.786058253741366,,,0.3125,관찰,0.4129689374125988,False,fp_v1,False
2015-11-23,17,comp3,16,25.394863050608166,33.14424593887694,,0.0508,관찰,0.03856601151250585,True,fp_v1,False
2015-11-23,17,comp4,24,20.939956573909747,26.393155473208513,,0.107,관찰,0.13168924047595332,True,fp_v1,False
2015-11-23,18,comp1,8,7.0,7.0,7.0,0.0307,즉시,0.09762805707905295,True,fp_v1,False
2015-11-23,18,comp2,42,31.232848083430554,,,0.3125,관찰,0.3858966843139601,False,fp_v1,False
2015-11-23,18,comp3,16,27.917434532896763,,,0.0508,관찰,0.03856601151250585,True,fp_v1,False
2015-11-23,18,comp4,24,20.42737855911383,33.16801521019154,,0.107,관찰,0.11468762621618672,True,fp_v1,False
2015-11-23,19,comp1,8,7.0,15.117681868962343,18.31609450211693,0.0307,주의,0.05016220846481057,True,fp_v1,False
2015-11-23,19,comp2,42,29.32806406700715,,,0.3125,관찰,0.4817111261194612,False,fp_v1,False
2015-11-23,19,comp3,16,26.755997029775703,,,0.0508,관찰,0.03856601151250585,True,fp_v1,False
2015-11-23,19,comp4,24,7.0,7.0,7.0,0.107,즉시,0.8710172171517663,True,fp_v1,False
2015-11-23,20,comp1,8,7.046874505300726,7.099663099062513,7.152451692824302,0.0307,주의,0.5849601396849009,True,fp_v1,False
2015-11-23,20,comp2,42,,,,0.3125,정상,0.1507281082907426,False,fp_v1,False
2015-11-23,20,comp3,16,25.982148003846774,,,0.0508,관찰,0.03856601151250585,True,fp_v1,False
2015-11-23,20,comp4,24,7.3823556336156955,7.777167547507305,16.99054105256454,0.107,주의,0.5096615526978796,True,fp_v1,False
2015-11-23,21,comp1,8,8.656978184009931,9.429188142195423,10.201398100380914,0.0307,주의,0.004580810502148181,True,fp_v1,False
2015-11-23,21,comp2,42,34.50675220563058,,,0.3125,관찰,0.320746600216951,False,fp_v1,False
2015-11-23,21,comp3,16,10.765056730025258,17.53290044470495,20.670057079243392,0.0508,주의,0.07673122827293737,True,fp_v1,False
2015-11-23,21,comp4,24,,,,0.107,정상,0.04756102505111679,True,fp_v1,False
2015-11-23,22,comp1,8,,,,0.0307,정상,0.0035364140646267916,True,fp_v1,False
2015-11-23,22,comp2,42,28.481315425335694,,,0.3125,관찰,0.4718034189473392,False,fp_v1,False
2015-11-23,22,comp3,16,25.17626551184756,,,0.0508,관찰,0.03856601151250585,True,fp_v1,False
2015-11-23,22,comp4,24,,,,0.107,정상,0.05115799849496993,True,fp_v1,False
2015-11-23,23,comp1,8,,,,0.0307,정상,0.0035364140646267916,True,fp_v1,False
2015-11-23,23,comp2,42,32.927229521162715,,,0.3125,관찰,0.342511742585828,False,fp_v1,False
2015-11-23,23,comp3,16,27.917434532896763,,,0.0508,관찰,0.03856601151250585,True,fp_v1,False
2015-11-23,23,comp4,24,11.26204885211022,21.191061846243556,22.08136442406305,0.107,주의,0.5515890286514219,True,fp_v1,False
2015-11-23,24,comp1,8,,,,0.0307,정상,0.0035364140646267916,True,fp_v1,False
2015-11-23,24,comp2,42,,,,0.3125,정상,0.3078575996683226,False,fp_v1,False
2015-11-23,24,comp3,16,7.0,14.152845564631454,17.915205602662798,0.0508,주의,0.13639135216650405,True,fp_v1,False
2015-11-23,24,comp4,24,,,,0.107,정상,0.05115799849496993,True,fp_v1,False
2015-11-23,25,comp1,8,7.0,7.871296947594123,11.138893882811544,0.0307,주의,0.06503896114681638,True,fp_v1,False
2015-11-23,25,comp2,42,22.153199541643957,,,0.3125,관찰,0.4526981683235451,False,fp_v1,False
2015-11-23,25,comp3,16,27.507842141606275,,,0.0508,관찰,0.03856601151250585,True,fp_v1,False
2015-11-23,25,comp4,24,7.755065934387659,24.196588286391254,27.17966475729027,0.107,주의,0.2069485727740916,True,fp_v1,False
2015-11-23,26,comp1,8,25.641141295647365,27.978227180904117,,0.0307,관찰,0.003570488928013765,True,fp_v1,False
2015-11-23,26,comp2,42,,,,0.3125,정상,0.14164288948225914,False,fp_v1,False
2015-11-23,26,comp3,16,24.54944005014488,,,0.0508,관찰,0.03856601151250585,True,fp_v1,False
2015-11-23,26,comp4,24,,,,0.107,정상,0.04756102505111679,True,fp_v1,False
2015-11-23,27,comp1,8,30.052907260766666,,,0.0307,관찰,0.0035364140646267916,True,fp_v1,False
2015-11-23,27,comp2,42,31.22905211742419,,,0.3125,관찰,0.3765938909463416,False,fp_v1,False
2015-11-23,27,comp3,16,27.74598944444699,,,0.0508,관찰,0.03856601151250585,True,fp_v1,False
2015-11-23,27,comp4,24,,,,0.107,정상,0.04756102505111679,True,fp_v1,False
2015-11-23,28,comp1,8,7.0,17.00499857355206,19.05439872693702,0.0307,주의,0.046341617650985364,True,fp_v1,False
2015-11-23,28,comp2,42,22.94962296660473,,,0.3125,관찰,0.4392742023660436,False,fp_v1,False
2015-11-23,28,comp3,16,25.86092412475729,,,0.0508,관찰,0.03856601151250585,True,fp_v1,False
2015-11-23,28,comp4,24,,,,0.107,정상,0.047994212128624585,True,fp_v1,False
2015-11-23,29,comp1,8,16.442314514348173,17.00193157945894,17.561548644569708,0.0307,주의,0.005213026618752851,True,fp_v1,False
2015-11-23,29,comp2,42,,,,0.3125,정상,0.18615025873999594,False,fp_v1,False
2015-11-23,29,comp3,16,27.021082572776955,,,0.0508,관찰,0.03856601151250585,True,fp_v1,False
2015-11-23,29,comp4,24,,,,0.107,정상,0.05051884315283353,True,fp_v1,False
2015-11-23,30,comp1,8,24.797061274903392,25.887197611625137,26.97733394834688,0.0307,주의,0.0035364140646267916,True,fp_v1,False
2015-11-23,30,comp2,42,29.277476172331205,,,0.3125,관찰,0.4035253597260042,False,fp_v1,False
2015-11-23,30,comp3,16,27.917434532896763,,,0.0508,관찰,0.03856601151250585,True,fp_v1,False
2015-11-23,30,comp4,24,11.013926124547348,15.43940976003293,,0.107,관찰,0.2201304681129524,True,fp_v1,False
2015-11-23,31,comp1,8,,,,0.0307,정상,0.0035364140646267916,True,fp_v1,False
2015-11-23,31,comp2,42,34.60838199615758,,,0.3125,관찰,0.31973109664616045,False,fp_v1,False
2015-11-23,31,comp3,16,27.917434532896763,,,0.0508,관찰,0.03856601151250585,True,fp_v1,False
2015-11-23,31,comp4,24,,,,0.107,정상,0.04826335677205907,True,fp_v1,False
2015-11-23,32,comp1,8,,,,0.0307,정상,0.0035364140646267916,True,fp_v1,False
2015-11-23,32,comp2,42,,,,0.3125,정상,0.2973256189775808,False,fp_v1,False
2015-11-23,32,comp3,16,27.38322385477243,,,0.0508,관찰,0.03856601151250585,True,fp_v1,False
2015-11-23,32,comp4,24,14.42721213679824,22.638692620635517,27.308336896974225,0.107,주의,0.2255556470711956,True,fp_v1,False
2015-11-23,33,comp1,8,7.0,7.0,7.0,0.0307,즉시,0.15268251588081755,True,fp_v1,False
2015-11-23,33,comp2,42,,,,0.3125,정상,0.2777022405903517,False,fp_v1,False
2015-11-23,33,comp3,16,27.917434532896763,,,0.0508,관찰,0.03856601151250585,True,fp_v1,False
2015-11-23,33,comp4,24,7.0,7.0,17.251457947247054,0.107,주의,0.3742148423281034,True,fp_v1,False
2015-11-23,34,comp1,8,31.977727199999308,,,0.0307,관찰,0.0035364140646267916,True,fp_v1,False
2015-11-23,34,comp2,42,,,,0.3125,정상,0.30586721872769557,False,fp_v1,False
2015-11-23,34,comp3,16,27.917434532896763,,,0.0508,관찰,0.03856601151250585,True,fp_v1,False
2015-11-23,34,comp4,24,,,,0.107,정상,0.05807868273670088,True,fp_v1,False
2015-11-23,35,comp1,8,9.582684215960327,11.78133036275652,13.979976509552715,0.0307,주의,0.008600110042540325,True,fp_v1,False
2015-11-23,35,comp2,42,31.714336337228545,,,0.3125,관찰,0.39360383250497494,False,fp_v1,False
2015-11-23,35,comp3,16,10.108013506365758,13.697568762803542,14.610394413313992,0.0508,주의,0.2581494470399673,True,fp_v1,False
2015-11-23,35,comp4,24,,,,0.107,정상,0.05066717639426512,True,fp_v1,False
2015-11-23,36,comp1,8,10.038587414578252,12.396418385814087,14.193824525280851,0.0307,주의,0.004156377145803281,True,fp_v1,False
2015-11-23,36,comp2,42,,,,0.3125,정상,0.15397976919196957,False,fp_v1,False
2015-11-23,36,comp3,16,27.578721624061217,,,0.0508,관찰,0.03856601151250585,True,fp_v1,False
2015-11-23,36,comp4,24,,,,0.107,정상,0.04756102505111679,True,fp_v1,False
2015-11-23,37,comp1,8,7.180879725269356,7.429881917728452,7.678884110187548,0.0307,주의,0.1316810724161541,True,fp_v1,False
2015-11-23,37,comp2,42,,,,0.3125,정상,0.15138541328931276,False,fp_v1,False
2015-11-23,37,comp3,16,7.689581781832645,17.71298054955832,20.493705692569478,0.0508,주의,0.07026363200620622,True,fp_v1,False
2015-11-23,37,comp4,24,16.85900127911968,21.083318344521345,21.749693820486698,0.107,주의,0.6823319665750155,True,fp_v1,False
2015-11-23,38,comp1,8,16.432470840218034,16.96249283471956,17.49251482922108,0.0307,주의,0.0035364140646267916,True,fp_v1,False
2015-11-23,38,comp2,42,,,,0.3125,정상,0.1646373860156506,False,fp_v1,False
2015-11-23,38,comp3,16,26.79396937124065,,,0.0508,관찰,0.03856601151250585,True,fp_v1,False
2015-11-23,38,comp4,24,7.0,7.446621913524705,25.3975772919833,0.107,주의,0.22640671489345018,True,fp_v1,False
2015-11-23,39,comp1,8,28.55055343370082,31.384275282973288,34.217997132245756,0.0307,주의,0.005483020866299027,True,fp_v1,False
2015-11-23,39,comp2,42,22.501434148118758,33.799689536802454,33.799689536802454,0.3125,주의,0.6388732826025307,False,fp_v1,False
2015-11-23,39,comp3,16,27.196830114740624,,,0.0508,관찰,0.03856601151250585,True,fp_v1,False
2015-11-23,39,comp4,24,,,,0.107,정상,0.050522748887406786,True,fp_v1,False
2015-11-23,40,comp1,8,7.604793678868926,15.2627246401202,16.834825817936217,0.0307,주의,0.046416140535439326,True,fp_v1,False
2015-11-23,40,comp2,42,,,,0.3125,정상,0.15616128167686388,False,fp_v1,False
2015-11-23,40,comp3,16,8.236058261269918,17.502489394870132,19.969094666867278,0.0508,주의,0.07061327392028958,True,fp_v1,False
2015-11-23,40,comp4,24,30.33617675671794,,,0.107,관찰,0.06212561142178284,True,fp_v1,False
2015-11-23,41,comp1,8,,,,0.0307,정상,0.0035364140646267916,True,fp_v1,False
2015-11-23,41,comp2,42,,,,0.3125,정상,0.22464253130734446,False,fp_v1,False
2015-11-23,41,comp3,16,27.917434532896763,,,0.0508,관찰,0.03856601151250585,True,fp_v1,False
2015-11-23,41,comp4,24,,,,0.107,정상,0.04826335677205907,True,fp_v1,False
2015-11-23,42,comp1,8,24.47669950930057,25.4532896313451,26.429879753389628,0.0307,주의,0.0037122599131421356,True,fp_v1,False
2015-11-23,42,comp2,42,,,,0.3125,정상,0.14991892841384133,False,fp_v1,False
2015-11-23,42,comp3,16,14.30371960449504,18.265359750050767,21.67941998320991,0.0508,주의,0.07821884805219075,True,fp_v1,False
2015-11-23,42,comp4,24,,,,0.107,정상,0.054122909718531266,True,fp_v1,False
2015-11-23,43,comp1,8,24.53135269917081,25.30013872818806,26.06892475720531,0.0307,주의,0.0035364140646267916,True,fp_v1,False
2015-11-23,43,comp2,42,,,,0.3125,정상,0.1463109185865419,False,fp_v1,False
2015-11-23,43,comp3,16,25.545901919952247,,,0.0508,관찰,0.03856601151250585,True,fp_v1,False
2015-11-23,43,comp4,24,31.688482604366477,,,0.107,관찰,0.04892442605704861,True,fp_v1,False
2015-11-23,44,comp1,8,7.0,7.0,7.325040943887671,0.0307,주의,0.15190649195186326,True,fp_v1,False
2015-11-23,44,comp2,42,,,,0.3125,정상,0.19161702587680496,False,fp_v1,False
2015-11-23,44,comp3,16,25.871901853867197,,,0.0508,관찰,0.03856601151250585,True,fp_v1,False
2015-11-23,44,comp4,24,,,,0.107,정상,0.0507209918841543,True,fp_v1,False
2015-11-23,45,comp1,8,,,,0.0307,정상,0.0035364140646267916,True,fp_v1,False
2015-11-23,45,comp2,42,22.91815750243546,,,0.3125,관찰,0.5386960845490506,False,fp_v1,False
2015-11-23,45,comp3,16,27.665428459911094,,,0.0508,관찰,0.03856601151250585,True,fp_v1,False
2015-11-23,45,comp4,24,11.403642388350391,24.49147869724162,26.20815621683637,0.107,주의,0.18336627875381759,True,fp_v1,False
2015-11-23,46,comp1,8,25.88186659755314,,,0.0307,관찰,0.0035364140646267916,True,fp_v1,False
2015-11-23,46,comp2,42,,,,0.3125,정상,0.236523476416825,False,fp_v1,False
2015-11-23,46,comp3,16,24.828475023650903,,,0.0508,관찰,0.03856601151250585,True,fp_v1,False
2015-11-23,46,comp4,24,,,,0.107,정상,0.04756102505111679,True,fp_v1,False
2015-11-23,47,comp1,8,9.358573682906036,10.96425409124734,12.569934499588644,0.0307,주의,0.004724228909223265,True,fp_v1,False
2015-11-23,47,comp2,42,,,,0.3125,정상,0.14607958952962244,False,fp_v1,False
2015-11-23,47,comp3,16,7.876701096054577,12.830556077483035,14.437074079786033,0.0508,주의,0.2946838279120882,True,fp_v1,False
2015-11-23,47,comp4,24,,,,0.107,정상,0.04756102505111679,True,fp_v1,False
2015-11-23,48,comp1,8,,,,0.0307,정상,0.0035364140646267916,True,fp_v1,False
2015-11-23,48,comp2,42,23.776161871183067,,,0.3125,관찰,0.3197924368938283,False,fp_v1,False
2015-11-23,48,comp3,16,27.917434532896763,,,0.0508,관찰,0.03856601151250585,True,fp_v1,False
2015-11-23,48,comp4,24,,,,0.107,정상,0.051555892415076424,True,fp_v1,False
2015-11-23,49,comp1,8,7.0138897392643464,16.27988293881722,17.56239789333309,0.0307,주의,0.039201829575192366,True,fp_v1,False
2015-11-23,49,comp2,42,,,,0.3125,정상,0.15429450497392597,False,fp_v1,False
2015-11-23,49,comp3,16,27.917434532896763,,,0.0508,관찰,0.03856601151250585,True,fp_v1,False
2015-11-23,49,comp4,24,8.41893935393117,17.286695105941384,20.862348049072995,0.107,주의,0.35606014380359285,True,fp_v1,False
2015-11-23,50,comp1,8,7.0,11.836146144017297,16.23443261123996,0.0307,주의,0.038796029915440074,True,fp_v1,False
2015-11-23,50,comp2,42,,,,0.3125,정상,0.182596895868317,False,fp_v1,False
2015-11-23,50,comp3,16,27.16999776553006,,,0.0508,관찰,0.03856601151250585,True,fp_v1,False
2015-11-23,50,comp4,24,,,,0.107,정상,0.04756102505111679,True,fp_v1,False
2015-11-23,51,comp1,8,16.449968515093094,16.98327454682684,17.51658057856059,0.0307,주의,0.0035364140646267916,True,fp_v1,False
2015-11-23,51,comp2,42,28.558379850052937,34.35940308407146,34.35940308407146,0.3125,주의,0.6317481254426685,False,fp_v1,False
2015-11-23,51,comp3,16,27.917434532896763,,,0.0508,관찰,0.03856601151250585,True,fp_v1,False
2015-11-23,51,comp4,24,7.0,10.130653965816913,26.419823955136017,0.107,주의,0.2602816578390678,True,fp_v1,False
2015-11-23,52,comp1,8,,,,0.0307,정상,0.0035364140646267916,True,fp_v1,False
2015-11-23,52,comp2,42,22.344970940047737,34.49783779483379,34.49783779483379,0.3125,주의,0.6098298496274318,False,fp_v1,False
2015-11-23,52,comp3,16,26.66002349258915,,,0.0508,관찰,0.03856601151250585,True,fp_v1,False
2015-11-23,52,comp4,24,,,,0.107,정상,0.07463569766833371,True,fp_v1,False
2015-11-23,53,comp1,8,17.561142081976353,19.525393674174982,34.80548627654567,0.0307,주의,0.004264351177392441,True,fp_v1,False
2015-11-23,53,comp2,42,,,,0.3125,정상,0.30078748469386585,False,fp_v1,False
2015-11-23,53,comp3,16,26.12969661842987,,,0.0508,관찰,0.03856601151250585,True,fp_v1,False
2015-11-23,53,comp4,24,,,,0.107,정상,0.04971797753316018,True,fp_v1,False
2015-11-23,54,comp1,8,,,,0.0307,정상,0.0035364140646267916,True,fp_v1,False
2015-11-23,54,comp2,42,,,,0.3125,정상,0.20138934744190004,False,fp_v1,False
2015-11-23,54,comp3,16,12.753091233019163,15.003130932013006,21.547630976995244,0.0508,주의,0.14814213471698895,True,fp_v1,False
2015-11-23,54,comp4,24,,,,0.107,정상,0.052063360439028865,True,fp_v1,False
2015-11-23,55,comp1,8,9.640371058476028,11.620008095276043,13.59964513207606,0.0307,주의,0.005260902049364543,True,fp_v1,False
2015-11-23,55,comp2,42,,,,0.3125,정상,0.1579883287183196,False,fp_v1,False
2015-11-23,55,comp3,16,27.436448026794547,,,0.0508,관찰,0.03856601151250585,True,fp_v1,False
2015-11-23,55,comp4,24,9.319757295780128,11.69459625944199,24.07121171892541,0.107,주의,0.3199742040228446,True,fp_v1,False
2015-11-23,56,comp1,8,32.14449464400662,,,0.0307,관찰,0.0035364140646267916,True,fp_v1,False
2015-11-23,56,comp2,42,23.57634796807616,,,0.3125,관찰,0.3365620535926895,False,fp_v1,False
2015-11-23,56,comp3,16,18.932978261880194,22.602656330491296,28.320006729548243,0.0508,주의,0.03857967299981238,True,fp_v1,False
2015-11-23,56,comp4,24,,,,0.107,정상,0.05118216906297802,True,fp_v1,False
2015-11-23,57,comp1,8,24.65466536531948,25.57541107557848,26.49615678583748,0.0307,주의,0.0035364140646267916,True,fp_v1,False
2015-11-23,57,comp2,42,,,,0.3125,정상,0.18080740040409943,False,fp_v1,False
2015-11-23,57,comp3,16,25.04631351219613,,,0.0508,관찰,0.03856601151250585,True,fp_v1,False
2015-11-23,57,comp4,24,,,,0.107,정상,0.04756102505111679,True,fp_v1,False
2015-11-23,58,comp1,8,7.0,7.0,7.560764397793007,0.0307,주의,0.10852790068784135,True,fp_v1,False
2015-11-23,58,comp2,42,22.885110214497274,,,0.3125,관찰,0.4716380473282826,False,fp_v1,False
2015-11-23,58,comp3,16,16.7328141551064,19.784968437921776,24.901350227395696,0.0508,주의,0.03857967299981238,True,fp_v1,False
2015-11-23,58,comp4,24,,,,0.107,정상,0.047994212128624585,True,fp_v1,False
2015-11-23,59,comp1,8,21.366123668337195,21.90209682778158,22.43806998722597,0.0307,주의,0.0036809568177693553,True,fp_v1,False
2015-11-23,59,comp2,42,21.631416513682915,23.270925354478507,23.270925354478507,0.3125,주의,0.7278486308653962,False,fp_v1,False
2015-11-23,59,comp3,16,26.755997029775703,,,0.0508,관찰,0.03856601151250585,True,fp_v1,False
2015-11-23,59,comp4,24,12.385224520497538,18.789516314710777,,0.107,관찰,0.28323534760430635,True,fp_v1,False
2015-11-23,60,comp1,8,8.80684803298038,16.440127558716334,21.295508366723514,0.0307,주의,0.02703058990428951,True,fp_v1,False
2015-11-23,60,comp2,42,,,,0.3125,정상,0.2241577045970928,False,fp_v1,False
2015-11-23,60,comp3,16,26.25115626127137,,,0.0508,관찰,0.03856601151250585,True,fp_v1,False
2015-11-23,60,comp4,24,,,,0.107,정상,0.04756102505111679,True,fp_v1,False
2015-11-23,61,comp1,8,17.661092164236695,19.645531767321646,21.569392534127996,0.0307,주의,0.003946794746380025,True,fp_v1,False
2015-11-23,61,comp2,42,7.0,,,0.3125,관찰,0.5431472273192767,False,fp_v1,False
2015-11-23,61,comp3,16,26.702772299467007,,,0.0508,관찰,0.03856601151250585,True,fp_v1,False
2015-11-23,61,comp4,24,,,,0.107,정상,0.0499299442404903,True,fp_v1,False
2015-11-23,62,comp1,8,17.67584939531033,19.670503282940906,21.444477200597852,0.0307,주의,0.0035364140646267916,True,fp_v1,False
2015-11-23,62,comp2,42,,,,0.3125,정상,0.20083406973406764,False,fp_v1,False
2015-11-23,62,comp3,16,25.274092349736836,,,0.0508,관찰,0.03856601151250585,True,fp_v1,False
2015-11-23,62,comp4,24,16.978899385261197,24.059107548023977,27.525589521540667,0.107,주의,0.21217552559428152,True,fp_v1,False
2015-11-23,63,comp1,8,30.4486359586778,,,0.0307,관찰,0.0035364140646267916,True,fp_v1,False
2015-11-23,63,comp2,42,34.96751878825967,,,0.3125,관찰,0.31296793342075785,False,fp_v1,False
2015-11-23,63,comp3,16,26.71182179897562,,,0.0508,관찰,0.03856601151250585,True,fp_v1,False
2015-11-23,63,comp4,24,17.24610558183482,19.516124601118833,29.392066347044157,0.107,주의,0.2839442014941195,True,fp_v1,False
2015-11-23,64,comp1,8,8.88767740598825,9.958374717788837,11.029072029589425,0.0307,주의,0.005247314454635765,True,fp_v1,False
2015-11-23,64,comp2,42,,,,0.3125,정상,0.14607958952962244,False,fp_v1,False
2015-11-23,64,comp3,16,26.50701171004933,,,0.0508,관찰,0.03856601151250585,True,fp_v1,False
2015-11-23,64,comp4,24,11.186648589103894,17.537890429101093,21.7911394187977,0.107,주의,0.4830759294197933,True,fp_v1,False
2015-11-23,65,comp1,8,7.0,7.0,7.107494807562842,0.0307,주의,0.16487392359076328,True,fp_v1,False
2015-11-23,65,comp2,42,31.3496492023661,,,0.3125,관찰,0.36623234794704584,False,fp_v1,False
2015-11-23,65,comp3,16,27.917434532896763,,,0.0508,관찰,0.03856601151250585,True,fp_v1,False
2015-11-23,65,comp4,24,7.0,16.677256568437045,19.955165230121743,0.107,주의,0.39573012001915897,True,fp_v1,False
2015-11-23,66,comp1,8,21.76750131412821,22.952254946892083,,0.0307,관찰,0.004327288678139512,True,fp_v1,False
2015-11-23,66,comp2,42,,,,0.3125,정상,0.19410650336438434,False,fp_v1,False
2015-11-23,66,comp3,16,27.917434532896763,,,0.0508,관찰,0.03856601151250585,True,fp_v1,False
2015-11-23,66,comp4,24,,,,0.107,정상,0.052456084562394624,True,fp_v1,False
2015-11-23,67,comp1,8,7.0,7.0,7.0,0.0307,즉시,0.5511305117053753,True,fp_v1,False
2015-11-23,67,comp2,42,,,,0.3125,정상,0.14924504443520417,False,fp_v1,False
2015-11-23,67,comp3,16,24.433965268204844,,,0.0508,관찰,0.03856601151250585,True,fp_v1,False
2015-11-23,67,comp4,24,17.41642660278252,26.155138592418897,,0.107,관찰,0.18447548373534778,True,fp_v1,False
2015-11-23,68,comp1,8,16.040236474542674,18.864600900932835,22.038367299818884,0.0307,주의,0.026319098685217552,True,fp_v1,False
2015-11-23,68,comp2,42,,,,0.3125,정상,0.3083251661039343,False,fp_v1,False
2015-11-23,68,comp3,16,27.15943730937632,,,0.0508,관찰,0.03856601151250585,True,fp_v1,False
2015-11-23,68,comp4,24,,,,0.107,정상,0.04756102505111679,True,fp_v1,False
2015-11-23,69,comp1,8,15.05988725026813,22.56663430796188,25.821096984639652,0.0307,주의,0.0041656972876241895,True,fp_v1,False
2015-11-23,69,comp2,42,,,,0.3125,정상,0.17285391434874398,False,fp_v1,False
2015-11-23,69,comp3,16,26.926606188968965,,,0.0508,관찰,0.03856601151250585,True,fp_v1,False
2015-11-23,69,comp4,24,,,,0.107,정상,0.04793765473480356,True,fp_v1,False
2015-11-23,70,comp1,8,28.69322908062243,30.670244775435073,32.647260470247716,0.0307,주의,0.0035364140646267916,True,fp_v1,False
2015-11-23,70,comp2,42,,,,0.3125,정상,0.2825476092064242,False,fp_v1,False
2015-11-23,70,comp3,16,27.917434532896763,,,0.0508,관찰,0.03856601151250585,True,fp_v1,False
2015-11-23,70,comp4,24,,,,0.107,정상,0.07395926903516958,True,fp_v1,False
2015-11-23,71,comp1,8,31.247284802407346,,,0.0307,관찰,0.0035364140646267916,True,fp_v1,False
2015-11-23,71,comp2,42,22.656418059751697,,,0.3125,관찰,0.5398785595237011,False,fp_v1,False
2015-11-23,71,comp3,16,26.343987904039675,,,0.0508,관찰,0.03857967299981238,True,fp_v1,False
2015-11-23,71,comp4,24,14.135301537824333,15.72458402507266,18.035095887413355,0.107,주의,0.4498723355346254,True,fp_v1,False
2015-11-23,72,comp1,8,24.33136511942555,24.96676274017092,25.60216036091629,0.0307,주의,0.006394195869548788,True,fp_v1,False
2015-11-23,72,comp2,42,21.491418547782988,23.7911235047696,23.7911235047696,0.3125,주의,0.6502690086265782,False,fp_v1,False
2015-11-23,72,comp3,16,27.470469785846902,,,0.0508,관찰,0.03856601151250585,True,fp_v1,False
2015-11-23,72,comp4,24,,,,0.107,정상,0.048303007739785644,True,fp_v1,False
2015-11-23,73,comp1,8,7.0,7.0,17.902628694199684,0.0307,주의,0.06777497061383297,True,fp_v1,False
2015-11-23,73,comp2,42,22.26499526160997,,,0.3125,관찰,0.383574867271667,False,fp_v1,False
2015-11-23,73,comp3,16,27.917434532896763,,,0.0508,관찰,0.03856601151250585,True,fp_v1,False
2015-11-23,73,comp4,24,,,,0.107,정상,0.05599068975576628,True,fp_v1,False
2015-11-23,74,comp1,8,7.203409748514707,7.764925256544287,10.897798395900455,0.0307,주의,0.0742467266450335,True,fp_v1,False
2015-11-23,74,comp2,42,,,,0.3125,정상,0.19701233354760084,False,fp_v1,False
2015-11-23,74,comp3,16,26.89382731993372,,,0.0508,관찰,0.03856601151250585,True,fp_v1,False
2015-11-23,74,comp4,24,,,,0.107,정상,0.0499299442404903,True,fp_v1,False
2015-11-23,75,comp1,8,9.763379783090365,12.260716640768063,15.427269560705325,0.0307,주의,0.009021920788797823,True,fp_v1,False
2015-11-23,75,comp2,42,23.984394924431008,,,0.3125,관찰,0.3999273465187164,False,fp_v1,False
2015-11-23,75,comp3,16,27.917434532896763,,,0.0508,관찰,0.03856601151250585,True,fp_v1,False
2015-11-23,75,comp4,24,10.056685743770716,12.456727456487846,16.756935864063482,0.107,주의,0.7226793298847114,True,fp_v1,False
2015-11-23,76,comp1,8,22.017822557096274,23.580917743472806,25.825977169043487,0.0307,주의,0.004672711795726504,True,fp_v1,False
2015-11-23,76,comp2,42,27.500765952631966,34.08473471055283,34.08473471055283,0.3125,주의,0.6408802908462309,False,fp_v1,False
2015-11-23,76,comp3,16,7.0,7.0,7.0,0.0508,즉시,0.1985714129050895,True,fp_v1,False
2015-11-23,76,comp4,24,,,,0.107,정상,0.05198482451004459,True,fp_v1,False
2015-11-23,77,comp1,8,7.0,7.0,7.0,0.0307,즉시,0.8338159892890938,True,fp_v1,False
2015-11-23,77,comp2,42,,,,0.3125,정상,0.15516384668449776,False,fp_v1,False
2015-11-23,77,comp3,16,27.917434532896763,,,0.0508,관찰,0.03856601151250585,True,fp_v1,False
2015-11-23,77,comp4,24,,,,0.107,정상,0.05122261080478354,True,fp_v1,False
2015-11-23,78,comp1,8,14.325999390426185,15.953480579814563,17.48145598052608,0.0307,주의,0.005342338403290966,True,fp_v1,False
2015-11-23,78,comp2,42,22.84210412548015,,,0.3125,관찰,0.4443147112819814,False,fp_v1,False
2015-11-23,78,comp3,16,27.917434532896763,,,0.0508,관찰,0.03856601151250585,True,fp_v1,False
2015-11-23,78,comp4,24,24.952659795803175,26.66760522073021,,0.107,관찰,0.04756102505111679,True,fp_v1,False
2015-11-23,79,comp1,8,,,,0.0307,정상,0.0035364140646267916,True,fp_v1,False
2015-11-23,79,comp2,42,30.77521672354171,,,0.3125,관찰,0.4201398322256234,False,fp_v1,False
2015-11-23,79,comp3,16,27.917434532896763,,,0.0508,관찰,0.03856601151250585,True,fp_v1,False
2015-11-23,79,comp4,24,7.0,7.0,18.450832358563424,0.107,주의,0.4952327893679619,True,fp_v1,False
2015-11-23,80,comp1,8,7.851426882241392,16.862660194981423,19.31421281273171,0.0307,주의,0.03310602768709223,True,fp_v1,False
2015-11-23,80,comp2,42,,,,0.3125,정상,0.1943989523537595,False,fp_v1,False
2015-11-23,80,comp3,16,25.241797978847984,,,0.0508,관찰,0.03856601151250585,True,fp_v1,False
2015-11-23,80,comp4,24,,,,0.107,정상,0.051568607789974685,True,fp_v1,False
2015-11-23,81,comp1,8,,,,0.0307,정상,0.004729465917495772,True,fp_v1,False
2015-11-23,81,comp2,42,7.0,,,0.3125,관찰,0.4938073763129561,False,fp_v1,False
2015-11-23,81,comp3,16,25.3772967970476,,,0.0508,관찰,0.03856601151250585,True,fp_v1,False
2015-11-23,81,comp4,24,,,,0.107,정상,0.04971797753316018,True,fp_v1,False
2015-11-23,82,comp1,8,28.143368895268733,28.727661103842987,29.311953312417238,0.0307,주의,0.0035364140646267916,True,fp_v1,False
2015-11-23,82,comp2,42,,,,0.3125,정상,0.1635506568066761,False,fp_v1,False
2015-11-23,82,comp3,16,27.477616571413908,,,0.0508,관찰,0.03856601151250585,True,fp_v1,False
2015-11-23,82,comp4,24,29.172085920559528,,,0.107,관찰,0.09131622394129885,True,fp_v1,False
2015-11-23,83,comp1,8,7.0,7.0,7.0,0.0307,즉시,0.12074643495738023,True,fp_v1,False
2015-11-23,83,comp2,42,,,,0.3125,정상,0.24172325349762855,False,fp_v1,False
2015-11-23,83,comp3,16,27.65024944663597,,,0.0508,관찰,0.03856601151250585,True,fp_v1,False
2015-11-23,83,comp4,24,8.772828254680633,11.238716131344706,13.704604008008781,0.107,주의,0.3338178460351652,True,fp_v1,False
2015-11-23,84,comp1,8,22.827844500331047,25.6061157580413,,0.0307,관찰,0.003986327568207013,True,fp_v1,False
2015-11-23,84,comp2,42,,,,0.3125,정상,0.2821013158473784,False,fp_v1,False
2015-11-23,84,comp3,16,26.63957237393715,,,0.0508,관찰,0.03856601151250585,True,fp_v1,False
2015-11-23,84,comp4,24,,,,0.107,정상,0.04756102505111679,True,fp_v1,False
2015-11-23,85,comp1,8,32.69581589176905,,,0.0307,관찰,0.0035364140646267916,True,fp_v1,False
2015-11-23,85,comp2,42,,,,0.3125,정상,0.29505697605421033,False,fp_v1,False
2015-11-23,85,comp3,16,7.0,7.0,14.220189266700425,0.0508,주의,0.4544386281854236,True,fp_v1,False
2015-11-23,85,comp4,24,7.0,17.032635375224707,19.50377083521805,0.107,주의,0.4745832867802339,True,fp_v1,False
2015-11-23,86,comp1,8,25.17502573979577,26.90050025358635,,0.0307,관찰,0.0037122599131421356,True,fp_v1,False
2015-11-23,86,comp2,42,,,,0.3125,정상,0.14524842386343695,False,fp_v1,False
2015-11-23,86,comp3,16,26.126707697046157,,,0.0508,관찰,0.03856601151250585,True,fp_v1,False
2015-11-23,86,comp4,24,,,,0.107,정상,0.05051884315283353,True,fp_v1,False
2015-11-23,87,comp1,8,7.0,15.930457662069252,,0.0307,관찰,0.04119104732952615,True,fp_v1,False
2015-11-23,87,comp2,42,20.83792874065784,,,0.3125,관찰,0.5866217411019694,False,fp_v1,False
2015-11-23,87,comp3,16,17.362424524383112,30.41885110231119,,0.0508,관찰,0.03856601151250585,True,fp_v1,False
2015-11-23,87,comp4,24,,,,0.107,정상,0.04756102505111679,True,fp_v1,False
2015-11-23,88,comp1,8,21.670146754564403,22.653261082109506,23.636375409654605,0.0307,주의,0.0035364140646267916,True,fp_v1,False
2015-11-23,88,comp2,42,28.67076693617644,33.63795137410854,33.63795137410854,0.3125,주의,0.6788352002702799,False,fp_v1,False
2015-11-23,88,comp3,16,25.540297710928247,,,0.0508,관찰,0.03856601151250585,True,fp_v1,False
2015-11-23,88,comp4,24,14.1771599063414,18.713340015158956,22.064646548836645,0.107,주의,0.4435144006051075,True,fp_v1,False
2015-11-23,89,comp1,8,24.392273434525087,24.92878366074109,25.465293886957095,0.0307,주의,0.0035364140646267916,True,fp_v1,False
2015-11-23,89,comp2,42,,,,0.3125,정상,0.18098267936632786,False,fp_v1,False
2015-11-23,89,comp3,16,26.40322410474908,,,0.0508,관찰,0.03856601151250585,True,fp_v1,False
2015-11-23,89,comp4,24,16.71834283981345,20.664507943122345,22.97019181917952,0.107,주의,0.37217342866853725,True,fp_v1,False
2015-11-23,90,comp1,8,,,,0.0307,정상,0.0035864395053640556,True,fp_v1,False
2015-11-23,90,comp2,42,21.99449152274292,30.156384416043593,30.156384416043593,0.3125,주의,0.6897019775845256,False,fp_v1,False
2015-11-23,90,comp3,16,26.87431557630341,,,0.0508,관찰,0.03856601151250585,True,fp_v1,False
2015-11-23,90,comp4,24,,,,0.107,정상,0.047994212128624585,True,fp_v1,False
2015-11-23,91,comp1,8,7.0,7.123504264484329,15.215295635341958,0.0307,주의,0.08080362498466209,True,fp_v1,False
2015-11-23,91,comp2,42,7.0,,,0.3125,관찰,0.5287227256696335,False,fp_v1,False
2015-11-23,91,comp3,16,27.917434532896763,,,0.0508,관찰,0.03856601151250585,True,fp_v1,False
2015-11-23,91,comp4,24,22.751730402465064,,,0.107,관찰,0.13828907092764306,True,fp_v1,False
2015-11-23,92,comp1,8,8.882143271901493,10.101648071608622,11.321152871315752,0.0307,주의,0.008492147258811606,True,fp_v1,False
2015-11-23,92,comp2,42,32.937150808016725,,,0.3125,관찰,0.33952729711086366,False,fp_v1,False
2015-11-23,92,comp3,16,10.276147923068313,14.018126987621613,14.492918200285967,0.0508,주의,0.3134593346231106,True,fp_v1,False
2015-11-23,92,comp4,24,,,,0.107,정상,0.04756102505111679,True,fp_v1,False
2015-11-23,93,comp1,8,7.0,7.0,7.0,0.0307,즉시,0.24870990149026104,True,fp_v1,False
2015-11-23,93,comp2,42,,,,0.3125,정상,0.20855262055245405,False,fp_v1,False
2015-11-23,93,comp3,16,27.917434532896763,,,0.0508,관찰,0.03856601151250585,True,fp_v1,False
2015-11-23,93,comp4,24,14.30073956937722,17.39778699511999,20.127829387279363,0.107,주의,0.36026604990831473,True,fp_v1,False
2015-11-23,94,comp1,8,8.4888850245722,9.05458769297574,9.620290361379283,0.0307,주의,0.004168484880217529,True,fp_v1,False
2015-11-23,94,comp2,42,,,,0.3125,정상,0.1871125003288668,False,fp_v1,False
2015-11-23,94,comp3,16,18.389553083852963,26.75776492502878,,0.0508,관찰,0.04177577918621885,True,fp_v1,False
2015-11-23,94,comp4,24,,,,0.107,정상,0.04756102505111679,True,fp_v1,False
2015-11-23,95,comp1,8,8.49277950066468,9.097770566300428,9.702761631936175,0.0307,주의,0.00569369414383701,True,fp_v1,False
2015-11-23,95,comp2,42,23.168244133811307,,,0.3125,관찰,0.5212656695817313,False,fp_v1,False
2015-11-23,95,comp3,16,26.343987904039675,,,0.0508,관찰,0.03857967299981238,True,fp_v1,False
2015-11-23,95,comp4,24,22.29912550334646,,,0.107,관찰,0.17545018647302188,True,fp_v1,False
2015-11-23,96,comp1,8,,,,0.0307,정상,0.0035364140646267916,True,fp_v1,False
2015-11-23,96,comp2,42,,,,0.3125,정상,0.16813544552990703,False,fp_v1,False
2015-11-23,96,comp3,16,7.0,7.0,21.127296376039197,0.0508,주의,0.12472181953131783,True,fp_v1,False
2015-11-23,96,comp4,24,,,,0.107,정상,0.07544920991180934,True,fp_v1,False
2015-11-23,97,comp1,8,10.043836903117434,12.3566842804611,14.223014765454755,0.0307,주의,0.003570488928013765,True,fp_v1,False
2015-11-23,97,comp2,42,,,,0.3125,정상,0.16552441605002738,False,fp_v1,False
2015-11-23,97,comp3,16,13.101899316758079,14.91553511815469,15.964741992554243,0.0508,주의,0.15401376377953746,True,fp_v1,False
2015-11-23,97,comp4,24,,,,0.107,정상,0.04756102505111679,True,fp_v1,False
2015-11-23,98,comp1,8,7.0,7.430756991040026,9.241315263864783,0.0307,주의,0.08397210736481822,True,fp_v1,False
2015-11-23,98,comp2,42,,,,0.3125,정상,0.19841222923972232,False,fp_v1,False
2015-11-23,98,comp3,16,7.0,7.0,7.0,0.0508,즉시,0.49252954988786407,True,fp_v1,False
2015-11-23,98,comp4,24,33.47776327456233,,,0.107,관찰,0.056926273040875094,True,fp_v1,False
2015-11-23,99,comp1,8,7.0,7.01952539639536,7.484838301055474,0.0307,주의,0.12607932784516496,True,fp_v1,False
2015-11-23,99,comp2,42,,,,0.3125,정상,0.1957335548172814,False,fp_v1,False
2015-11-23,99,comp3,16,7.0,7.0,7.0,0.0508,즉시,0.4259143566227271,True,fp_v1,False
2015-11-23,99,comp4,24,,,,0.107,정상,0.049196342461841236,True,fp_v1,False
2015-11-23,100,comp1,8,7.498768741878212,9.887799224386603,13.576608705701688,0.0307,주의,0.04568538977007571,True,fp_v1,False
2015-11-23,100,comp2,42,,,,0.3125,정상,0.21036680141392966,False,fp_v1,False
2015-11-23,100,comp3,16,25.186404087632745,,,0.0508,관찰,0.03856601151250585,True,fp_v1,False
2015-11-23,100,comp4,24,,,,0.107,정상,0.04756102505111679,True,fp_v1,False
2015-11-30,1,comp1,8,7.45013820142623,8.892440502304124,10.158800523086054,0.0307,주의,0.03976181056363677,True,fp_v1,False
2015-11-30,1,comp2,42,,,,0.3125,정상,0.1763223912067362,False,fp_v1,False
2015-11-30,1,comp3,16,15.154973025176234,24.957553081619338,27.562655805066036,0.0508,주의,0.05804111280604756,True,fp_v1,False
2015-11-30,1,comp4,24,17.993643883370442,,,0.107,관찰,0.18382138940468729,True,fp_v1,False
2015-11-30,2,comp1,8,,,,0.0307,정상,0.0035364140646267916,True,fp_v1,False
2015-11-30,2,comp2,42,23.69989223732864,,,0.3125,관찰,0.3314245182925831,False,fp_v1,False
2015-11-30,2,comp3,16,27.917434532896763,,,0.0508,관찰,0.03856601151250585,True,fp_v1,False
2015-11-30,2,comp4,24,,,,0.107,정상,0.05394973539764261,True,fp_v1,False
2015-11-30,3,comp1,8,,,,0.0307,정상,0.0035364140646267916,True,fp_v1,False
2015-11-30,3,comp2,42,,,,0.3125,정상,0.16609346180021536,False,fp_v1,False
2015-11-30,3,comp3,16,24.8466432318255,,,0.0508,관찰,0.03856601151250585,True,fp_v1,False
2015-11-30,3,comp4,24,,,,0.107,정상,0.04756102505111679,True,fp_v1,False
2015-11-30,4,comp1,8,,,,0.0307,정상,0.0035364140646267916,True,fp_v1,False
2015-11-30,4,comp2,42,,,,0.3125,정상,0.15652674944744552,False,fp_v1,False
2015-11-30,4,comp3,16,25.411765044064303,,,0.0508,관찰,0.03856601151250585,True,fp_v1,False
2015-11-30,4,comp4,24,,,,0.107,정상,0.04826335677205907,True,fp_v1,False
2015-11-30,5,comp1,8,,,,0.0307,정상,0.0038946034570442965,True,fp_v1,False
2015-11-30,5,comp2,42,,,,0.3125,정상,0.19743728174255284,False,fp_v1,False
2015-11-30,5,comp3,16,25.21331010114918,,,0.0508,관찰,0.03856601151250585,True,fp_v1,False
2015-11-30,5,comp4,24,,,,0.107,정상,0.047994212128624585,True,fp_v1,False
2015-11-30,6,comp1,8,7.0,7.056832284953017,16.305283441731167,0.0307,주의,0.0875638935274855,True,fp_v1,False
2015-11-30,6,comp2,42,,,,0.3125,정상,0.1488133833296753,False,fp_v1,False
2015-11-30,6,comp3,16,25.126961738972042,,,0.0508,관찰,0.03856601151250585,True,fp_v1,False
2015-11-30,6,comp4,24,,,,0.107,정상,0.04756102505111679,True,fp_v1,False
2015-11-30,7,comp1,8,7.0,7.0,7.0,0.0307,즉시,0.09674454272290203,True,fp_v1,False
2015-11-30,7,comp2,42,,,,0.3125,정상,0.227611525927943,False,fp_v1,False
2015-11-30,7,comp3,16,27.917434532896763,,,0.0508,관찰,0.03856601151250585,True,fp_v1,False
2015-11-30,7,comp4,24,18.551783719277747,23.397529238958544,,0.107,관찰,0.22860588604391552,True,fp_v1,False
2015-11-30,8,comp1,8,7.0,7.0,7.0,0.0307,즉시,0.11416920120479755,True,fp_v1,False
2015-11-30,8,comp2,42,,,,0.3125,정상,0.18170917063070155,False,fp_v1,False
2015-11-30,8,comp3,16,27.917434532896763,,,0.0508,관찰,0.03856601151250585,True,fp_v1,False
2015-11-30,8,comp4,24,16.89432700411249,18.760533013304318,20.626739022496146,0.107,주의,0.342401133849209,True,fp_v1,False
2015-11-30,9,comp1,8,,,,0.0307,정상,0.004195189219416758,True,fp_v1,False
2015-11-30,9,comp2,42,,,,0.3125,정상,0.14781867727800685,False,fp_v1,False
2015-11-30,9,comp3,16,12.909511067185392,,,0.0508,관찰,0.05721275661533924,True,fp_v1,False
2015-11-30,9,comp4,24,,,,0.107,정상,0.05356972272816464,True,fp_v1,False
2015-11-30,10,comp1,8,7.811199744876186,9.83698068121074,11.957480977089952,0.0307,주의,0.03480207979845509,True,fp_v1,False
2015-11-30,10,comp2,42,27.666168844937292,,,0.3125,관찰,0.32198099937436075,False,fp_v1,False
2015-11-30,10,comp3,16,27.917434532896763,,,0.0508,관찰,0.03856601151250585,True,fp_v1,False
2015-11-30,10,comp4,24,,,,0.107,정상,0.04756102505111679,True,fp_v1,False
2015-11-30,11,comp1,8,14.189736628149817,22.627018220559453,25.687599935873365,0.0307,주의,0.030065442200018163,True,fp_v1,False
2015-11-30,11,comp2,42,,,,0.3125,정상,0.18070930934858093,False,fp_v1,False
2015-11-30,11,comp3,16,14.095520451942093,15.082221240586104,16.133696643791723,0.0508,주의,0.14876141115808864,True,fp_v1,False
2015-11-30,11,comp4,24,,,,0.107,정상,0.04756102505111679,True,fp_v1,False
2015-11-30,12,comp1,8,,,,0.0307,정상,0.0035364140646267916,True,fp_v1,False
2015-11-30,12,comp2,42,,,,0.3125,정상,0.20337031257646324,False,fp_v1,False
2015-11-30,12,comp3,16,15.068202801183531,,,0.0508,관찰,0.05952432222458595,True,fp_v1,False
2015-11-30,12,comp4,24,,,,0.107,정상,0.04756102505111679,True,fp_v1,False
2015-11-30,13,comp1,8,7.10869260961434,7.234310281466778,7.359927953319216,0.0307,주의,0.24850989521104155,True,fp_v1,False
2015-11-30,13,comp2,42,23.733161600453705,,,0.3125,관찰,0.32642646623964117,False,fp_v1,False
2015-11-30,13,comp3,16,26.343987904039675,,,0.0508,관찰,0.03857967299981238,True,fp_v1,False
2015-11-30,13,comp4,24,17.0227985247024,,,0.107,관찰,0.1401259253635588,True,fp_v1,False
2015-11-30,14,comp1,8,10.081773302632905,12.469262390516768,19.181225114863395,0.0307,주의,0.003930809019353506,True,fp_v1,False
2015-11-30,14,comp2,42,,,,0.3125,정상,0.14523857943166835,False,fp_v1,False
2015-11-30,14,comp3,16,27.917434532896763,,,0.0508,관찰,0.03856601151250585,True,fp_v1,False
2015-11-30,14,comp4,24,,,,0.107,정상,0.047994212128624585,True,fp_v1,False
2015-11-30,15,comp1,8,7.0,12.261095436833582,16.114049418336563,0.0307,주의,0.030927715236530456,True,fp_v1,False
2015-11-30,15,comp2,42,,,,0.3125,정상,0.17895954051751606,False,fp_v1,False
2015-11-30,15,comp3,16,27.132303584755878,,,0.0508,관찰,0.03856601151250585,True,fp_v1,False
2015-11-30,15,comp4,24,24.635465916738337,,,0.107,관찰,0.09959475548154005,True,fp_v1,False
2015-11-30,16,comp1,8,,,,0.0307,정상,0.003602272150575689,True,fp_v1,False
2015-11-30,16,comp2,42,,,,0.3125,정상,0.12817447059915343,False,fp_v1,False
2015-11-30,16,comp3,16,14.075737155336473,14.858081767205087,15.6404263790737,0.0508,주의,0.17564175234005175,True,fp_v1,False
2015-11-30,16,comp4,24,,,,0.107,정상,0.047994212128624585,True,fp_v1,False
2015-11-30,17,comp1,8,9.539011480654858,11.304050669504656,13.069089858354454,0.0307,주의,0.003931088351796422,True,fp_v1,False
2015-11-30,17,comp2,42,,,,0.3125,정상,0.15447738548366982,False,fp_v1,False
2015-11-30,17,comp3,16,27.347450768256138,,,0.0508,관찰,0.04177577918621885,True,fp_v1,False
2015-11-30,17,comp4,24,22.996311331380483,,,0.107,관찰,0.12308002301599666,True,fp_v1,False
2015-11-30,18,comp1,8,8.654212421526733,9.486681943413023,10.319151465299312,0.0307,주의,0.006573307833832776,True,fp_v1,False
2015-11-30,18,comp2,42,,,,0.3125,정상,0.2324381123083237,False,fp_v1,False
2015-11-30,18,comp3,16,27.917434532896763,,,0.0508,관찰,0.03856601151250585,True,fp_v1,False
2015-11-30,18,comp4,24,14.716594621976288,19.532842627208197,25.65730494736594,0.107,주의,0.24985522882911124,True,fp_v1,False
2015-11-30,19,comp1,8,9.599852084269083,11.623154926214436,13.646457768159788,0.0307,주의,0.006424620784380193,True,fp_v1,False
2015-11-30,19,comp2,42,24.0160529320341,,,0.3125,관찰,0.36474106433646103,False,fp_v1,False
2015-11-30,19,comp3,16,27.132303584755878,,,0.0508,관찰,0.03856601151250585,True,fp_v1,False
2015-11-30,19,comp4,24,,,,0.107,정상,0.04756102505111679,True,fp_v1,False
2015-11-30,20,comp1,8,7.057912117867941,7.993339536582795,13.965870731117416,0.0307,주의,0.06161392350518225,True,fp_v1,False
2015-11-30,20,comp2,42,,,,0.3125,정상,0.2134348784625704,False,fp_v1,False
2015-11-30,20,comp3,16,24.069876551854875,,,0.0508,관찰,0.03856601151250585,True,fp_v1,False
2015-11-30,20,comp4,24,12.00693604719407,16.68057244570275,18.580690188656146,0.107,주의,0.4572368994099443,True,fp_v1,False
2015-11-30,21,comp1,8,7.0,7.0,7.0,0.0307,즉시,0.11267954732345155,True,fp_v1,False
2015-11-30,21,comp2,42,,,,0.3125,정상,0.28801658901734895,False,fp_v1,False
2015-11-30,21,comp3,16,7.0,7.0,7.0,0.0508,즉시,0.2637060438106868,True,fp_v1,False
2015-11-30,21,comp4,24,,,,0.107,정상,0.04756102505111679,True,fp_v1,False
2015-11-30,22,comp1,8,,,,0.0307,정상,0.0035364140646267916,True,fp_v1,False
2015-11-30,22,comp2,42,,,,0.3125,정상,0.2821368323201592,False,fp_v1,False
2015-11-30,22,comp3,16,16.77593580404709,20.00407282830538,,0.0508,관찰,0.03856601151250585,True,fp_v1,False
2015-11-30,22,comp4,24,,,,0.107,정상,0.05724984536922048,True,fp_v1,False
2015-11-30,23,comp1,8,,,,0.0307,정상,0.0035364140646267916,True,fp_v1,False
2015-11-30,23,comp2,42,,,,0.3125,정상,0.22144305104789405,False,fp_v1,False
2015-11-30,23,comp3,16,27.917434532896763,,,0.0508,관찰,0.03856601151250585,True,fp_v1,False
2015-11-30,23,comp4,24,8.281882841894102,16.507306722762888,17.66804661937186,0.107,주의,0.701111533883499,True,fp_v1,False
2015-11-30,24,comp1,8,,,,0.0307,정상,0.0035364140646267916,True,fp_v1,False
2015-11-30,24,comp2,42,,,,0.3125,정상,0.2120894127775617,False,fp_v1,False
2015-11-30,24,comp3,16,27.917434532896763,,,0.0508,관찰,0.03856601151250585,True,fp_v1,False
2015-11-30,24,comp4,24,,,,0.107,정상,0.04826335677205907,True,fp_v1,False
2015-11-30,25,comp1,8,7.009135553238401,7.941857919464694,16.790953736222033,0.0307,주의,0.06330891574942385,True,fp_v1,False
2015-11-30,25,comp2,42,24.86690765685702,,,0.3125,관찰,0.32665584387017094,False,fp_v1,False
2015-11-30,25,comp3,16,27.179741451977566,,,0.0508,관찰,0.03856601151250585,True,fp_v1,False
2015-11-30,25,comp4,24,7.0,7.0,7.0,0.107,즉시,0.81646810377295,True,fp_v1,False
2015-11-30,26,comp1,8,18.147788161847338,20.728155910665755,,0.0307,관찰,0.004533597452818562,True,fp_v1,False
2015-11-30,26,comp2,42,,,,0.3125,정상,0.1418683599227787,False,fp_v1,False
2015-11-30,26,comp3,16,25.678985919782935,,,0.0508,관찰,0.03856601151250585,True,fp_v1,False
2015-11-30,26,comp4,24,,,,0.107,정상,0.04756102505111679,True,fp_v1,False
2015-11-30,27,comp1,8,21.794166717594795,23.008337767743598,24.48214990130273,0.0307,주의,0.004835407949992794,True,fp_v1,False
2015-11-30,27,comp2,42,,,,0.3125,정상,0.28961319397972124,False,fp_v1,False
2015-11-30,27,comp3,16,26.425525689883717,,,0.0508,관찰,0.03856601151250585,True,fp_v1,False
2015-11-30,27,comp4,24,,,,0.107,정상,0.04756102505111679,True,fp_v1,False
2015-11-30,28,comp1,8,16.254310587852682,17.84254780974544,19.430785031638198,0.0307,주의,0.004137714392229313,True,fp_v1,False
2015-11-30,28,comp2,42,23.514600672974908,,,0.3125,관찰,0.3270998822098391,False,fp_v1,False
2015-11-30,28,comp3,16,27.917434532896763,,,0.0508,관찰,0.03856601151250585,True,fp_v1,False
2015-11-30,28,comp4,24,,,,0.107,정상,0.04756102505111679,True,fp_v1,False
2015-11-30,29,comp1,8,9.351230750891741,10.880156579524522,12.4090824081573,0.0307,주의,0.0035677503382625965,True,fp_v1,False
2015-11-30,29,comp2,42,,,,0.3125,정상,0.1291813323581222,False,fp_v1,False
2015-11-30,29,comp3,16,27.917434532896763,,,0.0508,관찰,0.03856601151250585,True,fp_v1,False
2015-11-30,29,comp4,24,,,,0.107,정상,0.05051884315283353,True,fp_v1,False
2015-11-30,30,comp1,8,17.19101811922949,18.599925655560497,20.0088331918915,0.0307,주의,0.0035364140646267916,True,fp_v1,False
2015-11-30,30,comp2,42,,,,0.3125,정상,0.2765820371548044,False,fp_v1,False
2015-11-30,30,comp3,16,27.917434532896763,,,0.0508,관찰,0.03856601151250585,True,fp_v1,False
2015-11-30,30,comp4,24,7.0,7.0,,0.107,관찰,0.32075570258791214,True,fp_v1,False
2015-11-30,31,comp1,8,,,,0.0307,정상,0.0035364140646267916,True,fp_v1,False
2015-11-30,31,comp2,42,,,,0.3125,정상,0.29418694985496063,False,fp_v1,False
2015-11-30,31,comp3,16,27.917434532896763,,,0.0508,관찰,0.03856601151250585,True,fp_v1,False
2015-11-30,31,comp4,24,,,,0.107,정상,0.04826335677205907,True,fp_v1,False
2015-11-30,32,comp1,8,,,,0.0307,정상,0.0035364140646267916,True,fp_v1,False
2015-11-30,32,comp2,42,,,,0.3125,정상,0.23582329775678273,False,fp_v1,False
2015-11-30,32,comp3,16,26.112396961261044,,,0.0508,관찰,0.03856601151250585,True,fp_v1,False
2015-11-30,32,comp4,24,7.0,7.067266061953042,,0.107,관찰,0.28186273782713417,True,fp_v1,False
2015-11-30,33,comp1,8,,,,0.0307,정상,0.0035364140646267916,True,fp_v1,False
2015-11-30,33,comp2,42,,,,0.3125,정상,0.14973868717186206,False,fp_v1,False
2015-11-30,33,comp3,16,27.665428459911094,,,0.0508,관찰,0.03856601151250585,True,fp_v1,False
2015-11-30,33,comp4,24,13.80609727653243,26.575594254820107,,0.107,관찰,0.13216631726786768,True,fp_v1,False
2015-11-30,34,comp1,8,25.958823850997295,,,0.0307,관찰,0.0035364140646267916,True,fp_v1,False
2015-11-30,34,comp2,42,22.914434756857865,,,0.3125,관찰,0.3983485245454256,False,fp_v1,False
2015-11-30,34,comp3,16,25.91797571846826,,,0.0508,관찰,0.03856601151250585,True,fp_v1,False
2015-11-30,34,comp4,24,,,,0.107,정상,0.04756102505111679,True,fp_v1,False
2015-11-30,35,comp1,8,7.0,7.9926950006467115,19.489767053776063,0.0307,주의,0.06160119681969129,True,fp_v1,False
2015-11-30,35,comp2,42,,,,0.3125,정상,0.212770979282378,False,fp_v1,False
2015-11-30,35,comp3,16,7.0,7.0,7.0,0.0508,즉시,0.3939867808998438,True,fp_v1,False
2015-11-30,35,comp4,24,,,,0.107,정상,0.05066717639426512,True,fp_v1,False
2015-11-30,36,comp1,8,7.0,10.64469889298403,14.004675189101878,0.0307,주의,0.03735782605971616,True,fp_v1,False
2015-11-30,36,comp2,42,,,,0.3125,정상,0.17334742109491375,False,fp_v1,False
2015-11-30,36,comp3,16,27.16999776553006,,,0.0508,관찰,0.03856601151250585,True,fp_v1,False
2015-11-30,36,comp4,24,,,,0.107,정상,0.04756102505111679,True,fp_v1,False
2015-11-30,37,comp1,8,7.0,14.666888770778106,23.841242679987147,0.0307,주의,0.048412984823992845,True,fp_v1,False
2015-11-30,37,comp2,42,,,,0.3125,정상,0.15186924879311664,False,fp_v1,False
2015-11-30,37,comp3,16,7.0,7.0,7.0,0.0508,즉시,0.7743586886231248,True,fp_v1,False
2015-11-30,37,comp4,24,10.93758851648737,16.83040518488879,18.190499552668367,0.107,주의,0.721511604184354,True,fp_v1,False
2015-11-30,38,comp1,8,8.271197153824865,8.600654899410971,8.930112644997076,0.0307,주의,0.0054285100328728,True,fp_v1,False
2015-11-30,38,comp2,42,,,,0.3125,정상,0.16690701977644676,False,fp_v1,False
2015-11-30,38,comp3,16,27.41783720846433,,,0.0508,관찰,0.03856601151250585,True,fp_v1,False
2015-11-30,38,comp4,24,7.358251971606627,24.903570081971676,,0.107,관찰,0.19011521994576883,True,fp_v1,False
2015-11-30,39,comp1,8,24.910763657531685,26.357458973238423,27.80415428894516,0.0307,주의,0.0035677503382625965,True,fp_v1,False
2015-11-30,39,comp2,42,,,,0.3125,정상,0.16345354183135136,False,fp_v1,False
2015-11-30,39,comp3,16,27.7639994193378,,,0.0508,관찰,0.03856601151250585,True,fp_v1,False
2015-11-30,39,comp4,24,,,,0.107,정상,0.050196444315688815,True,fp_v1,False
2015-11-30,40,comp1,8,7.0,7.0,7.0,0.0307,즉시,0.7977823727316568,True,fp_v1,False
2015-11-30,40,comp2,42,,,,0.3125,정상,0.17704280844424372,False,fp_v1,False
2015-11-30,40,comp3,16,7.455213311548168,12.112407502122402,25.475760778659343,0.0508,주의,0.12220977698817655,True,fp_v1,False
2015-11-30,40,comp4,24,,,,0.107,정상,0.05009772679886678,True,fp_v1,False
2015-11-30,41,comp1,8,,,,0.0307,정상,0.0035364140646267916,True,fp_v1,False
2015-11-30,41,comp2,42,,,,0.3125,정상,0.16191492977521815,False,fp_v1,False
2015-11-30,41,comp3,16,27.61189262967985,,,0.0508,관찰,0.03856601151250585,True,fp_v1,False
2015-11-30,41,comp4,24,,,,0.107,정상,0.04756102505111679,True,fp_v1,False
2015-11-30,42,comp1,8,16.279393426374853,16.692128411327754,17.104863396280656,0.0307,주의,0.005213072905552879,True,fp_v1,False
2015-11-30,42,comp2,42,,,,0.3125,정상,0.1820508485860938,False,fp_v1,False
2015-11-30,42,comp3,16,7.0,7.0,7.0,0.0508,즉시,0.5047590609858845,True,fp_v1,False
2015-11-30,42,comp4,24,,,,0.107,정상,0.05397316266841272,True,fp_v1,False
2015-11-30,43,comp1,8,16.751243672895587,17.670380716270113,18.589517759644643,0.0307,주의,0.005378568047582824,True,fp_v1,False
2015-11-30,43,comp2,42,,,,0.3125,정상,0.16661367358898266,False,fp_v1,False
2015-11-30,43,comp3,16,17.804986881480932,,,0.0508,관찰,0.05053223848639114,True,fp_v1,False
2015-11-30,43,comp4,24,,,,0.107,정상,0.054305098139461674,True,fp_v1,False
2015-11-30,44,comp1,8,7.835355156200422,9.11406992833197,10.261333867498356,0.0307,주의,0.031585856206993196,True,fp_v1,False
2015-11-30,44,comp2,42,,,,0.3125,정상,0.2057391245477094,False,fp_v1,False
2015-11-30,44,comp3,16,27.917434532896763,,,0.0508,관찰,0.03856601151250585,True,fp_v1,False
2015-11-30,44,comp4,24,,,,0.107,정상,0.0507209918841543,True,fp_v1,False
2015-11-30,45,comp1,8,,,,0.0307,정상,0.0035364140646267916,True,fp_v1,False
2015-11-30,45,comp2,42,22.257346615158287,,,0.3125,관찰,0.4958151087619871,False,fp_v1,False
2015-11-30,45,comp3,16,19.094662084462406,,,0.0508,관찰,0.03856601151250585,True,fp_v1,False
2015-11-30,45,comp4,24,7.0,16.662400926174904,19.691473534048782,0.107,주의,0.36722283780614146,True,fp_v1,False
2015-11-30,46,comp1,8,18.786311397938224,27.258869239829476,,0.0307,관찰,0.005539046572670006,True,fp_v1,False
2015-11-30,46,comp2,42,,,,0.3125,정상,0.16333400049954983,False,fp_v1,False
2015-11-30,46,comp3,16,25.860796717138463,,,0.0508,관찰,0.03856601151250585,True,fp_v1,False
2015-11-30,46,comp4,24,,,,0.107,정상,0.04756102505111679,True,fp_v1,False
2015-11-30,47,comp1,8,7.0,7.0,7.0,0.0307,즉시,0.23692177694972946,True,fp_v1,False
2015-11-30,47,comp2,42,,,,0.3125,정상,0.1442586504315621,False,fp_v1,False
2015-11-30,47,comp3,16,7.0,14.007627478118412,14.773865184487242,0.0508,주의,0.23354869739729472,True,fp_v1,False
2015-11-30,47,comp4,24,,,,0.107,정상,0.04756102505111679,True,fp_v1,False
2015-11-30,48,comp1,8,21.781243375479907,23.06115803769781,,0.0307,관찰,0.004441935734613503,True,fp_v1,False
2015-11-30,48,comp2,42,,,,0.3125,정상,0.2127827273686788,False,fp_v1,False
2015-11-30,48,comp3,16,27.917434532896763,,,0.0508,관찰,0.03856601151250585,True,fp_v1,False
2015-11-30,48,comp4,24,,,,0.107,정상,0.051568607789974685,True,fp_v1,False
2015-11-30,49,comp1,8,8.412143071529746,8.893579543298578,9.375016015067411,0.0307,주의,0.004418332146881627,True,fp_v1,False
2015-11-30,49,comp2,42,,,,0.3125,정상,0.14570884245967616,False,fp_v1,False
2015-11-30,49,comp3,16,24.854807325161286,,,0.0508,관찰,0.03856601151250585,True,fp_v1,False
2015-11-30,49,comp4,24,12.40862619699919,20.70734946848994,23.672155823322456,0.107,주의,0.33377194786848874,True,fp_v1,False
2015-11-30,50,comp1,8,10.22024133394251,13.046558011815984,14.840714653245454,0.0307,주의,0.00658280925375108,True,fp_v1,False
2015-11-30,50,comp2,42,,,,0.3125,정상,0.2038035184068563,False,fp_v1,False
2015-11-30,50,comp3,16,27.917434532896763,,,0.0508,관찰,0.03856601151250585,True,fp_v1,False
2015-11-30,50,comp4,24,,,,0.107,정상,0.047994212128624585,True,fp_v1,False
2015-11-30,51,comp1,8,10.625606476894216,13.593068653857376,15.211820441199182,0.0307,주의,0.0035364140646267916,True,fp_v1,False
2015-11-30,51,comp2,42,27.3967993664145,,,0.3125,관찰,0.33308044193817726,False,fp_v1,False
2015-11-30,51,comp3,16,27.718917400183418,,,0.0508,관찰,0.03856601151250585,True,fp_v1,False
2015-11-30,51,comp4,24,,,,0.107,정상,0.04756102505111679,True,fp_v1,False
2015-11-30,52,comp1,8,,,,0.0307,정상,0.0035364140646267916,True,fp_v1,False
2015-11-30,52,comp2,42,23.057997614591258,,,0.3125,관찰,0.38247718560521005,False,fp_v1,False
2015-11-30,52,comp3,16,25.257633086600546,,,0.0508,관찰,0.03856601151250585,True,fp_v1,False
2015-11-30,52,comp4,24,15.754149571240598,,,0.107,관찰,0.12404968095677184,True,fp_v1,False
2015-11-30,53,comp1,8,9.472734587241,11.50462347629034,13.536512365339679,0.0307,주의,0.00844767487001,True,fp_v1,False
2015-11-30,53,comp2,42,,,,0.3125,정상,0.15097216365690222,False,fp_v1,False
2015-11-30,53,comp3,16,18.63521504059528,,,0.0508,관찰,0.03856601151250585,True,fp_v1,False
2015-11-30,53,comp4,24,,,,0.107,정상,0.04971797753316018,True,fp_v1,False
2015-11-30,54,comp1,8,,,,0.0307,정상,0.0035364140646267916,True,fp_v1,False
2015-11-30,54,comp2,42,,,,0.3125,정상,0.17887204678776478,False,fp_v1,False
2015-11-30,54,comp3,16,14.058725710146673,21.18672745327765,24.817848434850685,0.0508,주의,0.09889198046873124,True,fp_v1,False
2015-11-30,54,comp4,24,,,,0.107,정상,0.06392389626915745,True,fp_v1,False
2015-11-30,55,comp1,8,7.0,7.872664201921738,15.654283328429837,0.0307,주의,0.0631563374672149,True,fp_v1,False
2015-11-30,55,comp2,42,,,,0.3125,정상,0.17478066916416168,False,fp_v1,False
2015-11-30,55,comp3,16,27.436448026794547,,,0.0508,관찰,0.03856601151250585,True,fp_v1,False
2015-11-30,55,comp4,24,9.680449846325185,17.615477610581376,21.63892629420804,0.107,주의,0.41426699120956,True,fp_v1,False
2015-11-30,56,comp1,8,25.310263421344924,27.165439252831092,,0.0307,관찰,0.0035364140646267916,True,fp_v1,False
2015-11-30,56,comp2,42,,,,0.3125,정상,0.16180528797538182,False,fp_v1,False
2015-11-30,56,comp3,16,9.597271451743218,11.74611047445133,13.894949497159443,0.0508,주의,0.17879142377893545,True,fp_v1,False
2015-11-30,56,comp4,24,,,,0.107,정상,0.05407986317244924,True,fp_v1,False
2015-11-30,57,comp1,8,17.573112915666602,19.483366071229803,21.648874660741182,0.0307,주의,0.004227639119104354,True,fp_v1,False
2015-11-30,57,comp2,42,,,,0.3125,정상,0.24348506347177482,False,fp_v1,False
2015-11-30,57,comp3,16,24.779542089400966,,,0.0508,관찰,0.03856601151250585,True,fp_v1,False
2015-11-30,57,comp4,24,,,,0.107,정상,0.04756102505111679,True,fp_v1,False
2015-11-30,58,comp1,8,8.845030540383,9.867941086657655,10.890851632932312,0.0307,주의,0.00533820139632756,True,fp_v1,False
2015-11-30,58,comp2,42,23.741994346258934,,,0.3125,관찰,0.32708322914302546,False,fp_v1,False
2015-11-30,58,comp3,16,26.343987904039675,,,0.0508,관찰,0.03857967299981238,True,fp_v1,False
2015-11-30,58,comp4,24,,,,0.107,정상,0.04756102505111679,True,fp_v1,False
2015-11-30,59,comp1,8,16.89579346386961,18.036482431287784,19.177171398705962,0.0307,주의,0.0035364140646267916,True,fp_v1,False
2015-11-30,59,comp2,42,21.501487588852335,23.667138356647317,23.667138356647317,0.3125,주의,0.6441888987305805,False,fp_v1,False
2015-11-30,59,comp3,16,26.30230875564657,,,0.0508,관찰,0.03856601151250585,True,fp_v1,False
2015-11-30,59,comp4,24,16.108262615412478,20.360456805777133,,0.107,관찰,0.2300931318557627,True,fp_v1,False
2015-11-30,60,comp1,8,10.779632676449033,14.103897732690909,24.197827259243656,0.0307,주의,0.0052234581001174025,True,fp_v1,False
2015-11-30,60,comp2,42,,,,0.3125,정상,0.19897357242396663,False,fp_v1,False
2015-11-30,60,comp3,16,27.917434532896763,,,0.0508,관찰,0.03856601151250585,True,fp_v1,False
2015-11-30,60,comp4,24,,,,0.107,정상,0.047994212128624585,True,fp_v1,False
2015-11-30,61,comp1,8,9.721976709765169,11.709262709960445,13.69654871015572,0.0307,주의,0.004098241630572625,True,fp_v1,False
2015-11-30,61,comp2,42,,,,0.3125,정상,0.1441370602994691,False,fp_v1,False
2015-11-30,61,comp3,16,25.776561263624508,,,0.0508,관찰,0.03856601151250585,True,fp_v1,False
2015-11-30,61,comp4,24,,,,0.107,정상,0.07106577491885255,True,fp_v1,False
2015-11-30,62,comp1,8,8.634666210843964,9.365007787577317,10.09534936431067,0.0307,주의,0.004021421380787192,True,fp_v1,False
2015-11-30,62,comp2,42,,,,0.3125,정상,0.15106700396093403,False,fp_v1,False
2015-11-30,62,comp3,16,25.609995319640785,,,0.0508,관찰,0.03856601151250585,True,fp_v1,False
2015-11-30,62,comp4,24,16.14364808242567,19.447422838820625,25.493843845675208,0.107,주의,0.264283620553923,True,fp_v1,False
2015-11-30,63,comp1,8,25.525778770158386,27.763500420431477,,0.0307,관찰,0.0035364140646267916,True,fp_v1,False
2015-11-30,63,comp2,42,,,,0.3125,정상,0.24940047122193848,False,fp_v1,False
2015-11-30,63,comp3,16,27.60761035211459,,,0.0508,관찰,0.03856601151250585,True,fp_v1,False
2015-11-30,63,comp4,24,,,,0.107,정상,0.05599068975576628,True,fp_v1,False
2015-11-30,64,comp1,8,7.0,7.128469193646579,14.181688703819715,0.0307,주의,0.08794649649002856,True,fp_v1,False
2015-11-30,64,comp2,42,,,,0.3125,정상,0.14720335480157298,False,fp_v1,False
2015-11-30,64,comp3,16,25.937195132035868,,,0.0508,관찰,0.03856601151250585,True,fp_v1,False
2015-11-30,64,comp4,24,7.507568120397229,16.773468135556282,18.868472391496816,0.107,주의,0.42986538939628527,True,fp_v1,False
2015-11-30,65,comp1,8,8.3120184464537,8.718907281496321,9.125796116538943,0.0307,주의,0.007157483936771295,True,fp_v1,False
2015-11-30,65,comp2,42,,,,0.3125,정상,0.2410720693310241,False,fp_v1,False
2015-11-30,65,comp3,16,27.917434532896763,,,0.0508,관찰,0.03856601151250585,True,fp_v1,False
2015-11-30,65,comp4,24,17.086021087499812,21.652490066294657,23.159735767111705,0.107,주의,0.38065070782441773,True,fp_v1,False
2015-11-30,66,comp1,8,14.260473863803464,14.55943570022747,14.858397536651477,0.0307,주의,0.003951980181383312,True,fp_v1,False
2015-11-30,66,comp2,42,,,,0.3125,정상,0.24374299167794605,False,fp_v1,False
2015-11-30,66,comp3,16,27.830883285878226,,,0.0508,관찰,0.03856601151250585,True,fp_v1,False
2015-11-30,66,comp4,24,,,,0.107,정상,0.052456084562394624,True,fp_v1,False
2015-11-30,67,comp1,8,9.16281370396728,10.627988969651899,12.093164235336516,0.0307,주의,0.006334939577322592,True,fp_v1,False
2015-11-30,67,comp2,42,25.094875030545055,,,0.3125,관찰,0.3303629606832775,False,fp_v1,False
2015-11-30,67,comp3,16,27.917434532896763,,,0.0508,관찰,0.03856601151250585,True,fp_v1,False
2015-11-30,67,comp4,24,23.09219673204556,26.231680295469562,,0.107,관찰,0.12014481908437337,True,fp_v1,False
2015-11-30,68,comp1,8,,,,0.0307,정상,0.0035364140646267916,True,fp_v1,False
2015-11-30,68,comp2,42,,,,0.3125,정상,0.21294199115728643,False,fp_v1,False
2015-11-30,68,comp3,16,27.126433540735846,,,0.0508,관찰,0.03856601151250585,True,fp_v1,False
2015-11-30,68,comp4,24,,,,0.107,정상,0.04826335677205907,True,fp_v1,False
2015-11-30,69,comp1,8,14.869957714006993,17.663984370266718,20.55301859267433,0.0307,주의,0.020676698929270047,True,fp_v1,False
2015-11-30,69,comp2,42,,,,0.3125,정상,0.16806444060506592,False,fp_v1,False
2015-11-30,69,comp3,16,26.940523916775525,,,0.0508,관찰,0.03856601151250585,True,fp_v1,False
2015-11-30,69,comp4,24,,,,0.107,정상,0.04793765473480356,True,fp_v1,False
2015-11-30,70,comp1,8,24.204484038211838,24.5054133095145,24.806342580817155,0.0307,주의,0.0035864395053640556,True,fp_v1,False
2015-11-30,70,comp2,42,,,,0.3125,정상,0.20182744672375347,False,fp_v1,False
2015-11-30,70,comp3,16,27.917434532896763,,,0.0508,관찰,0.03856601151250585,True,fp_v1,False
2015-11-30,70,comp4,24,,,,0.107,정상,0.07450417694074893,True,fp_v1,False
2015-11-30,71,comp1,8,21.707956113239003,22.739795784728102,23.771635456217197,0.0307,주의,0.0035364140646267916,True,fp_v1,False
2015-11-30,71,comp2,42,23.10379656917752,,,0.3125,관찰,0.3678983544066548,False,fp_v1,False
2015-11-30,71,comp3,16,26.343987904039675,,,0.0508,관찰,0.03857967299981238,True,fp_v1,False
2015-11-30,71,comp4,24,7.552449012813528,16.181914962495483,19.733226033869364,0.107,주의,0.4878865156497229,True,fp_v1,False
2015-11-30,72,comp1,8,17.04285762538395,18.3409003740446,19.638943122705257,0.0307,주의,0.004710464477710445,True,fp_v1,False
2015-11-30,72,comp2,42,22.29315093875429,,,0.3125,관찰,0.42746097546784206,False,fp_v1,False
2015-11-30,72,comp3,16,27.116345328759333,,,0.0508,관찰,0.03856601151250585,True,fp_v1,False
2015-11-30,72,comp4,24,,,,0.107,정상,0.048303007739785644,True,fp_v1,False
2015-11-30,73,comp1,8,,,,0.0307,정상,0.0035364140646267916,True,fp_v1,False
2015-11-30,73,comp2,42,,,,0.3125,정상,0.1823653006677183,False,fp_v1,False
2015-11-30,73,comp3,16,27.917434532896763,,,0.0508,관찰,0.03856601151250585,True,fp_v1,False
2015-11-30,73,comp4,24,,,,0.107,정상,0.05599068975576628,True,fp_v1,False
2015-11-30,74,comp1,8,7.0,7.0,7.385328019850816,0.0307,주의,0.11178875982453915,True,fp_v1,False
2015-11-30,74,comp2,42,,,,0.3125,정상,0.15806143229572894,False,fp_v1,False
2015-11-30,74,comp3,16,27.578721624061217,,,0.0508,관찰,0.03856601151250585,True,fp_v1,False
2015-11-30,74,comp4,24,,,,0.107,정상,0.0499299442404903,True,fp_v1,False
2015-11-30,75,comp1,8,7.0,7.0,7.032316385235762,0.0307,주의,0.1353264726365042,True,fp_v1,False
2015-11-30,75,comp2,42,,,,0.3125,정상,0.3011440560187139,False,fp_v1,False
2015-11-30,75,comp3,16,27.917434532896763,,,0.0508,관찰,0.03856601151250585,True,fp_v1,False
2015-11-30,75,comp4,24,8.928359004806126,12.625459389516235,16.866710560407117,0.107,주의,0.8383330749662896,True,fp_v1,False
2015-11-30,76,comp1,8,,,,0.0307,정상,0.0035364140646267916,True,fp_v1,False
2015-11-30,76,comp2,42,23.673472239484777,,,0.3125,관찰,0.33229893962303014,False,fp_v1,False
2015-11-30,76,comp3,16,27.917434532896763,,,0.0508,관찰,0.03856601151250585,True,fp_v1,False
2015-11-30,76,comp4,24,,,,0.107,정상,0.06612426663815864,True,fp_v1,False
2015-11-30,77,comp1,8,7.0,7.365453354526118,7.766577102100904,0.0307,주의,0.10995668793504795,True,fp_v1,False
2015-11-30,77,comp2,42,,,,0.3125,정상,0.15516384668449776,False,fp_v1,False
2015-11-30,77,comp3,16,27.430031709590125,,,0.0508,관찰,0.03856601151250585,True,fp_v1,False
2015-11-30,77,comp4,24,,,,0.107,정상,0.05122261080478354,True,fp_v1,False
2015-11-30,78,comp1,8,7.0,16.48449747266839,18.256655067935796,0.0307,주의,0.04625551844780533,True,fp_v1,False
2015-11-30,78,comp2,42,7.401100062652958,,,0.3125,관찰,0.4156162254927684,False,fp_v1,False
2015-11-30,78,comp3,16,27.917434532896763,,,0.0508,관찰,0.03856601151250585,True,fp_v1,False
2015-11-30,78,comp4,24,18.244564171380315,,,0.107,관찰,0.17996752005529099,True,fp_v1,False
2015-11-30,79,comp1,8,,,,0.0307,정상,0.0035364140646267916,True,fp_v1,False
2015-11-30,79,comp2,42,23.667439389648802,,,0.3125,관찰,0.32639414940741135,False,fp_v1,False
2015-11-30,79,comp3,16,27.917434532896763,,,0.0508,관찰,0.03856601151250585,True,fp_v1,False
2015-11-30,79,comp4,24,15.36066723634986,22.420272584334512,25.137386224925383,0.107,주의,0.2618241105826016,True,fp_v1,False
2015-11-30,80,comp1,8,9.360464538084027,11.012107465544332,12.663750393004635,0.0307,주의,0.0054118836742462284,True,fp_v1,False
2015-11-30,80,comp2,42,,,,0.3125,정상,0.1687746125171817,False,fp_v1,False
2015-11-30,80,comp3,16,27.917434532896763,,,0.0508,관찰,0.03856601151250585,True,fp_v1,False
2015-11-30,80,comp4,24,,,,0.107,정상,0.051568607789974685,True,fp_v1,False
2015-11-30,81,comp1,8,,,,0.0307,정상,0.0037254699167516953,True,fp_v1,False
2015-11-30,81,comp2,42,,,,0.3125,정상,0.17763475929056208,False,fp_v1,False
2015-11-30,81,comp3,16,26.222027077281556,,,0.0508,관찰,0.03856601151250585,True,fp_v1,False
2015-11-30,81,comp4,24,,,,0.107,정상,0.04756102505111679,True,fp_v1,False
2015-11-30,82,comp1,8,,,,0.0307,정상,0.0035364140646267916,True,fp_v1,False
2015-11-30,82,comp2,42,,,,0.3125,정상,0.14943173747947233,False,fp_v1,False
2015-11-30,82,comp3,16,27.917434532896763,,,0.0508,관찰,0.03856601151250585,True,fp_v1,False
2015-11-30,82,comp4,24,14.918887770999373,,,0.107,관찰,0.15943108143192802,True,fp_v1,False
2015-11-30,83,comp1,8,15.031454872293889,19.745231694357816,22.842169505974045,0.0307,주의,0.005112205228938933,True,fp_v1,False
2015-11-30,83,comp2,42,27.67153625778008,,,0.3125,관찰,0.3250330170057722,False,fp_v1,False
2015-11-30,83,comp3,16,26.769866310975193,,,0.0508,관찰,0.03856601151250585,True,fp_v1,False
2015-11-30,83,comp4,24,,,,0.107,정상,0.04756102505111679,True,fp_v1,False
2015-11-30,84,comp1,8,18.305967396563442,24.183078451284644,,0.0307,관찰,0.004770233692730714,True,fp_v1,False
2015-11-30,84,comp2,42,,,,0.3125,정상,0.2696107798518268,False,fp_v1,False
2015-11-30,84,comp3,16,25.534345212127903,,,0.0508,관찰,0.03856601151250585,True,fp_v1,False
2015-11-30,84,comp4,24,,,,0.107,정상,0.04756102505111679,True,fp_v1,False
2015-11-30,85,comp1,8,24.973932138618096,26.305973786153153,27.638015433688214,0.0307,주의,0.0035364140646267916,True,fp_v1,False
2015-11-30,85,comp2,42,,,,0.3125,정상,0.16464080538630482,False,fp_v1,False
2015-11-30,85,comp3,16,12.02801952419437,14.443271359680564,15.07901192097212,0.0508,주의,0.22585633646669476,True,fp_v1,False
2015-11-30,85,comp4,24,12.591862519691084,24.967074711505067,,0.107,관찰,0.1874561101206225,True,fp_v1,False
2015-11-30,86,comp1,8,16.92033111476993,18.19972329874844,19.479115482726954,0.0307,주의,0.008615293994281856,True,fp_v1,False
2015-11-30,86,comp2,42,,,,0.3125,정상,0.1441370602994691,False,fp_v1,False
2015-11-30,86,comp3,16,24.065670787068143,27.962146371210398,,0.0508,관찰,0.03856601151250585,True,fp_v1,False
2015-11-30,86,comp4,24,,,,0.107,정상,0.05051884315283353,True,fp_v1,False
2015-11-30,87,comp1,8,11.547064896555376,15.810161415213043,,0.0307,관찰,0.007099050779058204,True,fp_v1,False
2015-11-30,87,comp2,42,22.7243674374841,,,0.3125,관찰,0.39244568761557685,False,fp_v1,False
2015-11-30,87,comp3,16,11.73190652926542,21.86446971306562,24.68049249092406,0.0508,주의,0.0737533685026731,True,fp_v1,False
2015-11-30,87,comp4,24,,,,0.107,정상,0.04756102505111679,True,fp_v1,False
2015-11-30,88,comp1,8,14.88686551364094,15.922382681644443,17.39841443507209,0.0307,주의,0.0044067449854133895,True,fp_v1,False
2015-11-30,88,comp2,42,7.0,7.0,7.0,0.3125,즉시,0.9022483949198244,False,fp_v1,False
2015-11-30,88,comp3,16,26.168109119602867,,,0.0508,관찰,0.03856601151250585,True,fp_v1,False
2015-11-30,88,comp4,24,7.0,7.0,7.0,0.107,즉시,0.7795471823670553,True,fp_v1,False
2015-11-30,89,comp1,8,16.714233653773515,17.660119822935762,18.60600599209801,0.0307,주의,0.0035364140646267916,True,fp_v1,False
2015-11-30,89,comp2,42,,,,0.3125,정상,0.14607958952962244,False,fp_v1,False
2015-11-30,89,comp3,16,24.613535254261823,,,0.0508,관찰,0.03856601151250585,True,fp_v1,False
2015-11-30,89,comp4,24,16.317095356440365,18.998251221589147,22.49054253708693,0.107,주의,0.3484579615778532,True,fp_v1,False
2015-11-30,90,comp1,8,,,,0.0307,정상,0.00452158869607659,True,fp_v1,False
2015-11-30,90,comp2,42,7.0,7.0,7.0,0.3125,즉시,0.6222790720397464,False,fp_v1,False
2015-11-30,90,comp3,16,26.333403337419732,,,0.0508,관찰,0.03856601151250585,True,fp_v1,False
2015-11-30,90,comp4,24,,,,0.107,정상,0.047994212128624585,True,fp_v1,False
2015-11-30,91,comp1,8,,,,0.0307,정상,0.0035364140646267916,True,fp_v1,False
2015-11-30,91,comp2,42,21.879418563107446,,,0.3125,관찰,0.5444294970974559,False,fp_v1,False
2015-11-30,91,comp3,16,27.917434532896763,,,0.0508,관찰,0.03856601151250585,True,fp_v1,False
2015-11-30,91,comp4,24,13.506273938155598,,,0.107,관찰,0.17062705792069308,True,fp_v1,False
2015-11-30,92,comp1,8,10.008396766493258,15.693086969118378,18.280088008858385,0.0307,주의,0.028166904107330085,True,fp_v1,False
2015-11-30,92,comp2,42,22.31890903689728,,,0.3125,관찰,0.4072323132175564,False,fp_v1,False
2015-11-30,92,comp3,16,7.0,7.0,7.0,0.0508,즉시,0.8506882569537617,True,fp_v1,False
2015-11-30,92,comp4,24,,,,0.107,정상,0.047994212128624585,True,fp_v1,False
2015-11-30,93,comp1,8,10.369416717674863,13.877969582268598,15.139986595682956,0.0307,주의,0.009966738967927305,True,fp_v1,False
2015-11-30,93,comp2,42,,,,0.3125,정상,0.2843724237218892,False,fp_v1,False
2015-11-30,93,comp3,16,27.917434532896763,,,0.0508,관찰,0.03856601151250585,True,fp_v1,False
2015-11-30,93,comp4,24,9.239696862123647,10.932137138074475,12.624577414025303,0.107,주의,0.48813937353157194,True,fp_v1,False
2015-11-30,94,comp1,8,7.0,7.0,7.0,0.0307,즉시,0.3133646633129126,True,fp_v1,False
2015-11-30,94,comp2,42,,,,0.3125,정상,0.16293806895037388,False,fp_v1,False
2015-11-30,94,comp3,16,16.774680558140194,20.001207457034617,22.124138887595596,0.0508,주의,0.03857967299981238,True,fp_v1,False
2015-11-30,94,comp4,24,,,,0.107,정상,0.04756102505111679,True,fp_v1,False
2015-11-30,95,comp1,8,7.0,7.220590005698036,7.470001116223388,0.0307,주의,0.1573256151083911,True,fp_v1,False
2015-11-30,95,comp2,42,23.691809084018818,,,0.3125,관찰,0.3338006625976286,False,fp_v1,False
2015-11-30,95,comp3,16,26.343987904039675,,,0.0508,관찰,0.03857967299981238,True,fp_v1,False
2015-11-30,95,comp4,24,16.769004497415484,18.342839436964933,19.916674376514386,0.107,주의,0.3946518416258725,True,fp_v1,False
2015-11-30,96,comp1,8,,,,0.0307,정상,0.0035364140646267916,True,fp_v1,False
2015-11-30,96,comp2,42,,,,0.3125,정상,0.16881644424053954,False,fp_v1,False
2015-11-30,96,comp3,16,16.003610619306652,19.280449253755684,25.353237454831554,0.0508,주의,0.05071329015535,True,fp_v1,False
2015-11-30,96,comp4,24,,,,0.107,정상,0.07588116005090653,True,fp_v1,False
2015-11-30,97,comp1,8,7.0,7.0,7.0,0.0307,즉시,0.26188906344255797,True,fp_v1,False
2015-11-30,97,comp2,42,,,,0.3125,정상,0.16552441605002738,False,fp_v1,False
2015-11-30,97,comp3,16,7.0,7.948822828743786,21.20593724263449,0.0508,주의,0.1387640323659255,True,fp_v1,False
2015-11-30,97,comp4,24,,,,0.107,정상,0.04756102505111679,True,fp_v1,False
2015-11-30,98,comp1,8,9.309622660270293,10.806868362114788,12.30411406395928,0.0307,주의,0.0038467908350498085,True,fp_v1,False
2015-11-30,98,comp2,42,,,,0.3125,정상,0.18776557300633862,False,fp_v1,False
2015-11-30,98,comp3,16,27.917434532896763,,,0.0508,관찰,0.03856601151250585,True,fp_v1,False
2015-11-30,98,comp4,24,,,,0.107,정상,0.05381528438874315,True,fp_v1,False
2015-11-30,99,comp1,8,14.338947275115641,15.436455434695027,17.940709898027166,0.0307,주의,0.006363124437961476,True,fp_v1,False
2015-11-30,99,comp2,42,,,,0.3125,정상,0.25394950414794126,False,fp_v1,False
2015-11-30,99,comp3,16,27.917434532896763,,,0.0508,관찰,0.03856601151250585,True,fp_v1,False
2015-11-30,99,comp4,24,15.225704414081253,,,0.107,관찰,0.1701576675596788,True,fp_v1,False
2015-11-30,100,comp1,8,7.385688794700826,9.18291127462493,11.587524117482682,0.0307,주의,0.04629411319239874,True,fp_v1,False
2015-11-30,100,comp2,42,,,,0.3125,정상,0.1933074089661249,False,fp_v1,False
2015-11-30,100,comp3,16,25.670795897921245,,,0.0508,관찰,0.03856601151250585,True,fp_v1,False
2015-11-30,100,comp4,24,,,,0.107,정상,0.04756102505111679,True,fp_v1,False
2015-12-07,1,comp1,8,13.086021869396331,17.068816473649132,18.36826503557195,0.0307,주의,0.005463739906097195,True,fp_v1,False
2015-12-07,1,comp2,42,,,,0.3125,정상,0.2509441174088095,False,fp_v1,False
2015-12-07,1,comp3,16,,,,0.0508,정상,0.03856601151250585,True,fp_v1,False
2015-12-07,1,comp4,24,9.53909901884282,11.193940376205585,12.848781733568352,0.107,주의,0.3954363524395429,True,fp_v1,False
2015-12-07,2,comp1,8,,,,0.0307,정상,0.0035364140646267916,True,fp_v1,False
2015-12-07,2,comp2,42,23.849894395763926,,,0.3125,관찰,0.3214673098128258,False,fp_v1,False
2015-12-07,2,comp3,16,,,,0.0508,정상,0.03856601151250585,True,fp_v1,False
2015-12-07,2,comp4,24,,,,0.107,정상,0.05282849022619986,True,fp_v1,False
2015-12-07,3,comp1,8,,,,0.0307,정상,0.003602272150575689,True,fp_v1,False
2015-12-07,3,comp2,42,,,,0.3125,정상,0.08699333815067566,False,fp_v1,False
2015-12-07,3,comp3,16,,,,0.0508,정상,0.03856601151250585,True,fp_v1,False
2015-12-07,3,comp4,24,,,,0.107,정상,0.04756102505111679,True,fp_v1,False
2015-12-07,4,comp1,8,,,,0.0307,정상,0.0035364140646267916,True,fp_v1,False
2015-12-07,4,comp2,42,,,,0.3125,정상,0.14701007436011682,False,fp_v1,False
2015-12-07,4,comp3,16,,,,0.0508,정상,0.03856601151250585,True,fp_v1,False
2015-12-07,4,comp4,24,,,,0.107,정상,0.04756102505111679,True,fp_v1,False
2015-12-07,5,comp1,8,,,,0.0307,정상,0.0035364140646267916,True,fp_v1,False
2015-12-07,5,comp2,42,,,,0.3125,정상,0.15761774972834122,False,fp_v1,False
2015-12-07,5,comp3,16,,,,0.0508,정상,0.03856601151250585,True,fp_v1,False
2015-12-07,5,comp4,24,,,,0.107,정상,0.058695667699879786,True,fp_v1,False
2015-12-07,6,comp1,8,9.596232895362261,11.467259619757657,13.338286344153051,0.0307,주의,0.004508504013285367,True,fp_v1,False
2015-12-07,6,comp2,42,,,,0.3125,정상,0.08699333815067566,False,fp_v1,False
2015-12-07,6,comp3,16,,,,0.0508,정상,0.03856601151250585,True,fp_v1,False
2015-12-07,6,comp4,24,,,,0.107,정상,0.04756102505111679,True,fp_v1,False
2015-12-07,7,comp1,8,11.286240999252703,16.11276831566903,17.365476959141226,0.0307,주의,0.005455442582282361,True,fp_v1,False
2015-12-07,7,comp2,42,,,,0.3125,정상,0.1980294382798117,False,fp_v1,False
2015-12-07,7,comp3,16,,,,0.0508,정상,0.03856601151250585,True,fp_v1,False
2015-12-07,7,comp4,24,,,,0.107,정상,0.056056436710373476,True,fp_v1,False
2015-12-07,8,comp1,8,15.449254260178863,22.495554226953203,,0.0307,관찰,0.005588112883371274,True,fp_v1,False
2015-12-07,8,comp2,42,,,,0.3125,정상,0.13576334882738503,False,fp_v1,False
2015-12-07,8,comp3,16,,,,0.0508,정상,0.03856601151250585,True,fp_v1,False
2015-12-07,8,comp4,24,9.284689562825472,10.683776440316471,12.082863317807472,0.107,주의,0.48400598571342074,True,fp_v1,False
2015-12-07,9,comp1,8,21.865224867994048,23.0788463343586,,0.0307,관찰,0.004194692281244116,True,fp_v1,False
2015-12-07,9,comp2,42,,,,0.3125,정상,0.15816156296499717,False,fp_v1,False
2015-12-07,9,comp3,16,7.4300690425091265,,,0.0508,관찰,0.09664729848401621,True,fp_v1,False
2015-12-07,9,comp4,24,,,,0.107,정상,0.06249444310700957,True,fp_v1,False
2015-12-07,10,comp1,8,9.042114388198943,10.334326577931247,11.626538767663552,0.0307,주의,0.005941300465421571,True,fp_v1,False
2015-12-07,10,comp2,42,23.528843432958375,,,0.3125,관찰,0.3374352114797686,False,fp_v1,False
2015-12-07,10,comp3,16,,,,0.0508,정상,0.03856601151250585,True,fp_v1,False
2015-12-07,10,comp4,24,,,,0.107,정상,0.04756102505111679,True,fp_v1,False
2015-12-07,11,comp1,8,,,,0.0307,정상,0.0035364140646267916,True,fp_v1,False
2015-12-07,11,comp2,42,,,,0.3125,정상,0.3057104698936822,False,fp_v1,False
2015-12-07,11,comp3,16,10.417275489587091,14.031472797555734,14.715635737973916,0.0508,주의,0.24761566904595153,True,fp_v1,False
2015-12-07,11,comp4,24,,,,0.107,정상,0.04826335677205907,True,fp_v1,False
2015-12-07,12,comp1,8,,,,0.0307,정상,0.0035364140646267916,True,fp_v1,False
2015-12-07,12,comp2,42,,,,0.3125,정상,0.16371029110515614,False,fp_v1,False
2015-12-07,12,comp3,16,17.987850790423217,,,0.0508,관찰,0.04106867268054113,True,fp_v1,False
2015-12-07,12,comp4,24,,,,0.107,정상,0.04736794145594708,True,fp_v1,False
2015-12-07,13,comp1,8,7.177488692557688,8.411870276794247,10.247577424658921,0.0307,주의,0.05450783430394759,True,fp_v1,False
2015-12-07,13,comp2,42,22.71233000618624,,,0.3125,관찰,0.39017109536329103,False,fp_v1,False
2015-12-07,13,comp3,16,,,,0.0508,정상,0.03857967299981238,True,fp_v1,False
2015-12-07,13,comp4,24,7.0,7.0,7.0,0.107,즉시,0.770205307148887,True,fp_v1,False
2015-12-07,14,comp1,8,7.0,7.327626934198674,17.67711726660008,0.0307,주의,0.08090214792872863,True,fp_v1,False
2015-12-07,14,comp2,42,,,,0.3125,정상,0.13664510920574838,False,fp_v1,False
2015-12-07,14,comp3,16,,,,0.0508,정상,0.03856601151250585,True,fp_v1,False
2015-12-07,14,comp4,24,,,,0.107,정상,0.047994212128624585,True,fp_v1,False
2015-12-07,15,comp1,8,7.033624380610171,8.463218609720649,10.037251028943752,0.0307,주의,0.05236139636445043,True,fp_v1,False
2015-12-07,15,comp2,42,,,,0.3125,정상,0.19007068996227194,False,fp_v1,False
2015-12-07,15,comp3,16,,,,0.0508,정상,0.03856601151250585,True,fp_v1,False
2015-12-07,15,comp4,24,20.054019166422016,,,0.107,관찰,0.10991553800318728,True,fp_v1,False
2015-12-07,16,comp1,8,21.87514488902646,23.21876621899875,,0.0307,관찰,0.004838894862624512,True,fp_v1,False
2015-12-07,16,comp2,42,,,,0.3125,정상,0.11106927461902802,False,fp_v1,False
2015-12-07,16,comp3,16,7.0,7.0,7.0,0.0508,즉시,0.5030471794074793,True,fp_v1,False
2015-12-07,16,comp4,24,,,,0.107,정상,0.047994212128624585,True,fp_v1,False
2015-12-07,17,comp1,8,7.0,7.0,11.091750223224263,0.0307,주의,0.08527347057311918,True,fp_v1,False
2015-12-07,17,comp2,42,,,,0.3125,정상,0.16386632612512156,False,fp_v1,False
2015-12-07,17,comp3,16,,,,0.0508,정상,0.03857967299981238,True,fp_v1,False
2015-12-07,17,comp4,24,7.0,7.0,,0.107,관찰,0.3200960861434322,True,fp_v1,False
2015-12-07,18,comp1,8,7.0,7.0,7.0,0.0307,즉시,0.1215717821224983,True,fp_v1,False
2015-12-07,18,comp2,42,,,,0.3125,정상,0.20336597198703754,False,fp_v1,False
2015-12-07,18,comp3,16,,,,0.0508,정상,0.03856601151250585,True,fp_v1,False
2015-12-07,18,comp4,24,7.0,17.686789490582555,19.48748527082041,0.107,주의,0.4108758567651215,True,fp_v1,False
2015-12-07,19,comp1,8,7.0,7.0,7.0,0.0307,즉시,0.09681802501798656,True,fp_v1,False
2015-12-07,19,comp2,42,,,,0.3125,정상,0.24821528877422577,False,fp_v1,False
2015-12-07,19,comp3,16,,,,0.0508,정상,0.03856601151250585,True,fp_v1,False
2015-12-07,19,comp4,24,,,,0.107,정상,0.04756102505111679,True,fp_v1,False
2015-12-07,20,comp1,8,8.63725869209393,9.454702479030841,10.272146265967752,0.0307,주의,0.006766536690310827,True,fp_v1,False
2015-12-07,20,comp2,42,,,,0.3125,정상,0.28384152836555293,False,fp_v1,False
2015-12-07,20,comp3,16,,,,0.0508,정상,0.03857967299981238,True,fp_v1,False
2015-12-07,20,comp4,24,13.51904429854622,17.94374767671523,20.040721437313817,0.107,주의,0.3699480641751674,True,fp_v1,False
2015-12-07,21,comp1,8,8.293774065313539,8.634702458726336,8.975630852139133,0.0307,주의,0.004245842351025433,True,fp_v1,False
2015-12-07,21,comp2,42,,,,0.3125,정상,0.08699333815067566,False,fp_v1,False
2015-12-07,21,comp3,16,11.410175932009981,14.66984498379185,21.117009441118118,0.0508,주의,0.14673801216087784,True,fp_v1,False
2015-12-07,21,comp4,24,,,,0.107,정상,0.04793765473480356,True,fp_v1,False
2015-12-07,22,comp1,8,,,,0.0307,정상,0.0035364140646267916,True,fp_v1,False
2015-12-07,22,comp2,42,,,,0.3125,정상,0.22156254750982243,False,fp_v1,False
2015-12-07,22,comp3,16,,,,0.0508,정상,0.04177577918621885,True,fp_v1,False
2015-12-07,22,comp4,24,,,,0.107,정상,0.04756102505111679,True,fp_v1,False
2015-12-07,23,comp1,8,,,,0.0307,정상,0.0035364140646267916,True,fp_v1,False
2015-12-07,23,comp2,42,,,,0.3125,정상,0.18664783482522995,False,fp_v1,False
2015-12-07,23,comp3,16,,,,0.0508,정상,0.03856601151250585,True,fp_v1,False
2015-12-07,23,comp4,24,8.908422993935616,9.91220944488428,10.915995895832943,0.107,주의,0.751280047775851,True,fp_v1,False
2015-12-07,24,comp1,8,,,,0.0307,정상,0.0035364140646267916,True,fp_v1,False
2015-12-07,24,comp2,42,7.0,,,0.3125,관찰,0.35466015382822935,False,fp_v1,False
2015-12-07,24,comp3,16,,,,0.0508,정상,0.03856601151250585,True,fp_v1,False
2015-12-07,24,comp4,24,21.98978335478222,23.7928625425169,,0.107,관찰,0.22629214340748793,True,fp_v1,False
2015-12-07,25,comp1,8,10.139215502072549,12.838298283893764,15.74389048557345,0.0307,주의,0.00636757923362306,True,fp_v1,False
2015-12-07,25,comp2,42,,,,0.3125,정상,0.2548018956810164,False,fp_v1,False
2015-12-07,25,comp3,16,,,,0.0508,정상,0.03856601151250585,True,fp_v1,False
2015-12-07,25,comp4,24,,,,0.107,정상,0.04756102505111679,True,fp_v1,False
2015-12-07,26,comp1,8,12.593645516744559,18.108500190789204,,0.0307,관찰,0.004251387228411401,True,fp_v1,False
2015-12-07,26,comp2,42,,,,0.3125,정상,0.09619717473801206,False,fp_v1,False
2015-12-07,26,comp3,16,,,,0.0508,정상,0.03856601151250585,True,fp_v1,False
2015-12-07,26,comp4,24,,,,0.107,정상,0.047994212128624585,True,fp_v1,False
2015-12-07,27,comp1,8,14.376150763532761,14.80191178830231,15.227672813071857,0.0307,주의,0.003576935319744477,True,fp_v1,False
2015-12-07,27,comp2,42,,,,0.3125,정상,0.22170724798377933,False,fp_v1,False
2015-12-07,27,comp3,16,,,,0.0508,정상,0.03856601151250585,True,fp_v1,False
2015-12-07,27,comp4,24,,,,0.107,정상,0.04756102505111679,True,fp_v1,False
2015-12-07,28,comp1,8,7.0,7.0,,0.0307,관찰,0.0637493389490313,True,fp_v1,False
2015-12-07,28,comp2,42,22.351104827527628,,,0.3125,관찰,0.41730895634698906,False,fp_v1,False
2015-12-07,28,comp3,16,,,,0.0508,정상,0.03856601151250585,True,fp_v1,False
2015-12-07,28,comp4,24,,,,0.107,정상,0.047994212128624585,True,fp_v1,False
2015-12-07,29,comp1,8,7.0,7.0,7.0,0.0307,즉시,0.14590209142835234,True,fp_v1,False
2015-12-07,29,comp2,42,,,,0.3125,정상,0.09366415052319062,False,fp_v1,False
2015-12-07,29,comp3,16,,,,0.0508,정상,0.03856601151250585,True,fp_v1,False
2015-12-07,29,comp4,24,,,,0.107,정상,0.05051884315283353,True,fp_v1,False
2015-12-07,30,comp1,8,11.211840184519431,14.557686437634933,,0.0307,관찰,0.0035364140646267916,True,fp_v1,False
2015-12-07,30,comp2,42,,,,0.3125,정상,0.08699333815067566,False,fp_v1,False
2015-12-07,30,comp3,16,,,,0.0508,정상,0.03856601151250585,True,fp_v1,False
2015-12-07,30,comp4,24,,,,0.107,정상,0.04756102505111679,True,fp_v1,False
2015-12-07,31,comp1,8,,,,0.0307,정상,0.0035364140646267916,True,fp_v1,False
2015-12-07,31,comp2,42,,,,0.3125,정상,0.25294285835475605,False,fp_v1,False
2015-12-07,31,comp3,16,,,,0.0508,정상,0.03856601151250585,True,fp_v1,False
2015-12-07,31,comp4,24,,,,0.107,정상,0.051104890721145296,True,fp_v1,False
2015-12-07,32,comp1,8,,,,0.0307,정상,0.0035364140646267916,True,fp_v1,False
2015-12-07,32,comp2,42,,,,0.3125,정상,0.2865357963867835,False,fp_v1,False
2015-12-07,32,comp3,16,,,,0.0508,정상,0.03856601151250585,True,fp_v1,False
2015-12-07,32,comp4,24,14.420981952422368,,,0.107,관찰,0.1933960515765187,True,fp_v1,False
2015-12-07,33,comp1,8,,,,0.0307,정상,0.0035364140646267916,True,fp_v1,False
2015-12-07,33,comp2,42,,,,0.3125,정상,0.13998114649187796,False,fp_v1,False
2015-12-07,33,comp3,16,,,,0.0508,정상,0.03856601151250585,True,fp_v1,False
2015-12-07,33,comp4,24,7.166593213681479,22.069127149411194,,0.107,관찰,0.3035429212865318,True,fp_v1,False
2015-12-07,34,comp1,8,17.467767822912073,19.230296591695073,20.992825360478072,0.0307,주의,0.004902837303666213,True,fp_v1,False
2015-12-07,34,comp2,42,,,,0.3125,정상,0.31136530191316303,False,fp_v1,False
2015-12-07,34,comp3,16,,,,0.0508,정상,0.03856601151250585,True,fp_v1,False
2015-12-07,34,comp4,24,,,,0.107,정상,0.04756102505111679,True,fp_v1,False
2015-12-07,35,comp1,8,8.7383196733545,9.610232394783672,10.482145116212845,0.0307,주의,0.00470344771167381,True,fp_v1,False
2015-12-07,35,comp2,42,,,,0.3125,정상,0.08699333815067566,False,fp_v1,False
2015-12-07,35,comp3,16,9.121267938901337,11.319379836285833,13.51749173367033,0.0508,주의,0.40531700772721085,True,fp_v1,False
2015-12-07,35,comp4,24,,,,0.107,정상,0.0538709596458637,True,fp_v1,False
2015-12-07,36,comp1,8,9.006634165035504,10.344488705954253,11.682343246873003,0.0307,주의,0.007600000559619334,True,fp_v1,False
2015-12-07,36,comp2,42,,,,0.3125,정상,0.1627891073998724,False,fp_v1,False
2015-12-07,36,comp3,16,,,,0.0508,정상,0.03856601151250585,True,fp_v1,False
2015-12-07,36,comp4,24,,,,0.107,정상,0.04756102505111679,True,fp_v1,False
2015-12-07,37,comp1,8,10.368154647761413,13.50746832462445,14.92468073346242,0.0307,주의,0.007540752927876877,True,fp_v1,False
2015-12-07,37,comp2,42,22.5068348135694,,,0.3125,관찰,0.41674117547299144,False,fp_v1,False
2015-12-07,37,comp3,16,,,,0.0508,정상,0.03856601151250585,True,fp_v1,False
2015-12-07,37,comp4,24,8.844881506018371,9.873185023643611,10.90148854126885,0.107,주의,0.8077797075914193,True,fp_v1,False
2015-12-07,38,comp1,8,7.0,7.0,7.0,0.0307,즉시,0.11003875440001157,True,fp_v1,False
2015-12-07,38,comp2,42,,,,0.3125,정상,0.11785206482342997,False,fp_v1,False
2015-12-07,38,comp3,16,,,,0.0508,정상,0.03856601151250585,True,fp_v1,False
2015-12-07,38,comp4,24,7.0,7.0,7.2145237934261965,0.107,주의,0.4020521345987035,True,fp_v1,False
2015-12-07,39,comp1,8,16.588589953270446,17.35807748714854,18.127565021026633,0.0307,주의,0.005288544452252814,True,fp_v1,False
2015-12-07,39,comp2,42,,,,0.3125,정상,0.14727844727041725,False,fp_v1,False
2015-12-07,39,comp3,16,,,,0.0508,정상,0.03856601151250585,True,fp_v1,False
2015-12-07,39,comp4,24,,,,0.107,정상,0.0499299442404903,True,fp_v1,False
2015-12-07,40,comp1,8,,,,0.0307,정상,0.0035364140646267916,True,fp_v1,False
2015-12-07,40,comp2,42,,,,0.3125,정상,0.1768602012477306,False,fp_v1,False
2015-12-07,40,comp3,16,10.527916030266631,16.31888827173648,,0.0508,관찰,0.09853032887474275,True,fp_v1,False
2015-12-07,40,comp4,24,,,,0.107,정상,0.07810581058238113,True,fp_v1,False
2015-12-07,41,comp1,8,22.763945995578837,,,0.0307,관찰,0.005912061669690728,True,fp_v1,False
2015-12-07,41,comp2,42,,,,0.3125,정상,0.2229908257479577,False,fp_v1,False
2015-12-07,41,comp3,16,,,,0.0508,정상,0.03856601151250585,True,fp_v1,False
2015-12-07,41,comp4,24,,,,0.107,정상,0.04756102505111679,True,fp_v1,False
2015-12-07,42,comp1,8,,,,0.0307,정상,0.0035364140646267916,True,fp_v1,False
2015-12-07,42,comp2,42,,,,0.3125,정상,0.1334945008760074,False,fp_v1,False
2015-12-07,42,comp3,16,12.566516608397595,14.54594401586431,15.224233810073768,0.0508,주의,0.2103729220303874,True,fp_v1,False
2015-12-07,42,comp4,24,,,,0.107,정상,0.05245602128195512,True,fp_v1,False
2015-12-07,43,comp1,8,,,,0.0307,정상,0.0035364140646267916,True,fp_v1,False
2015-12-07,43,comp2,42,,,,0.3125,정상,0.21417480658927948,False,fp_v1,False
2015-12-07,43,comp3,16,14.067846843121735,,,0.0508,관찰,0.09334038238935363,True,fp_v1,False
2015-12-07,43,comp4,24,17.79719739215005,,,0.107,관찰,0.15765619905202113,True,fp_v1,False
2015-12-07,44,comp1,8,7.0,7.0,9.891420950065745,0.0307,주의,0.06997152716822191,True,fp_v1,False
2015-12-07,44,comp2,42,,,,0.3125,정상,0.17677591682689703,False,fp_v1,False
2015-12-07,44,comp3,16,,,,0.0508,정상,0.03856601151250585,True,fp_v1,False
2015-12-07,44,comp4,24,,,,0.107,정상,0.0507209918841543,True,fp_v1,False
2015-12-07,45,comp1,8,,,,0.0307,정상,0.0035364140646267916,True,fp_v1,False
2015-12-07,45,comp2,42,22.494428778331283,,,0.3125,관찰,0.4415990688507351,False,fp_v1,False
2015-12-07,45,comp3,16,,,,0.0508,정상,0.03856601151250585,True,fp_v1,False
2015-12-07,45,comp4,24,10.313187666052503,12.900204091140987,,0.107,관찰,0.2594879841916309,True,fp_v1,False
2015-12-07,46,comp1,8,,,,0.0307,정상,0.0035364140646267916,True,fp_v1,False
2015-12-07,46,comp2,42,,,,0.3125,정상,0.12752657726052416,False,fp_v1,False
2015-12-07,46,comp3,16,,,,0.0508,정상,0.03856601151250585,True,fp_v1,False
2015-12-07,46,comp4,24,,,,0.107,정상,0.05115799849496993,True,fp_v1,False
2015-12-07,47,comp1,8,7.294196405354224,18.804297951164223,21.86498596973476,0.0307,주의,0.03817226065096856,True,fp_v1,False
2015-12-07,47,comp2,42,,,,0.3125,정상,0.1307366893654906,False,fp_v1,False
2015-12-07,47,comp3,16,7.0,14.098667392980905,14.836787163090408,0.0508,주의,0.23231560341137902,True,fp_v1,False
2015-12-07,47,comp4,24,,,,0.107,정상,0.054122909718531266,True,fp_v1,False
2015-12-07,48,comp1,8,14.216823256674397,14.485282021001783,14.753740785329171,0.0307,주의,0.005904407726610293,True,fp_v1,False
2015-12-07,48,comp2,42,,,,0.3125,정상,0.16822376073361353,False,fp_v1,False
2015-12-07,48,comp3,16,,,,0.0508,정상,0.03856601151250585,True,fp_v1,False
2015-12-07,48,comp4,24,,,,0.107,정상,0.051568607789974685,True,fp_v1,False
2015-12-07,49,comp1,8,7.0,7.0,7.0,0.0307,즉시,0.18530005736858224,True,fp_v1,False
2015-12-07,49,comp2,42,,,,0.3125,정상,0.10920272453570722,False,fp_v1,False
2015-12-07,49,comp3,16,16.495401785459116,18.5564290472288,20.61745630899848,0.0508,주의,0.03856601151250585,True,fp_v1,False
2015-12-07,49,comp4,24,7.0,7.0,17.868654628912815,0.107,주의,0.6338359258010055,True,fp_v1,False
2015-12-07,50,comp1,8,7.0,7.0,7.0,0.0307,즉시,0.12137324724528464,True,fp_v1,False
2015-12-07,50,comp2,42,,,,0.3125,정상,0.17573810032236603,False,fp_v1,False
2015-12-07,50,comp3,16,,,,0.0508,정상,0.03856601151250585,True,fp_v1,False
2015-12-07,50,comp4,24,,,,0.107,정상,0.047994212128624585,True,fp_v1,False
2015-12-07,51,comp1,8,7.0,7.0,7.089173640377333,0.0307,주의,0.1067900484934892,True,fp_v1,False
2015-12-07,51,comp2,42,23.645478662333243,,,0.3125,관찰,0.3277969745788102,False,fp_v1,False
2015-12-07,51,comp3,16,,,,0.0508,정상,0.03856601151250585,True,fp_v1,False
2015-12-07,51,comp4,24,,,,0.107,정상,0.04756102505111679,True,fp_v1,False
2015-12-07,52,comp1,8,21.186862086055953,21.486861328341476,21.786860570626995,0.0307,주의,0.0035364140646267916,True,fp_v1,False
2015-12-07,52,comp2,42,21.30580190544373,,,0.3125,관찰,0.5425681906510172,False,fp_v1,False
2015-12-07,52,comp3,16,,,,0.0508,정상,0.03856601151250585,True,fp_v1,False
2015-12-07,52,comp4,24,15.97044273690759,,,0.107,관찰,0.20378525885669518,True,fp_v1,False
2015-12-07,53,comp1,8,7.0,7.0,7.650190706017876,0.0307,주의,0.10519377120094536,True,fp_v1,False
2015-12-07,53,comp2,42,,,,0.3125,정상,0.17068986358247443,False,fp_v1,False
2015-12-07,53,comp3,16,18.567025621180502,,,0.0508,관찰,0.03856601151250585,True,fp_v1,False
2015-12-07,53,comp4,24,,,,0.107,정상,0.0496236062095226,True,fp_v1,False
2015-12-07,54,comp1,8,,,,0.0307,정상,0.0035364140646267916,True,fp_v1,False
2015-12-07,54,comp2,42,,,,0.3125,정상,0.15413098909253944,False,fp_v1,False
2015-12-07,54,comp3,16,7.0,21.15245580269882,23.73596192766936,0.0508,주의,0.0634223660641095,True,fp_v1,False
2015-12-07,54,comp4,24,,,,0.107,정상,0.05282849022619986,True,fp_v1,False
2015-12-07,55,comp1,8,,,,0.0307,정상,0.0035364140646267916,True,fp_v1,False
2015-12-07,55,comp2,42,,,,0.3125,정상,0.08699333815067566,False,fp_v1,False
2015-12-07,55,comp3,16,,,,0.0508,정상,0.03856601151250585,True,fp_v1,False
2015-12-07,55,comp4,24,10.529881746686312,13.24710762429215,,0.107,관찰,0.24949532370243194,True,fp_v1,False
2015-12-07,56,comp1,8,17.361237429045193,19.025489251161332,20.689741073277474,0.0307,주의,0.005064926559859708,True,fp_v1,False
2015-12-07,56,comp2,42,,,,0.3125,정상,0.11284176493808916,False,fp_v1,False
2015-12-07,56,comp3,16,7.0,7.0,7.0,0.0508,즉시,0.3345220048459593,True,fp_v1,False
2015-12-07,56,comp4,24,,,,0.107,정상,0.05397316266841272,True,fp_v1,False
2015-12-07,57,comp1,8,,,,0.0307,정상,0.0035364140646267916,True,fp_v1,False
2015-12-07,57,comp2,42,,,,0.3125,정상,0.11621825429815284,False,fp_v1,False
2015-12-07,57,comp3,16,18.609226518942346,,,0.0508,관찰,0.03856601151250585,True,fp_v1,False
2015-12-07,57,comp4,24,,,,0.107,정상,0.04826335677205907,True,fp_v1,False
2015-12-07,58,comp1,8,7.0,7.0,17.731989392603417,0.0307,주의,0.07881090602354991,True,fp_v1,False
2015-12-07,58,comp2,42,23.680925022183445,,,0.3125,관찰,0.33083035044926046,False,fp_v1,False
2015-12-07,58,comp3,16,,,,0.0508,정상,0.03857967299981238,True,fp_v1,False
2015-12-07,58,comp4,24,,,,0.107,정상,0.04756102505111679,True,fp_v1,False
2015-12-07,59,comp1,8,,,,0.0307,정상,0.0035364140646267916,True,fp_v1,False
2015-12-07,59,comp2,42,22.557634153046052,,,0.3125,관찰,0.4401918315973706,False,fp_v1,False
2015-12-07,59,comp3,16,,,,0.0508,정상,0.03856601151250585,True,fp_v1,False
2015-12-07,59,comp4,24,18.839153291092025,,,0.107,관찰,0.1714927538430994,True,fp_v1,False
2015-12-07,60,comp1,8,7.0,21.31472534213484,,0.0307,관찰,0.031542985995725206,True,fp_v1,False
2015-12-07,60,comp2,42,,,,0.3125,정상,0.178134113528763,False,fp_v1,False
2015-12-07,60,comp3,16,,,,0.0508,정상,0.03856601151250585,True,fp_v1,False
2015-12-07,60,comp4,24,,,,0.107,정상,0.047994212128624585,True,fp_v1,False
2015-12-07,61,comp1,8,7.0,7.0,7.0,0.0307,즉시,0.15590682418196702,True,fp_v1,False
2015-12-07,61,comp2,42,,,,0.3125,정상,0.11158782994190815,False,fp_v1,False
2015-12-07,61,comp3,16,,,,0.0508,정상,0.03856601151250585,True,fp_v1,False
2015-12-07,61,comp4,24,,,,0.107,정상,0.07106577491885255,True,fp_v1,False
2015-12-07,62,comp1,8,7.0,7.0,7.0,0.0307,즉시,0.25506554570972345,True,fp_v1,False
2015-12-07,62,comp2,42,,,,0.3125,정상,0.12139687597184241,False,fp_v1,False
2015-12-07,62,comp3,16,,,,0.0508,정상,0.03856601151250585,True,fp_v1,False
2015-12-07,62,comp4,24,16.68700136380277,20.951035944763476,,0.107,관찰,0.21522868466726355,True,fp_v1,False
2015-12-07,63,comp1,8,17.228928883955124,18.81246659078529,20.396004297615463,0.0307,주의,0.006857778677610144,True,fp_v1,False
2015-12-07,63,comp2,42,7.859496076340727,,,0.3125,관찰,0.3322710137634398,False,fp_v1,False
2015-12-07,63,comp3,16,,,,0.0508,정상,0.03856601151250585,True,fp_v1,False
2015-12-07,63,comp4,24,,,,0.107,정상,0.05599068975576628,True,fp_v1,False
2015-12-07,64,comp1,8,9.207289587856382,10.711251185264995,12.215212782673607,0.0307,주의,0.0060554343768082705,True,fp_v1,False
2015-12-07,64,comp2,42,,,,0.3125,정상,0.08699333815067566,False,fp_v1,False
2015-12-07,64,comp3,16,,,,0.0508,정상,0.03856601151250585,True,fp_v1,False
2015-12-07,64,comp4,24,17.306454525716756,,,0.107,관찰,0.2129854777648803,True,fp_v1,False
2015-12-07,65,comp1,8,7.0,7.0,7.0,0.0307,즉시,0.2988368855765613,True,fp_v1,False
2015-12-07,65,comp2,42,23.64384655007799,,,0.3125,관찰,0.32470122118800115,False,fp_v1,False
2015-12-07,65,comp3,16,,,,0.0508,정상,0.03856601151250585,True,fp_v1,False
2015-12-07,65,comp4,24,7.678129597580119,18.099425386741366,21.80600040149894,0.107,주의,0.3657831003977374,True,fp_v1,False
2015-12-07,66,comp1,8,8.848275050256872,9.837035815064851,10.825796579872831,0.0307,주의,0.004361605839601092,True,fp_v1,False
2015-12-07,66,comp2,42,21.87073664109893,,,0.3125,관찰,0.32962227179079917,False,fp_v1,False
2015-12-07,66,comp3,16,,,,0.0508,정상,0.03856601151250585,True,fp_v1,False
2015-12-07,66,comp4,24,,,,0.107,정상,0.052456084562394624,True,fp_v1,False
2015-12-07,67,comp1,8,7.0,7.59488447223044,22.514070972788847,0.0307,주의,0.07785655966724048,True,fp_v1,False
2015-12-07,67,comp2,42,7.0,,,0.3125,관찰,0.37782042498014606,False,fp_v1,False
2015-12-07,67,comp3,16,,,,0.0508,정상,0.03856601151250585,True,fp_v1,False
2015-12-07,67,comp4,24,16.516471028508644,21.198643607655463,,0.107,관찰,0.29318401761358687,True,fp_v1,False
2015-12-07,68,comp1,8,,,,0.0307,정상,0.0035364140646267916,True,fp_v1,False
2015-12-07,68,comp2,42,,,,0.3125,정상,0.14448930184786704,False,fp_v1,False
2015-12-07,68,comp3,16,,,,0.0508,정상,0.03856601151250585,True,fp_v1,False
2015-12-07,68,comp4,24,,,,0.107,정상,0.04826335677205907,True,fp_v1,False
2015-12-07,69,comp1,8,13.08478766446741,20.64601310000182,22.60840793400323,0.0307,주의,0.004314412142314502,True,fp_v1,False
2015-12-07,69,comp2,42,,,,0.3125,정상,0.118890566594336,False,fp_v1,False
2015-12-07,69,comp3,16,,,,0.0508,정상,0.03857967299981238,True,fp_v1,False
2015-12-07,69,comp4,24,,,,0.107,정상,0.04762542457250797,True,fp_v1,False
2015-12-07,70,comp1,8,17.35755136808741,18.982387402919713,20.607223437752015,0.0307,주의,0.004466425323789668,True,fp_v1,False
2015-12-07,70,comp2,42,23.88260398197614,,,0.3125,관찰,0.3169932301547754,False,fp_v1,False
2015-12-07,70,comp3,16,,,,0.0508,정상,0.03856601151250585,True,fp_v1,False
2015-12-07,70,comp4,24,,,,0.107,정상,0.07450417694074893,True,fp_v1,False
2015-12-07,71,comp1,8,14.254593025538696,14.545769456219734,14.836945886900773,0.0307,주의,0.0035364140646267916,True,fp_v1,False
2015-12-07,71,comp2,42,,,,0.3125,정상,0.26420262157830676,False,fp_v1,False
2015-12-07,71,comp3,16,,,,0.0508,정상,0.03857967299981238,True,fp_v1,False
2015-12-07,71,comp4,24,14.035337549272391,17.478417974585117,,0.107,관찰,0.30498578742671123,True,fp_v1,False
2015-12-07,72,comp1,8,8.816431867940558,9.742234678672133,10.668037489403709,0.0307,주의,0.003626510476892389,True,fp_v1,False
2015-12-07,72,comp2,42,,,,0.3125,정상,0.25607772140790824,False,fp_v1,False
2015-12-07,72,comp3,16,,,,0.0508,정상,0.03856601151250585,True,fp_v1,False
2015-12-07,72,comp4,24,,,,0.107,정상,0.04756102505111679,True,fp_v1,False
2015-12-07,73,comp1,8,,,,0.0307,정상,0.0035364140646267916,True,fp_v1,False
2015-12-07,73,comp2,42,,,,0.3125,정상,0.20219670615077084,False,fp_v1,False
2015-12-07,73,comp3,16,,,,0.0508,정상,0.03856601151250585,True,fp_v1,False
2015-12-07,73,comp4,24,21.578773396205357,22.792841045766917,,0.107,관찰,0.32039111267777026,True,fp_v1,False
2015-12-07,74,comp1,8,9.93270810026132,12.183644910691488,14.240215683035613,0.0307,주의,0.004339918068845699,True,fp_v1,False
2015-12-07,74,comp2,42,,,,0.3125,정상,0.08699333815067566,False,fp_v1,False
2015-12-07,74,comp3,16,,,,0.0508,정상,0.03856601151250585,True,fp_v1,False
2015-12-07,74,comp4,24,,,,0.107,정상,0.04756102505111679,True,fp_v1,False
2015-12-07,75,comp1,8,9.959975255957266,12.299117059806646,16.748124842898555,0.0307,주의,0.004975983592984382,True,fp_v1,False
2015-12-07,75,comp2,42,,,,0.3125,정상,0.08699333815067566,False,fp_v1,False
2015-12-07,75,comp3,16,,,,0.0508,정상,0.03856601151250585,True,fp_v1,False
2015-12-07,75,comp4,24,10.696347202785644,13.654956737052313,17.29365718090231,0.107,주의,0.8049147629923545,True,fp_v1,False
2015-12-07,76,comp1,8,,,,0.0307,정상,0.0035364140646267916,True,fp_v1,False
2015-12-07,76,comp2,42,,,,0.3125,정상,0.2693734253930561,False,fp_v1,False
2015-12-07,76,comp3,16,,,,0.0508,정상,0.03856601151250585,True,fp_v1,False
2015-12-07,76,comp4,24,,,,0.107,정상,0.06340671077269885,True,fp_v1,False
2015-12-07,77,comp1,8,7.166693133506979,7.628680239628284,8.954528224799695,0.0307,주의,0.08606844676148842,True,fp_v1,False
2015-12-07,77,comp2,42,,,,0.3125,정상,0.12752125277999346,False,fp_v1,False
2015-12-07,77,comp3,16,,,,0.0508,정상,0.03856601151250585,True,fp_v1,False
2015-12-07,77,comp4,24,,,,0.107,정상,0.05122261080478354,True,fp_v1,False
2015-12-07,78,comp1,8,12.519163991616775,18.086158052840965,,0.0307,관찰,0.005780539154559333,True,fp_v1,False
2015-12-07,78,comp2,42,22.411043179715573,,,0.3125,관찰,0.3893827969507997,False,fp_v1,False
2015-12-07,78,comp3,16,,,,0.0508,정상,0.03856601151250585,True,fp_v1,False
2015-12-07,78,comp4,24,,,,0.107,정상,0.054717845654759505,True,fp_v1,False
2015-12-07,79,comp1,8,,,,0.0307,정상,0.0035364140646267916,True,fp_v1,False
2015-12-07,79,comp2,42,,,,0.3125,정상,0.2684280515521662,False,fp_v1,False
2015-12-07,79,comp3,16,,,,0.0508,정상,0.03856601151250585,True,fp_v1,False
2015-12-07,79,comp4,24,8.852049150748252,12.326398790906097,,0.107,관찰,0.28026160257679406,True,fp_v1,False
2015-12-07,80,comp1,8,7.0,7.0,7.0,0.0307,즉시,0.18924053612730848,True,fp_v1,False
2015-12-07,80,comp2,42,,,,0.3125,정상,0.13393418444099892,False,fp_v1,False
2015-12-07,80,comp3,16,,,,0.0508,정상,0.03856601151250585,True,fp_v1,False
2015-12-07,80,comp4,24,,,,0.107,정상,0.05051884315283353,True,fp_v1,False
2015-12-07,81,comp1,8,21.193220148028693,21.48316598045707,21.77311181288545,0.0307,주의,0.005333561912599936,True,fp_v1,False
2015-12-07,81,comp2,42,,,,0.3125,정상,0.19547913720429752,False,fp_v1,False
2015-12-07,81,comp3,16,,,,0.0508,정상,0.03856601151250585,True,fp_v1,False
2015-12-07,81,comp4,24,,,,0.107,정상,0.047994212128624585,True,fp_v1,False
2015-12-07,82,comp1,8,,,,0.0307,정상,0.0035364140646267916,True,fp_v1,False
2015-12-07,82,comp2,42,,,,0.3125,정상,0.12507873469496886,False,fp_v1,False
2015-12-07,82,comp3,16,,,,0.0508,정상,0.03856601151250585,True,fp_v1,False
2015-12-07,82,comp4,24,,,,0.107,정상,0.1069099437742717,True,fp_v1,False
2015-12-07,83,comp1,8,7.0,15.723915894761152,17.4620831860585,0.0307,주의,0.03894147817431947,True,fp_v1,False
2015-12-07,83,comp2,42,21.791155172510653,23.999058682736933,23.999058682736933,0.3125,주의,0.600122572708399,False,fp_v1,False
2015-12-07,83,comp3,16,,,,0.0508,정상,0.03856601151250585,True,fp_v1,False
2015-12-07,83,comp4,24,,,,0.107,정상,0.04756102505111679,True,fp_v1,False
2015-12-07,84,comp1,8,13.948619628482383,19.77495276817707,,0.0307,관찰,0.004008116758218704,True,fp_v1,False
2015-12-07,84,comp2,42,,,,0.3125,정상,0.23118955460745325,False,fp_v1,False
2015-12-07,84,comp3,16,,,,0.0508,정상,0.03856601151250585,True,fp_v1,False
2015-12-07,84,comp4,24,,,,0.107,정상,0.04756102505111679,True,fp_v1,False
2015-12-07,85,comp1,8,16.64194244985879,17.423865778742147,18.205789107625506,0.0307,주의,0.0035364140646267916,True,fp_v1,False
2015-12-07,85,comp2,42,,,,0.3125,정상,0.14024753475508062,False,fp_v1,False
2015-12-07,85,comp3,16,7.0,14.067930278350676,15.626112276582512,0.0508,주의,0.16448983286220054,True,fp_v1,False
2015-12-07,85,comp4,24,7.0,16.496866063824562,,0.107,관찰,0.3175591557363459,True,fp_v1,False
2015-12-07,86,comp1,8,10.43742119008685,13.19727932099596,,0.0307,관찰,0.0035864395053640556,True,fp_v1,False
2015-12-07,86,comp2,42,,,,0.3125,정상,0.18148357909050475,False,fp_v1,False
2015-12-07,86,comp3,16,,,,0.0508,정상,0.03856601151250585,True,fp_v1,False
2015-12-07,86,comp4,24,,,,0.107,정상,0.05980769031832164,True,fp_v1,False
2015-12-07,87,comp1,8,7.0,18.47907325314909,,0.0307,관찰,0.04218955961833391,True,fp_v1,False
2015-12-07,87,comp2,42,23.075556033794793,,,0.3125,관찰,0.36907774840112473,False,fp_v1,False
2015-12-07,87,comp3,16,7.0,16.73230273967649,21.09688753904726,0.0508,주의,0.09360135536301195,True,fp_v1,False
2015-12-07,87,comp4,24,,,,0.107,정상,0.04756102505111679,True,fp_v1,False
2015-12-07,88,comp1,8,8.267300760200394,8.57601609734837,8.884731434496345,0.0307,주의,0.004118134236757269,True,fp_v1,False
2015-12-07,88,comp2,42,,,,0.3125,정상,0.08989152951096806,False,fp_v1,False
2015-12-07,88,comp3,16,,,,0.0508,정상,0.03856601151250585,True,fp_v1,False
2015-12-07,88,comp4,24,,,,0.107,정상,0.04756102505111679,True,fp_v1,False
2015-12-07,89,comp1,8,,,,0.0307,정상,0.0035364140646267916,True,fp_v1,False
2015-12-07,89,comp2,42,,,,0.3125,정상,0.1408228146559162,False,fp_v1,False
2015-12-07,89,comp3,16,18.755079285731775,,,0.0508,관찰,0.03856601151250585,True,fp_v1,False
2015-12-07,89,comp4,24,16.655489702103225,19.222089205471054,,0.107,관찰,0.2881200388938647,True,fp_v1,False
2015-12-07,90,comp1,8,,,,0.0307,정상,0.0037122599131421356,True,fp_v1,False
2015-12-07,90,comp2,42,,,,0.3125,정상,0.1032173095764877,False,fp_v1,False
2015-12-07,90,comp3,16,18.187994214318376,,,0.0508,관찰,0.03857967299981238,True,fp_v1,False
2015-12-07,90,comp4,24,,,,0.107,정상,0.05051884315283353,True,fp_v1,False
2015-12-07,91,comp1,8,,,,0.0307,정상,0.0035364140646267916,True,fp_v1,False
2015-12-07,91,comp2,42,21.668975376722816,,,0.3125,관찰,0.5585408940553827,False,fp_v1,False
2015-12-07,91,comp3,16,,,,0.0508,정상,0.03856601151250585,True,fp_v1,False
2015-12-07,91,comp4,24,10.177281378535396,21.13274633709352,22.18715033064534,0.107,주의,0.5049664073800897,True,fp_v1,False
2015-12-07,92,comp1,8,14.254258427745416,17.11150683436432,,0.0307,관찰,0.005434407972454584,True,fp_v1,False
2015-12-07,92,comp2,42,22.048735426823786,,,0.3125,관찰,0.4400348134283188,False,fp_v1,False
2015-12-07,92,comp3,16,,,,0.0508,정상,0.03856601151250585,True,fp_v1,False
2015-12-07,92,comp4,24,,,,0.107,정상,0.047994212128624585,True,fp_v1,False
2015-12-07,93,comp1,8,7.0,7.219343511592343,7.968419183436602,0.0307,주의,0.09338722844919585,True,fp_v1,False
2015-12-07,93,comp2,42,,,,0.3125,정상,0.2694362473096288,False,fp_v1,False
2015-12-07,93,comp3,16,,,,0.0508,정상,0.03856601151250585,True,fp_v1,False
2015-12-07,93,comp4,24,7.0,7.0,7.3195506160426005,0.107,주의,0.41882434669457236,True,fp_v1,False
2015-12-07,94,comp1,8,,,,0.0307,정상,0.0035364140646267916,True,fp_v1,False
2015-12-07,94,comp2,42,,,,0.3125,정상,0.1811898699585455,False,fp_v1,False
2015-12-07,94,comp3,16,10.84188089526453,14.261074631890814,15.744607069645312,0.0508,주의,0.16104771193114792,True,fp_v1,False
2015-12-07,94,comp4,24,,,,0.107,정상,0.047550560380924006,True,fp_v1,False
2015-12-07,95,comp1,8,12.45131126295193,17.629546808374243,,0.0307,관찰,0.005224319467409532,True,fp_v1,False
2015-12-07,95,comp2,42,22.802212175941232,,,0.3125,관찰,0.40521004971173324,False,fp_v1,False
2015-12-07,95,comp3,16,,,,0.0508,정상,0.03857967299981238,True,fp_v1,False
2015-12-07,95,comp4,24,,,,0.107,정상,0.05684106788733634,True,fp_v1,False
2015-12-07,96,comp1,8,,,,0.0307,정상,0.0035364140646267916,True,fp_v1,False
2015-12-07,96,comp2,42,,,,0.3125,정상,0.1194246261084464,False,fp_v1,False
2015-12-07,96,comp3,16,9.219306514763593,16.712880500413863,19.731404248314924,0.0508,주의,0.08954836384200886,True,fp_v1,False
2015-12-07,96,comp4,24,8.293313621990103,13.967164110046227,20.15893083154907,0.107,주의,0.34251360197064756,True,fp_v1,False
2015-12-07,97,comp1,8,,,,0.0307,정상,0.0035364140646267916,True,fp_v1,False
2015-12-07,97,comp2,42,,,,0.3125,정상,0.08699333815067566,False,fp_v1,False
2015-12-07,97,comp3,16,10.279380469006561,14.56619847842228,15.977168167692795,0.0508,주의,0.15312922275735644,True,fp_v1,False
2015-12-07,97,comp4,24,,,,0.107,정상,0.04826335677205907,True,fp_v1,False
2015-12-07,98,comp1,8,7.0,7.0,7.0,0.0307,즉시,0.43585544506708696,True,fp_v1,False
2015-12-07,98,comp2,42,,,,0.3125,정상,0.1490347475813106,False,fp_v1,False
2015-12-07,98,comp3,16,,,,0.0508,정상,0.03856601151250585,True,fp_v1,False
2015-12-07,98,comp4,24,22.99819927037749,,,0.107,관찰,0.1231714376467932,True,fp_v1,False
2015-12-07,99,comp1,8,7.723583921240276,18.319198475038437,21.400638601343704,0.0307,주의,0.04074705769470834,True,fp_v1,False
2015-12-07,99,comp2,42,,,,0.3125,정상,0.2355390987902834,False,fp_v1,False
2015-12-07,99,comp3,16,,,,0.0508,정상,0.03856601151250585,True,fp_v1,False
2015-12-07,99,comp4,24,7.405970994666482,7.820457013753359,21.472746750300814,0.107,주의,0.6452325962092306,True,fp_v1,False
2015-12-07,100,comp1,8,7.0,7.050013498287671,7.227407889001556,0.0307,주의,0.22578823755413371,True,fp_v1,False
2015-12-07,100,comp2,42,,,,0.3125,정상,0.12710259842162608,False,fp_v1,False
2015-12-07,100,comp3,16,,,,0.0508,정상,0.03856601151250585,True,fp_v1,False
2015-12-07,100,comp4,24,,,,0.107,정상,0.047994212128624585,True,fp_v1,False
2015-12-14,1,comp1,8,7.724599066891192,,,0.0307,관찰,0.03685911313194981,True,fp_v1,False
2015-12-14,1,comp2,42,,,,0.3125,정상,0.21343712715927346,False,fp_v1,False
2015-12-14,1,comp3,16,,,,0.0508,정상,0.03856601151250585,True,fp_v1,False
2015-12-14,1,comp4,24,7.0,7.761223594680354,12.595617363836379,0.107,주의,0.3488199625113245,True,fp_v1,False
2015-12-14,2,comp1,8,,,,0.0307,정상,0.006124211831869348,True,fp_v1,False
2015-12-14,2,comp2,42,,,,0.3125,정상,0.11088085719500179,False,fp_v1,False
2015-12-14,2,comp3,16,,,,0.0508,정상,0.03856601151250585,True,fp_v1,False
2015-12-14,2,comp4,24,,,,0.107,정상,0.052063360439028865,True,fp_v1,False
2015-12-14,3,comp1,8,,,,0.0307,정상,0.004593215057408039,True,fp_v1,False
2015-12-14,3,comp2,42,,,,0.3125,정상,0.0893785288099927,False,fp_v1,False
2015-12-14,3,comp3,16,,,,0.0508,정상,0.03856601151250585,True,fp_v1,False
2015-12-14,3,comp4,24,,,,0.107,정상,0.04756102505111679,True,fp_v1,False
2015-12-14,4,comp1,8,,,,0.0307,정상,0.0035364140646267916,True,fp_v1,False
2015-12-14,4,comp2,42,,,,0.3125,정상,0.1026469009888586,False,fp_v1,False
2015-12-14,4,comp3,16,,,,0.0508,정상,0.03856601151250585,True,fp_v1,False
2015-12-14,4,comp4,24,,,,0.107,정상,0.04826335677205907,True,fp_v1,False
2015-12-14,5,comp1,8,,,,0.0307,정상,0.004538718467975548,True,fp_v1,False
2015-12-14,5,comp2,42,,,,0.3125,정상,0.11747337760080848,False,fp_v1,False
2015-12-14,5,comp3,16,,,,0.0508,정상,0.03856601151250585,True,fp_v1,False
2015-12-14,5,comp4,24,,,,0.107,정상,0.05707854868703508,True,fp_v1,False
2015-12-14,6,comp1,8,7.0,7.335477750543217,,0.0307,관찰,0.06811459766227845,True,fp_v1,False
2015-12-14,6,comp2,42,,,,0.3125,정상,0.0893785288099927,False,fp_v1,False
2015-12-14,6,comp3,16,,,,0.0508,정상,0.03856601151250585,True,fp_v1,False
2015-12-14,6,comp4,24,,,,0.107,정상,0.04756102505111679,True,fp_v1,False
2015-12-14,7,comp1,8,7.0,7.0,,0.0307,관찰,0.07205140862848651,True,fp_v1,False
2015-12-14,7,comp2,42,,,,0.3125,정상,0.1333755979897897,False,fp_v1,False
2015-12-14,7,comp3,16,,,,0.0508,정상,0.03856601151250585,True,fp_v1,False
2015-12-14,7,comp4,24,,,,0.107,정상,0.056056436710373476,True,fp_v1,False
2015-12-14,8,comp1,8,14.632057977908438,,,0.0307,관찰,0.024764246340112085,True,fp_v1,False
2015-12-14,8,comp2,42,,,,0.3125,정상,0.11320670682949642,False,fp_v1,False
2015-12-14,8,comp3,16,,,,0.0508,정상,0.03856601151250585,True,fp_v1,False
2015-12-14,8,comp4,24,7.0,7.0,7.0,0.107,즉시,0.4979609181650524,True,fp_v1,False
2015-12-14,9,comp1,8,14.293817067563335,14.633519268182908,14.973221468802484,0.0307,주의,0.00414647556785252,True,fp_v1,False
2015-12-14,9,comp2,42,7.0,7.0,7.0,0.3125,즉시,0.8916897566423757,False,fp_v1,False
2015-12-14,9,comp3,16,,,,0.0508,정상,0.04682691618355987,True,fp_v1,False
2015-12-14,9,comp4,24,,,,0.107,정상,0.05343029077835701,True,fp_v1,False
2015-12-14,10,comp1,8,7.441296079026862,8.764887753137177,10.138292766710832,0.0307,주의,0.04429895339629962,True,fp_v1,False
2015-12-14,10,comp2,42,,,,0.3125,정상,0.17449729577689205,False,fp_v1,False
2015-12-14,10,comp3,16,,,,0.0508,정상,0.03856601151250585,True,fp_v1,False
2015-12-14,10,comp4,24,,,,0.107,정상,0.04756102505111679,True,fp_v1,False
2015-12-14,11,comp1,8,,,,0.0307,정상,0.0035364140646267916,True,fp_v1,False
2015-12-14,11,comp2,42,,,,0.3125,정상,0.12302603085663537,False,fp_v1,False
2015-12-14,11,comp3,16,7.0,14.283346154409045,,0.0508,관찰,0.14670565590025333,True,fp_v1,False
2015-12-14,11,comp4,24,,,,0.107,정상,0.04763321353825488,True,fp_v1,False
2015-12-14,12,comp1,8,,,,0.0307,정상,0.0035364140646267916,True,fp_v1,False
2015-12-14,12,comp2,42,,,,0.3125,정상,0.10051559406666512,False,fp_v1,False
2015-12-14,12,comp3,16,,,,0.0508,정상,0.050744688162359775,True,fp_v1,False
2015-12-14,12,comp4,24,,,,0.107,정상,0.04756102505111679,True,fp_v1,False
2015-12-14,13,comp1,8,13.272363681625624,,,0.0307,관찰,0.005735423674634712,True,fp_v1,False
2015-12-14,13,comp2,42,,,,0.3125,정상,0.12757286044098662,False,fp_v1,False
2015-12-14,13,comp3,16,,,,0.0508,정상,0.03857967299981238,True,fp_v1,False
2015-12-14,13,comp4,24,,,,0.107,정상,0.04756102505111679,True,fp_v1,False
2015-12-14,14,comp1,8,11.344046886589403,15.952138240589392,,0.0307,관찰,0.0052724851390953805,True,fp_v1,False
2015-12-14,14,comp2,42,,,,0.3125,정상,0.08699333815067566,False,fp_v1,False
2015-12-14,14,comp3,16,,,,0.0508,정상,0.03856601151250585,True,fp_v1,False
2015-12-14,14,comp4,24,,,,0.107,정상,0.05051884315283353,True,fp_v1,False
2015-12-14,15,comp1,8,7.197940572384694,8.310730934025484,9.925584718175653,0.0307,주의,0.05548848770951714,True,fp_v1,False
2015-12-14,15,comp2,42,,,,0.3125,정상,0.12476331647524948,False,fp_v1,False
2015-12-14,15,comp3,16,,,,0.0508,정상,0.03856601151250585,True,fp_v1,False
2015-12-14,15,comp4,24,,,,0.107,정상,0.10575894895931655,True,fp_v1,False
2015-12-14,16,comp1,8,,,,0.0307,정상,0.0035364140646267916,True,fp_v1,False
2015-12-14,16,comp2,42,,,,0.3125,정상,0.1070793442691816,False,fp_v1,False
2015-12-14,16,comp3,16,10.116055512223681,14.003922640020885,14.34463037715812,0.0508,주의,0.39897612166766916,True,fp_v1,False
2015-12-14,16,comp4,24,,,,0.107,정상,0.061001455830046805,True,fp_v1,False
2015-12-14,17,comp1,8,9.883550531495004,12.199088320256832,14.131579769494252,0.0307,주의,0.0057269651313502845,True,fp_v1,False
2015-12-14,17,comp2,42,,,,0.3125,정상,0.17028091810883428,False,fp_v1,False
2015-12-14,17,comp3,16,,,,0.0508,정상,0.03857967299981238,True,fp_v1,False
2015-12-14,17,comp4,24,,,,0.107,정상,0.07966466152264222,True,fp_v1,False
2015-12-14,18,comp1,8,7.0,7.421848155997429,7.931380954105824,0.0307,주의,0.0962270949732671,True,fp_v1,False
2015-12-14,18,comp2,42,,,,0.3125,정상,0.26838148737505163,False,fp_v1,False
2015-12-14,18,comp3,16,,,,0.0508,정상,0.03856601151250585,True,fp_v1,False
2015-12-14,18,comp4,24,9.83909208128006,12.623669170291457,,0.107,관찰,0.2668868097636681,True,fp_v1,False
2015-12-14,19,comp1,8,,,,0.0307,정상,0.0036809568177693553,True,fp_v1,False
2015-12-14,19,comp2,42,,,,0.3125,정상,0.13372022048924584,False,fp_v1,False
2015-12-14,19,comp3,16,,,,0.0508,정상,0.03856601151250585,True,fp_v1,False
2015-12-14,19,comp4,24,,,,0.107,정상,0.04826335677205907,True,fp_v1,False
2015-12-14,20,comp1,8,7.0,7.0,7.0,0.0307,즉시,0.84546371342301,True,fp_v1,False
2015-12-14,20,comp2,42,,,,0.3125,정상,0.15541703858867842,False,fp_v1,False
2015-12-14,20,comp3,16,,,,0.0508,정상,0.03857967299981238,True,fp_v1,False
2015-12-14,20,comp4,24,14.635674897154924,,,0.107,관찰,0.12199112865706048,True,fp_v1,False
2015-12-14,21,comp1,8,7.0,7.0,8.546136406278293,0.0307,주의,0.08594312070246997,True,fp_v1,False
2015-12-14,21,comp2,42,,,,0.3125,정상,0.08699333815067566,False,fp_v1,False
2015-12-14,21,comp3,16,7.0,7.0,7.0,0.0508,즉시,0.5785250085594709,True,fp_v1,False
2015-12-14,21,comp4,24,,,,0.107,정상,0.04793765473480356,True,fp_v1,False
2015-12-14,22,comp1,8,,,,0.0307,정상,0.0035364140646267916,True,fp_v1,False
2015-12-14,22,comp2,42,,,,0.3125,정상,0.14748979019485184,False,fp_v1,False
2015-12-14,22,comp3,16,,,,0.0508,정상,0.03857967299981238,True,fp_v1,False
2015-12-14,22,comp4,24,,,,0.107,정상,0.04756102505111679,True,fp_v1,False
2015-12-14,23,comp1,8,,,,0.0307,정상,0.0035364140646267916,True,fp_v1,False
2015-12-14,23,comp2,42,,,,0.3125,정상,0.10420373905490418,False,fp_v1,False
2015-12-14,23,comp3,16,,,,0.0508,정상,0.03856601151250585,True,fp_v1,False
2015-12-14,23,comp4,24,7.0,7.0,7.0,0.107,즉시,0.614987600552858,True,fp_v1,False
2015-12-14,24,comp1,8,,,,0.0307,정상,0.0035364140646267916,True,fp_v1,False
2015-12-14,24,comp2,42,,,,0.3125,정상,0.11469175925249728,False,fp_v1,False
2015-12-14,24,comp3,16,,,,0.0508,정상,0.03856601151250585,True,fp_v1,False
2015-12-14,24,comp4,24,14.656090537503632,15.362471542674202,,0.107,관찰,0.31057046896014473,True,fp_v1,False
2015-12-14,25,comp1,8,7.0,,,0.0307,관찰,0.03644313641066778,True,fp_v1,False
2015-12-14,25,comp2,42,,,,0.3125,정상,0.09931120013149282,False,fp_v1,False
2015-12-14,25,comp3,16,,,,0.0508,정상,0.03856601151250585,True,fp_v1,False
2015-12-14,25,comp4,24,,,,0.107,정상,0.04756102505111679,True,fp_v1,False
2015-12-14,26,comp1,8,7.0,7.0,,0.0307,관찰,0.0668709306199141,True,fp_v1,False
2015-12-14,26,comp2,42,,,,0.3125,정상,0.0893785288099927,False,fp_v1,False
2015-12-14,26,comp3,16,,,,0.0508,정상,0.03856601151250585,True,fp_v1,False
2015-12-14,26,comp4,24,,,,0.107,정상,0.047994212128624585,True,fp_v1,False
2015-12-14,27,comp1,8,7.244253801546108,7.519655018585671,7.795056235625234,0.0307,주의,0.11493713781902609,True,fp_v1,False
2015-12-14,27,comp2,42,,,,0.3125,정상,0.13983110208866392,False,fp_v1,False
2015-12-14,27,comp3,16,,,,0.0508,정상,0.03856601151250585,True,fp_v1,False
2015-12-14,27,comp4,24,,,,0.107,정상,0.04756102505111679,True,fp_v1,False
2015-12-14,28,comp1,8,,,,0.0307,정상,0.004704699209049416,True,fp_v1,False
2015-12-14,28,comp2,42,,,,0.3125,정상,0.1696777561693935,False,fp_v1,False
2015-12-14,28,comp3,16,,,,0.0508,정상,0.03856601151250585,True,fp_v1,False
2015-12-14,28,comp4,24,,,,0.107,정상,0.04756102505111679,True,fp_v1,False
2015-12-14,29,comp1,8,14.658130201381777,,,0.0307,관찰,0.003890097860991024,True,fp_v1,False
2015-12-14,29,comp2,42,,,,0.3125,정상,0.08699333815067566,False,fp_v1,False
2015-12-14,29,comp3,16,,,,0.0508,정상,0.03856601151250585,True,fp_v1,False
2015-12-14,29,comp4,24,,,,0.107,정상,0.04756102505111679,True,fp_v1,False
2015-12-14,30,comp1,8,7.0,7.0,7.0,0.0307,즉시,0.1547892230321498,True,fp_v1,False
2015-12-14,30,comp2,42,,,,0.3125,정상,0.08699333815067566,False,fp_v1,False
2015-12-14,30,comp3,16,,,,0.0508,정상,0.03856601151250585,True,fp_v1,False
2015-12-14,30,comp4,24,,,,0.107,정상,0.04756102505111679,True,fp_v1,False
2015-12-14,31,comp1,8,,,,0.0307,정상,0.004289234159533626,True,fp_v1,False
2015-12-14,31,comp2,42,,,,0.3125,정상,0.1041969850521082,False,fp_v1,False
2015-12-14,31,comp3,16,,,,0.0508,정상,0.03856601151250585,True,fp_v1,False
2015-12-14,31,comp4,24,,,,0.107,정상,0.051104890721145296,True,fp_v1,False
2015-12-14,32,comp1,8,,,,0.0307,정상,0.0035364140646267916,True,fp_v1,False
2015-12-14,32,comp2,42,,,,0.3125,정상,0.10223858312317442,False,fp_v1,False
2015-12-14,32,comp3,16,,,,0.0508,정상,0.03856601151250585,True,fp_v1,False
2015-12-14,32,comp4,24,7.767139357311332,15.919338610738695,,0.107,관찰,0.21720597855745627,True,fp_v1,False
2015-12-14,33,comp1,8,,,,0.0307,정상,0.0035364140646267916,True,fp_v1,False
2015-12-14,33,comp2,42,,,,0.3125,정상,0.08699333815067566,False,fp_v1,False
2015-12-14,33,comp3,16,,,,0.0508,정상,0.03856601151250585,True,fp_v1,False
2015-12-14,33,comp4,24,,,,0.107,정상,0.06776446081195427,True,fp_v1,False
2015-12-14,34,comp1,8,9.543604202583161,11.292427075679953,13.041249948776745,0.0307,주의,0.003602272150575689,True,fp_v1,False
2015-12-14,34,comp2,42,,,,0.3125,정상,0.08699333815067566,False,fp_v1,False
2015-12-14,34,comp3,16,,,,0.0508,정상,0.03856601151250585,True,fp_v1,False
2015-12-14,34,comp4,24,,,,0.107,정상,0.04756102505111679,True,fp_v1,False
2015-12-14,35,comp1,8,7.0,7.0,7.16099811086599,0.0307,주의,0.10970936721847026,True,fp_v1,False
2015-12-14,35,comp2,42,,,,0.3125,정상,0.08699333815067566,False,fp_v1,False
2015-12-14,35,comp3,16,7.499236464633774,10.460704397162086,14.072145860233496,0.0508,주의,0.21778485197469075,True,fp_v1,False
2015-12-14,35,comp4,24,,,,0.107,정상,0.0538709596458637,True,fp_v1,False
2015-12-14,36,comp1,8,7.0,7.0,,0.0307,관찰,0.08837616182143018,True,fp_v1,False
2015-12-14,36,comp2,42,,,,0.3125,정상,0.12191654325651094,False,fp_v1,False
2015-12-14,36,comp3,16,,,,0.0508,정상,0.03856601151250585,True,fp_v1,False
2015-12-14,36,comp4,24,,,,0.107,정상,0.04756102505111679,True,fp_v1,False
2015-12-14,37,comp1,8,7.044712084218522,14.05250208160524,14.749113327851411,0.0307,주의,0.05908173157061823,True,fp_v1,False
2015-12-14,37,comp2,42,,,,0.3125,정상,0.1312384153863685,False,fp_v1,False
2015-12-14,37,comp3,16,,,,0.0508,정상,0.03856601151250585,True,fp_v1,False
2015-12-14,37,comp4,24,7.0,7.0,7.0,0.107,즉시,0.7100899633174566,True,fp_v1,False
2015-12-14,38,comp1,8,,,,0.0307,정상,0.0036809568177693553,True,fp_v1,False
2015-12-14,38,comp2,42,,,,0.3125,정상,0.15727556759037126,False,fp_v1,False
2015-12-14,38,comp3,16,,,,0.0508,정상,0.03856601151250585,True,fp_v1,False
2015-12-14,38,comp4,24,,,,0.107,정상,0.04826335677205907,True,fp_v1,False
2015-12-14,39,comp1,8,,,,0.0307,정상,0.0035364140646267916,True,fp_v1,False
2015-12-14,39,comp2,42,,,,0.3125,정상,0.14524860972500098,False,fp_v1,False
2015-12-14,39,comp3,16,,,,0.0508,정상,0.03856601151250585,True,fp_v1,False
2015-12-14,39,comp4,24,,,,0.107,정상,0.049555143531213236,True,fp_v1,False
2015-12-14,40,comp1,8,,,,0.0307,정상,0.0037870381842558623,True,fp_v1,False
2015-12-14,40,comp2,42,,,,0.3125,정상,0.11652565807046267,False,fp_v1,False
2015-12-14,40,comp3,16,7.0,7.0,7.0,0.0508,즉시,0.5243534779920017,True,fp_v1,False
2015-12-14,40,comp4,24,,,,0.107,정상,0.04942561508826653,True,fp_v1,False
2015-12-14,41,comp1,8,14.925425679250642,,,0.0307,관찰,0.00451676409199107,True,fp_v1,False
2015-12-14,41,comp2,42,,,,0.3125,정상,0.11063186880403897,False,fp_v1,False
2015-12-14,41,comp3,16,,,,0.0508,정상,0.03856601151250585,True,fp_v1,False
2015-12-14,41,comp4,24,,,,0.107,정상,0.04756102505111679,True,fp_v1,False
2015-12-14,42,comp1,8,,,,0.0307,정상,0.0035364140646267916,True,fp_v1,False
2015-12-14,42,comp2,42,,,,0.3125,정상,0.09577053538136768,False,fp_v1,False
2015-12-14,42,comp3,16,7.0,7.0,15.479975035731723,0.0508,주의,0.16860594346637114,True,fp_v1,False
2015-12-14,42,comp4,24,,,,0.107,정상,0.05062299321663038,True,fp_v1,False
2015-12-14,43,comp1,8,,,,0.0307,정상,0.0035364140646267916,True,fp_v1,False
2015-12-14,43,comp2,42,,,,0.3125,정상,0.17544412655532324,False,fp_v1,False
2015-12-14,43,comp3,16,,,,0.0508,정상,0.04083443223967188,True,fp_v1,False
2015-12-14,43,comp4,24,,,,0.107,정상,0.06552545147877943,True,fp_v1,False
2015-12-14,44,comp1,8,10.179557822461076,12.681178319589279,14.232813751826683,0.0307,주의,0.003952068325577748,True,fp_v1,False
2015-12-14,44,comp2,42,,,,0.3125,정상,0.08699333815067566,False,fp_v1,False
2015-12-14,44,comp3,16,,,,0.0508,정상,0.03856601151250585,True,fp_v1,False
2015-12-14,44,comp4,24,,,,0.107,정상,0.0507209918841543,True,fp_v1,False
2015-12-14,45,comp1,8,,,,0.0307,정상,0.005382616229734529,True,fp_v1,False
2015-12-14,45,comp2,42,,,,0.3125,정상,0.12727839825398765,False,fp_v1,False
2015-12-14,45,comp3,16,,,,0.0508,정상,0.03856601151250585,True,fp_v1,False
2015-12-14,45,comp4,24,7.88331126758885,,,0.107,관찰,0.1714509121212822,True,fp_v1,False
2015-12-14,46,comp1,8,,,,0.0307,정상,0.0035364140646267916,True,fp_v1,False
2015-12-14,46,comp2,42,,,,0.3125,정상,0.10060310277448174,False,fp_v1,False
2015-12-14,46,comp3,16,,,,0.0508,정상,0.03856601151250585,True,fp_v1,False
2015-12-14,46,comp4,24,,,,0.107,정상,0.05115799849496993,True,fp_v1,False
2015-12-14,47,comp1,8,11.499908862693543,,,0.0307,관찰,0.021674692247083873,True,fp_v1,False
2015-12-14,47,comp2,42,,,,0.3125,정상,0.10046583069467706,False,fp_v1,False
2015-12-14,47,comp3,16,7.0,7.0,7.0,0.0508,즉시,0.18050532726524723,True,fp_v1,False
2015-12-14,47,comp4,24,,,,0.107,정상,0.06312326870865752,True,fp_v1,False
2015-12-14,48,comp1,8,8.777311989691274,9.709042287562745,10.640772585434219,0.0307,주의,0.005087612756198503,True,fp_v1,False
2015-12-14,48,comp2,42,,,,0.3125,정상,0.09813144953062966,False,fp_v1,False
2015-12-14,48,comp3,16,,,,0.0508,정상,0.03856601151250585,True,fp_v1,False
2015-12-14,48,comp4,24,,,,0.107,정상,0.05158470979416189,True,fp_v1,False
2015-12-14,49,comp1,8,,,,0.0307,정상,0.0035364140646267916,True,fp_v1,False
2015-12-14,49,comp2,42,,,,0.3125,정상,0.0988723926703231,False,fp_v1,False
2015-12-14,49,comp3,16,10.254561848345569,13.435677894649908,14.577879302033402,0.0508,주의,0.25508326706015283,True,fp_v1,False
2015-12-14,49,comp4,24,9.951336210559113,12.156450191390718,,0.107,관찰,0.30345561600711507,True,fp_v1,False
2015-12-14,50,comp1,8,8.7092738966317,9.617307671801756,10.525341446971812,0.0307,주의,0.00671942630956562,True,fp_v1,False
2015-12-14,50,comp2,42,,,,0.3125,정상,0.09931120013149282,False,fp_v1,False
2015-12-14,50,comp3,16,,,,0.0508,정상,0.03856601151250585,True,fp_v1,False
2015-12-14,50,comp4,24,,,,0.107,정상,0.06147855560804406,True,fp_v1,False
2015-12-14,51,comp1,8,8.606671122733033,9.31072037562595,10.014769628518865,0.0307,주의,0.004245842351025433,True,fp_v1,False
2015-12-14,51,comp2,42,,,,0.3125,정상,0.08699333815067566,False,fp_v1,False
2015-12-14,51,comp3,16,,,,0.0508,정상,0.03856601151250585,True,fp_v1,False
2015-12-14,51,comp4,24,,,,0.107,정상,0.04756102505111679,True,fp_v1,False
2015-12-14,52,comp1,8,,,,0.0307,정상,0.004255660118242123,True,fp_v1,False
2015-12-14,52,comp2,42,,,,0.3125,정상,0.10218671137632514,False,fp_v1,False
2015-12-14,52,comp3,16,,,,0.0508,정상,0.03856601151250585,True,fp_v1,False
2015-12-14,52,comp4,24,14.491935625937566,,,0.107,관찰,0.17464657829715755,True,fp_v1,False
2015-12-14,53,comp1,8,8.867393489778228,9.940893956194714,11.014394422611197,0.0307,주의,0.005893807280181871,True,fp_v1,False
2015-12-14,53,comp2,42,,,,0.3125,정상,0.08699333815067566,False,fp_v1,False
2015-12-14,53,comp3,16,12.99014355694963,,,0.0508,관찰,0.05789334194674236,True,fp_v1,False
2015-12-14,53,comp4,24,,,,0.107,정상,0.06389455908427352,True,fp_v1,False
2015-12-14,54,comp1,8,,,,0.0307,정상,0.0035364140646267916,True,fp_v1,False
2015-12-14,54,comp2,42,,,,0.3125,정상,0.11088085719500179,False,fp_v1,False
2015-12-14,54,comp3,16,12.489774561462486,,,0.0508,관찰,0.06240406876938043,True,fp_v1,False
2015-12-14,54,comp4,24,,,,0.107,정상,0.04756102505111679,True,fp_v1,False
2015-12-14,55,comp1,8,,,,0.0307,정상,0.0035364140646267916,True,fp_v1,False
2015-12-14,55,comp2,42,,,,0.3125,정상,0.08699333815067566,False,fp_v1,False
2015-12-14,55,comp3,16,,,,0.0508,정상,0.03856601151250585,True,fp_v1,False
2015-12-14,55,comp4,24,9.650421885536522,,,0.107,관찰,0.17743732190087266,True,fp_v1,False
2015-12-14,56,comp1,8,8.721233219785733,9.544113859391324,10.366994498996917,0.0307,주의,0.003791970850859793,True,fp_v1,False
2015-12-14,56,comp2,42,,,,0.3125,정상,0.08699333815067566,False,fp_v1,False
2015-12-14,56,comp3,16,11.795801179267288,,,0.0508,관찰,0.07012216742388332,True,fp_v1,False
2015-12-14,56,comp4,24,,,,0.107,정상,0.05397316266841272,True,fp_v1,False
2015-12-14,57,comp1,8,,,,0.0307,정상,0.0035364140646267916,True,fp_v1,False
2015-12-14,57,comp2,42,,,,0.3125,정상,0.09818121882927358,False,fp_v1,False
2015-12-14,57,comp3,16,,,,0.0508,정상,0.03856601151250585,True,fp_v1,False
2015-12-14,57,comp4,24,,,,0.107,정상,0.04826335677205907,True,fp_v1,False
2015-12-14,58,comp1,8,10.392741180164949,13.21112454069656,14.96398793401033,0.0307,주의,0.004636070896067224,True,fp_v1,False
2015-12-14,58,comp2,42,,,,0.3125,정상,0.08699333815067566,False,fp_v1,False
2015-12-14,58,comp3,16,,,,0.0508,정상,0.03857967299981238,True,fp_v1,False
2015-12-14,58,comp4,24,,,,0.107,정상,0.04756102505111679,True,fp_v1,False
2015-12-14,59,comp1,8,,,,0.0307,정상,0.0035364140646267916,True,fp_v1,False
2015-12-14,59,comp2,42,,,,0.3125,정상,0.11802076658468205,False,fp_v1,False
2015-12-14,59,comp3,16,,,,0.0508,정상,0.03856601151250585,True,fp_v1,False
2015-12-14,59,comp4,24,7.0,,,0.107,관찰,0.14990260588257442,True,fp_v1,False
2015-12-14,60,comp1,8,12.38990523767757,,,0.0307,관찰,0.0054229720524036715,True,fp_v1,False
2015-12-14,60,comp2,42,,,,0.3125,정상,0.10575868301619962,False,fp_v1,False
2015-12-14,60,comp3,16,,,,0.0508,정상,0.03856601151250585,True,fp_v1,False
2015-12-14,60,comp4,24,,,,0.107,정상,0.04756102505111679,True,fp_v1,False
2015-12-14,61,comp1,8,7.16267578828068,9.481510669768644,11.572105856677798,0.0307,주의,0.03964128928850957,True,fp_v1,False
2015-12-14,61,comp2,42,,,,0.3125,정상,0.13195701146648076,False,fp_v1,False
2015-12-14,61,comp3,16,,,,0.0508,정상,0.03856601151250585,True,fp_v1,False
2015-12-14,61,comp4,24,,,,0.107,정상,0.04776656900549104,True,fp_v1,False
2015-12-14,62,comp1,8,8.717476398188019,9.616234492609594,10.51499258703117,0.0307,주의,0.00619179568292133,True,fp_v1,False
2015-12-14,62,comp2,42,,,,0.3125,정상,0.1012387409950452,False,fp_v1,False
2015-12-14,62,comp3,16,,,,0.0508,정상,0.03856601151250585,True,fp_v1,False
2015-12-14,62,comp4,24,,,,0.107,정상,0.04756102505111679,True,fp_v1,False
2015-12-14,63,comp1,8,14.20752988061024,15.69447518167723,,0.0307,관찰,0.0043346840565810585,True,fp_v1,False
2015-12-14,63,comp2,42,,,,0.3125,정상,0.08699333815067566,False,fp_v1,False
2015-12-14,63,comp3,16,,,,0.0508,정상,0.03856601151250585,True,fp_v1,False
2015-12-14,63,comp4,24,,,,0.107,정상,0.05105313349764321,True,fp_v1,False
2015-12-14,64,comp1,8,7.0,7.0,7.0,0.0307,즉시,0.27614560473972233,True,fp_v1,False
2015-12-14,64,comp2,42,,,,0.3125,정상,0.08699333815067566,False,fp_v1,False
2015-12-14,64,comp3,16,,,,0.0508,정상,0.03856601151250585,True,fp_v1,False
2015-12-14,64,comp4,24,,,,0.107,정상,0.07782817022047019,True,fp_v1,False
2015-12-14,65,comp1,8,,,,0.0307,정상,0.0035364140646267916,True,fp_v1,False
2015-12-14,65,comp2,42,,,,0.3125,정상,0.08699333815067566,False,fp_v1,False
2015-12-14,65,comp3,16,,,,0.0508,정상,0.03856601151250585,True,fp_v1,False
2015-12-14,65,comp4,24,15.47281289680248,,,0.107,관찰,0.12389427909546635,True,fp_v1,False
2015-12-14,66,comp1,8,7.0,7.0,7.0,0.0307,즉시,0.6169890649572606,True,fp_v1,False
2015-12-14,66,comp2,42,,,,0.3125,정상,0.14800160599738524,False,fp_v1,False
2015-12-14,66,comp3,16,,,,0.0508,정상,0.03856601151250585,True,fp_v1,False
2015-12-14,66,comp4,24,,,,0.107,정상,0.05051884315283353,True,fp_v1,False
2015-12-14,67,comp1,8,14.06272275629086,15.09593672028794,,0.0307,관찰,0.017205895359116295,True,fp_v1,False
2015-12-14,67,comp2,42,,,,0.3125,정상,0.13265491350436362,False,fp_v1,False
2015-12-14,67,comp3,16,,,,0.0508,정상,0.03856601151250585,True,fp_v1,False
2015-12-14,67,comp4,24,9.067873248985471,,,0.107,관찰,0.15368858075686237,True,fp_v1,False
2015-12-14,68,comp1,8,,,,0.0307,정상,0.0035364140646267916,True,fp_v1,False
2015-12-14,68,comp2,42,,,,0.3125,정상,0.08699333815067566,False,fp_v1,False
2015-12-14,68,comp3,16,,,,0.0508,정상,0.03856601151250585,True,fp_v1,False
2015-12-14,68,comp4,24,,,,0.107,정상,0.04756102505111679,True,fp_v1,False
2015-12-14,69,comp1,8,7.0,,,0.0307,관찰,0.034011216817423154,True,fp_v1,False
2015-12-14,69,comp2,42,,,,0.3125,정상,0.09906614915057119,False,fp_v1,False
2015-12-14,69,comp3,16,,,,0.0508,정상,0.03857967299981238,True,fp_v1,False
2015-12-14,69,comp4,24,,,,0.107,정상,0.04762542457250797,True,fp_v1,False
2015-12-14,70,comp1,8,,,,0.0307,정상,0.0035364140646267916,True,fp_v1,False
2015-12-14,70,comp2,42,,,,0.3125,정상,0.08699333815067566,False,fp_v1,False
2015-12-14,70,comp3,16,,,,0.0508,정상,0.03856601151250585,True,fp_v1,False
2015-12-14,70,comp4,24,,,,0.107,정상,0.06490727982627081,True,fp_v1,False
2015-12-14,71,comp1,8,12.263303331244842,,,0.0307,관찰,0.0043430328495490614,True,fp_v1,False
2015-12-14,71,comp2,42,,,,0.3125,정상,0.1511612552029343,False,fp_v1,False
2015-12-14,71,comp3,16,,,,0.0508,정상,0.03857967299981238,True,fp_v1,False
2015-12-14,71,comp4,24,7.533604720813995,9.609155277915544,11.971932315281837,0.107,주의,0.41284245438017697,True,fp_v1,False
2015-12-14,72,comp1,8,7.0,8.640404057130919,13.545570547783104,0.0307,주의,0.05738755108363201,True,fp_v1,False
2015-12-14,72,comp2,42,,,,0.3125,정상,0.10246320735188005,False,fp_v1,False
2015-12-14,72,comp3,16,,,,0.0508,정상,0.03856601151250585,True,fp_v1,False
2015-12-14,72,comp4,24,,,,0.107,정상,0.04756102505111679,True,fp_v1,False
2015-12-14,73,comp1,8,,,,0.0307,정상,0.0035364140646267916,True,fp_v1,False
2015-12-14,73,comp2,42,,,,0.3125,정상,0.11068145096788384,False,fp_v1,False
2015-12-14,73,comp3,16,,,,0.0508,정상,0.03856601151250585,True,fp_v1,False
2015-12-14,73,comp4,24,15.107838396845942,,,0.107,관찰,0.18617645076389597,True,fp_v1,False
2015-12-14,74,comp1,8,7.0,14.915452324690191,,0.0307,관찰,0.05364259053133506,True,fp_v1,False
2015-12-14,74,comp2,42,,,,0.3125,정상,0.09055421167716304,False,fp_v1,False
2015-12-14,74,comp3,16,,,,0.0508,정상,0.03856601151250585,True,fp_v1,False
2015-12-14,74,comp4,24,,,,0.107,정상,0.04756102505111679,True,fp_v1,False
2015-12-14,75,comp1,8,7.0,7.0,7.0,0.0307,즉시,0.5209634936224653,True,fp_v1,False
2015-12-14,75,comp2,42,,,,0.3125,정상,0.08699333815067566,False,fp_v1,False
2015-12-14,75,comp3,16,,,,0.0508,정상,0.03856601151250585,True,fp_v1,False
2015-12-14,75,comp4,24,7.0,,,0.107,관찰,0.18488109380853243,True,fp_v1,False
2015-12-14,76,comp1,8,,,,0.0307,정상,0.0035364140646267916,True,fp_v1,False
2015-12-14,76,comp2,42,,,,0.3125,정상,0.11088085719500179,False,fp_v1,False
2015-12-14,76,comp3,16,,,,0.0508,정상,0.03856601151250585,True,fp_v1,False
2015-12-14,76,comp4,24,,,,0.107,정상,0.05273017523453626,True,fp_v1,False
2015-12-14,77,comp1,8,9.26355346628867,10.73687306340554,12.21019266052241,0.0307,주의,0.0043706283421571235,True,fp_v1,False
2015-12-14,77,comp2,42,,,,0.3125,정상,0.08699333815067566,False,fp_v1,False
2015-12-14,77,comp3,16,,,,0.0508,정상,0.03856601151250585,True,fp_v1,False
2015-12-14,77,comp4,24,,,,0.107,정상,0.05122261080478354,True,fp_v1,False
2015-12-14,78,comp1,8,7.0,7.0,,0.0307,관찰,0.08571781824793635,True,fp_v1,False
2015-12-14,78,comp2,42,,,,0.3125,정상,0.23324010089743408,False,fp_v1,False
2015-12-14,78,comp3,16,,,,0.0508,정상,0.03856601151250585,True,fp_v1,False
2015-12-14,78,comp4,24,,,,0.107,정상,0.054717845654759505,True,fp_v1,False
2015-12-14,79,comp1,8,,,,0.0307,정상,0.0035364140646267916,True,fp_v1,False
2015-12-14,79,comp2,42,,,,0.3125,정상,0.18870713079042192,False,fp_v1,False
2015-12-14,79,comp3,16,,,,0.0508,정상,0.03856601151250585,True,fp_v1,False
2015-12-14,79,comp4,24,,,,0.107,정상,0.04756102505111679,True,fp_v1,False
2015-12-14,80,comp1,8,10.33902691417795,13.014169914349008,,0.0307,관찰,0.003856983411358737,True,fp_v1,False
2015-12-14,80,comp2,42,,,,0.3125,정상,0.08699333815067566,False,fp_v1,False
2015-12-14,80,comp3,16,,,,0.0508,정상,0.03856601151250585,True,fp_v1,False
2015-12-14,80,comp4,24,,,,0.107,정상,0.04756102505111679,True,fp_v1,False
2015-12-14,81,comp1,8,14.348440627978839,14.742703321830568,15.136966015682297,0.0307,주의,0.0035677503382625965,True,fp_v1,False
2015-12-14,81,comp2,42,,,,0.3125,정상,0.08808598273078903,False,fp_v1,False
2015-12-14,81,comp3,16,,,,0.0508,정상,0.03856601151250585,True,fp_v1,False
2015-12-14,81,comp4,24,,,,0.107,정상,0.047994212128624585,True,fp_v1,False
2015-12-14,82,comp1,8,,,,0.0307,정상,0.0035364140646267916,True,fp_v1,False
2015-12-14,82,comp2,42,,,,0.3125,정상,0.08699333815067566,False,fp_v1,False
2015-12-14,82,comp3,16,,,,0.0508,정상,0.03856601151250585,True,fp_v1,False
2015-12-14,82,comp4,24,,,,0.107,정상,0.10224733746041144,True,fp_v1,False
2015-12-14,83,comp1,8,14.139305621624473,15.823044115395692,,0.0307,관찰,0.019249326362374582,True,fp_v1,False
2015-12-14,83,comp2,42,,,,0.3125,정상,0.14036980078526004,False,fp_v1,False
2015-12-14,83,comp3,16,,,,0.0508,정상,0.03856601151250585,True,fp_v1,False
2015-12-14,83,comp4,24,,,,0.107,정상,0.04756102505111679,True,fp_v1,False
2015-12-14,84,comp1,8,7.09761022004804,7.904901560929415,,0.0307,관찰,0.06501151659780878,True,fp_v1,False
2015-12-14,84,comp2,42,,,,0.3125,정상,0.23579375862675137,False,fp_v1,False
2015-12-14,84,comp3,16,,,,0.0508,정상,0.03856601151250585,True,fp_v1,False
2015-12-14,84,comp4,24,,,,0.107,정상,0.04756102505111679,True,fp_v1,False
2015-12-14,85,comp1,8,9.053330623033242,10.246002245129981,11.43867386722672,0.0307,주의,0.0035864395053640556,True,fp_v1,False
2015-12-14,85,comp2,42,,,,0.3125,정상,0.1722049773895246,False,fp_v1,False
2015-12-14,85,comp3,16,,,,0.0508,정상,0.03856601151250585,True,fp_v1,False
2015-12-14,85,comp4,24,11.223061529749302,,,0.107,관찰,0.19517487064065436,True,fp_v1,False
2015-12-14,86,comp1,8,7.0,7.0,7.0,0.0307,즉시,0.09833125991382938,True,fp_v1,False
2015-12-14,86,comp2,42,,,,0.3125,정상,0.10319258731737337,False,fp_v1,False
2015-12-14,86,comp3,16,,,,0.0508,정상,0.03856601151250585,True,fp_v1,False
2015-12-14,86,comp4,24,,,,0.107,정상,0.06174506472900757,True,fp_v1,False
2015-12-14,87,comp1,8,,,,0.0307,정상,0.0035364140646267916,True,fp_v1,False
2015-12-14,87,comp2,42,,,,0.3125,정상,0.19895378080996226,False,fp_v1,False
2015-12-14,87,comp3,16,13.053397212335327,,,0.0508,관찰,0.058626130441607034,True,fp_v1,False
2015-12-14,87,comp4,24,,,,0.107,정상,0.04826335677205907,True,fp_v1,False
2015-12-14,88,comp1,8,7.0,8.681097752135551,10.029079358122832,0.0307,주의,0.04588466460425406,True,fp_v1,False
2015-12-14,88,comp2,42,,,,0.3125,정상,0.08699333815067566,False,fp_v1,False
2015-12-14,88,comp3,16,,,,0.0508,정상,0.03856601151250585,True,fp_v1,False
2015-12-14,88,comp4,24,,,,0.107,정상,0.04756102505111679,True,fp_v1,False
2015-12-14,89,comp1,8,,,,0.0307,정상,0.0035364140646267916,True,fp_v1,False
2015-12-14,89,comp2,42,,,,0.3125,정상,0.11252395605860872,False,fp_v1,False
2015-12-14,89,comp3,16,,,,0.0508,정상,0.04083443223967188,True,fp_v1,False
2015-12-14,89,comp4,24,,,,0.107,정상,0.08931095997318378,True,fp_v1,False
2015-12-14,90,comp1,8,,,,0.0307,정상,0.004426076166752413,True,fp_v1,False
2015-12-14,90,comp2,42,,,,0.3125,정상,0.0893785288099927,False,fp_v1,False
2015-12-14,90,comp3,16,,,,0.0508,정상,0.03857967299981238,True,fp_v1,False
2015-12-14,90,comp4,24,,,,0.107,정상,0.05051884315283353,True,fp_v1,False
2015-12-14,91,comp1,8,,,,0.0307,정상,0.0035364140646267916,True,fp_v1,False
2015-12-14,91,comp2,42,,,,0.3125,정상,0.11834318982454388,False,fp_v1,False
2015-12-14,91,comp3,16,,,,0.0508,정상,0.03856601151250585,True,fp_v1,False
2015-12-14,91,comp4,24,10.192684062443258,15.758445907785811,,0.107,관찰,0.22022059939054542,True,fp_v1,False
2015-12-14,92,comp1,8,7.0,,,0.0307,관찰,0.05838877322964919,True,fp_v1,False
2015-12-14,92,comp2,42,,,,0.3125,정상,0.10293734463430818,False,fp_v1,False
2015-12-14,92,comp3,16,,,,0.0508,정상,0.03856601151250585,True,fp_v1,False
2015-12-14,92,comp4,24,,,,0.107,정상,0.047994212128624585,True,fp_v1,False
2015-12-14,93,comp1,8,7.25021152806532,9.77179413050791,12.219090059110085,0.0307,주의,0.039170836174291374,True,fp_v1,False
2015-12-14,93,comp2,42,,,,0.3125,정상,0.12689308681280995,False,fp_v1,False
2015-12-14,93,comp3,16,,,,0.0508,정상,0.03856601151250585,True,fp_v1,False
2015-12-14,93,comp4,24,7.0,10.626741713936294,13.390108786611924,0.107,주의,0.34461552342350876,True,fp_v1,False
2015-12-14,94,comp1,8,,,,0.0307,정상,0.0035364140646267916,True,fp_v1,False
2015-12-14,94,comp2,42,7.089297211007743,,,0.3125,관찰,0.5998304173312322,False,fp_v1,False
2015-12-14,94,comp3,16,7.0,7.0,7.0,0.0508,즉시,0.5566818510178855,True,fp_v1,False
2015-12-14,94,comp4,24,,,,0.107,정상,0.047550560380924006,True,fp_v1,False
2015-12-14,95,comp1,8,7.0,,,0.0307,관찰,0.05157701414117096,True,fp_v1,False
2015-12-14,95,comp2,42,,,,0.3125,정상,0.12077365970078983,False,fp_v1,False
2015-12-14,95,comp3,16,,,,0.0508,정상,0.03857967299981238,True,fp_v1,False
2015-12-14,95,comp4,24,,,,0.107,정상,0.05684106788733634,True,fp_v1,False
2015-12-14,96,comp1,8,,,,0.0307,정상,0.0035364140646267916,True,fp_v1,False
2015-12-14,96,comp2,42,,,,0.3125,정상,0.1118873678058855,False,fp_v1,False
2015-12-14,96,comp3,16,7.0,,,0.0508,관찰,0.0896358597148112,True,fp_v1,False
2015-12-14,96,comp4,24,12.724132020495933,,,0.107,관찰,0.1289649867802876,True,fp_v1,False
2015-12-14,97,comp1,8,,,,0.0307,정상,0.0035364140646267916,True,fp_v1,False
2015-12-14,97,comp2,42,,,,0.3125,정상,0.08699333815067566,False,fp_v1,False
2015-12-14,97,comp3,16,7.0,7.0,,0.0508,관찰,0.1027888397028537,True,fp_v1,False
2015-12-14,97,comp4,24,,,,0.107,정상,0.04826335677205907,True,fp_v1,False
2015-12-14,98,comp1,8,9.653306164731278,11.646409835257895,13.63951350578451,0.0307,주의,0.005233542718027893,True,fp_v1,False
2015-12-14,98,comp2,42,,,,0.3125,정상,0.08699333815067566,False,fp_v1,False
2015-12-14,98,comp3,16,,,,0.0508,정상,0.03856601151250585,True,fp_v1,False
2015-12-14,98,comp4,24,,,,0.107,정상,0.08188127072222023,True,fp_v1,False
2015-12-14,99,comp1,8,7.561657818498234,15.074272579954455,,0.0307,관찰,0.04265871158207495,True,fp_v1,False
2015-12-14,99,comp2,42,,,,0.3125,정상,0.2949318364244779,False,fp_v1,False
2015-12-14,99,comp3,16,,,,0.0508,정상,0.03856601151250585,True,fp_v1,False
2015-12-14,99,comp4,24,7.0,7.0,7.0,0.107,즉시,0.7819868764707196,True,fp_v1,False
2015-12-14,100,comp1,8,9.691627029779003,11.795038809079252,13.8984505883795,0.0307,주의,0.006009681174056755,True,fp_v1,False
2015-12-14,100,comp2,42,,,,0.3125,정상,0.08699333815067566,False,fp_v1,False
2015-12-14,100,comp3,16,,,,0.0508,정상,0.03856601151250585,True,fp_v1,False
2015-12-14,100,comp4,24,,,,0.107,정상,0.054122909718531266,True,fp_v1,False
2015-12-21,1,comp1,8,,,,0.0307,정상,0.006093552447796217,True,fp_v1,False
2015-12-21,1,comp2,42,,,,0.3125,정상,0.007968776815505398,False,fp_v1,False
2015-12-21,1,comp3,16,,,,0.0508,정상,0.012765524822828571,True,fp_v1,False
2015-12-21,1,comp4,24,,,,0.107,정상,0.006914537998187926,True,fp_v1,False
2015-12-21,2,comp1,8,,,,0.0307,정상,0.0035364140646267916,True,fp_v1,False
2015-12-21,2,comp2,42,,,,0.3125,정상,0.012774051847032087,False,fp_v1,False
2015-12-21,2,comp3,16,,,,0.0508,정상,0.012951277151477609,True,fp_v1,False
2015-12-21,2,comp4,24,,,,0.107,정상,0.010363773369332382,True,fp_v1,False
2015-12-21,3,comp1,8,,,,0.0307,정상,0.003602272150575689,True,fp_v1,False
2015-12-21,3,comp2,42,,,,0.3125,정상,0.00551267063035002,False,fp_v1,False
2015-12-21,3,comp3,16,,,,0.0508,정상,0.013155147627707019,True,fp_v1,False
2015-12-21,3,comp4,24,,,,0.107,정상,0.007016222678967491,True,fp_v1,False
2015-12-21,4,comp1,8,,,,0.0307,정상,0.0035364140646267916,True,fp_v1,False
2015-12-21,4,comp2,42,,,,0.3125,정상,0.03194368524444915,False,fp_v1,False
2015-12-21,4,comp3,16,,,,0.0508,정상,0.017115811884139506,True,fp_v1,False
2015-12-21,4,comp4,24,,,,0.107,정상,0.00771188002174081,True,fp_v1,False
2015-12-21,5,comp1,8,,,,0.0307,정상,0.0035864395053640556,True,fp_v1,False
2015-12-21,5,comp2,42,,,,0.3125,정상,0.007434508181780158,False,fp_v1,False
2015-12-21,5,comp3,16,,,,0.0508,정상,0.012765524822828571,True,fp_v1,False
2015-12-21,5,comp4,24,,,,0.107,정상,0.008676266084331391,True,fp_v1,False
2015-12-21,6,comp1,8,,,,0.0307,정상,0.004636128388401459,True,fp_v1,False
2015-12-21,6,comp2,42,,,,0.3125,정상,0.005577783230706667,False,fp_v1,False
2015-12-21,6,comp3,16,,,,0.0508,정상,0.012764100954021192,True,fp_v1,False
2015-12-21,6,comp4,24,,,,0.107,정상,0.0071494314705271966,True,fp_v1,False
2015-12-21,7,comp1,8,,,,0.0307,정상,0.0035364140646267916,True,fp_v1,False
2015-12-21,7,comp2,42,,,,0.3125,정상,0.007932177503995911,False,fp_v1,False
2015-12-21,7,comp3,16,,,,0.0508,정상,0.012765524822828571,True,fp_v1,False
2015-12-21,7,comp4,24,,,,0.107,정상,0.0076548333438303815,True,fp_v1,False
2015-12-21,8,comp1,8,,,,0.0307,정상,0.003902002286789826,True,fp_v1,False
2015-12-21,8,comp2,42,,,,0.3125,정상,0.005577783230706667,False,fp_v1,False
2015-12-21,8,comp3,16,,,,0.0508,정상,0.012765524822828571,True,fp_v1,False
2015-12-21,8,comp4,24,,,,0.107,정상,0.010111145046720019,True,fp_v1,False
2015-12-21,9,comp1,8,,,,0.0307,정상,0.003891944513869583,True,fp_v1,False
2015-12-21,9,comp2,42,,,,0.3125,정상,0.00551267063035002,False,fp_v1,False
2015-12-21,9,comp3,16,,,,0.0508,정상,0.014498793564481556,True,fp_v1,False
2015-12-21,9,comp4,24,,,,0.107,정상,0.01305533381220268,True,fp_v1,False
2015-12-21,10,comp1,8,,,,0.0307,정상,0.008584614143897246,True,fp_v1,False
2015-12-21,10,comp2,42,,,,0.3125,정상,0.014523538117034596,False,fp_v1,False
2015-12-21,10,comp3,16,,,,0.0508,정상,0.012765524822828571,True,fp_v1,False
2015-12-21,10,comp4,24,,,,0.107,정상,0.0069996104833915445,True,fp_v1,False
2015-12-21,11,comp1,8,,,,0.0307,정상,0.0035864395053640556,True,fp_v1,False
2015-12-21,11,comp2,42,,,,0.3125,정상,0.009733805393382167,False,fp_v1,False
2015-12-21,11,comp3,16,,,,0.0508,정상,0.012765524822828571,True,fp_v1,False
2015-12-21,11,comp4,24,,,,0.107,정상,0.007708111002509655,True,fp_v1,False
2015-12-21,12,comp1,8,,,,0.0307,정상,0.0035364140646267916,True,fp_v1,False
2015-12-21,12,comp2,42,,,,0.3125,정상,0.008441992407085486,False,fp_v1,False
2015-12-21,12,comp3,16,,,,0.0508,정상,0.012765524822828571,True,fp_v1,False
2015-12-21,12,comp4,24,,,,0.107,정상,0.0072246032570077185,True,fp_v1,False
2015-12-21,13,comp1,8,7.0,7.0,7.0,0.0307,즉시,0.28749510858668886,True,fp_v1,False
2015-12-21,13,comp2,42,7.0,,,0.3125,관찰,0.5210416238778821,False,fp_v1,False
2015-12-21,13,comp3,16,,,,0.0508,정상,0.013123582334041886,True,fp_v1,False
2015-12-21,13,comp4,24,,,,0.107,정상,0.00698758769064789,True,fp_v1,False
2015-12-21,14,comp1,8,7.0,7.0,,0.0307,관찰,0.06156427805619681,True,fp_v1,False
2015-12-21,14,comp2,42,,,,0.3125,정상,0.009933727726534074,False,fp_v1,False
2015-12-21,14,comp3,16,,,,0.0508,정상,0.013065827088873945,True,fp_v1,False
2015-12-21,14,comp4,24,,,,0.107,정상,0.007999176492614677,True,fp_v1,False
2015-12-21,15,comp1,8,,,,0.0307,정상,0.005522552200998348,True,fp_v1,False
2015-12-21,15,comp2,42,,,,0.3125,정상,0.005577783230706667,False,fp_v1,False
2015-12-21,15,comp3,16,,,,0.0508,정상,0.032294298950399036,True,fp_v1,False
2015-12-21,15,comp4,24,,,,0.107,정상,0.007910370746827508,True,fp_v1,False
2015-12-21,16,comp1,8,,,,0.0307,정상,0.0035364140646267916,True,fp_v1,False
2015-12-21,16,comp2,42,,,,0.3125,정상,0.06696100157186602,False,fp_v1,False
2015-12-21,16,comp3,16,7.092548462647103,7.394204402738413,7.695860342829723,0.0508,주의,0.2034949370749545,True,fp_v1,False
2015-12-21,16,comp4,24,,,,0.107,정상,0.021302382269796194,True,fp_v1,False
2015-12-21,17,comp1,8,7.0,7.0,,0.0307,관찰,0.07119076822181404,True,fp_v1,False
2015-12-21,17,comp2,42,7.0,,,0.3125,관찰,0.3173343036810923,False,fp_v1,False
2015-12-21,17,comp3,16,,,,0.0508,정상,0.013123582334041886,True,fp_v1,False
2015-12-21,17,comp4,24,7.960088353184702,,,0.107,관찰,0.11025800112680714,True,fp_v1,False
2015-12-21,18,comp1,8,7.0,7.0,7.0,0.0307,즉시,0.12992927468821144,True,fp_v1,False
2015-12-21,18,comp2,42,,,,0.3125,정상,0.08482661814569244,False,fp_v1,False
2015-12-21,18,comp3,16,,,,0.0508,정상,0.012765524822828571,True,fp_v1,False
2015-12-21,18,comp4,24,7.0708542813261674,7.536672645721187,,0.107,관찰,0.32042780683887306,True,fp_v1,False
2015-12-21,19,comp1,8,,,,0.0307,정상,0.0035364140646267916,True,fp_v1,False
2015-12-21,19,comp2,42,7.0,,,0.3125,관찰,0.35631151574325964,False,fp_v1,False
2015-12-21,19,comp3,16,,,,0.0508,정상,0.020601561116401997,True,fp_v1,False
2015-12-21,19,comp4,24,,,,0.107,정상,0.007571086043769811,True,fp_v1,False
2015-12-21,20,comp1,8,,,,0.0307,정상,0.0035364140646267916,True,fp_v1,False
2015-12-21,20,comp2,42,,,,0.3125,정상,0.006606676418041299,False,fp_v1,False
2015-12-21,20,comp3,16,,,,0.0508,정상,0.013123582334041886,True,fp_v1,False
2015-12-21,20,comp4,24,,,,0.107,정상,0.009759883717388297,True,fp_v1,False
2015-12-21,21,comp1,8,,,,0.0307,정상,0.0038467908350498085,True,fp_v1,False
2015-12-21,21,comp2,42,,,,0.3125,정상,0.005691151119866904,False,fp_v1,False
2015-12-21,21,comp3,16,,,,0.0508,정상,0.012765524822828571,True,fp_v1,False
2015-12-21,21,comp4,24,,,,0.107,정상,0.0068624628250786345,True,fp_v1,False
2015-12-21,22,comp1,8,,,,0.0307,정상,0.004519250319020548,True,fp_v1,False
2015-12-21,22,comp2,42,,,,0.3125,정상,0.06775148705730646,False,fp_v1,False
2015-12-21,22,comp3,16,,,,0.0508,정상,0.013123582334041886,True,fp_v1,False
2015-12-21,22,comp4,24,,,,0.107,정상,0.008251046420256753,True,fp_v1,False
2015-12-21,23,comp1,8,,,,0.0307,정상,0.0035364140646267916,True,fp_v1,False
2015-12-21,23,comp2,42,,,,0.3125,정상,0.00829684455050689,False,fp_v1,False
2015-12-21,23,comp3,16,,,,0.0508,정상,0.012765524822828571,True,fp_v1,False
2015-12-21,23,comp4,24,,,,0.107,정상,0.007011363852138663,True,fp_v1,False
2015-12-21,24,comp1,8,,,,0.0307,정상,0.0035364140646267916,True,fp_v1,False
2015-12-21,24,comp2,42,,,,0.3125,정상,0.10842121377222035,False,fp_v1,False
2015-12-21,24,comp3,16,,,,0.0508,정상,0.012765524822828571,True,fp_v1,False
2015-12-21,24,comp4,24,7.3047530004478505,7.615317446390167,7.925881892332484,0.107,주의,0.346536205525269,True,fp_v1,False
2015-12-21,25,comp1,8,,,,0.0307,정상,0.028539729662838586,True,fp_v1,False
2015-12-21,25,comp2,42,,,,0.3125,정상,0.029807625847425773,False,fp_v1,False
2015-12-21,25,comp3,16,,,,0.0508,정상,0.0156954893454295,True,fp_v1,False
2015-12-21,25,comp4,24,,,,0.107,정상,0.00698758769064789,True,fp_v1,False
2015-12-21,26,comp1,8,,,,0.0307,정상,0.005161265957518024,True,fp_v1,False
2015-12-21,26,comp2,42,,,,0.3125,정상,0.006078209632492458,False,fp_v1,False
2015-12-21,26,comp3,16,,,,0.0508,정상,0.013197931681846619,True,fp_v1,False
2015-12-21,26,comp4,24,,,,0.107,정상,0.006913577194183824,True,fp_v1,False
2015-12-21,27,comp1,8,7.310646723623655,,,0.0307,관찰,0.04028829443677078,True,fp_v1,False
2015-12-21,27,comp2,42,,,,0.3125,정상,0.18392291313117898,False,fp_v1,False
2015-12-21,27,comp3,16,,,,0.0508,정상,0.012765524822828571,True,fp_v1,False
2015-12-21,27,comp4,24,,,,0.107,정상,0.006913577194183824,True,fp_v1,False
2015-12-21,28,comp1,8,,,,0.0307,정상,0.027234885325777895,True,fp_v1,False
2015-12-21,28,comp2,42,,,,0.3125,정상,0.20519213027780836,False,fp_v1,False
2015-12-21,28,comp3,16,,,,0.0508,정상,0.013065827088873945,True,fp_v1,False
2015-12-21,28,comp4,24,,,,0.107,정상,0.007022872322715627,True,fp_v1,False
2015-12-21,29,comp1,8,7.2983909388375094,7.636244401451363,7.974097864065218,0.0307,주의,0.09444651500197129,True,fp_v1,False
2015-12-21,29,comp2,42,,,,0.3125,정상,0.005763626196348045,False,fp_v1,False
2015-12-21,29,comp3,16,,,,0.0508,정상,0.013198903455398562,True,fp_v1,False
2015-12-21,29,comp4,24,,,,0.107,정상,0.006914537998187926,True,fp_v1,False
2015-12-21,30,comp1,8,,,,0.0307,정상,0.004249317625318894,True,fp_v1,False
2015-12-21,30,comp2,42,,,,0.3125,정상,0.005691151119866904,False,fp_v1,False
2015-12-21,30,comp3,16,,,,0.0508,정상,0.012765524822828571,True,fp_v1,False
2015-12-21,30,comp4,24,,,,0.107,정상,0.007045829920531272,True,fp_v1,False
2015-12-21,31,comp1,8,,,,0.0307,정상,0.0035364140646267916,True,fp_v1,False
2015-12-21,31,comp2,42,,,,0.3125,정상,0.008000416874948036,False,fp_v1,False
2015-12-21,31,comp3,16,,,,0.0508,정상,0.012951277151477609,True,fp_v1,False
2015-12-21,31,comp4,24,,,,0.107,정상,0.008241984692423208,True,fp_v1,False
2015-12-21,32,comp1,8,,,,0.0307,정상,0.005291508796396818,True,fp_v1,False
2015-12-21,32,comp2,42,,,,0.3125,정상,0.049945459546145377,False,fp_v1,False
2015-12-21,32,comp3,16,,,,0.0508,정상,0.012765524822828571,True,fp_v1,False
2015-12-21,32,comp4,24,,,,0.107,정상,0.08168978563179506,True,fp_v1,False
2015-12-21,33,comp1,8,,,,0.0307,정상,0.0035364140646267916,True,fp_v1,False
2015-12-21,33,comp2,42,,,,0.3125,정상,0.00625912796199618,False,fp_v1,False
2015-12-21,33,comp3,16,,,,0.0508,정상,0.012765524822828571,True,fp_v1,False
2015-12-21,33,comp4,24,7.87070173229169,,,0.107,관찰,0.11635019972472238,True,fp_v1,False
2015-12-21,34,comp1,8,7.0,7.173740474393594,7.687314963231505,0.0307,주의,0.11078301596944762,True,fp_v1,False
2015-12-21,34,comp2,42,,,,0.3125,정상,0.005815895441636004,False,fp_v1,False
2015-12-21,34,comp3,16,,,,0.0508,정상,0.014188384271200283,True,fp_v1,False
2015-12-21,34,comp4,24,,,,0.107,정상,0.007720384315249004,True,fp_v1,False
2015-12-21,35,comp1,8,,,,0.0307,정상,0.004344301269093854,True,fp_v1,False
2015-12-21,35,comp2,42,,,,0.3125,정상,0.005691151119866904,False,fp_v1,False
2015-12-21,35,comp3,16,,,,0.0508,정상,0.018452660200619933,True,fp_v1,False
2015-12-21,35,comp4,24,,,,0.107,정상,0.006897426124004045,True,fp_v1,False
2015-12-21,36,comp1,8,,,,0.0307,정상,0.008305649632296332,True,fp_v1,False
2015-12-21,36,comp2,42,,,,0.3125,정상,0.007110358891586394,False,fp_v1,False
2015-12-21,36,comp3,16,,,,0.0508,정상,0.013264111463314446,True,fp_v1,False
2015-12-21,36,comp4,24,,,,0.107,정상,0.006913577194183824,True,fp_v1,False
2015-12-21,37,comp1,8,7.6057631926107705,,,0.0307,관찰,0.03613335877586334,True,fp_v1,False
2015-12-21,37,comp2,42,,,,0.3125,정상,0.006863615005015487,False,fp_v1,False
2015-12-21,37,comp3,16,,,,0.0508,정상,0.012765524822828571,True,fp_v1,False
2015-12-21,37,comp4,24,,,,0.107,정상,0.006914537998187926,True,fp_v1,False
2015-12-21,38,comp1,8,,,,0.0307,정상,0.0035364140646267916,True,fp_v1,False
2015-12-21,38,comp2,42,,,,0.3125,정상,0.2748061702240036,False,fp_v1,False
2015-12-21,38,comp3,16,,,,0.0508,정상,0.016346758458368138,True,fp_v1,False
2015-12-21,38,comp4,24,,,,0.107,정상,0.00697709621178479,True,fp_v1,False
2015-12-21,39,comp1,8,,,,0.0307,정상,0.00467957485012827,True,fp_v1,False
2015-12-21,39,comp2,42,,,,0.3125,정상,0.16212455490344338,False,fp_v1,False
2015-12-21,39,comp3,16,,,,0.0508,정상,0.013021550230864765,True,fp_v1,False
2015-12-21,39,comp4,24,,,,0.107,정상,0.007762837176950305,True,fp_v1,False
2015-12-21,40,comp1,8,,,,0.0307,정상,0.0035864395053640556,True,fp_v1,False
2015-12-21,40,comp2,42,,,,0.3125,정상,0.007610428317834943,False,fp_v1,False
2015-12-21,40,comp3,16,,,,0.0508,정상,0.012765524822828571,True,fp_v1,False
2015-12-21,40,comp4,24,,,,0.107,정상,0.007828643108261984,True,fp_v1,False
2015-12-21,41,comp1,8,7.40398691028592,7.964064564161687,,0.0307,관찰,0.06336495841156288,True,fp_v1,False
2015-12-21,41,comp2,42,,,,0.3125,정상,0.038916499477228104,False,fp_v1,False
2015-12-21,41,comp3,16,,,,0.0508,정상,0.019072866513131496,True,fp_v1,False
2015-12-21,41,comp4,24,,,,0.107,정상,0.007437852486580274,True,fp_v1,False
2015-12-21,42,comp1,8,,,,0.0307,정상,0.0035864395053640556,True,fp_v1,False
2015-12-21,42,comp2,42,,,,0.3125,정상,0.006683710393729657,False,fp_v1,False
2015-12-21,42,comp3,16,,,,0.0508,정상,0.012765524822828571,True,fp_v1,False
2015-12-21,42,comp4,24,,,,0.107,정상,0.05232472701496134,True,fp_v1,False
2015-12-21,43,comp1,8,,,,0.0307,정상,0.0035364140646267916,True,fp_v1,False
2015-12-21,43,comp2,42,,,,0.3125,정상,0.0055154533691282705,False,fp_v1,False
2015-12-21,43,comp3,16,,,,0.0508,정상,0.018539537817948305,True,fp_v1,False
2015-12-21,43,comp4,24,,,,0.107,정상,0.008804802978790143,True,fp_v1,False
2015-12-21,44,comp1,8,7.0,7.0,7.0,0.0307,즉시,0.10061427057936496,True,fp_v1,False
2015-12-21,44,comp2,42,,,,0.3125,정상,0.005906136509990543,False,fp_v1,False
2015-12-21,44,comp3,16,,,,0.0508,정상,0.012765524822828571,True,fp_v1,False
2015-12-21,44,comp4,24,,,,0.107,정상,0.014479304165388373,True,fp_v1,False
2015-12-21,45,comp1,8,,,,0.0307,정상,0.0035364140646267916,True,fp_v1,False
2015-12-21,45,comp2,42,,,,0.3125,정상,0.007629982628786361,False,fp_v1,False
2015-12-21,45,comp3,16,,,,0.0508,정상,0.012765524822828571,True,fp_v1,False
2015-12-21,45,comp4,24,,,,0.107,정상,0.010046850635924254,True,fp_v1,False
2015-12-21,46,comp1,8,,,,0.0307,정상,0.0035364140646267916,True,fp_v1,False
2015-12-21,46,comp2,42,,,,0.3125,정상,0.006697408545664792,False,fp_v1,False
2015-12-21,46,comp3,16,,,,0.0508,정상,0.013354956834974119,True,fp_v1,False
2015-12-21,46,comp4,24,,,,0.107,정상,0.006817065914885372,True,fp_v1,False
2015-12-21,47,comp1,8,,,,0.0307,정상,0.0048385848330308595,True,fp_v1,False
2015-12-21,47,comp2,42,,,,0.3125,정상,0.005691151119866904,False,fp_v1,False
2015-12-21,47,comp3,16,,,,0.0508,정상,0.01874226559384676,True,fp_v1,False
2015-12-21,47,comp4,24,,,,0.107,정상,0.00930104470323417,True,fp_v1,False
2015-12-21,48,comp1,8,7.136364991502365,,,0.0307,관찰,0.035344955545448004,True,fp_v1,False
2015-12-21,48,comp2,42,,,,0.3125,정상,0.05845624553785707,False,fp_v1,False
2015-12-21,48,comp3,16,,,,0.0508,정상,0.012765524822828571,True,fp_v1,False
2015-12-21,48,comp4,24,,,,0.107,정상,0.014934339881591716,True,fp_v1,False
2015-12-21,49,comp1,8,,,,0.0307,정상,0.0035364140646267916,True,fp_v1,False
2015-12-21,49,comp2,42,,,,0.3125,정상,0.17898931741460888,False,fp_v1,False
2015-12-21,49,comp3,16,7.0,7.0,7.0,0.0508,즉시,0.16264732044703045,True,fp_v1,False
2015-12-21,49,comp4,24,7.0,,,0.107,관찰,0.11760679313077055,True,fp_v1,False
2015-12-21,50,comp1,8,7.0,7.0,,0.0307,관찰,0.07437579902072634,True,fp_v1,False
2015-12-21,50,comp2,42,,,,0.3125,정상,0.055002466798631106,False,fp_v1,False
2015-12-21,50,comp3,16,,,,0.0508,정상,0.012765524822828571,True,fp_v1,False
2015-12-21,50,comp4,24,,,,0.107,정상,0.021130008976287203,True,fp_v1,False
2015-12-21,51,comp1,8,7.0,7.0,7.0,0.0307,즉시,0.30160044632810934,True,fp_v1,False
2015-12-21,51,comp2,42,,,,0.3125,정상,0.005691151119866904,False,fp_v1,False
2015-12-21,51,comp3,16,,,,0.0508,정상,0.016333319882583866,True,fp_v1,False
2015-12-21,51,comp4,24,,,,0.107,정상,0.006914537998187926,True,fp_v1,False
2015-12-21,52,comp1,8,,,,0.0307,정상,0.0035364140646267916,True,fp_v1,False
2015-12-21,52,comp2,42,,,,0.3125,정상,0.005512329752153775,False,fp_v1,False
2015-12-21,52,comp3,16,,,,0.0508,정상,0.012765524822828571,True,fp_v1,False
2015-12-21,52,comp4,24,,,,0.107,정상,0.01590042429784326,True,fp_v1,False
2015-12-21,53,comp1,8,7.0,7.0,,0.0307,관찰,0.07764998208592681,True,fp_v1,False
2015-12-21,53,comp2,42,,,,0.3125,정상,0.006866248022992842,False,fp_v1,False
2015-12-21,53,comp3,16,,,,0.0508,정상,0.017032117176513116,True,fp_v1,False
2015-12-21,53,comp4,24,,,,0.107,정상,0.0077374587813837095,True,fp_v1,False
2015-12-21,54,comp1,8,,,,0.0307,정상,0.007053255145019946,True,fp_v1,False
2015-12-21,54,comp2,42,,,,0.3125,정상,0.11758009634142211,False,fp_v1,False
2015-12-21,54,comp3,16,7.0,,,0.0508,관찰,0.05654959658450997,True,fp_v1,False
2015-12-21,54,comp4,24,,,,0.107,정상,0.009964592296402437,True,fp_v1,False
2015-12-21,55,comp1,8,,,,0.0307,정상,0.0035364140646267916,True,fp_v1,False
2015-12-21,55,comp2,42,,,,0.3125,정상,0.005512329752153775,False,fp_v1,False
2015-12-21,55,comp3,16,,,,0.0508,정상,0.013092555231560372,True,fp_v1,False
2015-12-21,55,comp4,24,,,,0.107,정상,0.010493763680514032,True,fp_v1,False
2015-12-21,56,comp1,8,7.0,7.0,7.0,0.0307,즉시,0.15994817648007428,True,fp_v1,False
2015-12-21,56,comp2,42,,,,0.3125,정상,0.005815895441636004,False,fp_v1,False
2015-12-21,56,comp3,16,7.0,,,0.0508,관찰,0.07070008530838932,True,fp_v1,False
2015-12-21,56,comp4,24,,,,0.107,정상,0.01321737157509521,True,fp_v1,False
2015-12-21,57,comp1,8,,,,0.0307,정상,0.0035364140646267916,True,fp_v1,False
2015-12-21,57,comp2,42,,,,0.3125,정상,0.007057996324972114,False,fp_v1,False
2015-12-21,57,comp3,16,,,,0.0508,정상,0.013810819633222905,True,fp_v1,False
2015-12-21,57,comp4,24,,,,0.107,정상,0.007157010346649959,True,fp_v1,False
2015-12-21,58,comp1,8,7.0,7.0,7.0,0.0307,즉시,0.3017592147508138,True,fp_v1,False
2015-12-21,58,comp2,42,,,,0.3125,정상,0.006695837267131817,False,fp_v1,False
2015-12-21,58,comp3,16,,,,0.0508,정상,0.014819741624364462,True,fp_v1,False
2015-12-21,58,comp4,24,,,,0.107,정상,0.007013091563376341,True,fp_v1,False
2015-12-21,59,comp1,8,,,,0.0307,정상,0.0035364140646267916,True,fp_v1,False
2015-12-21,59,comp2,42,,,,0.3125,정상,0.008926121854383,False,fp_v1,False
2015-12-21,59,comp3,16,,,,0.0508,정상,0.012765524822828571,True,fp_v1,False
2015-12-21,59,comp4,24,,,,0.107,정상,0.008303208249697403,True,fp_v1,False
2015-12-21,60,comp1,8,7.781096384700976,,,0.0307,관찰,0.031152572814878245,True,fp_v1,False
2015-12-21,60,comp2,42,,,,0.3125,정상,0.0738585089504213,False,fp_v1,False
2015-12-21,60,comp3,16,,,,0.0508,정상,0.013198903455398562,True,fp_v1,False
2015-12-21,60,comp4,24,,,,0.107,정상,0.007022872322715627,True,fp_v1,False
2015-12-21,61,comp1,8,7.0,,,0.0307,관찰,0.04286349932703175,True,fp_v1,False
2015-12-21,61,comp2,42,,,,0.3125,정상,0.12806091069304604,False,fp_v1,False
2015-12-21,61,comp3,16,,,,0.0508,정상,0.015507107898981614,True,fp_v1,False
2015-12-21,61,comp4,24,,,,0.107,정상,0.007022872322715627,True,fp_v1,False
2015-12-21,62,comp1,8,7.0,7.0,7.0,0.0307,즉시,0.09714191547191138,True,fp_v1,False
2015-12-21,62,comp2,42,,,,0.3125,정상,0.07838264695201584,False,fp_v1,False
2015-12-21,62,comp3,16,,,,0.0508,정상,0.013758181619365862,True,fp_v1,False
2015-12-21,62,comp4,24,,,,0.107,정상,0.006914537998187926,True,fp_v1,False
2015-12-21,63,comp1,8,7.0,7.0,7.0,0.0307,즉시,0.09836459808676011,True,fp_v1,False
2015-12-21,63,comp2,42,,,,0.3125,정상,0.005815895441636004,False,fp_v1,False
2015-12-21,63,comp3,16,,,,0.0508,정상,0.01740169213372846,True,fp_v1,False
2015-12-21,63,comp4,24,,,,0.107,정상,0.007350395083305682,True,fp_v1,False
2015-12-21,64,comp1,8,7.0,,,0.0307,관찰,0.059123948869702465,True,fp_v1,False
2015-12-21,64,comp2,42,,,,0.3125,정상,0.005577783230706667,False,fp_v1,False
2015-12-21,64,comp3,16,,,,0.0508,정상,0.020647821282474405,True,fp_v1,False
2015-12-21,64,comp4,24,,,,0.107,정상,0.06447723714867722,True,fp_v1,False
2015-12-21,65,comp1,8,,,,0.0307,정상,0.0035364140646267916,True,fp_v1,False
2015-12-21,65,comp2,42,,,,0.3125,정상,0.005665908438552075,False,fp_v1,False
2015-12-21,65,comp3,16,,,,0.0508,정상,0.012765524822828571,True,fp_v1,False
2015-12-21,65,comp4,24,7.362217636931441,,,0.107,관찰,0.1846096144764631,True,fp_v1,False
2015-12-21,66,comp1,8,,,,0.0307,정상,0.0035364140646267916,True,fp_v1,False
2015-12-21,66,comp2,42,,,,0.3125,정상,0.005512329752153775,False,fp_v1,False
2015-12-21,66,comp3,16,,,,0.0508,정상,0.01380928080293042,True,fp_v1,False
2015-12-21,66,comp4,24,,,,0.107,정상,0.007558408896323978,True,fp_v1,False
2015-12-21,67,comp1,8,,,,0.0307,정상,0.02443862962480747,True,fp_v1,False
2015-12-21,67,comp2,42,,,,0.3125,정상,0.18150294255628038,False,fp_v1,False
2015-12-21,67,comp3,16,,,,0.0508,정상,0.012765524822828571,True,fp_v1,False
2015-12-21,67,comp4,24,,,,0.107,정상,0.08342375636584069,True,fp_v1,False
2015-12-21,68,comp1,8,,,,0.0307,정상,0.004891030105776522,True,fp_v1,False
2015-12-21,68,comp2,42,,,,0.3125,정상,0.0055154533691282705,False,fp_v1,False
2015-12-21,68,comp3,16,,,,0.0508,정상,0.02205592836078404,True,fp_v1,False
2015-12-21,68,comp4,24,,,,0.107,정상,0.007274924839849797,True,fp_v1,False
2015-12-21,69,comp1,8,,,,0.0307,정상,0.0035364140646267916,True,fp_v1,False
2015-12-21,69,comp2,42,,,,0.3125,정상,0.006590667441895938,False,fp_v1,False
2015-12-21,69,comp3,16,,,,0.0508,정상,0.013123582334041886,True,fp_v1,False
2015-12-21,69,comp4,24,,,,0.107,정상,0.007546544893580805,True,fp_v1,False
2015-12-21,70,comp1,8,,,,0.0307,정상,0.0035364140646267916,True,fp_v1,False
2015-12-21,70,comp2,42,,,,0.3125,정상,0.006893554756525658,False,fp_v1,False
2015-12-21,70,comp3,16,,,,0.0508,정상,0.012951277151477609,True,fp_v1,False
2015-12-21,70,comp4,24,,,,0.107,정상,0.07210204244736682,True,fp_v1,False
2015-12-21,71,comp1,8,,,,0.0307,정상,0.030293619547522924,True,fp_v1,False
2015-12-21,71,comp2,42,,,,0.3125,정상,0.05164521402367184,False,fp_v1,False
2015-12-21,71,comp3,16,,,,0.0508,정상,0.013123582334041886,True,fp_v1,False
2015-12-21,71,comp4,24,,,,0.107,정상,0.08300346026560043,True,fp_v1,False
2015-12-21,72,comp1,8,,,,0.0307,정상,0.008907536047586671,True,fp_v1,False
2015-12-21,72,comp2,42,,,,0.3125,정상,0.009841929620948887,False,fp_v1,False
2015-12-21,72,comp3,16,,,,0.0508,정상,0.013078493135573827,True,fp_v1,False
2015-12-21,72,comp4,24,,,,0.107,정상,0.006913577194183824,True,fp_v1,False
2015-12-21,73,comp1,8,,,,0.0307,정상,0.0035364140646267916,True,fp_v1,False
2015-12-21,73,comp2,42,,,,0.3125,정상,0.029696299786527026,False,fp_v1,False
2015-12-21,73,comp3,16,,,,0.0508,정상,0.013123582334041886,True,fp_v1,False
2015-12-21,73,comp4,24,,,,0.107,정상,0.08316676366358398,True,fp_v1,False
2015-12-21,74,comp1,8,,,,0.0307,정상,0.0060217123801207025,True,fp_v1,False
2015-12-21,74,comp2,42,,,,0.3125,정상,0.006078209632492458,False,fp_v1,False
2015-12-21,74,comp3,16,,,,0.0508,정상,0.013264111463314446,True,fp_v1,False
2015-12-21,74,comp4,24,,,,0.107,정상,0.006914537998187926,True,fp_v1,False
2015-12-21,75,comp1,8,7.0,,,0.0307,관찰,0.046210991941516295,True,fp_v1,False
2015-12-21,75,comp2,42,,,,0.3125,정상,0.005577783230706667,False,fp_v1,False
2015-12-21,75,comp3,16,,,,0.0508,정상,0.012765524822828571,True,fp_v1,False
2015-12-21,75,comp4,24,,,,0.107,정상,0.009284415034900642,True,fp_v1,False
2015-12-21,76,comp1,8,,,,0.0307,정상,0.0035864395053640556,True,fp_v1,False
2015-12-21,76,comp2,42,,,,0.3125,정상,0.010992817786736084,False,fp_v1,False
2015-12-21,76,comp3,16,,,,0.0508,정상,0.012765524822828571,True,fp_v1,False
2015-12-21,76,comp4,24,,,,0.107,정상,0.015391279210947363,True,fp_v1,False
2015-12-21,77,comp1,8,7.0,,,0.0307,관찰,0.04838665207789637,True,fp_v1,False
2015-12-21,77,comp2,42,,,,0.3125,정상,0.005577783230706667,False,fp_v1,False
2015-12-21,77,comp3,16,,,,0.0508,정상,0.013810819633222905,True,fp_v1,False
2015-12-21,77,comp4,24,,,,0.107,정상,0.01595163352852473,True,fp_v1,False
2015-12-21,78,comp1,8,,,,0.0307,정상,0.004340748651736442,True,fp_v1,False
2015-12-21,78,comp2,42,,,,0.3125,정상,0.005691151119866904,False,fp_v1,False
2015-12-21,78,comp3,16,,,,0.0508,정상,0.012765524822828571,True,fp_v1,False
2015-12-21,78,comp4,24,,,,0.107,정상,0.0068624628250786345,True,fp_v1,False
2015-12-21,79,comp1,8,,,,0.0307,정상,0.0035364140646267916,True,fp_v1,False
2015-12-21,79,comp2,42,,,,0.3125,정상,0.1282057564899933,False,fp_v1,False
2015-12-21,79,comp3,16,,,,0.0508,정상,0.016035309434628185,True,fp_v1,False
2015-12-21,79,comp4,24,,,,0.107,정상,0.006907096099763628,True,fp_v1,False
2015-12-21,80,comp1,8,7.0,7.0,7.0,0.0307,즉시,0.11819450430244442,True,fp_v1,False
2015-12-21,80,comp2,42,,,,0.3125,정상,0.009598604255574737,False,fp_v1,False
2015-12-21,80,comp3,16,,,,0.0508,정상,0.014359296841249565,True,fp_v1,False
2015-12-21,80,comp4,24,,,,0.107,정상,0.007937790869048816,True,fp_v1,False
2015-12-21,81,comp1,8,7.113564146568233,7.241456517071861,7.369348887575489,0.0307,주의,0.2434665762261943,True,fp_v1,False
2015-12-21,81,comp2,42,,,,0.3125,정상,0.0088145154250469,False,fp_v1,False
2015-12-21,81,comp3,16,,,,0.0508,정상,0.013075674232161246,True,fp_v1,False
2015-12-21,81,comp4,24,,,,0.107,정상,0.00770677111915589,True,fp_v1,False
2015-12-21,82,comp1,8,,,,0.0307,정상,0.0057376381066656865,True,fp_v1,False
2015-12-21,82,comp2,42,,,,0.3125,정상,0.005816162905642428,False,fp_v1,False
2015-12-21,82,comp3,16,,,,0.0508,정상,0.012765524822828571,True,fp_v1,False
2015-12-21,82,comp4,24,,,,0.107,정상,0.053448606659014755,True,fp_v1,False
2015-12-21,83,comp1,8,,,,0.0307,정상,0.026323423577346104,True,fp_v1,False
2015-12-21,83,comp2,42,,,,0.3125,정상,0.2452191992074133,False,fp_v1,False
2015-12-21,83,comp3,16,,,,0.0508,정상,0.017955476038576595,True,fp_v1,False
2015-12-21,83,comp4,24,,,,0.107,정상,0.00698758769064789,True,fp_v1,False
2015-12-21,84,comp1,8,,,,0.0307,정상,0.028521279837348625,True,fp_v1,False
2015-12-21,84,comp2,42,,,,0.3125,정상,0.011577839816167458,False,fp_v1,False
2015-12-21,84,comp3,16,,,,0.0508,정상,0.012765524822828571,True,fp_v1,False
2015-12-21,84,comp4,24,,,,0.107,정상,0.006913577194183824,True,fp_v1,False
2015-12-21,85,comp1,8,7.0,7.0,7.0,0.0307,즉시,0.15200247991721266,True,fp_v1,False
2015-12-21,85,comp2,42,,,,0.3125,정상,0.16398992135148954,False,fp_v1,False
2015-12-21,85,comp3,16,,,,0.0508,정상,0.012765524822828571,True,fp_v1,False
2015-12-21,85,comp4,24,7.0,7.0,7.0,0.107,즉시,0.377569255487342,True,fp_v1,False
2015-12-21,86,comp1,8,,,,0.0307,정상,0.003970077623919984,True,fp_v1,False
2015-12-21,86,comp2,42,,,,0.3125,정상,0.005688566489390186,False,fp_v1,False
2015-12-21,86,comp3,16,,,,0.0508,정상,0.01300819564390295,True,fp_v1,False
2015-12-21,86,comp4,24,,,,0.107,정상,0.006914537998187926,True,fp_v1,False
2015-12-21,87,comp1,8,,,,0.0307,정상,0.0035364140646267916,True,fp_v1,False
2015-12-21,87,comp2,42,,,,0.3125,정상,0.1560098953667196,False,fp_v1,False
2015-12-21,87,comp3,16,7.033692023264407,7.766768124418974,,0.0508,관찰,0.1176909495209023,True,fp_v1,False
2015-12-21,87,comp4,24,,,,0.107,정상,0.009460595228250804,True,fp_v1,False
2015-12-21,88,comp1,8,7.0,7.0,7.0,0.0307,즉시,0.22013575691773155,True,fp_v1,False
2015-12-21,88,comp2,42,,,,0.3125,정상,0.007922366709760082,False,fp_v1,False
2015-12-21,88,comp3,16,,,,0.0508,정상,0.01615551319902001,True,fp_v1,False
2015-12-21,88,comp4,24,,,,0.107,정상,0.006914537998187926,True,fp_v1,False
2015-12-21,89,comp1,8,,,,0.0307,정상,0.0035364140646267916,True,fp_v1,False
2015-12-21,89,comp2,42,,,,0.3125,정상,0.008378316418297144,False,fp_v1,False
2015-12-21,89,comp3,16,,,,0.0508,정상,0.012765524822828571,True,fp_v1,False
2015-12-21,89,comp4,24,,,,0.107,정상,0.020754294676782237,True,fp_v1,False
2015-12-21,90,comp1,8,,,,0.0307,정상,0.009648222110181414,True,fp_v1,False
2015-12-21,90,comp2,42,,,,0.3125,정상,0.0066511617711019185,False,fp_v1,False
2015-12-21,90,comp3,16,,,,0.0508,정상,0.017254073773481222,True,fp_v1,False
2015-12-21,90,comp4,24,,,,0.107,정상,0.011532712984732768,True,fp_v1,False
2015-12-21,91,comp1,8,,,,0.0307,정상,0.0035364140646267916,True,fp_v1,False
2015-12-21,91,comp2,42,,,,0.3125,정상,0.088700317234611,False,fp_v1,False
2015-12-21,91,comp3,16,,,,0.0508,정상,0.01884609826695845,True,fp_v1,False
2015-12-21,91,comp4,24,7.403296043367168,,,0.107,관찰,0.171648137926057,True,fp_v1,False
2015-12-21,92,comp1,8,,,,0.0307,정상,0.004949706351666144,True,fp_v1,False
2015-12-21,92,comp2,42,,,,0.3125,정상,0.007695265460815049,False,fp_v1,False
2015-12-21,92,comp3,16,,,,0.0508,정상,0.013198903455398562,True,fp_v1,False
2015-12-21,92,comp4,24,,,,0.107,정상,0.006913577194183824,True,fp_v1,False
2015-12-21,93,comp1,8,7.0,7.312954515835717,,0.0307,관찰,0.0776218396414736,True,fp_v1,False
2015-12-21,93,comp2,42,,,,0.3125,정상,0.2890739898546984,False,fp_v1,False
2015-12-21,93,comp3,16,,,,0.0508,정상,0.012765524822828571,True,fp_v1,False
2015-12-21,93,comp4,24,7.0,,,0.107,관찰,0.13097086305951416,True,fp_v1,False
2015-12-21,94,comp1,8,,,,0.0307,정상,0.0035364140646267916,True,fp_v1,False
2015-12-21,94,comp2,42,,,,0.3125,정상,0.0055154533691282705,False,fp_v1,False
2015-12-21,94,comp3,16,,,,0.0508,정상,0.022491499599094734,True,fp_v1,False
2015-12-21,94,comp4,24,,,,0.107,정상,0.007973670100471005,True,fp_v1,False
2015-12-21,95,comp1,8,,,,0.0307,정상,0.0042989076837812905,True,fp_v1,False
2015-12-21,95,comp2,42,,,,0.3125,정상,0.005577783230706667,False,fp_v1,False
2015-12-21,95,comp3,16,,,,0.0508,정상,0.013127232048031994,True,fp_v1,False
2015-12-21,95,comp4,24,,,,0.107,정상,0.006897426124004045,True,fp_v1,False
2015-12-21,96,comp1,8,,,,0.0307,정상,0.003626510476892389,True,fp_v1,False
2015-12-21,96,comp2,42,,,,0.3125,정상,0.0076027822739628175,False,fp_v1,False
2015-12-21,96,comp3,16,,,,0.0508,정상,0.023389166555459053,True,fp_v1,False
2015-12-21,96,comp4,24,,,,0.107,정상,0.0069371032847524725,True,fp_v1,False
2015-12-21,97,comp1,8,,,,0.0307,정상,0.0035364140646267916,True,fp_v1,False
2015-12-21,97,comp2,42,,,,0.3125,정상,0.0055154533691282705,False,fp_v1,False
2015-12-21,97,comp3,16,,,,0.0508,정상,0.020854398517106718,True,fp_v1,False
2015-12-21,97,comp4,24,,,,0.107,정상,0.007069802847735135,True,fp_v1,False
2015-12-21,98,comp1,8,7.0,7.0,7.0,0.0307,즉시,0.17887719617301354,True,fp_v1,False
2015-12-21,98,comp2,42,,,,0.3125,정상,0.005577783230706667,False,fp_v1,False
2015-12-21,98,comp3,16,,,,0.0508,정상,0.012765524822828571,True,fp_v1,False
2015-12-21,98,comp4,24,,,,0.107,정상,0.02830030957249209,True,fp_v1,False
2015-12-21,99,comp1,8,,,,0.0307,정상,0.006016188271359137,True,fp_v1,False
2015-12-21,99,comp2,42,,,,0.3125,정상,0.0074871376848208585,False,fp_v1,False
2015-12-21,99,comp3,16,,,,0.0508,정상,0.012765524822828571,True,fp_v1,False
2015-12-21,99,comp4,24,,,,0.107,정상,0.006914537998187926,True,fp_v1,False
2015-12-21,100,comp1,8,7.0,,,0.0307,관찰,0.042712942295174264,True,fp_v1,False
2015-12-21,100,comp2,42,,,,0.3125,정상,0.006866248022992842,False,fp_v1,False
2015-12-21,100,comp3,16,,,,0.0508,정상,0.013634597254073939,True,fp_v1,False
2015-12-21,100,comp4,24,,,,0.107,정상,0.010993045659569722,True,fp_v1,False
