movement_id,occurred_at,lot_id,component,movement_type,quantity_delta,quality_status,record_id,value_source
MV-000001,2015-04-01 06:00:00,LOT-00001,comp1,opening,7,available,,assumption:synthetic_operations_v1
MV-000002,2015-04-01 06:00:00,LOT-00002,comp1,opening,12,available,,assumption:synthetic_operations_v1
MV-000003,2015-04-01 06:00:00,LOT-00003,comp2,opening,9,available,,assumption:synthetic_operations_v1
MV-000004,2015-04-01 06:00:00,LOT-00004,comp2,opening,16,available,,assumption:synthetic_operations_v1
MV-000005,2015-04-01 06:00:00,LOT-00005,comp3,opening,7,available,,assumption:synthetic_operations_v1
MV-000006,2015-04-01 06:00:00,LOT-00006,comp3,opening,12,available,,assumption:synthetic_operations_v1
MV-000007,2015-04-01 06:00:00,LOT-00007,comp4,opening,8,available,,assumption:synthetic_operations_v1
MV-000008,2015-04-01 06:00:00,LOT-00008,comp4,opening,14,available,,assumption:synthetic_operations_v1
MV-000009,2015-04-01 06:00:00,LOT-00001,comp1,issue,-1,available,MR-00012,assumption:synthetic_operations_v1
MV-000010,2015-04-01 06:00:00,LOT-00003,comp2,issue,-1,available,MR-00002,assumption:synthetic_operations_v1
MV-000011,2015-04-01 06:00:00,LOT-00003,comp2,issue,-1,available,MR-00004,assumption:synthetic_operations_v1
MV-000012,2015-04-01 06:00:00,LOT-00003,comp2,issue,-1,available,MR-00005,assumption:synthetic_operations_v1
MV-000013,2015-04-01 06:00:00,LOT-00003,comp2,issue,-1,available,MR-00008,assumption:synthetic_operations_v1
MV-000014,2015-04-01 06:00:00,LOT-00003,comp2,issue,-1,available,MR-00010,assumption:synthetic_operations_v1
MV-000015,2015-04-01 06:00:00,LOT-00003,comp2,issue,-1,available,MR-00011,assumption:synthetic_operations_v1
MV-000016,2015-04-01 06:00:00,LOT-00003,comp2,issue,-1,available,MR-00016,assumption:synthetic_operations_v1
MV-000017,2015-04-01 06:00:00,LOT-00005,comp3,issue,-1,available,MR-00013,assumption:synthetic_operations_v1
MV-000018,2015-04-01 06:00:00,LOT-00005,comp3,issue,-1,available,MR-00014,assumption:synthetic_operations_v1
MV-000019,2015-04-01 06:00:00,LOT-00007,comp4,issue,-1,available,MR-00001,assumption:synthetic_operations_v1
MV-000020,2015-04-01 06:00:00,LOT-00007,comp4,issue,-1,available,MR-00003,assumption:synthetic_operations_v1
MV-000021,2015-04-01 06:00:00,LOT-00007,comp4,issue,-1,available,MR-00006,assumption:synthetic_operations_v1
MV-000022,2015-04-01 06:00:00,LOT-00007,comp4,issue,-1,available,MR-00007,assumption:synthetic_operations_v1
MV-000023,2015-04-01 06:00:00,LOT-00007,comp4,issue,-1,available,MR-00009,assumption:synthetic_operations_v1
MV-000024,2015-04-01 06:00:00,LOT-00007,comp4,issue,-1,available,MR-00015,assumption:synthetic_operations_v1
MV-000025,2015-04-02 06:00:00,LOT-00001,comp1,issue,-1,available,MR-00019,assumption:synthetic_operations_v1
MV-000026,2015-04-02 06:00:00,LOT-00001,comp1,issue,-1,available,MR-00024,assumption:synthetic_operations_v1
MV-000027,2015-04-02 06:00:00,LOT-00001,comp1,issue,-1,available,MR-00025,assumption:synthetic_operations_v1
MV-000028,2015-04-02 06:00:00,LOT-00001,comp1,issue,-1,available,MR-00026,assumption:synthetic_operations_v1
MV-000029,2015-04-02 06:00:00,LOT-00001,comp1,issue,-1,available,MR-00028,assumption:synthetic_operations_v1
MV-000030,2015-04-02 06:00:00,LOT-00003,comp2,issue,-1,available,MR-00017,assumption:synthetic_operations_v1
MV-000031,2015-04-02 06:00:00,LOT-00003,comp2,issue,-1,available,MR-00022,assumption:synthetic_operations_v1
MV-000032,2015-04-02 06:00:00,LOT-00004,comp2,issue,-1,available,MR-00023,assumption:synthetic_operations_v1
MV-000033,2015-04-02 06:00:00,LOT-00005,comp3,issue,-1,available,MR-00027,assumption:synthetic_operations_v1
MV-000034,2015-04-02 06:00:00,LOT-00007,comp4,issue,-1,available,MR-00018,assumption:synthetic_operations_v1
MV-000035,2015-04-02 06:00:00,LOT-00007,comp4,issue,-1,available,MR-00020,assumption:synthetic_operations_v1
MV-000036,2015-04-02 06:00:00,LOT-00008,comp4,issue,-1,available,MR-00021,assumption:synthetic_operations_v1
MV-000037,2015-04-03 06:00:00,LOT-00001,comp1,issue,-1,available,MR-00030,assumption:synthetic_operations_v1
MV-000038,2015-04-03 06:00:00,LOT-00004,comp2,issue,-1,available,MR-00033,assumption:synthetic_operations_v1
MV-000039,2015-04-03 06:00:00,LOT-00005,comp3,issue,-1,available,MR-00029,assumption:synthetic_operations_v1
MV-000040,2015-04-03 06:00:00,LOT-00005,comp3,issue,-1,available,MR-00031,assumption:synthetic_operations_v1
MV-000041,2015-04-03 06:00:00,LOT-00008,comp4,issue,-1,available,MR-00032,assumption:synthetic_operations_v1
MV-000042,2015-04-04 06:00:00,LOT-00009,comp2,receipt,13,available,,assumption:synthetic_operations_v1
MV-000043,2015-04-04 06:00:00,LOT-00010,comp3,receipt,12,available,,assumption:synthetic_operations_v1
MV-000044,2015-04-04 06:00:00,LOT-00011,comp4,receipt,13,available,,assumption:synthetic_operations_v1
MV-000045,2015-04-04 06:00:00,LOT-00002,comp1,issue,-1,available,MR-00035,assumption:synthetic_operations_v1
MV-000046,2015-04-04 06:00:00,LOT-00002,comp1,issue,-1,available,MR-00037,assumption:synthetic_operations_v1
MV-000047,2015-04-04 06:00:00,LOT-00002,comp1,issue,-1,available,MR-00039,assumption:synthetic_operations_v1
MV-000048,2015-04-04 06:00:00,LOT-00004,comp2,issue,-1,available,MR-00034,assumption:synthetic_operations_v1
MV-000049,2015-04-04 06:00:00,LOT-00004,comp2,issue,-1,available,MR-00038,assumption:synthetic_operations_v1
MV-000050,2015-04-04 06:00:00,LOT-00004,comp2,issue,-1,available,MR-00040,assumption:synthetic_operations_v1
MV-000051,2015-04-04 06:00:00,LOT-00004,comp2,issue,-1,available,MR-00044,assumption:synthetic_operations_v1
MV-000052,2015-04-04 06:00:00,LOT-00005,comp3,issue,-1,available,MR-00036,assumption:synthetic_operations_v1
MV-000053,2015-04-04 06:00:00,LOT-00005,comp3,issue,-1,available,MR-00041,assumption:synthetic_operations_v1
MV-000054,2015-04-04 06:00:00,LOT-00006,comp3,issue,-1,available,MR-00042,assumption:synthetic_operations_v1
MV-000055,2015-04-04 06:00:00,LOT-00008,comp4,issue,-1,available,MR-00043,assumption:synthetic_operations_v1
MV-000056,2015-04-04 07:00:00,LOT-00001,comp1,expiry,0,expired,,assumption:synthetic_operations_v1
MV-000057,2015-04-04 07:00:00,LOT-00003,comp2,expiry,0,expired,,assumption:synthetic_operations_v1
MV-000058,2015-04-04 07:00:00,LOT-00005,comp3,expiry,0,expired,,assumption:synthetic_operations_v1
MV-000059,2015-04-04 07:00:00,LOT-00007,comp4,expiry,0,expired,,assumption:synthetic_operations_v1
MV-000060,2015-04-05 06:00:00,LOT-00012,comp1,receipt,13,available,,assumption:synthetic_operations_v1
MV-000061,2015-04-05 06:00:00,LOT-00002,comp1,issue,-1,available,MR-00048,assumption:synthetic_operations_v1
MV-000062,2015-04-05 06:00:00,LOT-00002,comp1,issue,-1,available,MR-00053,assumption:synthetic_operations_v1
MV-000063,2015-04-05 06:00:00,LOT-00002,comp1,issue,-1,available,MR-00055,assumption:synthetic_operations_v1
MV-000064,2015-04-05 06:00:00,LOT-00004,comp2,issue,-1,available,MR-00051,assumption:synthetic_operations_v1
MV-000065,2015-04-05 06:00:00,LOT-00004,comp2,issue,-1,available,MR-00054,assumption:synthetic_operations_v1
MV-000066,2015-04-05 06:00:00,LOT-00006,comp3,issue,-1,available,MR-00045,assumption:synthetic_operations_v1
MV-000067,2015-04-05 06:00:00,LOT-00006,comp3,issue,-1,available,MR-00047,assumption:synthetic_operations_v1
MV-000068,2015-04-05 06:00:00,LOT-00006,comp3,issue,-1,available,MR-00052,assumption:synthetic_operations_v1
MV-000069,2015-04-05 06:00:00,LOT-00006,comp3,issue,-1,available,MR-00057,assumption:synthetic_operations_v1
MV-000070,2015-04-05 06:00:00,LOT-00008,comp4,issue,-1,available,MR-00046,assumption:synthetic_operations_v1
MV-000071,2015-04-05 06:00:00,LOT-00008,comp4,issue,-1,available,MR-00049,assumption:synthetic_operations_v1
MV-000072,2015-04-05 06:00:00,LOT-00008,comp4,issue,-1,available,MR-00050,assumption:synthetic_operations_v1
MV-000073,2015-04-05 06:00:00,LOT-00008,comp4,issue,-1,available,MR-00056,assumption:synthetic_operations_v1
MV-000074,2015-04-05 06:00:00,LOT-00008,comp4,issue,-1,available,MR-00058,assumption:synthetic_operations_v1
MV-000075,2015-04-06 06:00:00,LOT-00002,comp1,issue,-1,available,MR-00060,assumption:synthetic_operations_v1
MV-000076,2015-04-06 06:00:00,LOT-00002,comp1,issue,-1,available,MR-00064,assumption:synthetic_operations_v1
MV-000077,2015-04-06 06:00:00,LOT-00004,comp2,issue,-1,available,MR-00062,assumption:synthetic_operations_v1
MV-000078,2015-04-06 06:00:00,LOT-00004,comp2,issue,-1,available,MR-00066,assumption:synthetic_operations_v1
MV-000079,2015-04-06 06:00:00,LOT-00006,comp3,issue,-1,available,MR-00059,assumption:synthetic_operations_v1
MV-000080,2015-04-06 06:00:00,LOT-00006,comp3,issue,-1,available,MR-00061,assumption:synthetic_operations_v1
MV-000081,2015-04-06 06:00:00,LOT-00006,comp3,issue,-1,available,MR-00063,assumption:synthetic_operations_v1
MV-000082,2015-04-06 06:00:00,LOT-00008,comp4,issue,-1,available,MR-00065,assumption:synthetic_operations_v1
MV-000083,2015-04-07 06:00:00,LOT-00002,comp1,issue,-1,available,MR-00068,assumption:synthetic_operations_v1
MV-000084,2015-04-07 06:00:00,LOT-00002,comp1,issue,-1,available,MR-00069,assumption:synthetic_operations_v1
MV-000085,2015-04-07 06:00:00,LOT-00002,comp1,issue,-1,available,MR-00074,assumption:synthetic_operations_v1
MV-000086,2015-04-07 06:00:00,LOT-00002,comp1,issue,-1,available,MR-00077,assumption:synthetic_operations_v1
MV-000087,2015-04-07 06:00:00,LOT-00004,comp2,issue,-1,available,MR-00067,assumption:synthetic_operations_v1
MV-000088,2015-04-07 06:00:00,LOT-00004,comp2,issue,-1,available,MR-00070,assumption:synthetic_operations_v1
MV-000089,2015-04-07 06:00:00,LOT-00006,comp3,issue,-1,available,MR-00071,assumption:synthetic_operations_v1
MV-000090,2015-04-07 06:00:00,LOT-00006,comp3,issue,-1,available,MR-00072,assumption:synthetic_operations_v1
MV-000091,2015-04-07 06:00:00,LOT-00006,comp3,issue,-1,available,MR-00076,assumption:synthetic_operations_v1
MV-000092,2015-04-07 06:00:00,LOT-00006,comp3,issue,-1,available,MR-00078,assumption:synthetic_operations_v1
MV-000093,2015-04-07 06:00:00,LOT-00008,comp4,issue,-1,available,MR-00073,assumption:synthetic_operations_v1
MV-000094,2015-04-07 06:00:00,LOT-00008,comp4,issue,-1,available,MR-00075,assumption:synthetic_operations_v1
MV-000095,2015-04-08 06:00:00,LOT-00013,comp1,receipt,3,available,,assumption:synthetic_operations_v1
MV-000096,2015-04-08 06:00:00,LOT-00012,comp1,issue,-1,available,MR-00081,assumption:synthetic_operations_v1
MV-000097,2015-04-08 06:00:00,LOT-00012,comp1,issue,-1,available,MR-00083,assumption:synthetic_operations_v1
MV-000098,2015-04-08 06:00:00,LOT-00008,comp4,issue,-1,available,MR-00079,assumption:synthetic_operations_v1
MV-000099,2015-04-08 06:00:00,LOT-00008,comp4,issue,-1,available,MR-00080,assumption:synthetic_operations_v1
MV-000100,2015-04-08 06:00:00,LOT-00008,comp4,issue,-1,available,MR-00082,assumption:synthetic_operations_v1
MV-000101,2015-04-08 06:00:00,LOT-00011,comp4,issue,-1,available,MR-00084,assumption:synthetic_operations_v1
MV-000102,2015-04-09 06:00:00,LOT-00012,comp1,issue,-1,available,MR-00085,assumption:synthetic_operations_v1
MV-000103,2015-04-09 06:00:00,LOT-00004,comp2,issue,-1,available,MR-00086,assumption:synthetic_operations_v1
MV-000104,2015-04-09 06:00:00,LOT-00004,comp2,issue,-1,available,MR-00087,assumption:synthetic_operations_v1
MV-000105,2015-04-09 06:00:00,LOT-00004,comp2,issue,-1,available,MR-00089,assumption:synthetic_operations_v1
MV-000106,2015-04-09 06:00:00,LOT-00004,comp2,issue,-1,available,MR-00090,assumption:synthetic_operations_v1
MV-000107,2015-04-09 06:00:00,LOT-00010,comp3,issue,-1,available,MR-00088,assumption:synthetic_operations_v1
MV-000108,2015-04-10 06:00:00,LOT-00012,comp1,issue,-1,available,MR-00091,assumption:synthetic_operations_v1
MV-000109,2015-04-10 06:00:00,LOT-00011,comp4,issue,-1,available,MR-00092,assumption:synthetic_operations_v1
MV-000110,2015-04-11 06:00:00,LOT-00014,comp4,receipt,13,available,,assumption:synthetic_operations_v1
MV-000111,2015-04-11 06:00:00,LOT-00012,comp1,issue,-1,available,MR-00096,assumption:synthetic_operations_v1
MV-000112,2015-04-11 06:00:00,LOT-00010,comp3,issue,-1,available,MR-00093,assumption:synthetic_operations_v1
MV-000113,2015-04-11 06:00:00,LOT-00010,comp3,issue,-1,available,MR-00095,assumption:synthetic_operations_v1
MV-000114,2015-04-11 06:00:00,LOT-00011,comp4,issue,-1,available,MR-00094,assumption:synthetic_operations_v1
MV-000115,2015-04-11 06:00:00,LOT-00011,comp4,issue,-1,available,MR-00097,assumption:synthetic_operations_v1
MV-000116,2015-04-12 06:00:00,LOT-00012,comp1,issue,-1,available,MR-00098,assumption:synthetic_operations_v1
MV-000117,2015-04-13 06:00:00,LOT-00015,comp2,receipt,13,available,,assumption:synthetic_operations_v1
MV-000118,2015-04-13 06:00:00,LOT-00012,comp1,issue,-1,available,MR-00099,assumption:synthetic_operations_v1
MV-000119,2015-04-13 06:00:00,LOT-00012,comp1,issue,-1,available,MR-00104,assumption:synthetic_operations_v1
MV-000120,2015-04-13 06:00:00,LOT-00012,comp1,issue,-1,available,MR-00106,assumption:synthetic_operations_v1
MV-000121,2015-04-13 06:00:00,LOT-00012,comp1,issue,-1,available,MR-00110,assumption:synthetic_operations_v1
MV-000122,2015-04-13 06:00:00,LOT-00012,comp1,issue,-1,available,MR-00114,assumption:synthetic_operations_v1
MV-000123,2015-04-13 06:00:00,LOT-00009,comp2,issue,-1,available,MR-00105,assumption:synthetic_operations_v1
MV-000124,2015-04-13 06:00:00,LOT-00009,comp2,issue,-1,available,MR-00108,assumption:synthetic_operations_v1
MV-000125,2015-04-13 06:00:00,LOT-00009,comp2,issue,-1,available,MR-00111,assumption:synthetic_operations_v1
MV-000126,2015-04-13 06:00:00,LOT-00009,comp2,issue,-1,available,MR-00112,assumption:synthetic_operations_v1
MV-000127,2015-04-13 06:00:00,LOT-00010,comp3,issue,-1,available,MR-00101,assumption:synthetic_operations_v1
MV-000128,2015-04-13 06:00:00,LOT-00010,comp3,issue,-1,available,MR-00103,assumption:synthetic_operations_v1
MV-000129,2015-04-13 06:00:00,LOT-00010,comp3,issue,-1,available,MR-00107,assumption:synthetic_operations_v1
MV-000130,2015-04-13 06:00:00,LOT-00011,comp4,issue,-1,available,MR-00100,assumption:synthetic_operations_v1
MV-000131,2015-04-13 06:00:00,LOT-00011,comp4,issue,-1,available,MR-00102,assumption:synthetic_operations_v1
MV-000132,2015-04-13 06:00:00,LOT-00011,comp4,issue,-1,available,MR-00109,assumption:synthetic_operations_v1
MV-000133,2015-04-13 06:00:00,LOT-00011,comp4,issue,-1,available,MR-00113,assumption:synthetic_operations_v1
MV-000134,2015-04-14 06:00:00,LOT-00012,comp1,issue,-1,available,MR-00115,assumption:synthetic_operations_v1
MV-000135,2015-04-14 06:00:00,LOT-00011,comp4,issue,-1,available,MR-00116,assumption:synthetic_operations_v1
MV-000136,2015-04-15 06:00:00,LOT-00016,comp3,receipt,6,available,,assumption:synthetic_operations_v1
MV-000137,2015-04-15 06:00:00,LOT-00017,comp1,receipt,21,available,,assumption:synthetic_operations_v1
MV-000138,2015-04-15 06:00:00,LOT-00012,comp1,issue,-1,available,MR-00117,assumption:synthetic_operations_v1
MV-000139,2015-04-15 06:00:00,LOT-00013,comp1,issue,-1,available,MR-00119,assumption:synthetic_operations_v1
MV-000140,2015-04-15 06:00:00,LOT-00013,comp1,issue,-1,available,MR-00120,assumption:synthetic_operations_v1
MV-000141,2015-04-15 06:00:00,LOT-00009,comp2,issue,-1,available,MR-00123,assumption:synthetic_operations_v1
MV-000142,2015-04-15 06:00:00,LOT-00010,comp3,issue,-1,available,MR-00118,assumption:synthetic_operations_v1
MV-000143,2015-04-15 06:00:00,LOT-00010,comp3,issue,-1,available,MR-00122,assumption:synthetic_operations_v1
MV-000144,2015-04-15 06:00:00,LOT-00010,comp3,issue,-1,available,MR-00124,assumption:synthetic_operations_v1
MV-000145,2015-04-15 06:00:00,LOT-00010,comp3,issue,-1,available,MR-00125,assumption:synthetic_operations_v1
MV-000146,2015-04-15 06:00:00,LOT-00010,comp3,issue,-1,available,MR-00126,assumption:synthetic_operations_v1
MV-000147,2015-04-15 06:00:00,LOT-00011,comp4,issue,-1,available,MR-00121,assumption:synthetic_operations_v1
MV-000148,2015-04-16 06:00:00,LOT-00013,comp1,issue,-1,available,MR-00131,assumption:synthetic_operations_v1
MV-000149,2015-04-16 06:00:00,LOT-00017,comp1,issue,-1,available,MR-00135,assumption:synthetic_operations_v1
MV-000150,2015-04-16 06:00:00,LOT-00017,comp1,issue,-1,available,MR-00137,assumption:synthetic_operations_v1
MV-000151,2015-04-16 06:00:00,LOT-00009,comp2,issue,-1,available,MR-00132,assumption:synthetic_operations_v1
MV-000152,2015-04-16 06:00:00,LOT-00009,comp2,issue,-1,available,MR-00134,assumption:synthetic_operations_v1
MV-000153,2015-04-16 06:00:00,LOT-00010,comp3,issue,-1,available,MR-00129,assumption:synthetic_operations_v1
MV-000154,2015-04-16 06:00:00,LOT-00011,comp4,issue,-1,available,MR-00127,assumption:synthetic_operations_v1
MV-000155,2015-04-16 06:00:00,LOT-00011,comp4,issue,-1,available,MR-00128,assumption:synthetic_operations_v1
MV-000156,2015-04-16 06:00:00,LOT-00011,comp4,issue,-1,available,MR-00133,assumption:synthetic_operations_v1
MV-000157,2015-04-17 06:00:00,LOT-00009,comp2,issue,-1,available,MR-00148,assumption:synthetic_operations_v1
MV-000158,2015-04-17 06:00:00,LOT-00009,comp2,issue,-1,available,MR-00150,assumption:synthetic_operations_v1
MV-000159,2015-04-17 06:00:00,LOT-00016,comp3,issue,-1,available,MR-00130,assumption:synthetic_operations_v1
MV-000160,2015-04-17 06:00:00,LOT-00016,comp3,issue,-1,available,MR-00136,assumption:synthetic_operations_v1
MV-000161,2015-04-17 06:00:00,LOT-00016,comp3,issue,-1,available,MR-00138,assumption:synthetic_operations_v1
MV-000162,2015-04-17 06:00:00,LOT-00016,comp3,issue,-1,available,MR-00139,assumption:synthetic_operations_v1
MV-000163,2015-04-17 06:00:00,LOT-00016,comp3,issue,-1,available,MR-00141,assumption:synthetic_operations_v1
MV-000164,2015-04-17 06:00:00,LOT-00016,comp3,issue,-1,available,MR-00142,assumption:synthetic_operations_v1
MV-000165,2015-04-17 06:00:00,LOT-00014,comp4,issue,-1,available,MR-00140,assumption:synthetic_operations_v1
MV-000166,2015-04-17 06:00:00,LOT-00014,comp4,issue,-1,available,MR-00144,assumption:synthetic_operations_v1
MV-000167,2015-04-17 06:00:00,LOT-00014,comp4,issue,-1,available,MR-00147,assumption:synthetic_operations_v1
MV-000168,2015-04-18 06:00:00,LOT-00018,comp2,receipt,13,available,,assumption:synthetic_operations_v1
MV-000169,2015-04-18 06:00:00,LOT-00009,comp2,issue,-1,available,MR-00151,assumption:synthetic_operations_v1
MV-000170,2015-04-18 06:00:00,LOT-00009,comp2,issue,-1,available,MR-00154,assumption:synthetic_operations_v1
MV-000171,2015-04-18 06:00:00,LOT-00014,comp4,issue,-1,available,MR-00152,assumption:synthetic_operations_v1
MV-000172,2015-04-18 06:00:00,LOT-00014,comp4,issue,-1,available,MR-00155,assumption:synthetic_operations_v1
MV-000173,2015-04-19 06:00:00,LOT-00019,comp3,receipt,12,available,,assumption:synthetic_operations_v1
MV-000174,2015-04-19 06:00:00,LOT-00020,comp4,receipt,13,available,,assumption:synthetic_operations_v1
MV-000175,2015-04-19 06:00:00,LOT-00017,comp1,issue,-1,available,MR-00161,assumption:synthetic_operations_v1
MV-000176,2015-04-19 06:00:00,LOT-00017,comp1,issue,-1,available,MR-00163,assumption:synthetic_operations_v1
MV-000177,2015-04-19 06:00:00,LOT-00017,comp1,issue,-1,available,MR-00164,assumption:synthetic_operations_v1
MV-000178,2015-04-19 06:00:00,LOT-00014,comp4,issue,-1,available,MR-00157,assumption:synthetic_operations_v1
MV-000179,2015-04-19 06:00:00,LOT-00014,comp4,issue,-1,available,MR-00159,assumption:synthetic_operations_v1
MV-000180,2015-04-19 06:00:00,LOT-00014,comp4,issue,-1,available,MR-00162,assumption:synthetic_operations_v1
MV-000181,2015-04-19 06:00:00,LOT-00014,comp4,issue,-1,available,MR-00167,assumption:synthetic_operations_v1
MV-000182,2015-04-20 06:00:00,LOT-00017,comp1,issue,-1,available,MR-00172,assumption:synthetic_operations_v1
MV-000183,2015-04-20 06:00:00,LOT-00017,comp1,issue,-1,available,MR-00178,assumption:synthetic_operations_v1
MV-000184,2015-04-20 06:00:00,LOT-00009,comp2,issue,-1,available,MR-00168,assumption:synthetic_operations_v1
MV-000185,2015-04-20 06:00:00,LOT-00009,comp2,issue,-1,available,MR-00169,assumption:synthetic_operations_v1
MV-000186,2015-04-20 06:00:00,LOT-00015,comp2,issue,-1,available,MR-00171,assumption:synthetic_operations_v1
MV-000187,2015-04-20 06:00:00,LOT-00015,comp2,issue,-1,available,MR-00174,assumption:synthetic_operations_v1
MV-000188,2015-04-20 06:00:00,LOT-00015,comp2,issue,-1,available,MR-00179,assumption:synthetic_operations_v1
MV-000189,2015-04-20 06:00:00,LOT-00015,comp2,issue,-1,available,MR-00180,assumption:synthetic_operations_v1
MV-000190,2015-04-20 06:00:00,LOT-00014,comp4,issue,-1,available,MR-00175,assumption:synthetic_operations_v1
MV-000191,2015-04-20 06:00:00,LOT-00014,comp4,issue,-1,available,MR-00177,assumption:synthetic_operations_v1
MV-000192,2015-04-21 06:00:00,LOT-00015,comp2,issue,-1,available,MR-00182,assumption:synthetic_operations_v1
MV-000193,2015-04-21 06:00:00,LOT-00015,comp2,issue,-1,available,MR-00184,assumption:synthetic_operations_v1
MV-000194,2015-04-21 06:00:00,LOT-00015,comp2,issue,-1,available,MR-00186,assumption:synthetic_operations_v1
MV-000195,2015-04-21 06:00:00,LOT-00015,comp2,issue,-1,available,MR-00188,assumption:synthetic_operations_v1
MV-000196,2015-04-21 06:00:00,LOT-00015,comp2,issue,-1,available,MR-00189,assumption:synthetic_operations_v1
MV-000197,2015-04-21 06:00:00,LOT-00019,comp3,issue,-1,available,MR-00143,assumption:synthetic_operations_v1
MV-000198,2015-04-21 06:00:00,LOT-00019,comp3,issue,-1,available,MR-00145,assumption:synthetic_operations_v1
MV-000199,2015-04-21 06:00:00,LOT-00019,comp3,issue,-1,available,MR-00146,assumption:synthetic_operations_v1
MV-000200,2015-04-21 06:00:00,LOT-00019,comp3,issue,-1,available,MR-00149,assumption:synthetic_operations_v1
MV-000201,2015-04-21 06:00:00,LOT-00019,comp3,issue,-1,available,MR-00153,assumption:synthetic_operations_v1
MV-000202,2015-04-21 06:00:00,LOT-00019,comp3,issue,-1,available,MR-00156,assumption:synthetic_operations_v1
MV-000203,2015-04-21 06:00:00,LOT-00019,comp3,issue,-1,available,MR-00158,assumption:synthetic_operations_v1
MV-000204,2015-04-21 06:00:00,LOT-00019,comp3,issue,-1,available,MR-00160,assumption:synthetic_operations_v1
MV-000205,2015-04-21 06:00:00,LOT-00019,comp3,issue,-1,available,MR-00165,assumption:synthetic_operations_v1
MV-000206,2015-04-21 06:00:00,LOT-00019,comp3,issue,-1,available,MR-00166,assumption:synthetic_operations_v1
MV-000207,2015-04-21 06:00:00,LOT-00019,comp3,issue,-1,available,MR-00170,assumption:synthetic_operations_v1
MV-000208,2015-04-21 06:00:00,LOT-00019,comp3,issue,-1,available,MR-00173,assumption:synthetic_operations_v1
MV-000209,2015-04-21 06:00:00,LOT-00014,comp4,issue,-1,available,MR-00187,assumption:synthetic_operations_v1
MV-000210,2015-04-22 06:00:00,LOT-00021,comp3,receipt,20,available,,assumption:synthetic_operations_v1
MV-000211,2015-04-22 06:00:00,LOT-00022,comp1,receipt,15,available,,assumption:synthetic_operations_v1
MV-000212,2015-04-22 06:00:00,LOT-00017,comp1,issue,-1,available,MR-00197,assumption:synthetic_operations_v1
MV-000213,2015-04-22 06:00:00,LOT-00017,comp1,issue,-1,available,MR-00198,assumption:synthetic_operations_v1
MV-000214,2015-04-22 06:00:00,LOT-00015,comp2,issue,-1,available,MR-00194,assumption:synthetic_operations_v1
MV-000215,2015-04-22 06:00:00,LOT-00014,comp4,issue,-1,available,MR-00192,assumption:synthetic_operations_v1
MV-000216,2015-04-22 07:00:00,LOT-00004,comp2,expiry,0,expired,,assumption:synthetic_operations_v1
MV-000217,2015-04-23 06:00:00,LOT-00015,comp2,issue,-1,available,MR-00199,assumption:synthetic_operations_v1
MV-000218,2015-04-23 06:00:00,LOT-00015,comp2,issue,-1,available,MR-00201,assumption:synthetic_operations_v1
MV-000219,2015-04-23 06:00:00,LOT-00015,comp2,issue,-1,available,MR-00202,assumption:synthetic_operations_v1
MV-000220,2015-04-23 06:00:00,LOT-00020,comp4,issue,-1,available,MR-00200,assumption:synthetic_operations_v1
MV-000221,2015-04-23 06:00:00,LOT-00020,comp4,issue,-1,available,MR-00203,assumption:synthetic_operations_v1
MV-000222,2015-04-24 06:00:00,LOT-00017,comp1,issue,-1,available,MR-00207,assumption:synthetic_operations_v1
MV-000223,2015-04-24 06:00:00,LOT-00021,comp3,issue,-1,available,MR-00176,assumption:synthetic_operations_v1
MV-000224,2015-04-24 06:00:00,LOT-00021,comp3,issue,-1,available,MR-00181,assumption:synthetic_operations_v1
MV-000225,2015-04-24 06:00:00,LOT-00021,comp3,issue,-1,available,MR-00183,assumption:synthetic_operations_v1
MV-000226,2015-04-24 06:00:00,LOT-00021,comp3,issue,-1,available,MR-00185,assumption:synthetic_operations_v1
MV-000227,2015-04-24 06:00:00,LOT-00021,comp3,issue,-1,available,MR-00190,assumption:synthetic_operations_v1
MV-000228,2015-04-24 06:00:00,LOT-00021,comp3,issue,-1,available,MR-00191,assumption:synthetic_operations_v1
MV-000229,2015-04-24 06:00:00,LOT-00021,comp3,issue,-1,available,MR-00193,assumption:synthetic_operations_v1
MV-000230,2015-04-24 06:00:00,LOT-00021,comp3,issue,-1,available,MR-00195,assumption:synthetic_operations_v1
MV-000231,2015-04-24 06:00:00,LOT-00021,comp3,issue,-1,available,MR-00196,assumption:synthetic_operations_v1
MV-000232,2015-04-24 06:00:00,LOT-00021,comp3,issue,-1,available,MR-00206,assumption:synthetic_operations_v1
MV-000233,2015-04-24 06:00:00,LOT-00020,comp4,issue,-1,available,MR-00208,assumption:synthetic_operations_v1
MV-000234,2015-04-25 06:00:00,LOT-00023,comp2,receipt,13,available,,assumption:synthetic_operations_v1
MV-000235,2015-04-25 06:00:00,LOT-00024,comp4,receipt,13,available,,assumption:synthetic_operations_v1
MV-000236,2015-04-25 06:00:00,LOT-00017,comp1,issue,-1,available,MR-00212,assumption:synthetic_operations_v1
MV-000237,2015-04-25 06:00:00,LOT-00018,comp2,issue,-1,available,MR-00204,assumption:synthetic_operations_v1
MV-000238,2015-04-25 06:00:00,LOT-00018,comp2,issue,-1,available,MR-00205,assumption:synthetic_operations_v1
MV-000239,2015-04-25 06:00:00,LOT-00018,comp2,issue,-1,available,MR-00209,assumption:synthetic_operations_v1
MV-000240,2015-04-25 06:00:00,LOT-00021,comp3,issue,-1,available,MR-00210,assumption:synthetic_operations_v1
MV-000241,2015-04-25 06:00:00,LOT-00020,comp4,issue,-1,available,MR-00211,assumption:synthetic_operations_v1
MV-000242,2015-04-26 06:00:00,LOT-00017,comp1,issue,-1,available,MR-00216,assumption:synthetic_operations_v1
MV-000243,2015-04-26 06:00:00,LOT-00018,comp2,issue,-1,available,MR-00215,assumption:synthetic_operations_v1
MV-000244,2015-04-26 06:00:00,LOT-00021,comp3,issue,-1,available,MR-00213,assumption:synthetic_operations_v1
MV-000245,2015-04-26 06:00:00,LOT-00021,comp3,issue,-1,available,MR-00217,assumption:synthetic_operations_v1
MV-000246,2015-04-26 06:00:00,LOT-00020,comp4,issue,-1,available,MR-00214,assumption:synthetic_operations_v1
MV-000247,2015-04-27 06:00:00,LOT-00018,comp2,issue,-1,available,MR-00218,assumption:synthetic_operations_v1
MV-000248,2015-04-28 06:00:00,LOT-00017,comp1,issue,-1,available,MR-00223,assumption:synthetic_operations_v1
MV-000249,2015-04-28 06:00:00,LOT-00017,comp1,issue,-1,available,MR-00227,assumption:synthetic_operations_v1
MV-000250,2015-04-28 06:00:00,LOT-00018,comp2,issue,-1,available,MR-00219,assumption:synthetic_operations_v1
MV-000251,2015-04-28 06:00:00,LOT-00018,comp2,issue,-1,available,MR-00221,assumption:synthetic_operations_v1
MV-000252,2015-04-28 06:00:00,LOT-00018,comp2,issue,-1,available,MR-00222,assumption:synthetic_operations_v1
MV-000253,2015-04-28 06:00:00,LOT-00018,comp2,issue,-1,available,MR-00225,assumption:synthetic_operations_v1
MV-000254,2015-04-28 06:00:00,LOT-00018,comp2,issue,-1,available,MR-00226,assumption:synthetic_operations_v1
MV-000255,2015-04-28 06:00:00,LOT-00021,comp3,issue,-1,available,MR-00220,assumption:synthetic_operations_v1
MV-000256,2015-04-28 06:00:00,LOT-00020,comp4,issue,-1,available,MR-00224,assumption:synthetic_operations_v1
MV-000257,2015-04-28 06:00:00,LOT-00020,comp4,issue,-1,available,MR-00228,assumption:synthetic_operations_v1
MV-000258,2015-04-29 06:00:00,LOT-00025,comp4,receipt,20,available,,assumption:synthetic_operations_v1
MV-000259,2015-04-29 06:00:00,LOT-00026,comp3,receipt,12,available,,assumption:synthetic_operations_v1
MV-000260,2015-04-29 06:00:00,LOT-00027,comp1,receipt,9,available,,assumption:synthetic_operations_v1
MV-000261,2015-04-29 06:00:00,LOT-00018,comp2,issue,-1,available,MR-00229,assumption:synthetic_operations_v1
MV-000262,2015-04-29 06:00:00,LOT-00020,comp4,issue,-1,available,MR-00230,assumption:synthetic_operations_v1
MV-000263,2015-04-30 06:00:00,LOT-00017,comp1,issue,-1,available,MR-00231,assumption:synthetic_operations_v1
MV-000264,2015-04-30 06:00:00,LOT-00018,comp2,issue,-1,available,MR-00233,assumption:synthetic_operations_v1
MV-000265,2015-04-30 06:00:00,LOT-00018,comp2,issue,-1,available,MR-00235,assumption:synthetic_operations_v1
MV-000266,2015-04-30 06:00:00,LOT-00021,comp3,issue,-1,available,MR-00234,assumption:synthetic_operations_v1
MV-000267,2015-04-30 06:00:00,LOT-00020,comp4,issue,-1,available,MR-00232,assumption:synthetic_operations_v1
MV-000268,2015-04-30 06:00:00,LOT-00020,comp4,issue,-1,available,MR-00238,assumption:synthetic_operations_v1
MV-000269,2015-05-01 06:00:00,LOT-00017,comp1,issue,-1,available,MR-00242,assumption:synthetic_operations_v1
MV-000270,2015-05-01 06:00:00,LOT-00017,comp1,issue,-1,available,MR-00246,assumption:synthetic_operations_v1
MV-000271,2015-05-01 06:00:00,LOT-00021,comp3,issue,-1,available,MR-00240,assumption:synthetic_operations_v1
MV-000272,2015-05-01 06:00:00,LOT-00021,comp3,issue,-1,available,MR-00244,assumption:synthetic_operations_v1
MV-000273,2015-05-01 06:00:00,LOT-00021,comp3,issue,-1,available,MR-00247,assumption:synthetic_operations_v1
MV-000274,2015-05-01 06:00:00,LOT-00021,comp3,issue,-1,available,MR-00249,assumption:synthetic_operations_v1
MV-000275,2015-05-01 06:00:00,LOT-00020,comp4,issue,-1,available,MR-00241,assumption:synthetic_operations_v1
MV-000276,2015-05-02 06:00:00,LOT-00028,comp2,receipt,13,available,,assumption:synthetic_operations_v1
MV-000277,2015-05-02 06:00:00,LOT-00017,comp1,issue,-1,available,MR-00252,assumption:synthetic_operations_v1
MV-000278,2015-05-02 06:00:00,LOT-00017,comp1,issue,-1,available,MR-00257,assumption:synthetic_operations_v1
MV-000279,2015-05-02 06:00:00,LOT-00023,comp2,issue,-1,available,MR-00236,assumption:synthetic_operations_v1
MV-000280,2015-05-02 06:00:00,LOT-00023,comp2,issue,-1,available,MR-00237,assumption:synthetic_operations_v1
MV-000281,2015-05-02 06:00:00,LOT-00023,comp2,issue,-1,available,MR-00239,assumption:synthetic_operations_v1
MV-000282,2015-05-02 06:00:00,LOT-00023,comp2,issue,-1,available,MR-00243,assumption:synthetic_operations_v1
MV-000283,2015-05-02 06:00:00,LOT-00023,comp2,issue,-1,available,MR-00245,assumption:synthetic_operations_v1
MV-000284,2015-05-02 06:00:00,LOT-00023,comp2,issue,-1,available,MR-00248,assumption:synthetic_operations_v1
MV-000285,2015-05-02 06:00:00,LOT-00023,comp2,issue,-1,available,MR-00250,assumption:synthetic_operations_v1
MV-000286,2015-05-02 06:00:00,LOT-00023,comp2,issue,-1,available,MR-00254,assumption:synthetic_operations_v1
MV-000287,2015-05-02 06:00:00,LOT-00023,comp2,issue,-1,available,MR-00259,assumption:synthetic_operations_v1
MV-000288,2015-05-02 06:00:00,LOT-00023,comp2,issue,-1,available,MR-00261,assumption:synthetic_operations_v1
MV-000289,2015-05-02 06:00:00,LOT-00023,comp2,issue,-1,available,MR-00262,assumption:synthetic_operations_v1
MV-000290,2015-05-02 06:00:00,LOT-00023,comp2,issue,-1,available,MR-00263,assumption:synthetic_operations_v1
MV-000291,2015-05-02 06:00:00,LOT-00021,comp3,issue,-1,available,MR-00255,assumption:synthetic_operations_v1
MV-000292,2015-05-02 06:00:00,LOT-00026,comp3,issue,-1,available,MR-00258,assumption:synthetic_operations_v1
MV-000293,2015-05-02 06:00:00,LOT-00026,comp3,issue,-1,available,MR-00260,assumption:synthetic_operations_v1
MV-000294,2015-05-02 06:00:00,LOT-00020,comp4,issue,-1,available,MR-00251,assumption:synthetic_operations_v1
MV-000295,2015-05-02 06:00:00,LOT-00020,comp4,issue,-1,available,MR-00253,assumption:synthetic_operations_v1
MV-000296,2015-05-02 06:00:00,LOT-00024,comp4,issue,-1,available,MR-00256,assumption:synthetic_operations_v1
MV-000297,2015-05-03 06:00:00,LOT-00017,comp1,issue,-1,available,MR-00265,assumption:synthetic_operations_v1
MV-000298,2015-05-03 06:00:00,LOT-00023,comp2,issue,-1,available,MR-00264,assumption:synthetic_operations_v1
MV-000299,2015-05-03 06:00:00,LOT-00026,comp3,issue,-1,available,MR-00267,assumption:synthetic_operations_v1
MV-000300,2015-05-03 06:00:00,LOT-00024,comp4,issue,-1,available,MR-00268,assumption:synthetic_operations_v1
MV-000301,2015-05-04 06:00:00,LOT-00026,comp3,issue,-1,available,MR-00275,assumption:synthetic_operations_v1
MV-000302,2015-05-04 06:00:00,LOT-00024,comp4,issue,-1,available,MR-00270,assumption:synthetic_operations_v1
MV-000303,2015-05-04 06:00:00,LOT-00024,comp4,issue,-1,available,MR-00271,assumption:synthetic_operations_v1
MV-000304,2015-05-04 06:00:00,LOT-00024,comp4,issue,-1,available,MR-00272,assumption:synthetic_operations_v1
MV-000305,2015-05-04 06:00:00,LOT-00024,comp4,issue,-1,available,MR-00274,assumption:synthetic_operations_v1
MV-000306,2015-05-04 06:00:00,LOT-00024,comp4,issue,-1,available,MR-00276,assumption:synthetic_operations_v1
MV-000307,2015-05-04 07:00:00,LOT-00009,comp2,expiry,0,expired,,assumption:synthetic_operations_v1
MV-000308,2015-05-05 06:00:00,LOT-00017,comp1,issue,-1,available,MR-00282,assumption:synthetic_operations_v1
MV-000309,2015-05-05 06:00:00,LOT-00022,comp1,issue,-1,available,MR-00287,assumption:synthetic_operations_v1
MV-000310,2015-05-05 06:00:00,LOT-00022,comp1,issue,-1,available,MR-00289,assumption:synthetic_operations_v1
MV-000311,2015-05-05 06:00:00,LOT-00022,comp1,issue,-1,available,MR-00290,assumption:synthetic_operations_v1
MV-000312,2015-05-05 06:00:00,LOT-00026,comp3,issue,-1,available,MR-00278,assumption:synthetic_operations_v1
MV-000313,2015-05-05 06:00:00,LOT-00026,comp3,issue,-1,available,MR-00279,assumption:synthetic_operations_v1
MV-000314,2015-05-05 06:00:00,LOT-00026,comp3,issue,-1,available,MR-00284,assumption:synthetic_operations_v1
MV-000315,2015-05-05 06:00:00,LOT-00024,comp4,issue,-1,available,MR-00280,assumption:synthetic_operations_v1
MV-000316,2015-05-05 06:00:00,LOT-00024,comp4,issue,-1,available,MR-00283,assumption:synthetic_operations_v1
MV-000317,2015-05-05 06:00:00,LOT-00024,comp4,issue,-1,available,MR-00285,assumption:synthetic_operations_v1
MV-000318,2015-05-05 06:00:00,LOT-00024,comp4,issue,-1,available,MR-00286,assumption:synthetic_operations_v1
MV-000319,2015-05-05 06:00:00,LOT-00024,comp4,issue,-1,available,MR-00288,assumption:synthetic_operations_v1
MV-000320,2015-05-06 06:00:00,LOT-00029,comp2,receipt,20,available,,assumption:synthetic_operations_v1
MV-000321,2015-05-06 06:00:00,LOT-00030,comp4,receipt,11,available,,assumption:synthetic_operations_v1
MV-000322,2015-05-06 06:00:00,LOT-00031,comp3,receipt,32,available,,assumption:synthetic_operations_v1
MV-000323,2015-05-06 06:00:00,LOT-00032,comp1,receipt,4,available,,assumption:synthetic_operations_v1
MV-000324,2015-05-06 06:00:00,LOT-00022,comp1,issue,-1,available,MR-00297,assumption:synthetic_operations_v1
MV-000325,2015-05-06 06:00:00,LOT-00026,comp3,issue,-1,available,MR-00295,assumption:synthetic_operations_v1
MV-000326,2015-05-06 06:00:00,LOT-00026,comp3,issue,-1,available,MR-00299,assumption:synthetic_operations_v1
MV-000327,2015-05-06 06:00:00,LOT-00026,comp3,issue,-1,available,MR-00302,assumption:synthetic_operations_v1
MV-000328,2015-05-06 06:00:00,LOT-00024,comp4,issue,-1,available,MR-00294,assumption:synthetic_operations_v1
MV-000329,2015-05-06 06:00:00,LOT-00025,comp4,issue,-1,available,MR-00296,assumption:synthetic_operations_v1
MV-000330,2015-05-06 06:00:00,LOT-00025,comp4,issue,-1,available,MR-00298,assumption:synthetic_operations_v1
MV-000331,2015-05-06 06:00:00,LOT-00025,comp4,issue,-1,available,MR-00300,assumption:synthetic_operations_v1
MV-000332,2015-05-07 06:00:00,LOT-00022,comp1,issue,-1,available,MR-00306,assumption:synthetic_operations_v1
MV-000333,2015-05-07 06:00:00,LOT-00026,comp3,issue,-1,available,MR-00309,assumption:synthetic_operations_v1
MV-000334,2015-05-07 06:00:00,LOT-00026,comp3,issue,-1,available,MR-00312,assumption:synthetic_operations_v1
MV-000335,2015-05-07 06:00:00,LOT-00025,comp4,issue,-1,available,MR-00303,assumption:synthetic_operations_v1
MV-000336,2015-05-07 06:00:00,LOT-00025,comp4,issue,-1,available,MR-00305,assumption:synthetic_operations_v1
MV-000337,2015-05-07 06:00:00,LOT-00025,comp4,issue,-1,available,MR-00308,assumption:synthetic_operations_v1
MV-000338,2015-05-07 06:00:00,LOT-00025,comp4,issue,-1,available,MR-00310,assumption:synthetic_operations_v1
MV-000339,2015-05-07 06:00:00,LOT-00025,comp4,issue,-1,available,MR-00313,assumption:synthetic_operations_v1
MV-000340,2015-05-08 06:00:00,LOT-00022,comp1,issue,-1,available,MR-00314,assumption:synthetic_operations_v1
MV-000341,2015-05-08 06:00:00,LOT-00022,comp1,issue,-1,available,MR-00315,assumption:synthetic_operations_v1
MV-000342,2015-05-08 06:00:00,LOT-00022,comp1,issue,-1,available,MR-00317,assumption:synthetic_operations_v1
MV-000343,2015-05-08 06:00:00,LOT-00022,comp1,issue,-1,available,MR-00320,assumption:synthetic_operations_v1
MV-000344,2015-05-08 06:00:00,LOT-00031,comp3,issue,-1,available,MR-00322,assumption:synthetic_operations_v1
MV-000345,2015-05-09 06:00:00,LOT-00022,comp1,issue,-1,available,MR-00324,assumption:synthetic_operations_v1
MV-000346,2015-05-09 06:00:00,LOT-00022,comp1,issue,-1,available,MR-00327,assumption:synthetic_operations_v1
MV-000347,2015-05-09 06:00:00,LOT-00028,comp2,issue,-1,available,MR-00266,assumption:synthetic_operations_v1
MV-000348,2015-05-09 06:00:00,LOT-00028,comp2,issue,-1,available,MR-00269,assumption:synthetic_operations_v1
MV-000349,2015-05-09 06:00:00,LOT-00028,comp2,issue,-1,available,MR-00273,assumption:synthetic_operations_v1
MV-000350,2015-05-09 06:00:00,LOT-00028,comp2,issue,-1,available,MR-00277,assumption:synthetic_operations_v1
MV-000351,2015-05-09 06:00:00,LOT-00028,comp2,issue,-1,available,MR-00281,assumption:synthetic_operations_v1
MV-000352,2015-05-09 06:00:00,LOT-00028,comp2,issue,-1,available,MR-00291,assumption:synthetic_operations_v1
MV-000353,2015-05-09 06:00:00,LOT-00028,comp2,issue,-1,available,MR-00292,assumption:synthetic_operations_v1
MV-000354,2015-05-09 06:00:00,LOT-00028,comp2,issue,-1,available,MR-00293,assumption:synthetic_operations_v1
MV-000355,2015-05-09 06:00:00,LOT-00028,comp2,issue,-1,available,MR-00301,assumption:synthetic_operations_v1
MV-000356,2015-05-09 06:00:00,LOT-00028,comp2,issue,-1,available,MR-00304,assumption:synthetic_operations_v1
MV-000357,2015-05-09 06:00:00,LOT-00028,comp2,issue,-1,available,MR-00307,assumption:synthetic_operations_v1
MV-000358,2015-05-09 06:00:00,LOT-00028,comp2,issue,-1,available,MR-00311,assumption:synthetic_operations_v1
MV-000359,2015-05-09 06:00:00,LOT-00028,comp2,issue,-1,available,MR-00316,assumption:synthetic_operations_v1
MV-000360,2015-05-09 06:00:00,LOT-00025,comp4,issue,-1,available,MR-00323,assumption:synthetic_operations_v1
MV-000361,2015-05-09 06:00:00,LOT-00025,comp4,issue,-1,available,MR-00325,assumption:synthetic_operations_v1
MV-000362,2015-05-09 06:00:00,LOT-00025,comp4,issue,-1,available,MR-00326,assumption:synthetic_operations_v1
MV-000363,2015-05-09 06:00:00,LOT-00025,comp4,issue,-1,available,MR-00329,assumption:synthetic_operations_v1
MV-000364,2015-05-10 06:00:00,LOT-00031,comp3,issue,-1,available,MR-00330,assumption:synthetic_operations_v1
MV-000365,2015-05-11 06:00:00,LOT-00022,comp1,issue,-1,available,MR-00336,assumption:synthetic_operations_v1
MV-000366,2015-05-11 06:00:00,LOT-00025,comp4,issue,-1,available,MR-00332,assumption:synthetic_operations_v1
MV-000367,2015-05-11 06:00:00,LOT-00025,comp4,issue,-1,available,MR-00334,assumption:synthetic_operations_v1
MV-000368,2015-05-12 06:00:00,LOT-00022,comp1,issue,-1,available,MR-00338,assumption:synthetic_operations_v1
MV-000369,2015-05-13 06:00:00,LOT-00033,comp4,receipt,15,available,,assumption:synthetic_operations_v1
MV-000370,2015-05-13 06:00:00,LOT-00034,comp1,receipt,11,quarantined,,assumption:synthetic_operations_v1
MV-000371,2015-05-13 06:00:00,LOT-00022,comp1,issue,-1,available,MR-00340,assumption:synthetic_operations_v1
MV-000372,2015-05-13 06:00:00,LOT-00022,comp1,issue,-1,available,MR-00344,assumption:synthetic_operations_v1
MV-000373,2015-05-13 06:00:00,LOT-00027,comp1,issue,-1,available,MR-00345,assumption:synthetic_operations_v1
MV-000374,2015-05-13 06:00:00,LOT-00027,comp1,issue,-1,available,MR-00349,assumption:synthetic_operations_v1
MV-000375,2015-05-13 06:00:00,LOT-00027,comp1,issue,-1,available,MR-00351,assumption:synthetic_operations_v1
MV-000376,2015-05-13 06:00:00,LOT-00029,comp2,issue,-1,available,MR-00318,assumption:synthetic_operations_v1
MV-000377,2015-05-13 06:00:00,LOT-00029,comp2,issue,-1,available,MR-00319,assumption:synthetic_operations_v1
MV-000378,2015-05-13 06:00:00,LOT-00029,comp2,issue,-1,available,MR-00321,assumption:synthetic_operations_v1
MV-000379,2015-05-13 06:00:00,LOT-00029,comp2,issue,-1,available,MR-00328,assumption:synthetic_operations_v1
MV-000380,2015-05-13 06:00:00,LOT-00029,comp2,issue,-1,available,MR-00331,assumption:synthetic_operations_v1
MV-000381,2015-05-13 06:00:00,LOT-00029,comp2,issue,-1,available,MR-00333,assumption:synthetic_operations_v1
MV-000382,2015-05-13 06:00:00,LOT-00029,comp2,issue,-1,available,MR-00335,assumption:synthetic_operations_v1
MV-000383,2015-05-13 06:00:00,LOT-00029,comp2,issue,-1,available,MR-00337,assumption:synthetic_operations_v1
MV-000384,2015-05-13 06:00:00,LOT-00029,comp2,issue,-1,available,MR-00339,assumption:synthetic_operations_v1
MV-000385,2015-05-13 06:00:00,LOT-00029,comp2,issue,-1,available,MR-00341,assumption:synthetic_operations_v1
MV-000386,2015-05-13 06:00:00,LOT-00029,comp2,issue,-1,available,MR-00342,assumption:synthetic_operations_v1
MV-000387,2015-05-13 06:00:00,LOT-00029,comp2,issue,-1,available,MR-00350,assumption:synthetic_operations_v1
MV-000388,2015-05-13 06:00:00,LOT-00031,comp3,issue,-1,available,MR-00343,assumption:synthetic_operations_v1
MV-000389,2015-05-13 06:00:00,LOT-00031,comp3,issue,-1,available,MR-00347,assumption:synthetic_operations_v1
MV-000390,2015-05-13 06:00:00,LOT-00031,comp3,issue,-1,available,MR-00352,assumption:synthetic_operations_v1
MV-000391,2015-05-13 06:00:00,LOT-00031,comp3,issue,-1,available,MR-00353,assumption:synthetic_operations_v1
MV-000392,2015-05-13 06:00:00,LOT-00025,comp4,issue,-1,available,MR-00346,assumption:synthetic_operations_v1
MV-000393,2015-05-13 06:00:00,LOT-00025,comp4,issue,-1,available,MR-00348,assumption:synthetic_operations_v1
MV-000394,2015-05-13 07:00:00,LOT-00015,comp2,expiry,0,expired,,assumption:synthetic_operations_v1
MV-000395,2015-05-14 06:00:00,LOT-00029,comp2,issue,-1,available,MR-00354,assumption:synthetic_operations_v1
MV-000396,2015-05-15 06:00:00,LOT-00035,comp3,receipt,3,available,,assumption:synthetic_operations_v1
MV-000397,2015-05-15 06:00:00,LOT-00027,comp1,issue,-1,available,MR-00361,assumption:synthetic_operations_v1
MV-000398,2015-05-15 06:00:00,LOT-00027,comp1,issue,-1,available,MR-00363,assumption:synthetic_operations_v1
MV-000399,2015-05-15 06:00:00,LOT-00027,comp1,issue,-1,available,MR-00364,assumption:synthetic_operations_v1
MV-000400,2015-05-15 06:00:00,LOT-00029,comp2,issue,-1,available,MR-00355,assumption:synthetic_operations_v1
MV-000401,2015-05-15 06:00:00,LOT-00029,comp2,issue,-1,available,MR-00357,assumption:synthetic_operations_v1
MV-000402,2015-05-15 06:00:00,LOT-00029,comp2,issue,-1,available,MR-00359,assumption:synthetic_operations_v1
MV-000403,2015-05-15 06:00:00,LOT-00029,comp2,issue,-1,available,MR-00362,assumption:synthetic_operations_v1
MV-000404,2015-05-15 06:00:00,LOT-00025,comp4,issue,-1,available,MR-00356,assumption:synthetic_operations_v1
MV-000405,2015-05-15 06:00:00,LOT-00025,comp4,issue,-1,available,MR-00358,assumption:synthetic_operations_v1
MV-000406,2015-05-15 06:00:00,LOT-00025,comp4,issue,-1,available,MR-00360,assumption:synthetic_operations_v1
MV-000407,2015-05-16 06:00:00,LOT-00034,comp1,quality_release,0,available,,assumption:synthetic_operations_v1
MV-000408,2015-05-16 06:00:00,LOT-00027,comp1,issue,-1,available,MR-00367,assumption:synthetic_operations_v1
MV-000409,2015-05-16 06:00:00,LOT-00027,comp1,issue,-1,available,MR-00369,assumption:synthetic_operations_v1
MV-000410,2015-05-16 06:00:00,LOT-00027,comp1,issue,-1,available,MR-00373,assumption:synthetic_operations_v1
MV-000411,2015-05-16 06:00:00,LOT-00032,comp1,issue,-1,available,MR-00375,assumption:synthetic_operations_v1
MV-000412,2015-05-16 06:00:00,LOT-00032,comp1,issue,-1,available,MR-00379,assumption:synthetic_operations_v1
MV-000413,2015-05-16 06:00:00,LOT-00029,comp2,issue,-1,available,MR-00365,assumption:synthetic_operations_v1
MV-000414,2015-05-16 06:00:00,LOT-00029,comp2,issue,-1,available,MR-00368,assumption:synthetic_operations_v1
MV-000415,2015-05-16 06:00:00,LOT-00029,comp2,issue,-1,available,MR-00376,assumption:synthetic_operations_v1
MV-000416,2015-05-16 06:00:00,LOT-00031,comp3,issue,-1,available,MR-00370,assumption:synthetic_operations_v1
MV-000417,2015-05-16 06:00:00,LOT-00031,comp3,issue,-1,available,MR-00371,assumption:synthetic_operations_v1
MV-000418,2015-05-16 06:00:00,LOT-00031,comp3,issue,-1,available,MR-00374,assumption:synthetic_operations_v1
MV-000419,2015-05-16 06:00:00,LOT-00031,comp3,issue,-1,available,MR-00378,assumption:synthetic_operations_v1
MV-000420,2015-05-16 06:00:00,LOT-00025,comp4,issue,-1,available,MR-00366,assumption:synthetic_operations_v1
MV-000421,2015-05-16 06:00:00,LOT-00030,comp4,issue,-1,available,MR-00372,assumption:synthetic_operations_v1
MV-000422,2015-05-16 06:00:00,LOT-00030,comp4,issue,-1,available,MR-00380,assumption:synthetic_operations_v1
MV-000423,2015-05-16 06:00:00,LOT-00030,comp4,issue,-1,available,MR-00381,assumption:synthetic_operations_v1
MV-000424,2015-05-17 06:00:00,LOT-00032,comp1,issue,-1,available,MR-00384,assumption:synthetic_operations_v1
MV-000425,2015-05-17 06:00:00,LOT-00032,comp1,issue,-1,available,MR-00389,assumption:synthetic_operations_v1
MV-000426,2015-05-17 06:00:00,LOT-00034,comp1,issue,-1,available,MR-00391,assumption:synthetic_operations_v1
MV-000427,2015-05-17 06:00:00,LOT-00031,comp3,issue,-1,available,MR-00382,assumption:synthetic_operations_v1
MV-000428,2015-05-17 06:00:00,LOT-00031,comp3,issue,-1,available,MR-00383,assumption:synthetic_operations_v1
MV-000429,2015-05-17 06:00:00,LOT-00031,comp3,issue,-1,available,MR-00385,assumption:synthetic_operations_v1
MV-000430,2015-05-17 06:00:00,LOT-00031,comp3,issue,-1,available,MR-00387,assumption:synthetic_operations_v1
MV-000431,2015-05-17 06:00:00,LOT-00031,comp3,issue,-1,available,MR-00392,assumption:synthetic_operations_v1
MV-000432,2015-05-17 06:00:00,LOT-00030,comp4,issue,-1,available,MR-00386,assumption:synthetic_operations_v1
MV-000433,2015-05-17 06:00:00,LOT-00030,comp4,issue,-1,available,MR-00388,assumption:synthetic_operations_v1
MV-000434,2015-05-17 06:00:00,LOT-00030,comp4,issue,-1,available,MR-00390,assumption:synthetic_operations_v1
MV-000435,2015-05-18 06:00:00,LOT-00034,comp1,issue,-1,available,MR-00395,assumption:synthetic_operations_v1
MV-000436,2015-05-18 06:00:00,LOT-00034,comp1,issue,-1,available,MR-00396,assumption:synthetic_operations_v1
MV-000437,2015-05-18 06:00:00,LOT-00034,comp1,issue,-1,available,MR-00397,assumption:synthetic_operations_v1
MV-000438,2015-05-18 06:00:00,LOT-00030,comp4,issue,-1,available,MR-00394,assumption:synthetic_operations_v1
MV-000439,2015-05-18 07:00:00,LOT-00018,comp2,expiry,0,expired,,assumption:synthetic_operations_v1
MV-000440,2015-05-19 06:00:00,LOT-00034,comp1,issue,-1,available,MR-00402,assumption:synthetic_operations_v1
MV-000441,2015-05-19 06:00:00,LOT-00034,comp1,issue,-1,available,MR-00403,assumption:synthetic_operations_v1
MV-000442,2015-05-19 06:00:00,LOT-00034,comp1,issue,-1,available,MR-00405,assumption:synthetic_operations_v1
MV-000443,2015-05-19 06:00:00,LOT-00031,comp3,issue,-1,available,MR-00400,assumption:synthetic_operations_v1
MV-000444,2015-05-19 06:00:00,LOT-00031,comp3,issue,-1,available,MR-00401,assumption:synthetic_operations_v1
MV-000445,2015-05-19 06:00:00,LOT-00031,comp3,issue,-1,available,MR-00406,assumption:synthetic_operations_v1
MV-000446,2015-05-19 06:00:00,LOT-00030,comp4,issue,-1,available,MR-00399,assumption:synthetic_operations_v1
MV-000447,2015-05-20 06:00:00,LOT-00036,comp4,receipt,7,available,,assumption:synthetic_operations_v1
MV-000448,2015-05-20 06:00:00,LOT-00034,comp1,issue,-1,available,MR-00416,assumption:synthetic_operations_v1
MV-000449,2015-05-20 06:00:00,LOT-00031,comp3,issue,-1,available,MR-00408,assumption:synthetic_operations_v1
MV-000450,2015-05-20 06:00:00,LOT-00031,comp3,issue,-1,available,MR-00410,assumption:synthetic_operations_v1
MV-000451,2015-05-20 06:00:00,LOT-00031,comp3,issue,-1,available,MR-00413,assumption:synthetic_operations_v1
MV-000452,2015-05-20 06:00:00,LOT-00031,comp3,issue,-1,available,MR-00419,assumption:synthetic_operations_v1
MV-000453,2015-05-20 06:00:00,LOT-00030,comp4,issue,-1,available,MR-00409,assumption:synthetic_operations_v1
MV-000454,2015-05-20 06:00:00,LOT-00030,comp4,issue,-1,available,MR-00412,assumption:synthetic_operations_v1
MV-000455,2015-05-20 06:00:00,LOT-00030,comp4,issue,-1,available,MR-00414,assumption:synthetic_operations_v1
MV-000456,2015-05-20 06:00:00,LOT-00033,comp4,issue,-1,available,MR-00417,assumption:synthetic_operations_v1
MV-000457,2015-05-21 06:00:00,LOT-00037,comp2,receipt,11,available,,assumption:synthetic_operations_v1
MV-000458,2015-05-21 06:00:00,LOT-00034,comp1,issue,-1,available,MR-00423,assumption:synthetic_operations_v1
MV-000459,2015-05-21 06:00:00,LOT-00031,comp3,issue,-1,available,MR-00428,assumption:synthetic_operations_v1
MV-000460,2015-05-21 06:00:00,LOT-00031,comp3,issue,-1,available,MR-00429,assumption:synthetic_operations_v1
MV-000461,2015-05-21 06:00:00,LOT-00033,comp4,issue,-1,available,MR-00424,assumption:synthetic_operations_v1
MV-000462,2015-05-21 06:00:00,LOT-00033,comp4,issue,-1,available,MR-00425,assumption:synthetic_operations_v1
MV-000463,2015-05-21 06:00:00,LOT-00033,comp4,issue,-1,available,MR-00427,assumption:synthetic_operations_v1
MV-000464,2015-05-22 06:00:00,LOT-00034,comp1,issue,-1,available,MR-00432,assumption:synthetic_operations_v1
MV-000465,2015-05-22 06:00:00,LOT-00034,comp1,issue,-1,available,MR-00433,assumption:synthetic_operations_v1
MV-000466,2015-05-22 06:00:00,LOT-00031,comp3,issue,-1,available,MR-00434,assumption:synthetic_operations_v1
MV-000467,2015-05-22 06:00:00,LOT-00031,comp3,issue,-1,available,MR-00437,assumption:synthetic_operations_v1
MV-000468,2015-05-22 06:00:00,LOT-00031,comp3,issue,-1,available,MR-00439,assumption:synthetic_operations_v1
MV-000469,2015-05-22 06:00:00,LOT-00033,comp4,issue,-1,available,MR-00436,assumption:synthetic_operations_v1
MV-000470,2015-05-22 06:00:00,LOT-00033,comp4,issue,-1,available,MR-00438,assumption:synthetic_operations_v1
MV-000471,2015-05-22 06:00:00,LOT-00033,comp4,issue,-1,available,MR-00440,assumption:synthetic_operations_v1
MV-000472,2015-05-23 06:00:00,LOT-00031,comp3,issue,-1,available,MR-00444,assumption:synthetic_operations_v1
MV-000473,2015-05-23 06:00:00,LOT-00031,comp3,issue,-1,available,MR-00446,assumption:synthetic_operations_v1
MV-000474,2015-05-23 06:00:00,LOT-00033,comp4,issue,-1,available,MR-00449,assumption:synthetic_operations_v1
MV-000475,2015-05-23 06:00:00,LOT-00033,comp4,issue,-1,available,MR-00450,assumption:synthetic_operations_v1
MV-000476,2015-05-24 06:00:00,LOT-00031,comp3,issue,-1,available,MR-00453,assumption:synthetic_operations_v1
MV-000477,2015-05-24 06:00:00,LOT-00031,comp3,issue,-1,available,MR-00454,assumption:synthetic_operations_v1
MV-000478,2015-05-24 06:00:00,LOT-00033,comp4,issue,-1,available,MR-00455,assumption:synthetic_operations_v1
MV-000479,2015-05-24 06:00:00,LOT-00033,comp4,issue,-1,available,MR-00458,assumption:synthetic_operations_v1
MV-000480,2015-05-25 06:00:00,LOT-00038,comp1,receipt,25,available,,assumption:synthetic_operations_v1
MV-000481,2015-05-25 06:00:00,LOT-00031,comp3,issue,-1,available,MR-00459,assumption:synthetic_operations_v1
MV-000482,2015-05-25 07:00:00,LOT-00023,comp2,expiry,0,expired,,assumption:synthetic_operations_v1
MV-000483,2015-05-26 06:00:00,LOT-00039,comp2,receipt,15,available,,assumption:synthetic_operations_v1
MV-000484,2015-05-26 06:00:00,LOT-00038,comp1,issue,-1,available,MR-00435,assumption:synthetic_operations_v1
MV-000485,2015-05-26 06:00:00,LOT-00038,comp1,issue,-1,available,MR-00441,assumption:synthetic_operations_v1
MV-000486,2015-05-26 06:00:00,LOT-00038,comp1,issue,-1,available,MR-00443,assumption:synthetic_operations_v1
MV-000487,2015-05-26 06:00:00,LOT-00038,comp1,issue,-1,available,MR-00445,assumption:synthetic_operations_v1
MV-000488,2015-05-26 06:00:00,LOT-00038,comp1,issue,-1,available,MR-00448,assumption:synthetic_operations_v1
MV-000489,2015-05-26 06:00:00,LOT-00038,comp1,issue,-1,available,MR-00456,assumption:synthetic_operations_v1
MV-000490,2015-05-26 06:00:00,LOT-00038,comp1,issue,-1,available,MR-00460,assumption:synthetic_operations_v1
MV-000491,2015-05-26 06:00:00,LOT-00038,comp1,issue,-1,available,MR-00463,assumption:synthetic_operations_v1
MV-000492,2015-05-26 06:00:00,LOT-00033,comp4,issue,-1,available,MR-00462,assumption:synthetic_operations_v1
MV-000493,2015-05-26 06:00:00,LOT-00033,comp4,issue,-1,available,MR-00464,assumption:synthetic_operations_v1
MV-000494,2015-05-27 06:00:00,LOT-00040,comp3,receipt,15,available,,assumption:synthetic_operations_v1
MV-000495,2015-05-27 06:00:00,LOT-00041,comp3,receipt,8,available,,assumption:synthetic_operations_v1
MV-000496,2015-05-27 06:00:00,LOT-00042,comp1,receipt,7,available,,assumption:synthetic_operations_v1
MV-000497,2015-05-27 06:00:00,LOT-00038,comp1,issue,-1,available,MR-00465,assumption:synthetic_operations_v1
MV-000498,2015-05-28 06:00:00,LOT-00038,comp1,issue,-1,available,MR-00466,assumption:synthetic_operations_v1
MV-000499,2015-05-28 06:00:00,LOT-00038,comp1,issue,-1,available,MR-00472,assumption:synthetic_operations_v1
MV-000500,2015-05-28 06:00:00,LOT-00037,comp2,issue,-1,available,MR-00377,assumption:synthetic_operations_v1
MV-000501,2015-05-28 06:00:00,LOT-00037,comp2,issue,-1,available,MR-00393,assumption:synthetic_operations_v1
MV-000502,2015-05-28 06:00:00,LOT-00037,comp2,issue,-1,available,MR-00398,assumption:synthetic_operations_v1
MV-000503,2015-05-28 06:00:00,LOT-00037,comp2,issue,-1,available,MR-00404,assumption:synthetic_operations_v1
MV-000504,2015-05-28 06:00:00,LOT-00037,comp2,issue,-1,available,MR-00407,assumption:synthetic_operations_v1
MV-000505,2015-05-28 06:00:00,LOT-00037,comp2,issue,-1,available,MR-00411,assumption:synthetic_operations_v1
MV-000506,2015-05-28 06:00:00,LOT-00037,comp2,issue,-1,available,MR-00415,assumption:synthetic_operations_v1
MV-000507,2015-05-28 06:00:00,LOT-00037,comp2,issue,-1,available,MR-00418,assumption:synthetic_operations_v1
MV-000508,2015-05-28 06:00:00,LOT-00037,comp2,issue,-1,available,MR-00420,assumption:synthetic_operations_v1
MV-000509,2015-05-28 06:00:00,LOT-00037,comp2,issue,-1,available,MR-00421,assumption:synthetic_operations_v1
MV-000510,2015-05-28 06:00:00,LOT-00037,comp2,issue,-1,available,MR-00422,assumption:synthetic_operations_v1
MV-000511,2015-05-28 06:00:00,LOT-00035,comp3,issue,-1,available,MR-00468,assumption:synthetic_operations_v1
MV-000512,2015-05-28 06:00:00,LOT-00035,comp3,issue,-1,available,MR-00470,assumption:synthetic_operations_v1
MV-000513,2015-05-28 06:00:00,LOT-00035,comp3,issue,-1,available,MR-00477,assumption:synthetic_operations_v1
MV-000514,2015-05-28 06:00:00,LOT-00033,comp4,issue,-1,available,MR-00471,assumption:synthetic_operations_v1
MV-000515,2015-05-28 06:00:00,LOT-00033,comp4,issue,-1,available,MR-00475,assumption:synthetic_operations_v1
MV-000516,2015-05-28 06:00:00,LOT-00036,comp4,issue,-1,available,MR-00476,assumption:synthetic_operations_v1
MV-000517,2015-05-28 06:00:00,LOT-00036,comp4,issue,-1,available,MR-00478,assumption:synthetic_operations_v1
MV-000518,2015-05-29 06:00:00,LOT-00043,comp4,receipt,23,available,,assumption:synthetic_operations_v1
MV-000519,2015-05-29 06:00:00,LOT-00038,comp1,issue,-1,available,MR-00479,assumption:synthetic_operations_v1
MV-000520,2015-05-29 06:00:00,LOT-00036,comp4,issue,-1,available,MR-00480,assumption:synthetic_operations_v1
MV-000521,2015-05-30 06:00:00,LOT-00038,comp1,issue,-1,available,MR-00483,assumption:synthetic_operations_v1
MV-000522,2015-05-30 06:00:00,LOT-00038,comp1,issue,-1,available,MR-00486,assumption:synthetic_operations_v1
MV-000523,2015-05-30 06:00:00,LOT-00038,comp1,issue,-1,available,MR-00487,assumption:synthetic_operations_v1
MV-000524,2015-05-30 06:00:00,LOT-00040,comp3,issue,-1,available,MR-00481,assumption:synthetic_operations_v1
MV-000525,2015-05-30 06:00:00,LOT-00040,comp3,issue,-1,available,MR-00482,assumption:synthetic_operations_v1
MV-000526,2015-05-30 06:00:00,LOT-00040,comp3,issue,-1,available,MR-00488,assumption:synthetic_operations_v1
MV-000527,2015-05-30 06:00:00,LOT-00040,comp3,issue,-1,available,MR-00489,assumption:synthetic_operations_v1
MV-000528,2015-05-30 06:00:00,LOT-00036,comp4,issue,-1,available,MR-00485,assumption:synthetic_operations_v1
MV-000529,2015-05-31 06:00:00,LOT-00044,comp2,receipt,20,available,,assumption:synthetic_operations_v1
MV-000530,2015-05-31 06:00:00,LOT-00038,comp1,issue,-1,available,MR-00490,assumption:synthetic_operations_v1
MV-000531,2015-05-31 06:00:00,LOT-00038,comp1,issue,-1,available,MR-00492,assumption:synthetic_operations_v1
MV-000532,2015-05-31 06:00:00,LOT-00038,comp1,issue,-1,available,MR-00501,assumption:synthetic_operations_v1
MV-000533,2015-05-31 06:00:00,LOT-00040,comp3,issue,-1,available,MR-00495,assumption:synthetic_operations_v1
MV-000534,2015-05-31 06:00:00,LOT-00040,comp3,issue,-1,available,MR-00505,assumption:synthetic_operations_v1
MV-000535,2015-05-31 06:00:00,LOT-00036,comp4,issue,-1,available,MR-00491,assumption:synthetic_operations_v1
MV-000536,2015-05-31 06:00:00,LOT-00036,comp4,issue,-1,available,MR-00493,assumption:synthetic_operations_v1
MV-000537,2015-05-31 06:00:00,LOT-00036,comp4,issue,-1,available,MR-00496,assumption:synthetic_operations_v1
MV-000538,2015-06-01 06:00:00,LOT-00038,comp1,issue,-1,available,MR-00518,assumption:synthetic_operations_v1
MV-000539,2015-06-01 06:00:00,LOT-00040,comp3,issue,-1,available,MR-00513,assumption:synthetic_operations_v1
MV-000540,2015-06-01 06:00:00,LOT-00040,comp3,issue,-1,available,MR-00516,assumption:synthetic_operations_v1
MV-000541,2015-06-01 06:00:00,LOT-00043,comp4,issue,-1,available,MR-00500,assumption:synthetic_operations_v1
MV-000542,2015-06-01 06:00:00,LOT-00043,comp4,issue,-1,available,MR-00502,assumption:synthetic_operations_v1
MV-000543,2015-06-01 06:00:00,LOT-00043,comp4,issue,-1,available,MR-00506,assumption:synthetic_operations_v1
MV-000544,2015-06-01 06:00:00,LOT-00043,comp4,issue,-1,available,MR-00509,assumption:synthetic_operations_v1
MV-000545,2015-06-01 06:00:00,LOT-00043,comp4,issue,-1,available,MR-00511,assumption:synthetic_operations_v1
MV-000546,2015-06-01 06:00:00,LOT-00043,comp4,issue,-1,available,MR-00514,assumption:synthetic_operations_v1
MV-000547,2015-06-01 06:00:00,LOT-00043,comp4,issue,-1,available,MR-00517,assumption:synthetic_operations_v1
MV-000548,2015-06-01 07:00:00,LOT-00028,comp2,expiry,0,expired,,assumption:synthetic_operations_v1
MV-000549,2015-06-02 06:00:00,LOT-00038,comp1,issue,-1,available,MR-00521,assumption:synthetic_operations_v1
MV-000550,2015-06-02 06:00:00,LOT-00038,comp1,issue,-1,available,MR-00522,assumption:synthetic_operations_v1
MV-000551,2015-06-02 06:00:00,LOT-00039,comp2,issue,-1,available,MR-00426,assumption:synthetic_operations_v1
MV-000552,2015-06-02 06:00:00,LOT-00039,comp2,issue,-1,available,MR-00430,assumption:synthetic_operations_v1
MV-000553,2015-06-02 06:00:00,LOT-00039,comp2,issue,-1,available,MR-00431,assumption:synthetic_operations_v1
MV-000554,2015-06-02 06:00:00,LOT-00039,comp2,issue,-1,available,MR-00442,assumption:synthetic_operations_v1
MV-000555,2015-06-02 06:00:00,LOT-00039,comp2,issue,-1,available,MR-00447,assumption:synthetic_operations_v1
MV-000556,2015-06-02 06:00:00,LOT-00039,comp2,issue,-1,available,MR-00451,assumption:synthetic_operations_v1
MV-000557,2015-06-02 06:00:00,LOT-00039,comp2,issue,-1,available,MR-00452,assumption:synthetic_operations_v1
MV-000558,2015-06-02 06:00:00,LOT-00039,comp2,issue,-1,available,MR-00457,assumption:synthetic_operations_v1
MV-000559,2015-06-02 06:00:00,LOT-00039,comp2,issue,-1,available,MR-00461,assumption:synthetic_operations_v1
MV-000560,2015-06-02 06:00:00,LOT-00039,comp2,issue,-1,available,MR-00467,assumption:synthetic_operations_v1
MV-000561,2015-06-02 06:00:00,LOT-00039,comp2,issue,-1,available,MR-00469,assumption:synthetic_operations_v1
MV-000562,2015-06-02 06:00:00,LOT-00039,comp2,issue,-1,available,MR-00473,assumption:synthetic_operations_v1
MV-000563,2015-06-02 06:00:00,LOT-00039,comp2,issue,-1,available,MR-00474,assumption:synthetic_operations_v1
MV-000564,2015-06-02 06:00:00,LOT-00039,comp2,issue,-1,available,MR-00484,assumption:synthetic_operations_v1
MV-000565,2015-06-02 06:00:00,LOT-00039,comp2,issue,-1,available,MR-00494,assumption:synthetic_operations_v1
MV-000566,2015-06-02 06:00:00,LOT-00040,comp3,issue,-1,available,MR-00519,assumption:synthetic_operations_v1
MV-000567,2015-06-02 06:00:00,LOT-00040,comp3,issue,-1,available,MR-00523,assumption:synthetic_operations_v1
MV-000568,2015-06-02 06:00:00,LOT-00043,comp4,issue,-1,available,MR-00520,assumption:synthetic_operations_v1
MV-000569,2015-06-02 06:00:00,LOT-00043,comp4,issue,-1,available,MR-00524,assumption:synthetic_operations_v1
MV-000570,2015-06-03 06:00:00,LOT-00045,comp2,receipt,15,available,,assumption:synthetic_operations_v1
MV-000571,2015-06-03 06:00:00,LOT-00046,comp3,receipt,15,available,,assumption:synthetic_operations_v1
MV-000572,2015-06-03 06:00:00,LOT-00047,comp1,receipt,12,available,,assumption:synthetic_operations_v1
MV-000573,2015-06-03 06:00:00,LOT-00038,comp1,issue,-1,available,MR-00525,assumption:synthetic_operations_v1
MV-000574,2015-06-03 06:00:00,LOT-00038,comp1,issue,-1,available,MR-00526,assumption:synthetic_operations_v1
MV-000575,2015-06-03 06:00:00,LOT-00038,comp1,issue,-1,available,MR-00532,assumption:synthetic_operations_v1
MV-000576,2015-06-03 06:00:00,LOT-00040,comp3,issue,-1,available,MR-00529,assumption:synthetic_operations_v1
MV-000577,2015-06-03 06:00:00,LOT-00043,comp4,issue,-1,available,MR-00528,assumption:synthetic_operations_v1
MV-000578,2015-06-03 06:00:00,LOT-00043,comp4,issue,-1,available,MR-00530,assumption:synthetic_operations_v1
MV-000579,2015-06-03 06:00:00,LOT-00043,comp4,issue,-1,available,MR-00533,assumption:synthetic_operations_v1
MV-000580,2015-06-04 06:00:00,LOT-00038,comp1,issue,-1,available,MR-00537,assumption:synthetic_operations_v1
MV-000581,2015-06-04 06:00:00,LOT-00042,comp1,issue,-1,available,MR-00540,assumption:synthetic_operations_v1
MV-000582,2015-06-04 06:00:00,LOT-00042,comp1,issue,-1,available,MR-00541,assumption:synthetic_operations_v1
MV-000583,2015-06-04 06:00:00,LOT-00042,comp1,issue,-1,available,MR-00542,assumption:synthetic_operations_v1
MV-000584,2015-06-04 06:00:00,LOT-00040,comp3,issue,-1,available,MR-00535,assumption:synthetic_operations_v1
MV-000585,2015-06-04 06:00:00,LOT-00040,comp3,issue,-1,available,MR-00539,assumption:synthetic_operations_v1
MV-000586,2015-06-04 06:00:00,LOT-00040,comp3,issue,-1,available,MR-00544,assumption:synthetic_operations_v1
MV-000587,2015-06-04 06:00:00,LOT-00040,comp3,issue,-1,available,MR-00546,assumption:synthetic_operations_v1
MV-000588,2015-06-04 06:00:00,LOT-00043,comp4,issue,-1,available,MR-00536,assumption:synthetic_operations_v1
MV-000589,2015-06-04 06:00:00,LOT-00043,comp4,issue,-1,available,MR-00543,assumption:synthetic_operations_v1
MV-000590,2015-06-04 06:00:00,LOT-00043,comp4,issue,-1,available,MR-00545,assumption:synthetic_operations_v1
MV-000591,2015-06-05 06:00:00,LOT-00042,comp1,issue,-1,available,MR-00547,assumption:synthetic_operations_v1
MV-000592,2015-06-05 06:00:00,LOT-00042,comp1,issue,-1,available,MR-00548,assumption:synthetic_operations_v1
MV-000593,2015-06-05 06:00:00,LOT-00042,comp1,issue,-1,available,MR-00550,assumption:synthetic_operations_v1
MV-000594,2015-06-05 06:00:00,LOT-00042,comp1,issue,-1,available,MR-00553,assumption:synthetic_operations_v1
MV-000595,2015-06-05 06:00:00,LOT-00041,comp3,issue,-1,available,MR-00551,assumption:synthetic_operations_v1
MV-000596,2015-06-05 06:00:00,LOT-00043,comp4,issue,-1,available,MR-00555,assumption:synthetic_operations_v1
MV-000597,2015-06-05 06:00:00,LOT-00043,comp4,issue,-1,available,MR-00556,assumption:synthetic_operations_v1
MV-000598,2015-06-05 07:00:00,LOT-00029,comp2,expiry,0,expired,,assumption:synthetic_operations_v1
MV-000599,2015-06-06 06:00:00,LOT-00048,comp4,receipt,14,available,,assumption:synthetic_operations_v1
MV-000600,2015-06-06 06:00:00,LOT-00047,comp1,issue,-1,available,MR-00558,assumption:synthetic_operations_v1
MV-000601,2015-06-06 06:00:00,LOT-00047,comp1,issue,-1,available,MR-00560,assumption:synthetic_operations_v1
MV-000602,2015-06-06 06:00:00,LOT-00043,comp4,issue,-1,available,MR-00557,assumption:synthetic_operations_v1
MV-000603,2015-06-06 06:00:00,LOT-00043,comp4,issue,-1,available,MR-00559,assumption:synthetic_operations_v1
MV-000604,2015-06-06 06:00:00,LOT-00043,comp4,issue,-1,available,MR-00561,assumption:synthetic_operations_v1
MV-000605,2015-06-06 06:00:00,LOT-00043,comp4,issue,-1,available,MR-00562,assumption:synthetic_operations_v1
MV-000606,2015-06-06 06:00:00,LOT-00043,comp4,issue,-1,available,MR-00564,assumption:synthetic_operations_v1
MV-000607,2015-06-07 06:00:00,LOT-00047,comp1,issue,-1,available,MR-00565,assumption:synthetic_operations_v1
MV-000608,2015-06-07 06:00:00,LOT-00047,comp1,issue,-1,available,MR-00570,assumption:synthetic_operations_v1
MV-000609,2015-06-07 06:00:00,LOT-00044,comp2,issue,-1,available,MR-00497,assumption:synthetic_operations_v1
MV-000610,2015-06-07 06:00:00,LOT-00044,comp2,issue,-1,available,MR-00498,assumption:synthetic_operations_v1
MV-000611,2015-06-07 06:00:00,LOT-00044,comp2,issue,-1,available,MR-00499,assumption:synthetic_operations_v1
MV-000612,2015-06-07 06:00:00,LOT-00044,comp2,issue,-1,available,MR-00503,assumption:synthetic_operations_v1
MV-000613,2015-06-07 06:00:00,LOT-00044,comp2,issue,-1,available,MR-00504,assumption:synthetic_operations_v1
MV-000614,2015-06-07 06:00:00,LOT-00044,comp2,issue,-1,available,MR-00507,assumption:synthetic_operations_v1
MV-000615,2015-06-07 06:00:00,LOT-00044,comp2,issue,-1,available,MR-00508,assumption:synthetic_operations_v1
MV-000616,2015-06-07 06:00:00,LOT-00044,comp2,issue,-1,available,MR-00510,assumption:synthetic_operations_v1
MV-000617,2015-06-07 06:00:00,LOT-00044,comp2,issue,-1,available,MR-00512,assumption:synthetic_operations_v1
MV-000618,2015-06-07 06:00:00,LOT-00044,comp2,issue,-1,available,MR-00515,assumption:synthetic_operations_v1
MV-000619,2015-06-07 06:00:00,LOT-00044,comp2,issue,-1,available,MR-00527,assumption:synthetic_operations_v1
MV-000620,2015-06-07 06:00:00,LOT-00044,comp2,issue,-1,available,MR-00531,assumption:synthetic_operations_v1
MV-000621,2015-06-07 06:00:00,LOT-00044,comp2,issue,-1,available,MR-00534,assumption:synthetic_operations_v1
MV-000622,2015-06-07 06:00:00,LOT-00044,comp2,issue,-1,available,MR-00538,assumption:synthetic_operations_v1
MV-000623,2015-06-07 06:00:00,LOT-00044,comp2,issue,-1,available,MR-00549,assumption:synthetic_operations_v1
MV-000624,2015-06-07 06:00:00,LOT-00044,comp2,issue,-1,available,MR-00552,assumption:synthetic_operations_v1
MV-000625,2015-06-07 06:00:00,LOT-00044,comp2,issue,-1,available,MR-00554,assumption:synthetic_operations_v1
MV-000626,2015-06-07 06:00:00,LOT-00044,comp2,issue,-1,available,MR-00563,assumption:synthetic_operations_v1
MV-000627,2015-06-07 06:00:00,LOT-00044,comp2,issue,-1,available,MR-00566,assumption:synthetic_operations_v1
MV-000628,2015-06-07 06:00:00,LOT-00044,comp2,issue,-1,available,MR-00567,assumption:synthetic_operations_v1
MV-000629,2015-06-07 06:00:00,LOT-00041,comp3,issue,-1,available,MR-00575,assumption:synthetic_operations_v1
MV-000630,2015-06-07 06:00:00,LOT-00043,comp4,issue,-1,available,MR-00568,assumption:synthetic_operations_v1
MV-000631,2015-06-08 06:00:00,LOT-00047,comp1,issue,-1,available,MR-00583,assumption:synthetic_operations_v1
MV-000632,2015-06-08 06:00:00,LOT-00041,comp3,issue,-1,available,MR-00577,assumption:synthetic_operations_v1
MV-000633,2015-06-08 06:00:00,LOT-00041,comp3,issue,-1,available,MR-00579,assumption:synthetic_operations_v1
MV-000634,2015-06-09 06:00:00,LOT-00041,comp3,issue,-1,available,MR-00586,assumption:synthetic_operations_v1
MV-000635,2015-06-09 06:00:00,LOT-00041,comp3,issue,-1,available,MR-00587,assumption:synthetic_operations_v1
MV-000636,2015-06-09 06:00:00,LOT-00048,comp4,issue,-1,available,MR-00572,assumption:synthetic_operations_v1
MV-000637,2015-06-09 06:00:00,LOT-00048,comp4,issue,-1,available,MR-00576,assumption:synthetic_operations_v1
MV-000638,2015-06-09 06:00:00,LOT-00048,comp4,issue,-1,available,MR-00581,assumption:synthetic_operations_v1
MV-000639,2015-06-09 06:00:00,LOT-00048,comp4,issue,-1,available,MR-00582,assumption:synthetic_operations_v1
MV-000640,2015-06-10 06:00:00,LOT-00049,comp2,receipt,27,available,,assumption:synthetic_operations_v1
MV-000641,2015-06-10 06:00:00,LOT-00050,comp3,receipt,10,available,,assumption:synthetic_operations_v1
MV-000642,2015-06-10 06:00:00,LOT-00047,comp1,issue,-1,available,MR-00590,assumption:synthetic_operations_v1
MV-000643,2015-06-10 06:00:00,LOT-00047,comp1,issue,-1,available,MR-00591,assumption:synthetic_operations_v1
MV-000644,2015-06-10 06:00:00,LOT-00047,comp1,issue,-1,available,MR-00593,assumption:synthetic_operations_v1
MV-000645,2015-06-10 06:00:00,LOT-00045,comp2,issue,-1,available,MR-00569,assumption:synthetic_operations_v1
MV-000646,2015-06-10 06:00:00,LOT-00045,comp2,issue,-1,available,MR-00571,assumption:synthetic_operations_v1
MV-000647,2015-06-10 06:00:00,LOT-00045,comp2,issue,-1,available,MR-00573,assumption:synthetic_operations_v1
MV-000648,2015-06-10 06:00:00,LOT-00045,comp2,issue,-1,available,MR-00574,assumption:synthetic_operations_v1
MV-000649,2015-06-10 06:00:00,LOT-00045,comp2,issue,-1,available,MR-00578,assumption:synthetic_operations_v1
MV-000650,2015-06-10 06:00:00,LOT-00045,comp2,issue,-1,available,MR-00580,assumption:synthetic_operations_v1
MV-000651,2015-06-10 06:00:00,LOT-00045,comp2,issue,-1,available,MR-00584,assumption:synthetic_operations_v1
MV-000652,2015-06-10 06:00:00,LOT-00045,comp2,issue,-1,available,MR-00585,assumption:synthetic_operations_v1
MV-000653,2015-06-10 06:00:00,LOT-00045,comp2,issue,-1,available,MR-00588,assumption:synthetic_operations_v1
MV-000654,2015-06-10 06:00:00,LOT-00041,comp3,issue,-1,available,MR-00589,assumption:synthetic_operations_v1
MV-000655,2015-06-10 06:00:00,LOT-00048,comp4,issue,-1,available,MR-00592,assumption:synthetic_operations_v1
MV-000656,2015-06-12 06:00:00,LOT-00047,comp1,issue,-1,available,MR-00594,assumption:synthetic_operations_v1
MV-000657,2015-06-12 06:00:00,LOT-00047,comp1,issue,-1,available,MR-00596,assumption:synthetic_operations_v1
MV-000658,2015-06-12 06:00:00,LOT-00047,comp1,issue,-1,available,MR-00598,assumption:synthetic_operations_v1
MV-000659,2015-06-12 06:00:00,LOT-00047,comp1,issue,-1,available,MR-00602,assumption:synthetic_operations_v1
MV-000660,2015-06-12 06:00:00,LOT-00045,comp2,issue,-1,available,MR-00603,assumption:synthetic_operations_v1
MV-000661,2015-06-12 06:00:00,LOT-00041,comp3,issue,-1,available,MR-00595,assumption:synthetic_operations_v1
MV-000662,2015-06-12 06:00:00,LOT-00046,comp3,issue,-1,available,MR-00597,assumption:synthetic_operations_v1
MV-000663,2015-06-12 06:00:00,LOT-00046,comp3,issue,-1,available,MR-00600,assumption:synthetic_operations_v1
MV-000664,2015-06-12 06:00:00,LOT-00048,comp4,issue,-1,available,MR-00599,assumption:synthetic_operations_v1
MV-000665,2015-06-12 06:00:00,LOT-00048,comp4,issue,-1,available,MR-00601,assumption:synthetic_operations_v1
MV-000666,2015-06-12 06:00:00,LOT-00048,comp4,issue,-1,available,MR-00604,assumption:synthetic_operations_v1
MV-000667,2015-06-13 06:00:00,LOT-00051,comp1,receipt,16,available,,assumption:synthetic_operations_v1
MV-000668,2015-06-13 06:00:00,LOT-00046,comp3,issue,-1,available,MR-00605,assumption:synthetic_operations_v1
MV-000669,2015-06-13 06:00:00,LOT-00048,comp4,issue,-1,available,MR-00606,assumption:synthetic_operations_v1
MV-000670,2015-06-14 06:00:00,LOT-00051,comp1,issue,-1,available,MR-00607,assumption:synthetic_operations_v1
MV-000671,2015-06-14 06:00:00,LOT-00045,comp2,issue,-1,available,MR-00608,assumption:synthetic_operations_v1
MV-000672,2015-06-14 06:00:00,LOT-00045,comp2,issue,-1,available,MR-00609,assumption:synthetic_operations_v1
MV-000673,2015-06-14 06:00:00,LOT-00045,comp2,issue,-1,available,MR-00612,assumption:synthetic_operations_v1
MV-000674,2015-06-14 06:00:00,LOT-00045,comp2,issue,-1,available,MR-00613,assumption:synthetic_operations_v1
MV-000675,2015-06-14 06:00:00,LOT-00046,comp3,issue,-1,available,MR-00611,assumption:synthetic_operations_v1
MV-000676,2015-06-14 06:00:00,LOT-00048,comp4,issue,-1,available,MR-00610,assumption:synthetic_operations_v1
MV-000677,2015-06-15 06:00:00,LOT-00051,comp1,issue,-1,available,MR-00621,assumption:synthetic_operations_v1
MV-000678,2015-06-15 06:00:00,LOT-00051,comp1,issue,-1,available,MR-00624,assumption:synthetic_operations_v1
MV-000679,2015-06-15 06:00:00,LOT-00045,comp2,issue,-1,available,MR-00616,assumption:synthetic_operations_v1
MV-000680,2015-06-15 06:00:00,LOT-00046,comp3,issue,-1,available,MR-00615,assumption:synthetic_operations_v1
MV-000681,2015-06-15 06:00:00,LOT-00046,comp3,issue,-1,available,MR-00617,assumption:synthetic_operations_v1
MV-000682,2015-06-15 06:00:00,LOT-00046,comp3,issue,-1,available,MR-00623,assumption:synthetic_operations_v1
MV-000683,2015-06-15 06:00:00,LOT-00046,comp3,issue,-1,available,MR-00627,assumption:synthetic_operations_v1
MV-000684,2015-06-15 06:00:00,LOT-00048,comp4,issue,-1,available,MR-00614,assumption:synthetic_operations_v1
MV-000685,2015-06-15 06:00:00,LOT-00048,comp4,issue,-1,available,MR-00618,assumption:synthetic_operations_v1
MV-000686,2015-06-15 06:00:00,LOT-00048,comp4,issue,-1,available,MR-00619,assumption:synthetic_operations_v1
MV-000687,2015-06-15 06:00:00,LOT-00048,comp4,issue,-1,available,MR-00622,assumption:synthetic_operations_v1
MV-000688,2015-06-16 06:00:00,LOT-00051,comp1,issue,-1,available,MR-00630,assumption:synthetic_operations_v1
MV-000689,2015-06-16 06:00:00,LOT-00051,comp1,issue,-1,available,MR-00631,assumption:synthetic_operations_v1
MV-000690,2015-06-16 06:00:00,LOT-00051,comp1,issue,-1,available,MR-00632,assumption:synthetic_operations_v1
MV-000691,2015-06-16 06:00:00,LOT-00051,comp1,issue,-1,available,MR-00636,assumption:synthetic_operations_v1
MV-000692,2015-06-16 06:00:00,LOT-00051,comp1,issue,-1,available,MR-00642,assumption:synthetic_operations_v1
MV-000693,2015-06-16 06:00:00,LOT-00046,comp3,issue,-1,available,MR-00634,assumption:synthetic_operations_v1
MV-000694,2015-06-16 06:00:00,LOT-00046,comp3,issue,-1,available,MR-00637,assumption:synthetic_operations_v1
MV-000695,2015-06-16 06:00:00,LOT-00046,comp3,issue,-1,available,MR-00639,assumption:synthetic_operations_v1
MV-000696,2015-06-17 06:00:00,LOT-00052,comp3,receipt,14,available,,assumption:synthetic_operations_v1
MV-000697,2015-06-17 06:00:00,LOT-00051,comp1,issue,-1,available,MR-00647,assumption:synthetic_operations_v1
MV-000698,2015-06-17 06:00:00,LOT-00051,comp1,issue,-1,available,MR-00649,assumption:synthetic_operations_v1
MV-000699,2015-06-17 06:00:00,LOT-00049,comp2,issue,-1,available,MR-00620,assumption:synthetic_operations_v1
MV-000700,2015-06-17 06:00:00,LOT-00049,comp2,issue,-1,available,MR-00625,assumption:synthetic_operations_v1
MV-000701,2015-06-17 06:00:00,LOT-00049,comp2,issue,-1,available,MR-00626,assumption:synthetic_operations_v1
MV-000702,2015-06-17 06:00:00,LOT-00049,comp2,issue,-1,available,MR-00628,assumption:synthetic_operations_v1
MV-000703,2015-06-17 06:00:00,LOT-00049,comp2,issue,-1,available,MR-00638,assumption:synthetic_operations_v1
MV-000704,2015-06-17 06:00:00,LOT-00049,comp2,issue,-1,available,MR-00640,assumption:synthetic_operations_v1
MV-000705,2015-06-17 06:00:00,LOT-00049,comp2,issue,-1,available,MR-00643,assumption:synthetic_operations_v1
MV-000706,2015-06-17 06:00:00,LOT-00049,comp2,issue,-1,available,MR-00645,assumption:synthetic_operations_v1
MV-000707,2015-06-17 06:00:00,LOT-00046,comp3,issue,-1,available,MR-00646,assumption:synthetic_operations_v1
MV-000708,2015-06-18 06:00:00,LOT-00053,comp4,receipt,17,available,,assumption:synthetic_operations_v1
MV-000709,2015-06-18 06:00:00,LOT-00051,comp1,issue,-1,available,MR-00653,assumption:synthetic_operations_v1
MV-000710,2015-06-18 06:00:00,LOT-00051,comp1,issue,-1,available,MR-00654,assumption:synthetic_operations_v1
MV-000711,2015-06-18 06:00:00,LOT-00049,comp2,issue,-1,available,MR-00650,assumption:synthetic_operations_v1
MV-000712,2015-06-18 06:00:00,LOT-00049,comp2,issue,-1,available,MR-00652,assumption:synthetic_operations_v1
MV-000713,2015-06-18 06:00:00,LOT-00049,comp2,issue,-1,available,MR-00655,assumption:synthetic_operations_v1
MV-000714,2015-06-18 06:00:00,LOT-00049,comp2,issue,-1,available,MR-00656,assumption:synthetic_operations_v1
MV-000715,2015-06-18 06:00:00,LOT-00046,comp3,issue,-1,available,MR-00651,assumption:synthetic_operations_v1
MV-000716,2015-06-18 06:00:00,LOT-00046,comp3,issue,-1,available,MR-00657,assumption:synthetic_operations_v1
MV-000717,2015-06-19 06:00:00,LOT-00054,comp2,receipt,20,quarantined,,assumption:synthetic_operations_v1
MV-000718,2015-06-19 06:00:00,LOT-00051,comp1,issue,-1,available,MR-00658,assumption:synthetic_operations_v1
MV-000719,2015-06-19 06:00:00,LOT-00051,comp1,issue,-1,available,MR-00661,assumption:synthetic_operations_v1
MV-000720,2015-06-19 06:00:00,LOT-00051,comp1,issue,-1,available,MR-00667,assumption:synthetic_operations_v1
MV-000721,2015-06-19 06:00:00,LOT-00049,comp2,issue,-1,available,MR-00662,assumption:synthetic_operations_v1
MV-000722,2015-06-19 06:00:00,LOT-00049,comp2,issue,-1,available,MR-00664,assumption:synthetic_operations_v1
MV-000723,2015-06-19 06:00:00,LOT-00049,comp2,issue,-1,available,MR-00670,assumption:synthetic_operations_v1
MV-000724,2015-06-19 06:00:00,LOT-00046,comp3,issue,-1,available,MR-00660,assumption:synthetic_operations_v1
MV-000725,2015-06-19 06:00:00,LOT-00050,comp3,issue,-1,available,MR-00663,assumption:synthetic_operations_v1
MV-000726,2015-06-19 06:00:00,LOT-00050,comp3,issue,-1,available,MR-00668,assumption:synthetic_operations_v1
MV-000727,2015-06-19 06:00:00,LOT-00050,comp3,issue,-1,available,MR-00672,assumption:synthetic_operations_v1
MV-000728,2015-06-20 06:00:00,LOT-00051,comp1,issue,-1,available,MR-00681,assumption:synthetic_operations_v1
MV-000729,2015-06-20 06:00:00,LOT-00049,comp2,issue,-1,available,MR-00673,assumption:synthetic_operations_v1
MV-000730,2015-06-20 06:00:00,LOT-00049,comp2,issue,-1,available,MR-00678,assumption:synthetic_operations_v1
MV-000731,2015-06-20 06:00:00,LOT-00049,comp2,issue,-1,available,MR-00680,assumption:synthetic_operations_v1
MV-000732,2015-06-20 06:00:00,LOT-00049,comp2,issue,-1,available,MR-00682,assumption:synthetic_operations_v1
MV-000733,2015-06-20 06:00:00,LOT-00050,comp3,issue,-1,available,MR-00674,assumption:synthetic_operations_v1
MV-000734,2015-06-20 06:00:00,LOT-00050,comp3,issue,-1,available,MR-00675,assumption:synthetic_operations_v1
MV-000735,2015-06-20 06:00:00,LOT-00050,comp3,issue,-1,available,MR-00679,assumption:synthetic_operations_v1
MV-000736,2015-06-20 07:00:00,LOT-00037,comp2,expiry,0,expired,,assumption:synthetic_operations_v1
MV-000737,2015-06-21 06:00:00,LOT-00049,comp2,issue,-1,available,MR-00690,assumption:synthetic_operations_v1
MV-000738,2015-06-21 06:00:00,LOT-00050,comp3,issue,-1,available,MR-00683,assumption:synthetic_operations_v1
MV-000739,2015-06-21 06:00:00,LOT-00050,comp3,issue,-1,available,MR-00691,assumption:synthetic_operations_v1
MV-000740,2015-06-21 06:00:00,LOT-00050,comp3,issue,-1,available,MR-00692,assumption:synthetic_operations_v1
MV-000741,2015-06-21 06:00:00,LOT-00050,comp3,issue,-1,available,MR-00693,assumption:synthetic_operations_v1
MV-000742,2015-06-21 06:00:00,LOT-00053,comp4,issue,-1,available,MR-00629,assumption:synthetic_operations_v1
MV-000743,2015-06-21 06:00:00,LOT-00053,comp4,issue,-1,available,MR-00633,assumption:synthetic_operations_v1
MV-000744,2015-06-21 06:00:00,LOT-00053,comp4,issue,-1,available,MR-00635,assumption:synthetic_operations_v1
MV-000745,2015-06-21 06:00:00,LOT-00053,comp4,issue,-1,available,MR-00641,assumption:synthetic_operations_v1
MV-000746,2015-06-21 06:00:00,LOT-00053,comp4,issue,-1,available,MR-00644,assumption:synthetic_operations_v1
MV-000747,2015-06-21 06:00:00,LOT-00053,comp4,issue,-1,available,MR-00648,assumption:synthetic_operations_v1
MV-000748,2015-06-21 06:00:00,LOT-00053,comp4,issue,-1,available,MR-00659,assumption:synthetic_operations_v1
MV-000749,2015-06-21 06:00:00,LOT-00053,comp4,issue,-1,available,MR-00665,assumption:synthetic_operations_v1
MV-000750,2015-06-21 06:00:00,LOT-00053,comp4,issue,-1,available,MR-00666,assumption:synthetic_operations_v1
MV-000751,2015-06-21 06:00:00,LOT-00053,comp4,issue,-1,available,MR-00669,assumption:synthetic_operations_v1
MV-000752,2015-06-21 06:00:00,LOT-00053,comp4,issue,-1,available,MR-00671,assumption:synthetic_operations_v1
MV-000753,2015-06-21 06:00:00,LOT-00053,comp4,issue,-1,available,MR-00676,assumption:synthetic_operations_v1
MV-000754,2015-06-21 06:00:00,LOT-00053,comp4,issue,-1,available,MR-00677,assumption:synthetic_operations_v1
MV-000755,2015-06-21 06:00:00,LOT-00053,comp4,issue,-1,available,MR-00684,assumption:synthetic_operations_v1
MV-000756,2015-06-21 06:00:00,LOT-00053,comp4,issue,-1,available,MR-00687,assumption:synthetic_operations_v1
MV-000757,2015-06-21 06:00:00,LOT-00053,comp4,issue,-1,available,MR-00689,assumption:synthetic_operations_v1
MV-000758,2015-06-22 06:00:00,LOT-00055,comp1,receipt,16,available,,assumption:synthetic_operations_v1
MV-000759,2015-06-22 06:00:00,LOT-00054,comp2,quality_release,0,available,,assumption:synthetic_operations_v1
MV-000760,2015-06-22 06:00:00,LOT-00049,comp2,issue,-1,available,MR-00694,assumption:synthetic_operations_v1
MV-000761,2015-06-22 06:00:00,LOT-00049,comp2,issue,-1,available,MR-00697,assumption:synthetic_operations_v1
MV-000762,2015-06-22 06:00:00,LOT-00049,comp2,issue,-1,available,MR-00698,assumption:synthetic_operations_v1
MV-000763,2015-06-22 06:00:00,LOT-00049,comp2,issue,-1,available,MR-00699,assumption:synthetic_operations_v1
MV-000764,2015-06-22 06:00:00,LOT-00052,comp3,issue,-1,available,MR-00696,assumption:synthetic_operations_v1
MV-000765,2015-06-22 06:00:00,LOT-00052,comp3,issue,-1,available,MR-00700,assumption:synthetic_operations_v1
MV-000766,2015-06-22 06:00:00,LOT-00053,comp4,issue,-1,available,MR-00703,assumption:synthetic_operations_v1
MV-000767,2015-06-23 06:00:00,LOT-00055,comp1,issue,-1,available,MR-00685,assumption:synthetic_operations_v1
MV-000768,2015-06-23 06:00:00,LOT-00055,comp1,issue,-1,available,MR-00686,assumption:synthetic_operations_v1
MV-000769,2015-06-23 06:00:00,LOT-00055,comp1,issue,-1,available,MR-00688,assumption:synthetic_operations_v1
MV-000770,2015-06-23 06:00:00,LOT-00055,comp1,issue,-1,available,MR-00695,assumption:synthetic_operations_v1
MV-000771,2015-06-23 06:00:00,LOT-00055,comp1,issue,-1,available,MR-00701,assumption:synthetic_operations_v1
MV-000772,2015-06-23 06:00:00,LOT-00055,comp1,issue,-1,available,MR-00702,assumption:synthetic_operations_v1
MV-000773,2015-06-23 06:00:00,LOT-00049,comp2,issue,-1,available,MR-00705,assumption:synthetic_operations_v1
MV-000774,2015-06-23 06:00:00,LOT-00049,comp2,issue,-1,available,MR-00707,assumption:synthetic_operations_v1
MV-000775,2015-06-23 06:00:00,LOT-00052,comp3,issue,-1,available,MR-00706,assumption:synthetic_operations_v1
MV-000776,2015-06-23 06:00:00,LOT-00052,comp3,issue,-1,available,MR-00708,assumption:synthetic_operations_v1
MV-000777,2015-06-23 06:00:00,LOT-00052,comp3,issue,-1,available,MR-00709,assumption:synthetic_operations_v1
MV-000778,2015-06-24 06:00:00,LOT-00056,comp2,receipt,21,available,,assumption:synthetic_operations_v1
MV-000779,2015-06-24 06:00:00,LOT-00057,comp4,receipt,11,available,,assumption:synthetic_operations_v1
MV-000780,2015-06-24 06:00:00,LOT-00058,comp3,receipt,11,available,,assumption:synthetic_operations_v1
MV-000781,2015-06-24 06:00:00,LOT-00059,comp1,receipt,15,available,,assumption:synthetic_operations_v1
MV-000782,2015-06-24 06:00:00,LOT-00049,comp2,issue,-1,available,MR-00710,assumption:synthetic_operations_v1
MV-000783,2015-06-25 06:00:00,LOT-00060,comp4,receipt,23,available,,assumption:synthetic_operations_v1
MV-000784,2015-06-25 06:00:00,LOT-00055,comp1,issue,-1,available,MR-00716,assumption:synthetic_operations_v1
MV-000785,2015-06-25 06:00:00,LOT-00052,comp3,issue,-1,available,MR-00714,assumption:synthetic_operations_v1
MV-000786,2015-06-25 06:00:00,LOT-00052,comp3,issue,-1,available,MR-00717,assumption:synthetic_operations_v1
MV-000787,2015-06-25 06:00:00,LOT-00052,comp3,issue,-1,available,MR-00718,assumption:synthetic_operations_v1
MV-000788,2015-06-25 07:00:00,LOT-00039,comp2,expiry,0,expired,,assumption:synthetic_operations_v1
MV-000789,2015-06-26 06:00:00,LOT-00054,comp2,issue,-1,available,MR-00712,assumption:synthetic_operations_v1
MV-000790,2015-06-26 06:00:00,LOT-00052,comp3,issue,-1,available,MR-00719,assumption:synthetic_operations_v1
MV-000791,2015-06-26 07:00:00,LOT-00006,comp3,expiry,0,expired,,assumption:synthetic_operations_v1
MV-000792,2015-06-27 06:00:00,LOT-00055,comp1,issue,-1,available,MR-00723,assumption:synthetic_operations_v1
MV-000793,2015-06-27 06:00:00,LOT-00055,comp1,issue,-1,available,MR-00727,assumption:synthetic_operations_v1
MV-000794,2015-06-27 06:00:00,LOT-00055,comp1,issue,-1,available,MR-00729,assumption:synthetic_operations_v1
MV-000795,2015-06-27 06:00:00,LOT-00055,comp1,issue,-1,available,MR-00731,assumption:synthetic_operations_v1
MV-000796,2015-06-27 06:00:00,LOT-00054,comp2,issue,-1,available,MR-00720,assumption:synthetic_operations_v1
MV-000797,2015-06-27 06:00:00,LOT-00054,comp2,issue,-1,available,MR-00722,assumption:synthetic_operations_v1
MV-000798,2015-06-27 06:00:00,LOT-00054,comp2,issue,-1,available,MR-00724,assumption:synthetic_operations_v1
MV-000799,2015-06-27 06:00:00,LOT-00054,comp2,issue,-1,available,MR-00725,assumption:synthetic_operations_v1
MV-000800,2015-06-27 06:00:00,LOT-00052,comp3,issue,-1,available,MR-00728,assumption:synthetic_operations_v1
MV-000801,2015-06-27 06:00:00,LOT-00052,comp3,issue,-1,available,MR-00730,assumption:synthetic_operations_v1
MV-000802,2015-06-27 06:00:00,LOT-00052,comp3,issue,-1,available,MR-00732,assumption:synthetic_operations_v1
MV-000803,2015-06-27 06:00:00,LOT-00057,comp4,issue,-1,available,MR-00704,assumption:synthetic_operations_v1
MV-000804,2015-06-27 06:00:00,LOT-00057,comp4,issue,-1,available,MR-00711,assumption:synthetic_operations_v1
MV-000805,2015-06-27 06:00:00,LOT-00057,comp4,issue,-1,available,MR-00713,assumption:synthetic_operations_v1
MV-000806,2015-06-27 06:00:00,LOT-00057,comp4,issue,-1,available,MR-00715,assumption:synthetic_operations_v1
MV-000807,2015-06-27 06:00:00,LOT-00057,comp4,issue,-1,available,MR-00721,assumption:synthetic_operations_v1
MV-000808,2015-06-27 06:00:00,LOT-00057,comp4,issue,-1,available,MR-00726,assumption:synthetic_operations_v1
MV-000809,2015-06-28 06:00:00,LOT-00052,comp3,issue,-1,available,MR-00733,assumption:synthetic_operations_v1
MV-000810,2015-06-29 06:00:00,LOT-00055,comp1,issue,-1,available,MR-00735,assumption:synthetic_operations_v1
MV-000811,2015-06-29 06:00:00,LOT-00055,comp1,issue,-1,available,MR-00737,assumption:synthetic_operations_v1
MV-000812,2015-06-29 06:00:00,LOT-00055,comp1,issue,-1,available,MR-00741,assumption:synthetic_operations_v1
MV-000813,2015-06-29 06:00:00,LOT-00055,comp1,issue,-1,available,MR-00742,assumption:synthetic_operations_v1
MV-000814,2015-06-29 06:00:00,LOT-00055,comp1,issue,-1,available,MR-00744,assumption:synthetic_operations_v1
MV-000815,2015-06-29 06:00:00,LOT-00054,comp2,issue,-1,available,MR-00734,assumption:synthetic_operations_v1
MV-000816,2015-06-29 06:00:00,LOT-00054,comp2,issue,-1,available,MR-00736,assumption:synthetic_operations_v1
MV-000817,2015-06-29 06:00:00,LOT-00054,comp2,issue,-1,available,MR-00738,assumption:synthetic_operations_v1
MV-000818,2015-06-29 06:00:00,LOT-00052,comp3,issue,-1,available,MR-00740,assumption:synthetic_operations_v1
MV-000819,2015-06-29 06:00:00,LOT-00058,comp3,issue,-1,available,MR-00743,assumption:synthetic_operations_v1
MV-000820,2015-06-29 06:00:00,LOT-00057,comp4,issue,-1,available,MR-00739,assumption:synthetic_operations_v1
MV-000821,2015-06-29 06:00:00,LOT-00057,comp4,issue,-1,available,MR-00745,assumption:synthetic_operations_v1
MV-000822,2015-06-30 06:00:00,LOT-00059,comp1,issue,-1,available,MR-00749,assumption:synthetic_operations_v1
MV-000823,2015-06-30 06:00:00,LOT-00059,comp1,issue,-1,available,MR-00757,assumption:synthetic_operations_v1
MV-000824,2015-06-30 06:00:00,LOT-00054,comp2,issue,-1,available,MR-00748,assumption:synthetic_operations_v1
MV-000825,2015-06-30 06:00:00,LOT-00054,comp2,issue,-1,available,MR-00750,assumption:synthetic_operations_v1
MV-000826,2015-06-30 06:00:00,LOT-00054,comp2,issue,-1,available,MR-00751,assumption:synthetic_operations_v1
MV-000827,2015-06-30 06:00:00,LOT-00054,comp2,issue,-1,available,MR-00755,assumption:synthetic_operations_v1
MV-000828,2015-06-30 06:00:00,LOT-00058,comp3,issue,-1,available,MR-00746,assumption:synthetic_operations_v1
MV-000829,2015-06-30 06:00:00,LOT-00058,comp3,issue,-1,available,MR-00754,assumption:synthetic_operations_v1
MV-000830,2015-06-30 06:00:00,LOT-00058,comp3,issue,-1,available,MR-00756,assumption:synthetic_operations_v1
MV-000831,2015-06-30 06:00:00,LOT-00058,comp3,issue,-1,available,MR-00758,assumption:synthetic_operations_v1
MV-000832,2015-06-30 06:00:00,LOT-00057,comp4,issue,-1,available,MR-00747,assumption:synthetic_operations_v1
MV-000833,2015-06-30 06:00:00,LOT-00057,comp4,issue,-1,available,MR-00752,assumption:synthetic_operations_v1
MV-000834,2015-06-30 06:00:00,LOT-00057,comp4,issue,-1,available,MR-00753,assumption:synthetic_operations_v1
MV-000835,2015-06-30 07:00:00,LOT-00044,comp2,expiry,0,expired,,assumption:synthetic_operations_v1
MV-000836,2015-07-01 06:00:00,LOT-00061,comp2,receipt,10,available,,assumption:synthetic_operations_v1
MV-000837,2015-07-01 06:00:00,LOT-00062,comp4,receipt,18,available,,assumption:synthetic_operations_v1
MV-000838,2015-07-01 06:00:00,LOT-00063,comp3,receipt,12,available,,assumption:synthetic_operations_v1
MV-000839,2015-07-01 06:00:00,LOT-00064,comp1,receipt,10,available,,assumption:synthetic_operations_v1
MV-000840,2015-07-01 06:00:00,LOT-00059,comp1,issue,-1,available,MR-00759,assumption:synthetic_operations_v1
MV-000841,2015-07-01 06:00:00,LOT-00059,comp1,issue,-1,available,MR-00763,assumption:synthetic_operations_v1
MV-000842,2015-07-01 06:00:00,LOT-00059,comp1,issue,-1,available,MR-00766,assumption:synthetic_operations_v1
MV-000843,2015-07-01 06:00:00,LOT-00059,comp1,issue,-1,available,MR-00769,assumption:synthetic_operations_v1
MV-000844,2015-07-01 06:00:00,LOT-00059,comp1,issue,-1,available,MR-00770,assumption:synthetic_operations_v1
MV-000845,2015-07-01 06:00:00,LOT-00054,comp2,issue,-1,available,MR-00760,assumption:synthetic_operations_v1
MV-000846,2015-07-01 06:00:00,LOT-00054,comp2,issue,-1,available,MR-00764,assumption:synthetic_operations_v1
MV-000847,2015-07-01 06:00:00,LOT-00054,comp2,issue,-1,available,MR-00772,assumption:synthetic_operations_v1
MV-000848,2015-07-01 06:00:00,LOT-00058,comp3,issue,-1,available,MR-00761,assumption:synthetic_operations_v1
MV-000849,2015-07-01 06:00:00,LOT-00058,comp3,issue,-1,available,MR-00762,assumption:synthetic_operations_v1
MV-000850,2015-07-01 06:00:00,LOT-00058,comp3,issue,-1,available,MR-00765,assumption:synthetic_operations_v1
MV-000851,2015-07-01 06:00:00,LOT-00058,comp3,issue,-1,available,MR-00768,assumption:synthetic_operations_v1
MV-000852,2015-07-01 06:00:00,LOT-00058,comp3,issue,-1,available,MR-00771,assumption:synthetic_operations_v1
MV-000853,2015-07-01 06:00:00,LOT-00060,comp4,issue,-1,available,MR-00767,assumption:synthetic_operations_v1
MV-000854,2015-07-02 06:00:00,LOT-00059,comp1,issue,-1,available,MR-00774,assumption:synthetic_operations_v1
MV-000855,2015-07-02 06:00:00,LOT-00054,comp2,issue,-1,available,MR-00773,assumption:synthetic_operations_v1
MV-000856,2015-07-02 06:00:00,LOT-00054,comp2,issue,-1,available,MR-00777,assumption:synthetic_operations_v1
MV-000857,2015-07-02 06:00:00,LOT-00054,comp2,issue,-1,available,MR-00778,assumption:synthetic_operations_v1
MV-000858,2015-07-02 06:00:00,LOT-00058,comp3,issue,-1,available,MR-00775,assumption:synthetic_operations_v1
MV-000859,2015-07-02 06:00:00,LOT-00060,comp4,issue,-1,available,MR-00776,assumption:synthetic_operations_v1
MV-000860,2015-07-02 06:00:00,LOT-00060,comp4,issue,-1,available,MR-00779,assumption:synthetic_operations_v1
MV-000861,2015-07-03 06:00:00,LOT-00059,comp1,issue,-1,available,MR-00783,assumption:synthetic_operations_v1
MV-000862,2015-07-03 06:00:00,LOT-00059,comp1,issue,-1,available,MR-00788,assumption:synthetic_operations_v1
MV-000863,2015-07-03 06:00:00,LOT-00054,comp2,issue,-1,available,MR-00780,assumption:synthetic_operations_v1
MV-000864,2015-07-03 06:00:00,LOT-00054,comp2,issue,-1,available,MR-00781,assumption:synthetic_operations_v1
MV-000865,2015-07-03 06:00:00,LOT-00056,comp2,issue,-1,available,MR-00784,assumption:synthetic_operations_v1
MV-000866,2015-07-03 06:00:00,LOT-00056,comp2,issue,-1,available,MR-00785,assumption:synthetic_operations_v1
MV-000867,2015-07-03 06:00:00,LOT-00063,comp3,issue,-1,available,MR-00782,assumption:synthetic_operations_v1
MV-000868,2015-07-03 06:00:00,LOT-00063,comp3,issue,-1,available,MR-00786,assumption:synthetic_operations_v1
MV-000869,2015-07-03 06:00:00,LOT-00060,comp4,issue,-1,available,MR-00787,assumption:synthetic_operations_v1
MV-000870,2015-07-03 07:00:00,LOT-00010,comp3,expiry,0,expired,,assumption:synthetic_operations_v1
MV-000871,2015-07-03 07:00:00,LOT-00045,comp2,expiry,0,expired,,assumption:synthetic_operations_v1
MV-000872,2015-07-04 06:00:00,LOT-00059,comp1,issue,-1,available,MR-00791,assumption:synthetic_operations_v1
MV-000873,2015-07-04 06:00:00,LOT-00059,comp1,issue,-1,available,MR-00794,assumption:synthetic_operations_v1
MV-000874,2015-07-04 06:00:00,LOT-00059,comp1,issue,-1,available,MR-00795,assumption:synthetic_operations_v1
MV-000875,2015-07-04 06:00:00,LOT-00056,comp2,issue,-1,available,MR-00789,assumption:synthetic_operations_v1
MV-000876,2015-07-04 06:00:00,LOT-00056,comp2,issue,-1,available,MR-00792,assumption:synthetic_operations_v1
MV-000877,2015-07-04 06:00:00,LOT-00056,comp2,issue,-1,available,MR-00797,assumption:synthetic_operations_v1
MV-000878,2015-07-04 06:00:00,LOT-00056,comp2,issue,-1,available,MR-00799,assumption:synthetic_operations_v1
MV-000879,2015-07-04 06:00:00,LOT-00063,comp3,issue,-1,available,MR-00796,assumption:synthetic_operations_v1
MV-000880,2015-07-04 06:00:00,LOT-00063,comp3,issue,-1,available,MR-00798,assumption:synthetic_operations_v1
MV-000881,2015-07-04 06:00:00,LOT-00060,comp4,issue,-1,available,MR-00790,assumption:synthetic_operations_v1
MV-000882,2015-07-04 06:00:00,LOT-00060,comp4,issue,-1,available,MR-00793,assumption:synthetic_operations_v1
MV-000883,2015-07-05 06:00:00,LOT-00059,comp1,issue,-1,available,MR-00800,assumption:synthetic_operations_v1
MV-000884,2015-07-05 06:00:00,LOT-00059,comp1,issue,-1,available,MR-00801,assumption:synthetic_operations_v1
MV-000885,2015-07-05 06:00:00,LOT-00064,comp1,issue,-1,available,MR-00805,assumption:synthetic_operations_v1
MV-000886,2015-07-05 06:00:00,LOT-00064,comp1,issue,-1,available,MR-00808,assumption:synthetic_operations_v1
MV-000887,2015-07-05 06:00:00,LOT-00056,comp2,issue,-1,available,MR-00806,assumption:synthetic_operations_v1
MV-000888,2015-07-05 06:00:00,LOT-00056,comp2,issue,-1,available,MR-00809,assumption:synthetic_operations_v1
MV-000889,2015-07-05 06:00:00,LOT-00063,comp3,issue,-1,available,MR-00802,assumption:synthetic_operations_v1
MV-000890,2015-07-05 06:00:00,LOT-00063,comp3,issue,-1,available,MR-00803,assumption:synthetic_operations_v1
MV-000891,2015-07-05 06:00:00,LOT-00063,comp3,issue,-1,available,MR-00807,assumption:synthetic_operations_v1
MV-000892,2015-07-05 06:00:00,LOT-00060,comp4,issue,-1,available,MR-00804,assumption:synthetic_operations_v1
MV-000893,2015-07-06 06:00:00,LOT-00064,comp1,issue,-1,available,MR-00812,assumption:synthetic_operations_v1
MV-000894,2015-07-06 06:00:00,LOT-00064,comp1,issue,-1,available,MR-00814,assumption:synthetic_operations_v1
MV-000895,2015-07-06 06:00:00,LOT-00064,comp1,issue,-1,available,MR-00816,assumption:synthetic_operations_v1
MV-000896,2015-07-06 06:00:00,LOT-00064,comp1,issue,-1,available,MR-00818,assumption:synthetic_operations_v1
MV-000897,2015-07-06 06:00:00,LOT-00056,comp2,issue,-1,available,MR-00813,assumption:synthetic_operations_v1
MV-000898,2015-07-06 06:00:00,LOT-00056,comp2,issue,-1,available,MR-00817,assumption:synthetic_operations_v1
MV-000899,2015-07-06 06:00:00,LOT-00056,comp2,issue,-1,available,MR-00820,assumption:synthetic_operations_v1
MV-000900,2015-07-06 06:00:00,LOT-00056,comp2,issue,-1,available,MR-00822,assumption:synthetic_operations_v1
MV-000901,2015-07-06 06:00:00,LOT-00063,comp3,issue,-1,available,MR-00810,assumption:synthetic_operations_v1
MV-000902,2015-07-06 06:00:00,LOT-00063,comp3,issue,-1,available,MR-00819,assumption:synthetic_operations_v1
MV-000903,2015-07-06 06:00:00,LOT-00063,comp3,issue,-1,available,MR-00821,assumption:synthetic_operations_v1
MV-000904,2015-07-06 06:00:00,LOT-00063,comp3,issue,-1,available,MR-00823,assumption:synthetic_operations_v1
MV-000905,2015-07-06 06:00:00,LOT-00060,comp4,issue,-1,available,MR-00811,assumption:synthetic_operations_v1
MV-000906,2015-07-06 06:00:00,LOT-00060,comp4,issue,-1,available,MR-00815,assumption:synthetic_operations_v1
MV-000907,2015-07-06 06:00:00,LOT-00060,comp4,issue,-1,available,MR-00824,assumption:synthetic_operations_v1
MV-000908,2015-07-07 06:00:00,LOT-00064,comp1,issue,-1,available,MR-00825,assumption:synthetic_operations_v1
MV-000909,2015-07-07 06:00:00,LOT-00064,comp1,issue,-1,available,MR-00834,assumption:synthetic_operations_v1
MV-000910,2015-07-07 06:00:00,LOT-00056,comp2,issue,-1,available,MR-00826,assumption:synthetic_operations_v1
MV-000911,2015-07-07 06:00:00,LOT-00056,comp2,issue,-1,available,MR-00827,assumption:synthetic_operations_v1
MV-000912,2015-07-07 06:00:00,LOT-00056,comp2,issue,-1,available,MR-00829,assumption:synthetic_operations_v1
MV-000913,2015-07-07 06:00:00,LOT-00056,comp2,issue,-1,available,MR-00830,assumption:synthetic_operations_v1
MV-000914,2015-07-07 06:00:00,LOT-00056,comp2,issue,-1,available,MR-00835,assumption:synthetic_operations_v1
MV-000915,2015-07-07 06:00:00,LOT-00063,comp3,issue,-1,available,MR-00831,assumption:synthetic_operations_v1
MV-000916,2015-07-07 06:00:00,LOT-00060,comp4,issue,-1,available,MR-00828,assumption:synthetic_operations_v1
MV-000917,2015-07-07 06:00:00,LOT-00060,comp4,issue,-1,available,MR-00832,assumption:synthetic_operations_v1
MV-000918,2015-07-08 06:00:00,LOT-00065,comp2,receipt,24,available,,assumption:synthetic_operations_v1
MV-000919,2015-07-08 06:00:00,LOT-00066,comp4,receipt,15,available,,assumption:synthetic_operations_v1
MV-000920,2015-07-08 06:00:00,LOT-00067,comp3,receipt,21,available,,assumption:synthetic_operations_v1
MV-000921,2015-07-08 06:00:00,LOT-00056,comp2,issue,-1,available,MR-00836,assumption:synthetic_operations_v1
MV-000922,2015-07-08 06:00:00,LOT-00056,comp2,issue,-1,available,MR-00837,assumption:synthetic_operations_v1
MV-000923,2015-07-08 06:00:00,LOT-00056,comp2,issue,-1,available,MR-00838,assumption:synthetic_operations_v1
MV-000924,2015-07-08 06:00:00,LOT-00056,comp2,issue,-1,available,MR-00839,assumption:synthetic_operations_v1
MV-000925,2015-07-08 06:00:00,LOT-00060,comp4,issue,-1,available,MR-00840,assumption:synthetic_operations_v1
MV-000926,2015-07-09 06:00:00,LOT-00064,comp1,issue,-1,available,MR-00842,assumption:synthetic_operations_v1
MV-000927,2015-07-09 06:00:00,LOT-00061,comp2,issue,-1,available,MR-00844,assumption:synthetic_operations_v1
MV-000928,2015-07-10 06:00:00,LOT-00064,comp1,issue,-1,available,MR-00848,assumption:synthetic_operations_v1
MV-000929,2015-07-10 06:00:00,LOT-00061,comp2,issue,-1,available,MR-00846,assumption:synthetic_operations_v1
MV-000930,2015-07-10 06:00:00,LOT-00061,comp2,issue,-1,available,MR-00847,assumption:synthetic_operations_v1
MV-000931,2015-07-10 06:00:00,LOT-00067,comp3,issue,-1,available,MR-00833,assumption:synthetic_operations_v1
MV-000932,2015-07-10 06:00:00,LOT-00067,comp3,issue,-1,available,MR-00841,assumption:synthetic_operations_v1
MV-000933,2015-07-10 06:00:00,LOT-00067,comp3,issue,-1,available,MR-00843,assumption:synthetic_operations_v1
MV-000934,2015-07-10 06:00:00,LOT-00067,comp3,issue,-1,available,MR-00845,assumption:synthetic_operations_v1
MV-000935,2015-07-10 06:00:00,LOT-00067,comp3,issue,-1,available,MR-00849,assumption:synthetic_operations_v1
MV-000936,2015-07-10 07:00:00,LOT-00049,comp2,expiry,0,expired,,assumption:synthetic_operations_v1
MV-000937,2015-07-12 06:00:00,LOT-00061,comp2,issue,-1,available,MR-00854,assumption:synthetic_operations_v1
MV-000938,2015-07-12 06:00:00,LOT-00061,comp2,issue,-1,available,MR-00860,assumption:synthetic_operations_v1
MV-000939,2015-07-12 06:00:00,LOT-00067,comp3,issue,-1,available,MR-00853,assumption:synthetic_operations_v1
MV-000940,2015-07-12 06:00:00,LOT-00067,comp3,issue,-1,available,MR-00855,assumption:synthetic_operations_v1
MV-000941,2015-07-12 06:00:00,LOT-00067,comp3,issue,-1,available,MR-00857,assumption:synthetic_operations_v1
MV-000942,2015-07-12 06:00:00,LOT-00067,comp3,issue,-1,available,MR-00862,assumption:synthetic_operations_v1
MV-000943,2015-07-12 06:00:00,LOT-00060,comp4,issue,-1,available,MR-00859,assumption:synthetic_operations_v1
MV-000944,2015-07-13 06:00:00,LOT-00067,comp3,issue,-1,available,MR-00863,assumption:synthetic_operations_v1
MV-000945,2015-07-13 06:00:00,LOT-00060,comp4,issue,-1,available,MR-00864,assumption:synthetic_operations_v1
MV-000946,2015-07-14 06:00:00,LOT-00061,comp2,issue,-1,available,MR-00869,assumption:synthetic_operations_v1
MV-000947,2015-07-14 06:00:00,LOT-00067,comp3,issue,-1,available,MR-00865,assumption:synthetic_operations_v1
MV-000948,2015-07-14 06:00:00,LOT-00067,comp3,issue,-1,available,MR-00866,assumption:synthetic_operations_v1
MV-000949,2015-07-14 06:00:00,LOT-00067,comp3,issue,-1,available,MR-00868,assumption:synthetic_operations_v1
MV-000950,2015-07-14 06:00:00,LOT-00067,comp3,issue,-1,available,MR-00870,assumption:synthetic_operations_v1
MV-000951,2015-07-14 06:00:00,LOT-00067,comp3,issue,-1,available,MR-00871,assumption:synthetic_operations_v1
MV-000952,2015-07-14 06:00:00,LOT-00060,comp4,issue,-1,available,MR-00867,assumption:synthetic_operations_v1
MV-000953,2015-07-14 06:00:00,LOT-00060,comp4,issue,-1,available,MR-00872,assumption:synthetic_operations_v1
MV-000954,2015-07-14 07:00:00,LOT-00016,comp3,expiry,0,expired,,assumption:synthetic_operations_v1
MV-000955,2015-07-15 06:00:00,LOT-00068,comp2,receipt,14,available,,assumption:synthetic_operations_v1
MV-000956,2015-07-15 06:00:00,LOT-00069,comp4,receipt,12,available,,assumption:synthetic_operations_v1
MV-000957,2015-07-15 06:00:00,LOT-00070,comp3,receipt,22,available,,assumption:synthetic_operations_v1
MV-000958,2015-07-15 06:00:00,LOT-00071,comp1,receipt,15,available,,assumption:synthetic_operations_v1
MV-000959,2015-07-15 06:00:00,LOT-00061,comp2,issue,-1,available,MR-00875,assumption:synthetic_operations_v1
MV-000960,2015-07-15 06:00:00,LOT-00061,comp2,issue,-1,available,MR-00877,assumption:synthetic_operations_v1
MV-000961,2015-07-15 06:00:00,LOT-00061,comp2,issue,-1,available,MR-00880,assumption:synthetic_operations_v1
MV-000962,2015-07-15 06:00:00,LOT-00061,comp2,issue,-1,available,MR-00882,assumption:synthetic_operations_v1
MV-000963,2015-07-15 06:00:00,LOT-00065,comp2,issue,-1,available,MR-00885,assumption:synthetic_operations_v1
MV-000964,2015-07-15 06:00:00,LOT-00067,comp3,issue,-1,available,MR-00874,assumption:synthetic_operations_v1
MV-000965,2015-07-15 06:00:00,LOT-00067,comp3,issue,-1,available,MR-00881,assumption:synthetic_operations_v1
MV-000966,2015-07-15 06:00:00,LOT-00067,comp3,issue,-1,available,MR-00886,assumption:synthetic_operations_v1
MV-000967,2015-07-15 06:00:00,LOT-00060,comp4,issue,-1,available,MR-00876,assumption:synthetic_operations_v1
MV-000968,2015-07-15 06:00:00,LOT-00060,comp4,issue,-1,available,MR-00878,assumption:synthetic_operations_v1
MV-000969,2015-07-15 06:00:00,LOT-00060,comp4,issue,-1,available,MR-00879,assumption:synthetic_operations_v1
MV-000970,2015-07-15 06:00:00,LOT-00060,comp4,issue,-1,available,MR-00884,assumption:synthetic_operations_v1
MV-000971,2015-07-16 06:00:00,LOT-00072,comp1,receipt,18,quarantined,,assumption:synthetic_operations_v1
MV-000972,2015-07-16 06:00:00,LOT-00071,comp1,issue,-1,available,MR-00850,assumption:synthetic_operations_v1
MV-000973,2015-07-16 06:00:00,LOT-00071,comp1,issue,-1,available,MR-00851,assumption:synthetic_operations_v1
MV-000974,2015-07-16 06:00:00,LOT-00071,comp1,issue,-1,available,MR-00852,assumption:synthetic_operations_v1
MV-000975,2015-07-16 06:00:00,LOT-00071,comp1,issue,-1,available,MR-00856,assumption:synthetic_operations_v1
MV-000976,2015-07-16 06:00:00,LOT-00071,comp1,issue,-1,available,MR-00858,assumption:synthetic_operations_v1
MV-000977,2015-07-16 06:00:00,LOT-00071,comp1,issue,-1,available,MR-00861,assumption:synthetic_operations_v1
MV-000978,2015-07-16 06:00:00,LOT-00071,comp1,issue,-1,available,MR-00873,assumption:synthetic_operations_v1
MV-000979,2015-07-16 06:00:00,LOT-00071,comp1,issue,-1,available,MR-00883,assumption:synthetic_operations_v1
MV-000980,2015-07-16 06:00:00,LOT-00071,comp1,issue,-1,available,MR-00889,assumption:synthetic_operations_v1
MV-000981,2015-07-16 06:00:00,LOT-00071,comp1,issue,-1,available,MR-00891,assumption:synthetic_operations_v1
MV-000982,2015-07-16 06:00:00,LOT-00071,comp1,issue,-1,available,MR-00895,assumption:synthetic_operations_v1
MV-000983,2015-07-16 06:00:00,LOT-00071,comp1,issue,-1,available,MR-00897,assumption:synthetic_operations_v1
MV-000984,2015-07-16 06:00:00,LOT-00071,comp1,issue,-1,available,MR-00901,assumption:synthetic_operations_v1
MV-000985,2015-07-16 06:00:00,LOT-00065,comp2,issue,-1,available,MR-00887,assumption:synthetic_operations_v1
MV-000986,2015-07-16 06:00:00,LOT-00065,comp2,issue,-1,available,MR-00890,assumption:synthetic_operations_v1
MV-000987,2015-07-16 06:00:00,LOT-00067,comp3,issue,-1,available,MR-00892,assumption:synthetic_operations_v1
MV-000988,2015-07-16 06:00:00,LOT-00067,comp3,issue,-1,available,MR-00893,assumption:synthetic_operations_v1
MV-000989,2015-07-16 06:00:00,LOT-00067,comp3,issue,-1,available,MR-00894,assumption:synthetic_operations_v1
MV-000990,2015-07-16 06:00:00,LOT-00060,comp4,issue,-1,available,MR-00888,assumption:synthetic_operations_v1
MV-000991,2015-07-16 06:00:00,LOT-00060,comp4,issue,-1,available,MR-00896,assumption:synthetic_operations_v1
MV-000992,2015-07-16 06:00:00,LOT-00062,comp4,issue,-1,available,MR-00900,assumption:synthetic_operations_v1
MV-000993,2015-07-17 06:00:00,LOT-00071,comp1,issue,-1,available,MR-00902,assumption:synthetic_operations_v1
MV-000994,2015-07-17 06:00:00,LOT-00071,comp1,issue,-1,available,MR-00905,assumption:synthetic_operations_v1
MV-000995,2015-07-17 06:00:00,LOT-00065,comp2,issue,-1,available,MR-00904,assumption:synthetic_operations_v1
MV-000996,2015-07-17 06:00:00,LOT-00065,comp2,issue,-1,available,MR-00906,assumption:synthetic_operations_v1
MV-000997,2015-07-17 06:00:00,LOT-00070,comp3,issue,-1,available,MR-00898,assumption:synthetic_operations_v1
MV-000998,2015-07-17 06:00:00,LOT-00070,comp3,issue,-1,available,MR-00899,assumption:synthetic_operations_v1
MV-000999,2015-07-17 06:00:00,LOT-00070,comp3,issue,-1,available,MR-00907,assumption:synthetic_operations_v1
MV-001000,2015-07-17 06:00:00,LOT-00070,comp3,issue,-1,available,MR-00909,assumption:synthetic_operations_v1
MV-001001,2015-07-17 06:00:00,LOT-00062,comp4,issue,-1,available,MR-00903,assumption:synthetic_operations_v1
MV-001002,2015-07-18 06:00:00,LOT-00065,comp2,issue,-1,available,MR-00910,assumption:synthetic_operations_v1
MV-001003,2015-07-18 06:00:00,LOT-00065,comp2,issue,-1,available,MR-00916,assumption:synthetic_operations_v1
MV-001004,2015-07-18 06:00:00,LOT-00070,comp3,issue,-1,available,MR-00914,assumption:synthetic_operations_v1
MV-001005,2015-07-18 06:00:00,LOT-00070,comp3,issue,-1,available,MR-00919,assumption:synthetic_operations_v1
MV-001006,2015-07-18 06:00:00,LOT-00062,comp4,issue,-1,available,MR-00911,assumption:synthetic_operations_v1
MV-001007,2015-07-18 06:00:00,LOT-00062,comp4,issue,-1,available,MR-00915,assumption:synthetic_operations_v1
MV-001008,2015-07-18 06:00:00,LOT-00062,comp4,issue,-1,available,MR-00917,assumption:synthetic_operations_v1
MV-001009,2015-07-18 06:00:00,LOT-00062,comp4,issue,-1,available,MR-00918,assumption:synthetic_operations_v1
MV-001010,2015-07-18 07:00:00,LOT-00019,comp3,expiry,0,expired,,assumption:synthetic_operations_v1
MV-001011,2015-07-19 06:00:00,LOT-00072,comp1,quality_release,0,available,,assumption:synthetic_operations_v1
MV-001012,2015-07-19 06:00:00,LOT-00072,comp1,issue,-1,available,MR-00908,assumption:synthetic_operations_v1
MV-001013,2015-07-19 06:00:00,LOT-00072,comp1,issue,-1,available,MR-00912,assumption:synthetic_operations_v1
MV-001014,2015-07-19 06:00:00,LOT-00072,comp1,issue,-1,available,MR-00913,assumption:synthetic_operations_v1
MV-001015,2015-07-19 06:00:00,LOT-00072,comp1,issue,-1,available,MR-00920,assumption:synthetic_operations_v1
MV-001016,2015-07-19 06:00:00,LOT-00072,comp1,issue,-1,available,MR-00922,assumption:synthetic_operations_v1
MV-001017,2015-07-19 06:00:00,LOT-00072,comp1,issue,-1,available,MR-00923,assumption:synthetic_operations_v1
MV-001018,2015-07-19 06:00:00,LOT-00072,comp1,issue,-1,available,MR-00925,assumption:synthetic_operations_v1
MV-001019,2015-07-19 06:00:00,LOT-00065,comp2,issue,-1,available,MR-00921,assumption:synthetic_operations_v1
MV-001020,2015-07-19 06:00:00,LOT-00065,comp2,issue,-1,available,MR-00927,assumption:synthetic_operations_v1
MV-001021,2015-07-19 06:00:00,LOT-00070,comp3,issue,-1,available,MR-00926,assumption:synthetic_operations_v1
MV-001022,2015-07-19 06:00:00,LOT-00070,comp3,issue,-1,available,MR-00929,assumption:synthetic_operations_v1
MV-001023,2015-07-19 06:00:00,LOT-00062,comp4,issue,-1,available,MR-00924,assumption:synthetic_operations_v1
MV-001024,2015-07-19 06:00:00,LOT-00062,comp4,issue,-1,available,MR-00928,assumption:synthetic_operations_v1
MV-001025,2015-07-19 07:00:00,LOT-00054,comp2,expiry,0,expired,,assumption:synthetic_operations_v1
MV-001026,2015-07-20 06:00:00,LOT-00072,comp1,issue,-1,available,MR-00935,assumption:synthetic_operations_v1
MV-001027,2015-07-20 06:00:00,LOT-00072,comp1,issue,-1,available,MR-00937,assumption:synthetic_operations_v1
MV-001028,2015-07-20 06:00:00,LOT-00065,comp2,issue,-1,available,MR-00932,assumption:synthetic_operations_v1
MV-001029,2015-07-20 06:00:00,LOT-00070,comp3,issue,-1,available,MR-00930,assumption:synthetic_operations_v1
MV-001030,2015-07-20 06:00:00,LOT-00070,comp3,issue,-1,available,MR-00936,assumption:synthetic_operations_v1
MV-001031,2015-07-20 06:00:00,LOT-00062,comp4,issue,-1,available,MR-00931,assumption:synthetic_operations_v1
MV-001032,2015-07-20 06:00:00,LOT-00062,comp4,issue,-1,available,MR-00933,assumption:synthetic_operations_v1
MV-001033,2015-07-20 06:00:00,LOT-00062,comp4,issue,-1,available,MR-00934,assumption:synthetic_operations_v1
MV-001034,2015-07-20 06:00:00,LOT-00062,comp4,issue,-1,available,MR-00938,assumption:synthetic_operations_v1
MV-001035,2015-07-21 06:00:00,LOT-00065,comp2,issue,-1,available,MR-00939,assumption:synthetic_operations_v1
MV-001036,2015-07-21 06:00:00,LOT-00065,comp2,issue,-1,available,MR-00940,assumption:synthetic_operations_v1
MV-001037,2015-07-21 06:00:00,LOT-00065,comp2,issue,-1,available,MR-00943,assumption:synthetic_operations_v1
MV-001038,2015-07-21 06:00:00,LOT-00065,comp2,issue,-1,available,MR-00947,assumption:synthetic_operations_v1
MV-001039,2015-07-21 06:00:00,LOT-00070,comp3,issue,-1,available,MR-00941,assumption:synthetic_operations_v1
MV-001040,2015-07-21 06:00:00,LOT-00070,comp3,issue,-1,available,MR-00944,assumption:synthetic_operations_v1
MV-001041,2015-07-21 06:00:00,LOT-00070,comp3,issue,-1,available,MR-00945,assumption:synthetic_operations_v1
MV-001042,2015-07-21 06:00:00,LOT-00062,comp4,issue,-1,available,MR-00942,assumption:synthetic_operations_v1
MV-001043,2015-07-21 06:00:00,LOT-00062,comp4,issue,-1,available,MR-00946,assumption:synthetic_operations_v1
MV-001044,2015-07-21 07:00:00,LOT-00021,comp3,expiry,0,expired,,assumption:synthetic_operations_v1
MV-001045,2015-07-22 06:00:00,LOT-00073,comp2,receipt,18,available,,assumption:synthetic_operations_v1
MV-001046,2015-07-22 06:00:00,LOT-00074,comp1,receipt,9,available,,assumption:synthetic_operations_v1
MV-001047,2015-07-22 06:00:00,LOT-00072,comp1,issue,-1,available,MR-00951,assumption:synthetic_operations_v1
MV-001048,2015-07-22 06:00:00,LOT-00065,comp2,issue,-1,available,MR-00948,assumption:synthetic_operations_v1
MV-001049,2015-07-22 06:00:00,LOT-00065,comp2,issue,-1,available,MR-00952,assumption:synthetic_operations_v1
MV-001050,2015-07-22 06:00:00,LOT-00065,comp2,issue,-1,available,MR-00955,assumption:synthetic_operations_v1
MV-001051,2015-07-22 06:00:00,LOT-00065,comp2,issue,-1,available,MR-00956,assumption:synthetic_operations_v1
MV-001052,2015-07-22 06:00:00,LOT-00070,comp3,issue,-1,available,MR-00949,assumption:synthetic_operations_v1
MV-001053,2015-07-22 06:00:00,LOT-00070,comp3,issue,-1,available,MR-00953,assumption:synthetic_operations_v1
MV-001054,2015-07-22 06:00:00,LOT-00062,comp4,issue,-1,available,MR-00950,assumption:synthetic_operations_v1
MV-001055,2015-07-22 06:00:00,LOT-00062,comp4,issue,-1,available,MR-00954,assumption:synthetic_operations_v1
MV-001056,2015-07-23 06:00:00,LOT-00072,comp1,issue,-1,available,MR-00961,assumption:synthetic_operations_v1
MV-001057,2015-07-23 06:00:00,LOT-00065,comp2,issue,-1,available,MR-00957,assumption:synthetic_operations_v1
MV-001058,2015-07-23 06:00:00,LOT-00065,comp2,issue,-1,available,MR-00958,assumption:synthetic_operations_v1
MV-001059,2015-07-23 06:00:00,LOT-00070,comp3,issue,-1,available,MR-00959,assumption:synthetic_operations_v1
MV-001060,2015-07-23 06:00:00,LOT-00062,comp4,issue,-1,available,MR-00960,assumption:synthetic_operations_v1
MV-001061,2015-07-23 06:00:00,LOT-00062,comp4,issue,-1,available,MR-00962,assumption:synthetic_operations_v1
MV-001062,2015-07-24 06:00:00,LOT-00065,comp2,issue,-1,available,MR-00963,assumption:synthetic_operations_v1
MV-001063,2015-07-24 07:00:00,LOT-00056,comp2,expiry,0,expired,,assumption:synthetic_operations_v1
MV-001064,2015-07-25 06:00:00,LOT-00072,comp1,issue,-1,available,MR-00965,assumption:synthetic_operations_v1
MV-001065,2015-07-25 06:00:00,LOT-00065,comp2,issue,-1,available,MR-00966,assumption:synthetic_operations_v1
MV-001066,2015-07-25 06:00:00,LOT-00070,comp3,issue,-1,available,MR-00968,assumption:synthetic_operations_v1
MV-001067,2015-07-25 06:00:00,LOT-00066,comp4,issue,-1,available,MR-00964,assumption:synthetic_operations_v1
MV-001068,2015-07-25 06:00:00,LOT-00066,comp4,issue,-1,available,MR-00967,assumption:synthetic_operations_v1
MV-001069,2015-07-25 06:00:00,LOT-00066,comp4,issue,-1,available,MR-00969,assumption:synthetic_operations_v1
MV-001070,2015-07-25 07:00:00,LOT-00008,comp4,expiry,0,expired,,assumption:synthetic_operations_v1
MV-001071,2015-07-26 06:00:00,LOT-00065,comp2,issue,-1,available,MR-00970,assumption:synthetic_operations_v1
MV-001072,2015-07-26 06:00:00,LOT-00066,comp4,issue,-1,available,MR-00971,assumption:synthetic_operations_v1
MV-001073,2015-07-27 06:00:00,LOT-00075,comp4,receipt,8,available,,assumption:synthetic_operations_v1
MV-001074,2015-07-27 06:00:00,LOT-00072,comp1,issue,-1,available,MR-00980,assumption:synthetic_operations_v1
MV-001075,2015-07-27 06:00:00,LOT-00072,comp1,issue,-1,available,MR-00981,assumption:synthetic_operations_v1
MV-001076,2015-07-27 06:00:00,LOT-00065,comp2,issue,-1,available,MR-00982,assumption:synthetic_operations_v1
MV-001077,2015-07-27 06:00:00,LOT-00070,comp3,issue,-1,available,MR-00972,assumption:synthetic_operations_v1
MV-001078,2015-07-27 06:00:00,LOT-00070,comp3,issue,-1,available,MR-00974,assumption:synthetic_operations_v1
MV-001079,2015-07-27 06:00:00,LOT-00070,comp3,issue,-1,available,MR-00977,assumption:synthetic_operations_v1
MV-001080,2015-07-27 06:00:00,LOT-00070,comp3,issue,-1,available,MR-00978,assumption:synthetic_operations_v1
MV-001081,2015-07-27 06:00:00,LOT-00066,comp4,issue,-1,available,MR-00973,assumption:synthetic_operations_v1
MV-001082,2015-07-27 06:00:00,LOT-00066,comp4,issue,-1,available,MR-00975,assumption:synthetic_operations_v1
MV-001083,2015-07-27 06:00:00,LOT-00066,comp4,issue,-1,available,MR-00976,assumption:synthetic_operations_v1
MV-001084,2015-07-27 06:00:00,LOT-00066,comp4,issue,-1,available,MR-00979,assumption:synthetic_operations_v1
MV-001085,2015-07-28 07:00:00,LOT-00026,comp3,expiry,0,expired,,assumption:synthetic_operations_v1
MV-001086,2015-07-29 06:00:00,LOT-00076,comp2,receipt,21,available,,assumption:synthetic_operations_v1
MV-001087,2015-07-29 06:00:00,LOT-00077,comp4,receipt,10,available,,assumption:synthetic_operations_v1
MV-001088,2015-07-29 06:00:00,LOT-00072,comp1,issue,-1,available,MR-00987,assumption:synthetic_operations_v1
MV-001089,2015-07-29 06:00:00,LOT-00068,comp2,issue,-1,available,MR-00983,assumption:synthetic_operations_v1
MV-001090,2015-07-29 06:00:00,LOT-00068,comp2,issue,-1,available,MR-00985,assumption:synthetic_operations_v1
MV-001091,2015-07-29 06:00:00,LOT-00068,comp2,issue,-1,available,MR-00990,assumption:synthetic_operations_v1
MV-001092,2015-07-29 06:00:00,LOT-00068,comp2,issue,-1,available,MR-00992,assumption:synthetic_operations_v1
MV-001093,2015-07-29 06:00:00,LOT-00068,comp2,issue,-1,available,MR-00994,assumption:synthetic_operations_v1
MV-001094,2015-07-29 06:00:00,LOT-00068,comp2,issue,-1,available,MR-00996,assumption:synthetic_operations_v1
MV-001095,2015-07-29 06:00:00,LOT-00070,comp3,issue,-1,available,MR-00984,assumption:synthetic_operations_v1
MV-001096,2015-07-29 06:00:00,LOT-00066,comp4,issue,-1,available,MR-00986,assumption:synthetic_operations_v1
MV-001097,2015-07-30 06:00:00,LOT-00072,comp1,issue,-1,available,MR-01000,assumption:synthetic_operations_v1
MV-001098,2015-07-30 06:00:00,LOT-00072,comp1,issue,-1,available,MR-01003,assumption:synthetic_operations_v1
MV-001099,2015-07-30 06:00:00,LOT-00072,comp1,issue,-1,available,MR-01004,assumption:synthetic_operations_v1
MV-001100,2015-07-30 06:00:00,LOT-00074,comp1,issue,-1,available,MR-01006,assumption:synthetic_operations_v1
MV-001101,2015-07-30 06:00:00,LOT-00074,comp1,issue,-1,available,MR-01014,assumption:synthetic_operations_v1
MV-001102,2015-07-30 06:00:00,LOT-00068,comp2,issue,-1,available,MR-00998,assumption:synthetic_operations_v1
MV-001103,2015-07-30 06:00:00,LOT-00068,comp2,issue,-1,available,MR-01001,assumption:synthetic_operations_v1
MV-001104,2015-07-30 06:00:00,LOT-00068,comp2,issue,-1,available,MR-01005,assumption:synthetic_operations_v1
MV-001105,2015-07-30 06:00:00,LOT-00068,comp2,issue,-1,available,MR-01008,assumption:synthetic_operations_v1
MV-001106,2015-07-30 06:00:00,LOT-00068,comp2,issue,-1,available,MR-01009,assumption:synthetic_operations_v1
MV-001107,2015-07-30 06:00:00,LOT-00068,comp2,issue,-1,available,MR-01012,assumption:synthetic_operations_v1
MV-001108,2015-07-30 06:00:00,LOT-00066,comp4,issue,-1,available,MR-01002,assumption:synthetic_operations_v1
MV-001109,2015-07-30 06:00:00,LOT-00066,comp4,issue,-1,available,MR-01013,assumption:synthetic_operations_v1
MV-001110,2015-07-31 06:00:00,LOT-00074,comp1,issue,-1,available,MR-01025,assumption:synthetic_operations_v1
MV-001111,2015-07-31 06:00:00,LOT-00074,comp1,issue,-1,available,MR-01026,assumption:synthetic_operations_v1
MV-001112,2015-07-31 06:00:00,LOT-00068,comp2,issue,-1,available,MR-01020,assumption:synthetic_operations_v1
MV-001113,2015-07-31 06:00:00,LOT-00066,comp4,issue,-1,available,MR-01015,assumption:synthetic_operations_v1
MV-001114,2015-07-31 06:00:00,LOT-00066,comp4,issue,-1,available,MR-01017,assumption:synthetic_operations_v1
MV-001115,2015-07-31 06:00:00,LOT-00066,comp4,issue,-1,available,MR-01019,assumption:synthetic_operations_v1
MV-001116,2015-07-31 06:00:00,LOT-00066,comp4,issue,-1,available,MR-01022,assumption:synthetic_operations_v1
MV-001117,2015-07-31 06:00:00,LOT-00069,comp4,issue,-1,available,MR-01024,assumption:synthetic_operations_v1
MV-001118,2015-07-31 07:00:00,LOT-00061,comp2,expiry,0,expired,,assumption:synthetic_operations_v1
MV-001119,2015-08-01 06:00:00,LOT-00078,comp1,receipt,19,available,,assumption:synthetic_operations_v1
MV-001120,2015-08-01 06:00:00,LOT-00074,comp1,issue,-1,available,MR-01028,assumption:synthetic_operations_v1
MV-001121,2015-08-01 06:00:00,LOT-00074,comp1,issue,-1,available,MR-01029,assumption:synthetic_operations_v1
MV-001122,2015-08-01 06:00:00,LOT-00074,comp1,issue,-1,available,MR-01032,assumption:synthetic_operations_v1
MV-001123,2015-08-01 06:00:00,LOT-00068,comp2,issue,-1,available,MR-01030,assumption:synthetic_operations_v1
MV-001124,2015-08-01 06:00:00,LOT-00073,comp2,issue,-1,available,MR-01031,assumption:synthetic_operations_v1
MV-001125,2015-08-01 06:00:00,LOT-00073,comp2,issue,-1,available,MR-01033,assumption:synthetic_operations_v1
MV-001126,2015-08-01 06:00:00,LOT-00069,comp4,issue,-1,available,MR-01027,assumption:synthetic_operations_v1
MV-001127,2015-08-02 06:00:00,LOT-00074,comp1,issue,-1,available,MR-01035,assumption:synthetic_operations_v1
MV-001128,2015-08-02 06:00:00,LOT-00074,comp1,issue,-1,available,MR-01037,assumption:synthetic_operations_v1
MV-001129,2015-08-02 06:00:00,LOT-00078,comp1,issue,-1,available,MR-01040,assumption:synthetic_operations_v1
MV-001130,2015-08-02 06:00:00,LOT-00073,comp2,issue,-1,available,MR-01034,assumption:synthetic_operations_v1
MV-001131,2015-08-02 06:00:00,LOT-00073,comp2,issue,-1,available,MR-01036,assumption:synthetic_operations_v1
MV-001132,2015-08-02 06:00:00,LOT-00073,comp2,issue,-1,available,MR-01041,assumption:synthetic_operations_v1
MV-001133,2015-08-02 06:00:00,LOT-00069,comp4,issue,-1,available,MR-01039,assumption:synthetic_operations_v1
MV-001134,2015-08-02 06:00:00,LOT-00069,comp4,issue,-1,available,MR-01042,assumption:synthetic_operations_v1
MV-001135,2015-08-02 07:00:00,LOT-00011,comp4,expiry,0,expired,,assumption:synthetic_operations_v1
MV-001136,2015-08-03 06:00:00,LOT-00079,comp3,receipt,17,available,,assumption:synthetic_operations_v1
MV-001137,2015-08-03 06:00:00,LOT-00078,comp1,issue,-1,available,MR-01044,assumption:synthetic_operations_v1
MV-001138,2015-08-03 06:00:00,LOT-00078,comp1,issue,-1,available,MR-01045,assumption:synthetic_operations_v1
MV-001139,2015-08-03 06:00:00,LOT-00078,comp1,issue,-1,available,MR-01046,assumption:synthetic_operations_v1
MV-001140,2015-08-03 06:00:00,LOT-00078,comp1,issue,-1,available,MR-01051,assumption:synthetic_operations_v1
MV-001141,2015-08-03 06:00:00,LOT-00078,comp1,issue,-1,available,MR-01056,assumption:synthetic_operations_v1
MV-001142,2015-08-03 06:00:00,LOT-00073,comp2,issue,-1,available,MR-01047,assumption:synthetic_operations_v1
MV-001143,2015-08-03 06:00:00,LOT-00073,comp2,issue,-1,available,MR-01049,assumption:synthetic_operations_v1
MV-001144,2015-08-03 06:00:00,LOT-00073,comp2,issue,-1,available,MR-01050,assumption:synthetic_operations_v1
MV-001145,2015-08-03 06:00:00,LOT-00073,comp2,issue,-1,available,MR-01053,assumption:synthetic_operations_v1
MV-001146,2015-08-03 06:00:00,LOT-00073,comp2,issue,-1,available,MR-01054,assumption:synthetic_operations_v1
MV-001147,2015-08-03 06:00:00,LOT-00073,comp2,issue,-1,available,MR-01057,assumption:synthetic_operations_v1
MV-001148,2015-08-03 06:00:00,LOT-00069,comp4,issue,-1,available,MR-01055,assumption:synthetic_operations_v1
MV-001149,2015-08-04 06:00:00,LOT-00078,comp1,issue,-1,available,MR-01060,assumption:synthetic_operations_v1
MV-001150,2015-08-04 06:00:00,LOT-00078,comp1,issue,-1,available,MR-01064,assumption:synthetic_operations_v1
MV-001151,2015-08-04 06:00:00,LOT-00073,comp2,issue,-1,available,MR-01063,assumption:synthetic_operations_v1
MV-001152,2015-08-04 06:00:00,LOT-00069,comp4,issue,-1,available,MR-01058,assumption:synthetic_operations_v1
MV-001153,2015-08-04 06:00:00,LOT-00069,comp4,issue,-1,available,MR-01059,assumption:synthetic_operations_v1
MV-001154,2015-08-04 06:00:00,LOT-00069,comp4,issue,-1,available,MR-01061,assumption:synthetic_operations_v1
MV-001155,2015-08-04 06:00:00,LOT-00069,comp4,issue,-1,available,MR-01062,assumption:synthetic_operations_v1
MV-001156,2015-08-04 07:00:00,LOT-00031,comp3,expiry,0,expired,,assumption:synthetic_operations_v1
MV-001157,2015-08-05 06:00:00,LOT-00080,comp2,receipt,16,available,,assumption:synthetic_operations_v1
MV-001158,2015-08-05 06:00:00,LOT-00081,comp3,receipt,15,available,,assumption:synthetic_operations_v1
MV-001159,2015-08-05 06:00:00,LOT-00082,comp3,receipt,15,available,,assumption:synthetic_operations_v1
MV-001160,2015-08-05 06:00:00,LOT-00078,comp1,issue,-1,available,MR-01070,assumption:synthetic_operations_v1
MV-001161,2015-08-05 06:00:00,LOT-00078,comp1,issue,-1,available,MR-01073,assumption:synthetic_operations_v1
MV-001162,2015-08-05 06:00:00,LOT-00073,comp2,issue,-1,available,MR-01066,assumption:synthetic_operations_v1
MV-001163,2015-08-05 06:00:00,LOT-00079,comp3,issue,-1,available,MR-00988,assumption:synthetic_operations_v1
MV-001164,2015-08-05 06:00:00,LOT-00079,comp3,issue,-1,available,MR-00989,assumption:synthetic_operations_v1
MV-001165,2015-08-05 06:00:00,LOT-00079,comp3,issue,-1,available,MR-00991,assumption:synthetic_operations_v1
MV-001166,2015-08-05 06:00:00,LOT-00079,comp3,issue,-1,available,MR-00993,assumption:synthetic_operations_v1
MV-001167,2015-08-05 06:00:00,LOT-00079,comp3,issue,-1,available,MR-00995,assumption:synthetic_operations_v1
MV-001168,2015-08-05 06:00:00,LOT-00079,comp3,issue,-1,available,MR-00997,assumption:synthetic_operations_v1
MV-001169,2015-08-05 06:00:00,LOT-00079,comp3,issue,-1,available,MR-00999,assumption:synthetic_operations_v1
MV-001170,2015-08-05 06:00:00,LOT-00079,comp3,issue,-1,available,MR-01007,assumption:synthetic_operations_v1
MV-001171,2015-08-05 06:00:00,LOT-00079,comp3,issue,-1,available,MR-01010,assumption:synthetic_operations_v1
MV-001172,2015-08-05 06:00:00,LOT-00079,comp3,issue,-1,available,MR-01011,assumption:synthetic_operations_v1
MV-001173,2015-08-05 06:00:00,LOT-00079,comp3,issue,-1,available,MR-01016,assumption:synthetic_operations_v1
MV-001174,2015-08-05 06:00:00,LOT-00079,comp3,issue,-1,available,MR-01018,assumption:synthetic_operations_v1
MV-001175,2015-08-05 06:00:00,LOT-00079,comp3,issue,-1,available,MR-01021,assumption:synthetic_operations_v1
MV-001176,2015-08-05 06:00:00,LOT-00079,comp3,issue,-1,available,MR-01023,assumption:synthetic_operations_v1
MV-001177,2015-08-05 06:00:00,LOT-00079,comp3,issue,-1,available,MR-01038,assumption:synthetic_operations_v1
MV-001178,2015-08-05 06:00:00,LOT-00079,comp3,issue,-1,available,MR-01043,assumption:synthetic_operations_v1
MV-001179,2015-08-05 06:00:00,LOT-00079,comp3,issue,-1,available,MR-01048,assumption:synthetic_operations_v1
MV-001180,2015-08-05 06:00:00,LOT-00069,comp4,issue,-1,available,MR-01067,assumption:synthetic_operations_v1
MV-001181,2015-08-05 06:00:00,LOT-00069,comp4,issue,-1,available,MR-01068,assumption:synthetic_operations_v1
MV-001182,2015-08-05 06:00:00,LOT-00069,comp4,issue,-1,available,MR-01069,assumption:synthetic_operations_v1
MV-001183,2015-08-05 06:00:00,LOT-00075,comp4,issue,-1,available,MR-01072,assumption:synthetic_operations_v1
MV-001184,2015-08-06 06:00:00,LOT-00083,comp1,receipt,5,available,,assumption:synthetic_operations_v1
MV-001185,2015-08-06 06:00:00,LOT-00078,comp1,issue,-1,available,MR-01077,assumption:synthetic_operations_v1
MV-001186,2015-08-06 06:00:00,LOT-00078,comp1,issue,-1,available,MR-01083,assumption:synthetic_operations_v1
MV-001187,2015-08-06 06:00:00,LOT-00073,comp2,issue,-1,available,MR-01074,assumption:synthetic_operations_v1
MV-001188,2015-08-06 06:00:00,LOT-00073,comp2,issue,-1,available,MR-01079,assumption:synthetic_operations_v1
MV-001189,2015-08-06 06:00:00,LOT-00073,comp2,issue,-1,available,MR-01080,assumption:synthetic_operations_v1
MV-001190,2015-08-06 06:00:00,LOT-00073,comp2,issue,-1,available,MR-01081,assumption:synthetic_operations_v1
MV-001191,2015-08-06 06:00:00,LOT-00075,comp4,issue,-1,available,MR-01075,assumption:synthetic_operations_v1
MV-001192,2015-08-06 06:00:00,LOT-00075,comp4,issue,-1,available,MR-01076,assumption:synthetic_operations_v1
MV-001193,2015-08-07 06:00:00,LOT-00078,comp1,issue,-1,available,MR-01088,assumption:synthetic_operations_v1
MV-001194,2015-08-07 06:00:00,LOT-00073,comp2,issue,-1,available,MR-01084,assumption:synthetic_operations_v1
MV-001195,2015-08-07 06:00:00,LOT-00076,comp2,issue,-1,available,MR-01086,assumption:synthetic_operations_v1
MV-001196,2015-08-07 06:00:00,LOT-00081,comp3,issue,-1,available,MR-01052,assumption:synthetic_operations_v1
MV-001197,2015-08-07 06:00:00,LOT-00081,comp3,issue,-1,available,MR-01065,assumption:synthetic_operations_v1
MV-001198,2015-08-07 06:00:00,LOT-00081,comp3,issue,-1,available,MR-01071,assumption:synthetic_operations_v1
MV-001199,2015-08-07 06:00:00,LOT-00081,comp3,issue,-1,available,MR-01078,assumption:synthetic_operations_v1
MV-001200,2015-08-07 06:00:00,LOT-00081,comp3,issue,-1,available,MR-01082,assumption:synthetic_operations_v1
MV-001201,2015-08-07 06:00:00,LOT-00081,comp3,issue,-1,available,MR-01085,assumption:synthetic_operations_v1
MV-001202,2015-08-07 06:00:00,LOT-00075,comp4,issue,-1,available,MR-01087,assumption:synthetic_operations_v1
MV-001203,2015-08-07 07:00:00,LOT-00065,comp2,expiry,0,expired,,assumption:synthetic_operations_v1
MV-001204,2015-08-08 06:00:00,LOT-00078,comp1,issue,-1,available,MR-01089,assumption:synthetic_operations_v1
MV-001205,2015-08-08 06:00:00,LOT-00078,comp1,issue,-1,available,MR-01091,assumption:synthetic_operations_v1
MV-001206,2015-08-08 06:00:00,LOT-00075,comp4,issue,-1,available,MR-01090,assumption:synthetic_operations_v1
MV-001207,2015-08-09 06:00:00,LOT-00078,comp1,issue,-1,available,MR-01094,assumption:synthetic_operations_v1
MV-001208,2015-08-09 06:00:00,LOT-00076,comp2,issue,-1,available,MR-01092,assumption:synthetic_operations_v1
MV-001209,2015-08-09 06:00:00,LOT-00076,comp2,issue,-1,available,MR-01095,assumption:synthetic_operations_v1
MV-001210,2015-08-09 06:00:00,LOT-00081,comp3,issue,-1,available,MR-01093,assumption:synthetic_operations_v1
MV-001211,2015-08-09 07:00:00,LOT-00014,comp4,expiry,0,expired,,assumption:synthetic_operations_v1
MV-001212,2015-08-10 06:00:00,LOT-00078,comp1,issue,-1,available,MR-01096,assumption:synthetic_operations_v1
MV-001213,2015-08-11 06:00:00,LOT-00078,comp1,issue,-1,available,MR-01097,assumption:synthetic_operations_v1
MV-001214,2015-08-11 06:00:00,LOT-00078,comp1,issue,-1,available,MR-01099,assumption:synthetic_operations_v1
MV-001215,2015-08-11 06:00:00,LOT-00083,comp1,issue,-1,available,MR-01102,assumption:synthetic_operations_v1
MV-001216,2015-08-11 06:00:00,LOT-00083,comp1,issue,-1,available,MR-01105,assumption:synthetic_operations_v1
MV-001217,2015-08-11 06:00:00,LOT-00083,comp1,issue,-1,available,MR-01106,assumption:synthetic_operations_v1
MV-001218,2015-08-11 06:00:00,LOT-00083,comp1,issue,-1,available,MR-01107,assumption:synthetic_operations_v1
MV-001219,2015-08-11 06:00:00,LOT-00076,comp2,issue,-1,available,MR-01100,assumption:synthetic_operations_v1
MV-001220,2015-08-11 06:00:00,LOT-00081,comp3,issue,-1,available,MR-01098,assumption:synthetic_operations_v1
MV-001221,2015-08-11 06:00:00,LOT-00081,comp3,issue,-1,available,MR-01108,assumption:synthetic_operations_v1
MV-001222,2015-08-11 06:00:00,LOT-00075,comp4,issue,-1,available,MR-01101,assumption:synthetic_operations_v1
MV-001223,2015-08-11 06:00:00,LOT-00075,comp4,issue,-1,available,MR-01103,assumption:synthetic_operations_v1
MV-001224,2015-08-11 06:00:00,LOT-00075,comp4,issue,-1,available,MR-01104,assumption:synthetic_operations_v1
MV-001225,2015-08-12 06:00:00,LOT-00084,comp4,receipt,19,available,,assumption:synthetic_operations_v1
MV-001226,2015-08-12 06:00:00,LOT-00085,comp3,receipt,16,available,,assumption:synthetic_operations_v1
MV-001227,2015-08-12 06:00:00,LOT-00086,comp1,receipt,24,available,,assumption:synthetic_operations_v1
MV-001228,2015-08-13 06:00:00,LOT-00087,comp4,receipt,8,available,,assumption:synthetic_operations_v1
MV-001229,2015-08-13 06:00:00,LOT-00083,comp1,issue,-1,available,MR-01109,assumption:synthetic_operations_v1
MV-001230,2015-08-13 06:00:00,LOT-00086,comp1,issue,-1,available,MR-01112,assumption:synthetic_operations_v1
MV-001231,2015-08-13 06:00:00,LOT-00086,comp1,issue,-1,available,MR-01117,assumption:synthetic_operations_v1
MV-001232,2015-08-13 06:00:00,LOT-00076,comp2,issue,-1,available,MR-01110,assumption:synthetic_operations_v1
MV-001233,2015-08-13 06:00:00,LOT-00076,comp2,issue,-1,available,MR-01116,assumption:synthetic_operations_v1
MV-001234,2015-08-13 06:00:00,LOT-00081,comp3,issue,-1,available,MR-01111,assumption:synthetic_operations_v1
MV-001235,2015-08-13 06:00:00,LOT-00081,comp3,issue,-1,available,MR-01113,assumption:synthetic_operations_v1
MV-001236,2015-08-13 06:00:00,LOT-00077,comp4,issue,-1,available,MR-01114,assumption:synthetic_operations_v1
MV-001237,2015-08-13 06:00:00,LOT-00077,comp4,issue,-1,available,MR-01115,assumption:synthetic_operations_v1
MV-001238,2015-08-13 06:00:00,LOT-00077,comp4,issue,-1,available,MR-01118,assumption:synthetic_operations_v1
MV-001239,2015-08-13 07:00:00,LOT-00035,comp3,expiry,0,expired,,assumption:synthetic_operations_v1
MV-001240,2015-08-14 06:00:00,LOT-00086,comp1,issue,-1,available,MR-01119,assumption:synthetic_operations_v1
MV-001241,2015-08-14 06:00:00,LOT-00086,comp1,issue,-1,available,MR-01121,assumption:synthetic_operations_v1
MV-001242,2015-08-14 06:00:00,LOT-00086,comp1,issue,-1,available,MR-01123,assumption:synthetic_operations_v1
MV-001243,2015-08-14 06:00:00,LOT-00086,comp1,issue,-1,available,MR-01127,assumption:synthetic_operations_v1
MV-001244,2015-08-14 06:00:00,LOT-00086,comp1,issue,-1,available,MR-01133,assumption:synthetic_operations_v1
MV-001245,2015-08-14 06:00:00,LOT-00076,comp2,issue,-1,available,MR-01120,assumption:synthetic_operations_v1
MV-001246,2015-08-14 06:00:00,LOT-00076,comp2,issue,-1,available,MR-01126,assumption:synthetic_operations_v1
MV-001247,2015-08-14 06:00:00,LOT-00076,comp2,issue,-1,available,MR-01128,assumption:synthetic_operations_v1
MV-001248,2015-08-14 06:00:00,LOT-00076,comp2,issue,-1,available,MR-01129,assumption:synthetic_operations_v1
MV-001249,2015-08-14 06:00:00,LOT-00076,comp2,issue,-1,available,MR-01131,assumption:synthetic_operations_v1
MV-001250,2015-08-14 06:00:00,LOT-00081,comp3,issue,-1,available,MR-01122,assumption:synthetic_operations_v1
MV-001251,2015-08-14 06:00:00,LOT-00081,comp3,issue,-1,available,MR-01124,assumption:synthetic_operations_v1
MV-001252,2015-08-14 06:00:00,LOT-00081,comp3,issue,-1,available,MR-01125,assumption:synthetic_operations_v1
MV-001253,2015-08-14 06:00:00,LOT-00081,comp3,issue,-1,available,MR-01130,assumption:synthetic_operations_v1
MV-001254,2015-08-14 06:00:00,LOT-00082,comp3,issue,-1,available,MR-01134,assumption:synthetic_operations_v1
MV-001255,2015-08-14 06:00:00,LOT-00077,comp4,issue,-1,available,MR-01132,assumption:synthetic_operations_v1
MV-001256,2015-08-14 07:00:00,LOT-00068,comp2,expiry,0,expired,,assumption:synthetic_operations_v1
MV-001257,2015-08-15 06:00:00,LOT-00086,comp1,issue,-1,available,MR-01135,assumption:synthetic_operations_v1
MV-001258,2015-08-15 06:00:00,LOT-00086,comp1,issue,-1,available,MR-01140,assumption:synthetic_operations_v1
MV-001259,2015-08-15 06:00:00,LOT-00086,comp1,issue,-1,available,MR-01143,assumption:synthetic_operations_v1
MV-001260,2015-08-15 06:00:00,LOT-00086,comp1,issue,-1,available,MR-01145,assumption:synthetic_operations_v1
MV-001261,2015-08-15 06:00:00,LOT-00076,comp2,issue,-1,available,MR-01137,assumption:synthetic_operations_v1
MV-001262,2015-08-15 06:00:00,LOT-00076,comp2,issue,-1,available,MR-01139,assumption:synthetic_operations_v1
MV-001263,2015-08-15 06:00:00,LOT-00076,comp2,issue,-1,available,MR-01141,assumption:synthetic_operations_v1
MV-001264,2015-08-15 06:00:00,LOT-00076,comp2,issue,-1,available,MR-01144,assumption:synthetic_operations_v1
MV-001265,2015-08-15 06:00:00,LOT-00082,comp3,issue,-1,available,MR-01136,assumption:synthetic_operations_v1
MV-001266,2015-08-15 06:00:00,LOT-00082,comp3,issue,-1,available,MR-01138,assumption:synthetic_operations_v1
MV-001267,2015-08-15 06:00:00,LOT-00082,comp3,issue,-1,available,MR-01142,assumption:synthetic_operations_v1
MV-001268,2015-08-15 06:00:00,LOT-00082,comp3,issue,-1,available,MR-01146,assumption:synthetic_operations_v1
MV-001269,2015-08-16 06:00:00,LOT-00076,comp2,issue,-1,available,MR-01147,assumption:synthetic_operations_v1
MV-001270,2015-08-16 06:00:00,LOT-00076,comp2,issue,-1,available,MR-01151,assumption:synthetic_operations_v1
MV-001271,2015-08-16 06:00:00,LOT-00082,comp3,issue,-1,available,MR-01149,assumption:synthetic_operations_v1
MV-001272,2015-08-16 06:00:00,LOT-00077,comp4,issue,-1,available,MR-01148,assumption:synthetic_operations_v1
MV-001273,2015-08-16 06:00:00,LOT-00077,comp4,issue,-1,available,MR-01150,assumption:synthetic_operations_v1
MV-001274,2015-08-17 06:00:00,LOT-00076,comp2,issue,-1,available,MR-01154,assumption:synthetic_operations_v1
MV-001275,2015-08-17 06:00:00,LOT-00076,comp2,issue,-1,available,MR-01156,assumption:synthetic_operations_v1
MV-001276,2015-08-17 06:00:00,LOT-00076,comp2,issue,-1,available,MR-01157,assumption:synthetic_operations_v1
MV-001277,2015-08-17 06:00:00,LOT-00076,comp2,issue,-1,available,MR-01160,assumption:synthetic_operations_v1
MV-001278,2015-08-17 06:00:00,LOT-00082,comp3,issue,-1,available,MR-01159,assumption:synthetic_operations_v1
MV-001279,2015-08-17 06:00:00,LOT-00082,comp3,issue,-1,available,MR-01161,assumption:synthetic_operations_v1
MV-001280,2015-08-17 06:00:00,LOT-00077,comp4,issue,-1,available,MR-01152,assumption:synthetic_operations_v1
MV-001281,2015-08-17 06:00:00,LOT-00077,comp4,issue,-1,available,MR-01153,assumption:synthetic_operations_v1
MV-001282,2015-08-17 06:00:00,LOT-00077,comp4,issue,-1,available,MR-01155,assumption:synthetic_operations_v1
MV-001283,2015-08-17 06:00:00,LOT-00077,comp4,issue,-1,available,MR-01158,assumption:synthetic_operations_v1
MV-001284,2015-08-17 07:00:00,LOT-00020,comp4,expiry,0,expired,,assumption:synthetic_operations_v1
MV-001285,2015-08-18 06:00:00,LOT-00086,comp1,issue,-1,available,MR-01162,assumption:synthetic_operations_v1
MV-001286,2015-08-18 06:00:00,LOT-00086,comp1,issue,-1,available,MR-01165,assumption:synthetic_operations_v1
MV-001287,2015-08-18 06:00:00,LOT-00086,comp1,issue,-1,available,MR-01173,assumption:synthetic_operations_v1
MV-001288,2015-08-18 06:00:00,LOT-00086,comp1,issue,-1,available,MR-01177,assumption:synthetic_operations_v1
MV-001289,2015-08-18 06:00:00,LOT-00080,comp2,issue,-1,available,MR-01163,assumption:synthetic_operations_v1
MV-001290,2015-08-18 06:00:00,LOT-00080,comp2,issue,-1,available,MR-01169,assumption:synthetic_operations_v1
MV-001291,2015-08-18 06:00:00,LOT-00082,comp3,issue,-1,available,MR-01164,assumption:synthetic_operations_v1
MV-001292,2015-08-18 06:00:00,LOT-00082,comp3,issue,-1,available,MR-01166,assumption:synthetic_operations_v1
MV-001293,2015-08-18 06:00:00,LOT-00082,comp3,issue,-1,available,MR-01168,assumption:synthetic_operations_v1
MV-001294,2015-08-18 06:00:00,LOT-00082,comp3,issue,-1,available,MR-01170,assumption:synthetic_operations_v1
MV-001295,2015-08-18 06:00:00,LOT-00082,comp3,issue,-1,available,MR-01171,assumption:synthetic_operations_v1
MV-001296,2015-08-18 06:00:00,LOT-00082,comp3,issue,-1,available,MR-01174,assumption:synthetic_operations_v1
MV-001297,2015-08-18 06:00:00,LOT-00082,comp3,issue,-1,available,MR-01175,assumption:synthetic_operations_v1
MV-001298,2015-08-18 06:00:00,LOT-00084,comp4,issue,-1,available,MR-01167,assumption:synthetic_operations_v1
MV-001299,2015-08-18 06:00:00,LOT-00084,comp4,issue,-1,available,MR-01172,assumption:synthetic_operations_v1
MV-001300,2015-08-18 06:00:00,LOT-00084,comp4,issue,-1,available,MR-01176,assumption:synthetic_operations_v1
MV-001301,2015-08-18 06:00:00,LOT-00084,comp4,issue,-1,available,MR-01178,assumption:synthetic_operations_v1
MV-001302,2015-08-19 06:00:00,LOT-00088,comp2,receipt,12,available,,assumption:synthetic_operations_v1
MV-001303,2015-08-19 06:00:00,LOT-00089,comp4,receipt,12,available,,assumption:synthetic_operations_v1
MV-001304,2015-08-19 06:00:00,LOT-00090,comp3,receipt,13,available,,assumption:synthetic_operations_v1
MV-001305,2015-08-19 06:00:00,LOT-00091,comp1,receipt,13,available,,assumption:synthetic_operations_v1
MV-001306,2015-08-19 06:00:00,LOT-00086,comp1,issue,-1,available,MR-01186,assumption:synthetic_operations_v1
MV-001307,2015-08-19 06:00:00,LOT-00080,comp2,issue,-1,available,MR-01179,assumption:synthetic_operations_v1
MV-001308,2015-08-19 06:00:00,LOT-00080,comp2,issue,-1,available,MR-01180,assumption:synthetic_operations_v1
MV-001309,2015-08-19 06:00:00,LOT-00080,comp2,issue,-1,available,MR-01182,assumption:synthetic_operations_v1
MV-001310,2015-08-19 06:00:00,LOT-00080,comp2,issue,-1,available,MR-01183,assumption:synthetic_operations_v1
MV-001311,2015-08-19 06:00:00,LOT-00085,comp3,issue,-1,available,MR-01184,assumption:synthetic_operations_v1
MV-001312,2015-08-19 06:00:00,LOT-00084,comp4,issue,-1,available,MR-01181,assumption:synthetic_operations_v1
MV-001313,2015-08-19 06:00:00,LOT-00084,comp4,issue,-1,available,MR-01185,assumption:synthetic_operations_v1
MV-001314,2015-08-20 06:00:00,LOT-00092,comp2,receipt,33,available,,assumption:synthetic_operations_v1
MV-001315,2015-08-20 06:00:00,LOT-00086,comp1,issue,-1,available,MR-01187,assumption:synthetic_operations_v1
MV-001316,2015-08-20 06:00:00,LOT-00086,comp1,issue,-1,available,MR-01188,assumption:synthetic_operations_v1
MV-001317,2015-08-20 06:00:00,LOT-00080,comp2,issue,-1,available,MR-01190,assumption:synthetic_operations_v1
MV-001318,2015-08-20 06:00:00,LOT-00080,comp2,issue,-1,available,MR-01192,assumption:synthetic_operations_v1
MV-001319,2015-08-20 06:00:00,LOT-00080,comp2,issue,-1,available,MR-01196,assumption:synthetic_operations_v1
MV-001320,2015-08-20 06:00:00,LOT-00085,comp3,issue,-1,available,MR-01189,assumption:synthetic_operations_v1
MV-001321,2015-08-20 06:00:00,LOT-00085,comp3,issue,-1,available,MR-01191,assumption:synthetic_operations_v1
MV-001322,2015-08-20 06:00:00,LOT-00085,comp3,issue,-1,available,MR-01195,assumption:synthetic_operations_v1
MV-001323,2015-08-20 06:00:00,LOT-00084,comp4,issue,-1,available,MR-01193,assumption:synthetic_operations_v1
MV-001324,2015-08-20 06:00:00,LOT-00084,comp4,issue,-1,available,MR-01194,assumption:synthetic_operations_v1
MV-001325,2015-08-21 06:00:00,LOT-00086,comp1,issue,-1,available,MR-01201,assumption:synthetic_operations_v1
MV-001326,2015-08-21 06:00:00,LOT-00080,comp2,issue,-1,available,MR-01197,assumption:synthetic_operations_v1
MV-001327,2015-08-21 06:00:00,LOT-00080,comp2,issue,-1,available,MR-01204,assumption:synthetic_operations_v1
MV-001328,2015-08-21 06:00:00,LOT-00085,comp3,issue,-1,available,MR-01200,assumption:synthetic_operations_v1
MV-001329,2015-08-21 06:00:00,LOT-00085,comp3,issue,-1,available,MR-01203,assumption:synthetic_operations_v1
MV-001330,2015-08-21 06:00:00,LOT-00085,comp3,issue,-1,available,MR-01205,assumption:synthetic_operations_v1
MV-001331,2015-08-21 06:00:00,LOT-00084,comp4,issue,-1,available,MR-01198,assumption:synthetic_operations_v1
MV-001332,2015-08-21 06:00:00,LOT-00084,comp4,issue,-1,available,MR-01199,assumption:synthetic_operations_v1
MV-001333,2015-08-21 06:00:00,LOT-00084,comp4,issue,-1,available,MR-01202,assumption:synthetic_operations_v1
MV-001334,2015-08-21 06:00:00,LOT-00084,comp4,issue,-1,available,MR-01206,assumption:synthetic_operations_v1
MV-001335,2015-08-21 07:00:00,LOT-00073,comp2,expiry,0,expired,,assumption:synthetic_operations_v1
MV-001336,2015-08-22 06:00:00,LOT-00086,comp1,issue,-1,available,MR-01210,assumption:synthetic_operations_v1
MV-001337,2015-08-22 06:00:00,LOT-00080,comp2,issue,-1,available,MR-01208,assumption:synthetic_operations_v1
MV-001338,2015-08-22 06:00:00,LOT-00085,comp3,issue,-1,available,MR-01207,assumption:synthetic_operations_v1
MV-001339,2015-08-22 06:00:00,LOT-00084,comp4,issue,-1,available,MR-01209,assumption:synthetic_operations_v1
MV-001340,2015-08-22 06:00:00,LOT-00084,comp4,issue,-1,available,MR-01211,assumption:synthetic_operations_v1
MV-001341,2015-08-22 06:00:00,LOT-00084,comp4,issue,-1,available,MR-01212,assumption:synthetic_operations_v1
MV-001342,2015-08-23 06:00:00,LOT-00080,comp2,issue,-1,available,MR-01214,assumption:synthetic_operations_v1
MV-001343,2015-08-23 06:00:00,LOT-00085,comp3,issue,-1,available,MR-01213,assumption:synthetic_operations_v1
MV-001344,2015-08-23 07:00:00,LOT-00024,comp4,expiry,0,expired,,assumption:synthetic_operations_v1
MV-001345,2015-08-24 06:00:00,LOT-00086,comp1,issue,-1,available,MR-01215,assumption:synthetic_operations_v1
MV-001346,2015-08-24 06:00:00,LOT-00086,comp1,issue,-1,available,MR-01221,assumption:synthetic_operations_v1
MV-001347,2015-08-24 06:00:00,LOT-00080,comp2,issue,-1,available,MR-01217,assumption:synthetic_operations_v1
MV-001348,2015-08-24 06:00:00,LOT-00080,comp2,issue,-1,available,MR-01219,assumption:synthetic_operations_v1
MV-001349,2015-08-24 06:00:00,LOT-00085,comp3,issue,-1,available,MR-01216,assumption:synthetic_operations_v1
MV-001350,2015-08-24 06:00:00,LOT-00084,comp4,issue,-1,available,MR-01218,assumption:synthetic_operations_v1
MV-001351,2015-08-24 06:00:00,LOT-00084,comp4,issue,-1,available,MR-01220,assumption:synthetic_operations_v1
MV-001352,2015-08-25 06:00:00,LOT-00085,comp3,issue,-1,available,MR-01222,assumption:synthetic_operations_v1
MV-001353,2015-08-25 07:00:00,LOT-00040,comp3,expiry,0,expired,,assumption:synthetic_operations_v1
MV-001354,2015-08-25 07:00:00,LOT-00041,comp3,expiry,0,expired,,assumption:synthetic_operations_v1
MV-001355,2015-08-26 06:00:00,LOT-00093,comp4,receipt,18,available,,assumption:synthetic_operations_v1
MV-001356,2015-08-26 06:00:00,LOT-00094,comp3,receipt,5,available,,assumption:synthetic_operations_v1
MV-001357,2015-08-26 06:00:00,LOT-00095,comp1,receipt,17,available,,assumption:synthetic_operations_v1
MV-001358,2015-08-26 06:00:00,LOT-00086,comp1,issue,-1,available,MR-01225,assumption:synthetic_operations_v1
MV-001359,2015-08-26 06:00:00,LOT-00086,comp1,issue,-1,available,MR-01229,assumption:synthetic_operations_v1
MV-001360,2015-08-26 06:00:00,LOT-00080,comp2,issue,-1,available,MR-01227,assumption:synthetic_operations_v1
MV-001361,2015-08-26 06:00:00,LOT-00085,comp3,issue,-1,available,MR-01223,assumption:synthetic_operations_v1
MV-001362,2015-08-26 06:00:00,LOT-00085,comp3,issue,-1,available,MR-01224,assumption:synthetic_operations_v1
MV-001363,2015-08-26 06:00:00,LOT-00085,comp3,issue,-1,available,MR-01226,assumption:synthetic_operations_v1
MV-001364,2015-08-26 06:00:00,LOT-00085,comp3,issue,-1,available,MR-01228,assumption:synthetic_operations_v1
MV-001365,2015-08-26 06:00:00,LOT-00085,comp3,issue,-1,available,MR-01230,assumption:synthetic_operations_v1
MV-001366,2015-08-26 06:00:00,LOT-00084,comp4,issue,-1,available,MR-01231,assumption:synthetic_operations_v1
MV-001367,2015-08-26 06:00:00,LOT-00084,comp4,issue,-1,available,MR-01232,assumption:synthetic_operations_v1
MV-001368,2015-08-27 06:00:00,LOT-00087,comp4,issue,-1,available,MR-01233,assumption:synthetic_operations_v1
MV-001369,2015-08-27 07:00:00,LOT-00025,comp4,expiry,0,expired,,assumption:synthetic_operations_v1
MV-001370,2015-08-28 06:00:00,LOT-00091,comp1,issue,-1,available,MR-01235,assumption:synthetic_operations_v1
MV-001371,2015-08-28 06:00:00,LOT-00091,comp1,issue,-1,available,MR-01237,assumption:synthetic_operations_v1
MV-001372,2015-08-28 06:00:00,LOT-00091,comp1,issue,-1,available,MR-01240,assumption:synthetic_operations_v1
MV-001373,2015-08-28 06:00:00,LOT-00088,comp2,issue,-1,available,MR-01239,assumption:synthetic_operations_v1
MV-001374,2015-08-28 06:00:00,LOT-00088,comp2,issue,-1,available,MR-01241,assumption:synthetic_operations_v1
MV-001375,2015-08-28 06:00:00,LOT-00088,comp2,issue,-1,available,MR-01243,assumption:synthetic_operations_v1
MV-001376,2015-08-28 06:00:00,LOT-00090,comp3,issue,-1,available,MR-01238,assumption:synthetic_operations_v1
MV-001377,2015-08-28 06:00:00,LOT-00087,comp4,issue,-1,available,MR-01234,assumption:synthetic_operations_v1
MV-001378,2015-08-28 06:00:00,LOT-00087,comp4,issue,-1,available,MR-01236,assumption:synthetic_operations_v1
MV-001379,2015-08-28 06:00:00,LOT-00087,comp4,issue,-1,available,MR-01242,assumption:synthetic_operations_v1
MV-001380,2015-08-28 06:00:00,LOT-00087,comp4,issue,-1,available,MR-01244,assumption:synthetic_operations_v1
MV-001381,2015-08-28 07:00:00,LOT-00076,comp2,expiry,0,expired,,assumption:synthetic_operations_v1
MV-001382,2015-08-29 06:00:00,LOT-00091,comp1,issue,-1,available,MR-01245,assumption:synthetic_operations_v1
MV-001383,2015-08-29 06:00:00,LOT-00091,comp1,issue,-1,available,MR-01252,assumption:synthetic_operations_v1
MV-001384,2015-08-29 06:00:00,LOT-00091,comp1,issue,-1,available,MR-01254,assumption:synthetic_operations_v1
MV-001385,2015-08-29 06:00:00,LOT-00091,comp1,issue,-1,available,MR-01255,assumption:synthetic_operations_v1
MV-001386,2015-08-29 06:00:00,LOT-00091,comp1,issue,-1,available,MR-01259,assumption:synthetic_operations_v1
MV-001387,2015-08-29 06:00:00,LOT-00091,comp1,issue,-1,available,MR-01260,assumption:synthetic_operations_v1
MV-001388,2015-08-29 06:00:00,LOT-00088,comp2,issue,-1,available,MR-01246,assumption:synthetic_operations_v1
MV-001389,2015-08-29 06:00:00,LOT-00090,comp3,issue,-1,available,MR-01248,assumption:synthetic_operations_v1
MV-001390,2015-08-29 06:00:00,LOT-00090,comp3,issue,-1,available,MR-01250,assumption:synthetic_operations_v1
MV-001391,2015-08-29 06:00:00,LOT-00090,comp3,issue,-1,available,MR-01253,assumption:synthetic_operations_v1
MV-001392,2015-08-29 06:00:00,LOT-00090,comp3,issue,-1,available,MR-01256,assumption:synthetic_operations_v1
MV-001393,2015-08-29 06:00:00,LOT-00090,comp3,issue,-1,available,MR-01257,assumption:synthetic_operations_v1
MV-001394,2015-08-29 06:00:00,LOT-00087,comp4,issue,-1,available,MR-01247,assumption:synthetic_operations_v1
MV-001395,2015-08-29 06:00:00,LOT-00087,comp4,issue,-1,available,MR-01249,assumption:synthetic_operations_v1
MV-001396,2015-08-29 06:00:00,LOT-00087,comp4,issue,-1,available,MR-01251,assumption:synthetic_operations_v1
MV-001397,2015-08-29 06:00:00,LOT-00089,comp4,issue,-1,available,MR-01258,assumption:synthetic_operations_v1
MV-001398,2015-08-30 06:00:00,LOT-00096,comp2,receipt,17,available,,assumption:synthetic_operations_v1
MV-001399,2015-08-30 06:00:00,LOT-00091,comp1,issue,-1,available,MR-01261,assumption:synthetic_operations_v1
MV-001400,2015-08-30 06:00:00,LOT-00091,comp1,issue,-1,available,MR-01269,assumption:synthetic_operations_v1
MV-001401,2015-08-30 06:00:00,LOT-00091,comp1,issue,-1,available,MR-01270,assumption:synthetic_operations_v1
MV-001402,2015-08-30 06:00:00,LOT-00088,comp2,issue,-1,available,MR-01262,assumption:synthetic_operations_v1
MV-001403,2015-08-30 06:00:00,LOT-00088,comp2,issue,-1,available,MR-01264,assumption:synthetic_operations_v1
MV-001404,2015-08-30 06:00:00,LOT-00090,comp3,issue,-1,available,MR-01266,assumption:synthetic_operations_v1
MV-001405,2015-08-30 06:00:00,LOT-00090,comp3,issue,-1,available,MR-01268,assumption:synthetic_operations_v1
MV-001406,2015-08-30 06:00:00,LOT-00089,comp4,issue,-1,available,MR-01263,assumption:synthetic_operations_v1
MV-001407,2015-08-30 06:00:00,LOT-00089,comp4,issue,-1,available,MR-01265,assumption:synthetic_operations_v1
MV-001408,2015-08-30 06:00:00,LOT-00089,comp4,issue,-1,available,MR-01267,assumption:synthetic_operations_v1
MV-001409,2015-08-31 06:00:00,LOT-00088,comp2,issue,-1,available,MR-01271,assumption:synthetic_operations_v1
MV-001410,2015-08-31 06:00:00,LOT-00088,comp2,issue,-1,available,MR-01273,assumption:synthetic_operations_v1
MV-001411,2015-08-31 06:00:00,LOT-00088,comp2,issue,-1,available,MR-01275,assumption:synthetic_operations_v1
MV-001412,2015-08-31 06:00:00,LOT-00088,comp2,issue,-1,available,MR-01277,assumption:synthetic_operations_v1
MV-001413,2015-08-31 06:00:00,LOT-00090,comp3,issue,-1,available,MR-01276,assumption:synthetic_operations_v1
MV-001414,2015-08-31 06:00:00,LOT-00090,comp3,issue,-1,available,MR-01278,assumption:synthetic_operations_v1
MV-001415,2015-08-31 06:00:00,LOT-00089,comp4,issue,-1,available,MR-01272,assumption:synthetic_operations_v1
MV-001416,2015-08-31 06:00:00,LOT-00089,comp4,issue,-1,available,MR-01274,assumption:synthetic_operations_v1
MV-001417,2015-09-01 06:00:00,LOT-00091,comp1,issue,-1,available,MR-01279,assumption:synthetic_operations_v1
MV-001418,2015-09-01 06:00:00,LOT-00095,comp1,issue,-1,available,MR-01285,assumption:synthetic_operations_v1
MV-001419,2015-09-01 06:00:00,LOT-00088,comp2,issue,-1,available,MR-01287,assumption:synthetic_operations_v1
MV-001420,2015-09-01 06:00:00,LOT-00090,comp3,issue,-1,available,MR-01280,assumption:synthetic_operations_v1
MV-001421,2015-09-01 06:00:00,LOT-00090,comp3,issue,-1,available,MR-01282,assumption:synthetic_operations_v1
MV-001422,2015-09-01 06:00:00,LOT-00090,comp3,issue,-1,available,MR-01283,assumption:synthetic_operations_v1
MV-001423,2015-09-01 06:00:00,LOT-00089,comp4,issue,-1,available,MR-01281,assumption:synthetic_operations_v1
MV-001424,2015-09-01 06:00:00,LOT-00089,comp4,issue,-1,available,MR-01284,assumption:synthetic_operations_v1
MV-001425,2015-09-01 06:00:00,LOT-00089,comp4,issue,-1,available,MR-01286,assumption:synthetic_operations_v1
MV-001426,2015-09-01 06:00:00,LOT-00089,comp4,issue,-1,available,MR-01288,assumption:synthetic_operations_v1
MV-001427,2015-09-01 07:00:00,LOT-00046,comp3,expiry,0,expired,,assumption:synthetic_operations_v1
MV-001428,2015-09-02 06:00:00,LOT-00097,comp3,receipt,24,available,,assumption:synthetic_operations_v1
MV-001429,2015-09-02 06:00:00,LOT-00098,comp1,receipt,7,available,,assumption:synthetic_operations_v1
MV-001430,2015-09-02 06:00:00,LOT-00095,comp1,issue,-1,available,MR-01289,assumption:synthetic_operations_v1
MV-001431,2015-09-02 06:00:00,LOT-00095,comp1,issue,-1,available,MR-01293,assumption:synthetic_operations_v1
MV-001432,2015-09-02 06:00:00,LOT-00095,comp1,issue,-1,available,MR-01297,assumption:synthetic_operations_v1
MV-001433,2015-09-02 06:00:00,LOT-00095,comp1,issue,-1,available,MR-01302,assumption:synthetic_operations_v1
MV-001434,2015-09-02 06:00:00,LOT-00088,comp2,issue,-1,available,MR-01294,assumption:synthetic_operations_v1
MV-001435,2015-09-02 06:00:00,LOT-00092,comp2,issue,-1,available,MR-01299,assumption:synthetic_operations_v1
MV-001436,2015-09-02 06:00:00,LOT-00092,comp2,issue,-1,available,MR-01301,assumption:synthetic_operations_v1
MV-001437,2015-09-02 06:00:00,LOT-00092,comp2,issue,-1,available,MR-01303,assumption:synthetic_operations_v1
MV-001438,2015-09-02 06:00:00,LOT-00094,comp3,issue,-1,available,MR-01292,assumption:synthetic_operations_v1
MV-001439,2015-09-02 06:00:00,LOT-00094,comp3,issue,-1,available,MR-01296,assumption:synthetic_operations_v1
MV-001440,2015-09-02 06:00:00,LOT-00089,comp4,issue,-1,available,MR-01290,assumption:synthetic_operations_v1
MV-001441,2015-09-02 06:00:00,LOT-00089,comp4,issue,-1,available,MR-01291,assumption:synthetic_operations_v1
MV-001442,2015-09-02 06:00:00,LOT-00093,comp4,issue,-1,available,MR-01295,assumption:synthetic_operations_v1
MV-001443,2015-09-02 06:00:00,LOT-00093,comp4,issue,-1,available,MR-01298,assumption:synthetic_operations_v1
MV-001444,2015-09-02 06:00:00,LOT-00093,comp4,issue,-1,available,MR-01300,assumption:synthetic_operations_v1
MV-001445,2015-09-02 06:00:00,LOT-00093,comp4,issue,-1,available,MR-01304,assumption:synthetic_operations_v1
MV-001446,2015-09-03 06:00:00,LOT-00099,comp2,receipt,11,available,,assumption:synthetic_operations_v1
MV-001447,2015-09-03 06:00:00,LOT-00095,comp1,issue,-1,available,MR-01305,assumption:synthetic_operations_v1
MV-001448,2015-09-03 06:00:00,LOT-00095,comp1,issue,-1,available,MR-01306,assumption:synthetic_operations_v1
MV-001449,2015-09-03 06:00:00,LOT-00095,comp1,issue,-1,available,MR-01307,assumption:synthetic_operations_v1
MV-001450,2015-09-03 06:00:00,LOT-00092,comp2,issue,-1,available,MR-01308,assumption:synthetic_operations_v1
MV-001451,2015-09-03 06:00:00,LOT-00092,comp2,issue,-1,available,MR-01309,assumption:synthetic_operations_v1
MV-001452,2015-09-03 06:00:00,LOT-00093,comp4,issue,-1,available,MR-01310,assumption:synthetic_operations_v1
MV-001453,2015-09-03 07:00:00,LOT-00030,comp4,expiry,0,expired,,assumption:synthetic_operations_v1
MV-001454,2015-09-04 06:00:00,LOT-00095,comp1,issue,-1,available,MR-01311,assumption:synthetic_operations_v1
MV-001455,2015-09-04 06:00:00,LOT-00095,comp1,issue,-1,available,MR-01313,assumption:synthetic_operations_v1
MV-001456,2015-09-04 06:00:00,LOT-00095,comp1,issue,-1,available,MR-01314,assumption:synthetic_operations_v1
MV-001457,2015-09-04 06:00:00,LOT-00095,comp1,issue,-1,available,MR-01318,assumption:synthetic_operations_v1
MV-001458,2015-09-04 06:00:00,LOT-00092,comp2,issue,-1,available,MR-01316,assumption:synthetic_operations_v1
MV-001459,2015-09-04 06:00:00,LOT-00094,comp3,issue,-1,available,MR-01315,assumption:synthetic_operations_v1
MV-001460,2015-09-04 06:00:00,LOT-00094,comp3,issue,-1,available,MR-01317,assumption:synthetic_operations_v1
MV-001461,2015-09-04 06:00:00,LOT-00093,comp4,issue,-1,available,MR-01312,assumption:synthetic_operations_v1
MV-001462,2015-09-04 06:00:00,LOT-00093,comp4,issue,-1,available,MR-01319,assumption:synthetic_operations_v1
MV-001463,2015-09-04 07:00:00,LOT-00080,comp2,expiry,0,expired,,assumption:synthetic_operations_v1
MV-001464,2015-09-05 06:00:00,LOT-00100,comp4,receipt,5,quarantined,,assumption:synthetic_operations_v1
MV-001465,2015-09-05 06:00:00,LOT-00095,comp1,issue,-1,available,MR-01321,assumption:synthetic_operations_v1
MV-001466,2015-09-05 06:00:00,LOT-00095,comp1,issue,-1,available,MR-01322,assumption:synthetic_operations_v1
MV-001467,2015-09-05 06:00:00,LOT-00095,comp1,issue,-1,available,MR-01323,assumption:synthetic_operations_v1
MV-001468,2015-09-05 06:00:00,LOT-00095,comp1,issue,-1,available,MR-01324,assumption:synthetic_operations_v1
MV-001469,2015-09-05 06:00:00,LOT-00095,comp1,issue,-1,available,MR-01325,assumption:synthetic_operations_v1
MV-001470,2015-09-05 06:00:00,LOT-00092,comp2,issue,-1,available,MR-01326,assumption:synthetic_operations_v1
MV-001471,2015-09-05 06:00:00,LOT-00092,comp2,issue,-1,available,MR-01327,assumption:synthetic_operations_v1
MV-001472,2015-09-05 06:00:00,LOT-00094,comp3,issue,-1,available,MR-01320,assumption:synthetic_operations_v1
MV-001473,2015-09-05 06:00:00,LOT-00093,comp4,issue,-1,available,MR-01328,assumption:synthetic_operations_v1
MV-001474,2015-09-06 06:00:00,LOT-00098,comp1,issue,-1,available,MR-01329,assumption:synthetic_operations_v1
MV-001475,2015-09-06 06:00:00,LOT-00098,comp1,issue,-1,available,MR-01331,assumption:synthetic_operations_v1
MV-001476,2015-09-06 06:00:00,LOT-00092,comp2,issue,-1,available,MR-01330,assumption:synthetic_operations_v1
MV-001477,2015-09-06 06:00:00,LOT-00092,comp2,issue,-1,available,MR-01332,assumption:synthetic_operations_v1
MV-001478,2015-09-06 06:00:00,LOT-00092,comp2,issue,-1,available,MR-01335,assumption:synthetic_operations_v1
MV-001479,2015-09-06 06:00:00,LOT-00097,comp3,issue,-1,available,MR-01336,assumption:synthetic_operations_v1
MV-001480,2015-09-06 06:00:00,LOT-00093,comp4,issue,-1,available,MR-01333,assumption:synthetic_operations_v1
MV-001481,2015-09-06 06:00:00,LOT-00093,comp4,issue,-1,available,MR-01334,assumption:synthetic_operations_v1
MV-001482,2015-09-07 06:00:00,LOT-00098,comp1,issue,-1,available,MR-01337,assumption:synthetic_operations_v1
MV-001483,2015-09-07 06:00:00,LOT-00092,comp2,issue,-1,available,MR-01338,assumption:synthetic_operations_v1
MV-001484,2015-09-07 06:00:00,LOT-00097,comp3,issue,-1,available,MR-01339,assumption:synthetic_operations_v1
MV-001485,2015-09-08 06:00:00,LOT-00100,comp4,quality_release,0,available,,assumption:synthetic_operations_v1
MV-001486,2015-09-08 06:00:00,LOT-00098,comp1,issue,-1,available,MR-01341,assumption:synthetic_operations_v1
MV-001487,2015-09-08 06:00:00,LOT-00098,comp1,issue,-1,available,MR-01343,assumption:synthetic_operations_v1
MV-001488,2015-09-08 06:00:00,LOT-00092,comp2,issue,-1,available,MR-01340,assumption:synthetic_operations_v1
MV-001489,2015-09-08 06:00:00,LOT-00092,comp2,issue,-1,available,MR-01342,assumption:synthetic_operations_v1
MV-001490,2015-09-08 07:00:00,LOT-00050,comp3,expiry,0,expired,,assumption:synthetic_operations_v1
MV-001491,2015-09-09 06:00:00,LOT-00101,comp2,receipt,19,available,,assumption:synthetic_operations_v1
MV-001492,2015-09-09 06:00:00,LOT-00102,comp4,receipt,16,available,,assumption:synthetic_operations_v1
MV-001493,2015-09-09 06:00:00,LOT-00103,comp1,receipt,18,available,,assumption:synthetic_operations_v1
MV-001494,2015-09-09 06:00:00,LOT-00092,comp2,issue,-1,available,MR-01344,assumption:synthetic_operations_v1
MV-001495,2015-09-10 06:00:00,LOT-00098,comp1,issue,-1,available,MR-01348,assumption:synthetic_operations_v1
MV-001496,2015-09-10 06:00:00,LOT-00098,comp1,issue,-1,available,MR-01352,assumption:synthetic_operations_v1
MV-001497,2015-09-10 06:00:00,LOT-00103,comp1,issue,-1,available,MR-01354,assumption:synthetic_operations_v1
MV-001498,2015-09-10 06:00:00,LOT-00092,comp2,issue,-1,available,MR-01346,assumption:synthetic_operations_v1
MV-001499,2015-09-10 06:00:00,LOT-00092,comp2,issue,-1,available,MR-01349,assumption:synthetic_operations_v1
MV-001500,2015-09-10 06:00:00,LOT-00092,comp2,issue,-1,available,MR-01351,assumption:synthetic_operations_v1
MV-001501,2015-09-10 06:00:00,LOT-00097,comp3,issue,-1,available,MR-01350,assumption:synthetic_operations_v1
MV-001502,2015-09-10 06:00:00,LOT-00093,comp4,issue,-1,available,MR-01345,assumption:synthetic_operations_v1
MV-001503,2015-09-10 06:00:00,LOT-00093,comp4,issue,-1,available,MR-01347,assumption:synthetic_operations_v1
MV-001504,2015-09-10 06:00:00,LOT-00093,comp4,issue,-1,available,MR-01353,assumption:synthetic_operations_v1
MV-001505,2015-09-10 07:00:00,LOT-00033,comp4,expiry,0,expired,,assumption:synthetic_operations_v1
MV-001506,2015-09-11 06:00:00,LOT-00103,comp1,issue,-1,available,MR-01355,assumption:synthetic_operations_v1
MV-001507,2015-09-12 06:00:00,LOT-00103,comp1,issue,-1,available,MR-01358,assumption:synthetic_operations_v1
MV-001508,2015-09-12 06:00:00,LOT-00092,comp2,issue,-1,available,MR-01356,assumption:synthetic_operations_v1
MV-001509,2015-09-12 06:00:00,LOT-00092,comp2,issue,-1,available,MR-01359,assumption:synthetic_operations_v1
MV-001510,2015-09-12 06:00:00,LOT-00092,comp2,issue,-1,available,MR-01360,assumption:synthetic_operations_v1
MV-001511,2015-09-12 06:00:00,LOT-00092,comp2,issue,-1,available,MR-01362,assumption:synthetic_operations_v1
MV-001512,2015-09-12 06:00:00,LOT-00092,comp2,issue,-1,available,MR-01364,assumption:synthetic_operations_v1
MV-001513,2015-09-12 06:00:00,LOT-00092,comp2,issue,-1,available,MR-01368,assumption:synthetic_operations_v1
MV-001514,2015-09-12 06:00:00,LOT-00097,comp3,issue,-1,available,MR-01361,assumption:synthetic_operations_v1
MV-001515,2015-09-12 06:00:00,LOT-00097,comp3,issue,-1,available,MR-01363,assumption:synthetic_operations_v1
MV-001516,2015-09-12 06:00:00,LOT-00097,comp3,issue,-1,available,MR-01366,assumption:synthetic_operations_v1
MV-001517,2015-09-12 06:00:00,LOT-00093,comp4,issue,-1,available,MR-01357,assumption:synthetic_operations_v1
MV-001518,2015-09-12 06:00:00,LOT-00093,comp4,issue,-1,available,MR-01365,assumption:synthetic_operations_v1
MV-001519,2015-09-12 06:00:00,LOT-00093,comp4,issue,-1,available,MR-01367,assumption:synthetic_operations_v1
MV-001520,2015-09-12 06:00:00,LOT-00093,comp4,issue,-1,available,MR-01369,assumption:synthetic_operations_v1
MV-001521,2015-09-13 06:00:00,LOT-00092,comp2,issue,-1,available,MR-01370,assumption:synthetic_operations_v1
MV-001522,2015-09-13 06:00:00,LOT-00092,comp2,issue,-1,available,MR-01371,assumption:synthetic_operations_v1
MV-001523,2015-09-13 06:00:00,LOT-00092,comp2,issue,-1,available,MR-01375,assumption:synthetic_operations_v1
MV-001524,2015-09-13 06:00:00,LOT-00092,comp2,issue,-1,available,MR-01377,assumption:synthetic_operations_v1
MV-001525,2015-09-13 06:00:00,LOT-00092,comp2,issue,-1,available,MR-01380,assumption:synthetic_operations_v1
MV-001526,2015-09-13 06:00:00,LOT-00092,comp2,issue,-1,available,MR-01381,assumption:synthetic_operations_v1
MV-001527,2015-09-13 06:00:00,LOT-00092,comp2,issue,-1,available,MR-01382,assumption:synthetic_operations_v1
MV-001528,2015-09-13 06:00:00,LOT-00097,comp3,issue,-1,available,MR-01373,assumption:synthetic_operations_v1
MV-001529,2015-09-13 06:00:00,LOT-00097,comp3,issue,-1,available,MR-01374,assumption:synthetic_operations_v1
MV-001530,2015-09-13 06:00:00,LOT-00093,comp4,issue,-1,available,MR-01372,assumption:synthetic_operations_v1
MV-001531,2015-09-13 06:00:00,LOT-00100,comp4,issue,-1,available,MR-01376,assumption:synthetic_operations_v1
MV-001532,2015-09-13 06:00:00,LOT-00100,comp4,issue,-1,available,MR-01378,assumption:synthetic_operations_v1
MV-001533,2015-09-13 06:00:00,LOT-00100,comp4,issue,-1,available,MR-01379,assumption:synthetic_operations_v1
MV-001534,2015-09-14 06:00:00,LOT-00103,comp1,issue,-1,available,MR-01385,assumption:synthetic_operations_v1
MV-001535,2015-09-14 06:00:00,LOT-00103,comp1,issue,-1,available,MR-01389,assumption:synthetic_operations_v1
MV-001536,2015-09-14 06:00:00,LOT-00103,comp1,issue,-1,available,MR-01395,assumption:synthetic_operations_v1
MV-001537,2015-09-14 06:00:00,LOT-00103,comp1,issue,-1,available,MR-01396,assumption:synthetic_operations_v1
MV-001538,2015-09-14 06:00:00,LOT-00092,comp2,issue,-1,available,MR-01387,assumption:synthetic_operations_v1
MV-001539,2015-09-14 06:00:00,LOT-00092,comp2,issue,-1,available,MR-01391,assumption:synthetic_operations_v1
MV-001540,2015-09-14 06:00:00,LOT-00096,comp2,issue,-1,available,MR-01394,assumption:synthetic_operations_v1
MV-001541,2015-09-14 06:00:00,LOT-00097,comp3,issue,-1,available,MR-01383,assumption:synthetic_operations_v1
MV-001542,2015-09-14 06:00:00,LOT-00097,comp3,issue,-1,available,MR-01388,assumption:synthetic_operations_v1
MV-001543,2015-09-14 06:00:00,LOT-00097,comp3,issue,-1,available,MR-01390,assumption:synthetic_operations_v1
MV-001544,2015-09-14 06:00:00,LOT-00100,comp4,issue,-1,available,MR-01384,assumption:synthetic_operations_v1
MV-001545,2015-09-14 06:00:00,LOT-00100,comp4,issue,-1,available,MR-01386,assumption:synthetic_operations_v1
MV-001546,2015-09-14 06:00:00,LOT-00102,comp4,issue,-1,available,MR-01392,assumption:synthetic_operations_v1
MV-001547,2015-09-14 06:00:00,LOT-00102,comp4,issue,-1,available,MR-01393,assumption:synthetic_operations_v1
MV-001548,2015-09-15 06:00:00,LOT-00103,comp1,issue,-1,available,MR-01397,assumption:synthetic_operations_v1
MV-001549,2015-09-15 06:00:00,LOT-00103,comp1,issue,-1,available,MR-01402,assumption:synthetic_operations_v1
MV-001550,2015-09-15 06:00:00,LOT-00096,comp2,issue,-1,available,MR-01399,assumption:synthetic_operations_v1
MV-001551,2015-09-15 06:00:00,LOT-00097,comp3,issue,-1,available,MR-01401,assumption:synthetic_operations_v1
MV-001552,2015-09-15 06:00:00,LOT-00097,comp3,issue,-1,available,MR-01403,assumption:synthetic_operations_v1
MV-001553,2015-09-15 06:00:00,LOT-00102,comp4,issue,-1,available,MR-01398,assumption:synthetic_operations_v1
MV-001554,2015-09-15 06:00:00,LOT-00102,comp4,issue,-1,available,MR-01400,assumption:synthetic_operations_v1
MV-001555,2015-09-15 07:00:00,LOT-00052,comp3,expiry,0,expired,,assumption:synthetic_operations_v1
MV-001556,2015-09-16 06:00:00,LOT-00104,comp2,receipt,4,available,,assumption:synthetic_operations_v1
MV-001557,2015-09-16 06:00:00,LOT-00105,comp4,receipt,13,available,,assumption:synthetic_operations_v1
MV-001558,2015-09-16 06:00:00,LOT-00103,comp1,issue,-1,available,MR-01404,assumption:synthetic_operations_v1
MV-001559,2015-09-16 06:00:00,LOT-00103,comp1,issue,-1,available,MR-01406,assumption:synthetic_operations_v1
MV-001560,2015-09-16 06:00:00,LOT-00103,comp1,issue,-1,available,MR-01407,assumption:synthetic_operations_v1
MV-001561,2015-09-16 06:00:00,LOT-00103,comp1,issue,-1,available,MR-01411,assumption:synthetic_operations_v1
MV-001562,2015-09-16 06:00:00,LOT-00103,comp1,issue,-1,available,MR-01415,assumption:synthetic_operations_v1
MV-001563,2015-09-16 06:00:00,LOT-00096,comp2,issue,-1,available,MR-01405,assumption:synthetic_operations_v1
MV-001564,2015-09-16 06:00:00,LOT-00096,comp2,issue,-1,available,MR-01409,assumption:synthetic_operations_v1
MV-001565,2015-09-16 06:00:00,LOT-00097,comp3,issue,-1,available,MR-01408,assumption:synthetic_operations_v1
MV-001566,2015-09-16 06:00:00,LOT-00097,comp3,issue,-1,available,MR-01410,assumption:synthetic_operations_v1
MV-001567,2015-09-16 06:00:00,LOT-00097,comp3,issue,-1,available,MR-01413,assumption:synthetic_operations_v1
MV-001568,2015-09-16 06:00:00,LOT-00102,comp4,issue,-1,available,MR-01412,assumption:synthetic_operations_v1
MV-001569,2015-09-16 06:00:00,LOT-00102,comp4,issue,-1,available,MR-01414,assumption:synthetic_operations_v1
MV-001570,2015-09-17 06:00:00,LOT-00106,comp1,receipt,18,available,,assumption:synthetic_operations_v1
MV-001571,2015-09-17 06:00:00,LOT-00103,comp1,issue,-1,available,MR-01418,assumption:synthetic_operations_v1
MV-001572,2015-09-17 06:00:00,LOT-00103,comp1,issue,-1,available,MR-01420,assumption:synthetic_operations_v1
MV-001573,2015-09-17 06:00:00,LOT-00103,comp1,issue,-1,available,MR-01424,assumption:synthetic_operations_v1
MV-001574,2015-09-17 06:00:00,LOT-00103,comp1,issue,-1,available,MR-01425,assumption:synthetic_operations_v1
MV-001575,2015-09-17 06:00:00,LOT-00096,comp2,issue,-1,available,MR-01416,assumption:synthetic_operations_v1
MV-001576,2015-09-17 06:00:00,LOT-00096,comp2,issue,-1,available,MR-01417,assumption:synthetic_operations_v1
MV-001577,2015-09-17 06:00:00,LOT-00096,comp2,issue,-1,available,MR-01419,assumption:synthetic_operations_v1
MV-001578,2015-09-17 06:00:00,LOT-00096,comp2,issue,-1,available,MR-01422,assumption:synthetic_operations_v1
MV-001579,2015-09-17 06:00:00,LOT-00097,comp3,issue,-1,available,MR-01426,assumption:synthetic_operations_v1
MV-001580,2015-09-17 06:00:00,LOT-00102,comp4,issue,-1,available,MR-01421,assumption:synthetic_operations_v1
MV-001581,2015-09-17 06:00:00,LOT-00102,comp4,issue,-1,available,MR-01423,assumption:synthetic_operations_v1
MV-001582,2015-09-17 07:00:00,LOT-00036,comp4,expiry,0,expired,,assumption:synthetic_operations_v1
MV-001583,2015-09-18 06:00:00,LOT-00107,comp3,receipt,15,quarantined,,assumption:synthetic_operations_v1
MV-001584,2015-09-18 06:00:00,LOT-00106,comp1,issue,-1,available,MR-01427,assumption:synthetic_operations_v1
MV-001585,2015-09-18 06:00:00,LOT-00106,comp1,issue,-1,available,MR-01429,assumption:synthetic_operations_v1
MV-001586,2015-09-18 06:00:00,LOT-00106,comp1,issue,-1,available,MR-01435,assumption:synthetic_operations_v1
MV-001587,2015-09-18 06:00:00,LOT-00096,comp2,issue,-1,available,MR-01433,assumption:synthetic_operations_v1
MV-001588,2015-09-18 06:00:00,LOT-00097,comp3,issue,-1,available,MR-01428,assumption:synthetic_operations_v1
MV-001589,2015-09-18 06:00:00,LOT-00097,comp3,issue,-1,available,MR-01431,assumption:synthetic_operations_v1
MV-001590,2015-09-18 06:00:00,LOT-00097,comp3,issue,-1,available,MR-01434,assumption:synthetic_operations_v1
MV-001591,2015-09-18 06:00:00,LOT-00102,comp4,issue,-1,available,MR-01430,assumption:synthetic_operations_v1
MV-001592,2015-09-18 06:00:00,LOT-00102,comp4,issue,-1,available,MR-01432,assumption:synthetic_operations_v1
MV-001593,2015-09-18 07:00:00,LOT-00088,comp2,expiry,0,expired,,assumption:synthetic_operations_v1
MV-001594,2015-09-19 06:00:00,LOT-00108,comp3,receipt,17,available,,assumption:synthetic_operations_v1
MV-001595,2015-09-19 06:00:00,LOT-00106,comp1,issue,-1,available,MR-01436,assumption:synthetic_operations_v1
MV-001596,2015-09-19 06:00:00,LOT-00106,comp1,issue,-1,available,MR-01439,assumption:synthetic_operations_v1
MV-001597,2015-09-19 06:00:00,LOT-00096,comp2,issue,-1,available,MR-01440,assumption:synthetic_operations_v1
MV-001598,2015-09-19 06:00:00,LOT-00096,comp2,issue,-1,available,MR-01443,assumption:synthetic_operations_v1
MV-001599,2015-09-19 06:00:00,LOT-00097,comp3,issue,-1,available,MR-01437,assumption:synthetic_operations_v1
MV-001600,2015-09-19 06:00:00,LOT-00097,comp3,issue,-1,available,MR-01438,assumption:synthetic_operations_v1
MV-001601,2015-09-19 06:00:00,LOT-00102,comp4,issue,-1,available,MR-01441,assumption:synthetic_operations_v1
MV-001602,2015-09-19 06:00:00,LOT-00102,comp4,issue,-1,available,MR-01442,assumption:synthetic_operations_v1
MV-001603,2015-09-19 06:00:00,LOT-00102,comp4,issue,-1,available,MR-01444,assumption:synthetic_operations_v1
MV-001604,2015-09-19 07:00:00,LOT-00092,comp2,expiry,0,expired,,assumption:synthetic_operations_v1
MV-001605,2015-09-20 06:00:00,LOT-00106,comp1,issue,-1,available,MR-01446,assumption:synthetic_operations_v1
MV-001606,2015-09-20 06:00:00,LOT-00106,comp1,issue,-1,available,MR-01447,assumption:synthetic_operations_v1
MV-001607,2015-09-20 06:00:00,LOT-00106,comp1,issue,-1,available,MR-01448,assumption:synthetic_operations_v1
MV-001608,2015-09-20 06:00:00,LOT-00096,comp2,issue,-1,available,MR-01450,assumption:synthetic_operations_v1
MV-001609,2015-09-20 06:00:00,LOT-00096,comp2,issue,-1,available,MR-01451,assumption:synthetic_operations_v1
MV-001610,2015-09-20 06:00:00,LOT-00102,comp4,issue,-1,available,MR-01445,assumption:synthetic_operations_v1
MV-001611,2015-09-20 06:00:00,LOT-00102,comp4,issue,-1,available,MR-01449,assumption:synthetic_operations_v1
MV-001612,2015-09-20 06:00:00,LOT-00102,comp4,issue,-1,available,MR-01452,assumption:synthetic_operations_v1
MV-001613,2015-09-21 06:00:00,LOT-00107,comp3,quality_release,0,available,,assumption:synthetic_operations_v1
MV-001614,2015-09-21 06:00:00,LOT-00106,comp1,issue,-1,available,MR-01453,assumption:synthetic_operations_v1
MV-001615,2015-09-21 06:00:00,LOT-00106,comp1,issue,-1,available,MR-01455,assumption:synthetic_operations_v1
MV-001616,2015-09-21 06:00:00,LOT-00106,comp1,issue,-1,available,MR-01459,assumption:synthetic_operations_v1
MV-001617,2015-09-21 06:00:00,LOT-00097,comp3,issue,-1,available,MR-01458,assumption:synthetic_operations_v1
MV-001618,2015-09-21 06:00:00,LOT-00105,comp4,issue,-1,available,MR-01454,assumption:synthetic_operations_v1
MV-001619,2015-09-21 06:00:00,LOT-00105,comp4,issue,-1,available,MR-01456,assumption:synthetic_operations_v1
MV-001620,2015-09-21 06:00:00,LOT-00105,comp4,issue,-1,available,MR-01457,assumption:synthetic_operations_v1
MV-001621,2015-09-22 06:00:00,LOT-00096,comp2,issue,-1,available,MR-01460,assumption:synthetic_operations_v1
MV-001622,2015-09-22 06:00:00,LOT-00097,comp3,issue,-1,available,MR-01461,assumption:synthetic_operations_v1
MV-001623,2015-09-22 06:00:00,LOT-00107,comp3,issue,-1,available,MR-01462,assumption:synthetic_operations_v1
MV-001624,2015-09-22 06:00:00,LOT-00105,comp4,issue,-1,available,MR-01463,assumption:synthetic_operations_v1
MV-001625,2015-09-22 07:00:00,LOT-00058,comp3,expiry,0,expired,,assumption:synthetic_operations_v1
MV-001626,2015-09-23 06:00:00,LOT-00109,comp2,receipt,27,available,,assumption:synthetic_operations_v1
MV-001627,2015-09-23 06:00:00,LOT-00110,comp3,receipt,3,available,,assumption:synthetic_operations_v1
MV-001628,2015-09-23 06:00:00,LOT-00096,comp2,issue,-1,available,MR-01466,assumption:synthetic_operations_v1
MV-001629,2015-09-23 06:00:00,LOT-00096,comp2,issue,-1,available,MR-01467,assumption:synthetic_operations_v1
MV-001630,2015-09-23 06:00:00,LOT-00096,comp2,issue,-1,available,MR-01469,assumption:synthetic_operations_v1
MV-001631,2015-09-23 06:00:00,LOT-00107,comp3,issue,-1,available,MR-01464,assumption:synthetic_operations_v1
MV-001632,2015-09-23 06:00:00,LOT-00107,comp3,issue,-1,available,MR-01468,assumption:synthetic_operations_v1
MV-001633,2015-09-23 06:00:00,LOT-00105,comp4,issue,-1,available,MR-01465,assumption:synthetic_operations_v1
MV-001634,2015-09-24 06:00:00,LOT-00099,comp2,issue,-1,available,MR-01470,assumption:synthetic_operations_v1
MV-001635,2015-09-25 06:00:00,LOT-00111,comp4,receipt,25,available,,assumption:synthetic_operations_v1
MV-001636,2015-09-25 06:00:00,LOT-00106,comp1,issue,-1,available,MR-01478,assumption:synthetic_operations_v1
MV-001637,2015-09-25 06:00:00,LOT-00099,comp2,issue,-1,available,MR-01471,assumption:synthetic_operations_v1
MV-001638,2015-09-25 06:00:00,LOT-00099,comp2,issue,-1,available,MR-01474,assumption:synthetic_operations_v1
MV-001639,2015-09-25 06:00:00,LOT-00099,comp2,issue,-1,available,MR-01475,assumption:synthetic_operations_v1
MV-001640,2015-09-25 06:00:00,LOT-00107,comp3,issue,-1,available,MR-01472,assumption:synthetic_operations_v1
MV-001641,2015-09-25 06:00:00,LOT-00107,comp3,issue,-1,available,MR-01476,assumption:synthetic_operations_v1
MV-001642,2015-09-25 06:00:00,LOT-00107,comp3,issue,-1,available,MR-01477,assumption:synthetic_operations_v1
MV-001643,2015-09-25 06:00:00,LOT-00105,comp4,issue,-1,available,MR-01473,assumption:synthetic_operations_v1
MV-001644,2015-09-25 07:00:00,LOT-00002,comp1,expiry,0,expired,,assumption:synthetic_operations_v1
MV-001645,2015-09-26 06:00:00,LOT-00099,comp2,issue,-1,available,MR-01479,assumption:synthetic_operations_v1
MV-001646,2015-09-26 06:00:00,LOT-00107,comp3,issue,-1,available,MR-01480,assumption:synthetic_operations_v1
MV-001647,2015-09-26 07:00:00,LOT-00043,comp4,expiry,0,expired,,assumption:synthetic_operations_v1
MV-001648,2015-09-27 06:00:00,LOT-00112,comp1,receipt,16,available,,assumption:synthetic_operations_v1
MV-001649,2015-09-27 06:00:00,LOT-00106,comp1,issue,-1,available,MR-01482,assumption:synthetic_operations_v1
MV-001650,2015-09-27 06:00:00,LOT-00106,comp1,issue,-1,available,MR-01486,assumption:synthetic_operations_v1
MV-001651,2015-09-27 06:00:00,LOT-00099,comp2,issue,-1,available,MR-01481,assumption:synthetic_operations_v1
MV-001652,2015-09-27 06:00:00,LOT-00099,comp2,issue,-1,available,MR-01483,assumption:synthetic_operations_v1
MV-001653,2015-09-27 06:00:00,LOT-00099,comp2,issue,-1,available,MR-01485,assumption:synthetic_operations_v1
MV-001654,2015-09-27 06:00:00,LOT-00105,comp4,issue,-1,available,MR-01484,assumption:synthetic_operations_v1
MV-001655,2015-09-27 06:00:00,LOT-00105,comp4,issue,-1,available,MR-01487,assumption:synthetic_operations_v1
MV-001656,2015-09-28 06:00:00,LOT-00106,comp1,issue,-1,available,MR-01492,assumption:synthetic_operations_v1
MV-001657,2015-09-28 06:00:00,LOT-00106,comp1,issue,-1,available,MR-01497,assumption:synthetic_operations_v1
MV-001658,2015-09-28 06:00:00,LOT-00099,comp2,issue,-1,available,MR-01488,assumption:synthetic_operations_v1
MV-001659,2015-09-28 06:00:00,LOT-00099,comp2,issue,-1,available,MR-01491,assumption:synthetic_operations_v1
MV-001660,2015-09-28 06:00:00,LOT-00099,comp2,issue,-1,available,MR-01499,assumption:synthetic_operations_v1
MV-001661,2015-09-28 06:00:00,LOT-00107,comp3,issue,-1,available,MR-01489,assumption:synthetic_operations_v1
MV-001662,2015-09-28 06:00:00,LOT-00107,comp3,issue,-1,available,MR-01494,assumption:synthetic_operations_v1
MV-001663,2015-09-28 06:00:00,LOT-00107,comp3,issue,-1,available,MR-01498,assumption:synthetic_operations_v1
MV-001664,2015-09-28 06:00:00,LOT-00105,comp4,issue,-1,available,MR-01490,assumption:synthetic_operations_v1
MV-001665,2015-09-28 06:00:00,LOT-00105,comp4,issue,-1,available,MR-01493,assumption:synthetic_operations_v1
MV-001666,2015-09-28 06:00:00,LOT-00105,comp4,issue,-1,available,MR-01495,assumption:synthetic_operations_v1
MV-001667,2015-09-28 06:00:00,LOT-00105,comp4,issue,-1,available,MR-01496,assumption:synthetic_operations_v1
MV-001668,2015-09-29 06:00:00,LOT-00106,comp1,issue,-1,available,MR-01501,assumption:synthetic_operations_v1
MV-001669,2015-09-29 06:00:00,LOT-00101,comp2,issue,-1,available,MR-01502,assumption:synthetic_operations_v1
MV-001670,2015-09-29 06:00:00,LOT-00101,comp2,issue,-1,available,MR-01510,assumption:synthetic_operations_v1
MV-001671,2015-09-29 06:00:00,LOT-00107,comp3,issue,-1,available,MR-01500,assumption:synthetic_operations_v1
MV-001672,2015-09-29 06:00:00,LOT-00107,comp3,issue,-1,available,MR-01504,assumption:synthetic_operations_v1
MV-001673,2015-09-29 06:00:00,LOT-00107,comp3,issue,-1,available,MR-01506,assumption:synthetic_operations_v1
MV-001674,2015-09-29 06:00:00,LOT-00107,comp3,issue,-1,available,MR-01507,assumption:synthetic_operations_v1
MV-001675,2015-09-29 06:00:00,LOT-00107,comp3,issue,-1,available,MR-01509,assumption:synthetic_operations_v1
MV-001676,2015-09-29 06:00:00,LOT-00108,comp3,issue,-1,available,MR-01511,assumption:synthetic_operations_v1
MV-001677,2015-09-29 06:00:00,LOT-00105,comp4,issue,-1,available,MR-01503,assumption:synthetic_operations_v1
MV-001678,2015-09-29 06:00:00,LOT-00111,comp4,issue,-1,available,MR-01505,assumption:synthetic_operations_v1
MV-001679,2015-09-29 06:00:00,LOT-00111,comp4,issue,-1,available,MR-01508,assumption:synthetic_operations_v1
MV-001680,2015-09-29 07:00:00,LOT-00063,comp3,expiry,0,expired,,assumption:synthetic_operations_v1
MV-001681,2015-09-29 07:00:00,LOT-00096,comp2,expiry,0,expired,,assumption:synthetic_operations_v1
MV-001682,2015-09-30 06:00:00,LOT-00113,comp2,receipt,9,available,,assumption:synthetic_operations_v1
MV-001683,2015-09-30 06:00:00,LOT-00106,comp1,issue,-1,available,MR-01513,assumption:synthetic_operations_v1
MV-001684,2015-09-30 06:00:00,LOT-00108,comp3,issue,-1,available,MR-01514,assumption:synthetic_operations_v1
MV-001685,2015-09-30 06:00:00,LOT-00108,comp3,issue,-1,available,MR-01516,assumption:synthetic_operations_v1
MV-001686,2015-09-30 06:00:00,LOT-00111,comp4,issue,-1,available,MR-01512,assumption:synthetic_operations_v1
MV-001687,2015-09-30 06:00:00,LOT-00111,comp4,issue,-1,available,MR-01515,assumption:synthetic_operations_v1
MV-001688,2015-10-01 06:00:00,LOT-00114,comp3,receipt,14,available,,assumption:synthetic_operations_v1
MV-001689,2015-10-01 06:00:00,LOT-00112,comp1,issue,-1,available,MR-01519,assumption:synthetic_operations_v1
MV-001690,2015-10-01 06:00:00,LOT-00112,comp1,issue,-1,available,MR-01523,assumption:synthetic_operations_v1
MV-001691,2015-10-01 06:00:00,LOT-00112,comp1,issue,-1,available,MR-01525,assumption:synthetic_operations_v1
MV-001692,2015-10-01 06:00:00,LOT-00101,comp2,issue,-1,available,MR-01517,assumption:synthetic_operations_v1
MV-001693,2015-10-01 06:00:00,LOT-00101,comp2,issue,-1,available,MR-01518,assumption:synthetic_operations_v1
MV-001694,2015-10-01 06:00:00,LOT-00101,comp2,issue,-1,available,MR-01520,assumption:synthetic_operations_v1
MV-001695,2015-10-01 06:00:00,LOT-00108,comp3,issue,-1,available,MR-01522,assumption:synthetic_operations_v1
MV-001696,2015-10-01 06:00:00,LOT-00108,comp3,issue,-1,available,MR-01526,assumption:synthetic_operations_v1
MV-001697,2015-10-01 06:00:00,LOT-00111,comp4,issue,-1,available,MR-01521,assumption:synthetic_operations_v1
MV-001698,2015-10-01 06:00:00,LOT-00111,comp4,issue,-1,available,MR-01524,assumption:synthetic_operations_v1
MV-001699,2015-10-02 06:00:00,LOT-00112,comp1,issue,-1,available,MR-01527,assumption:synthetic_operations_v1
MV-001700,2015-10-02 06:00:00,LOT-00112,comp1,issue,-1,available,MR-01531,assumption:synthetic_operations_v1
MV-001701,2015-10-02 06:00:00,LOT-00112,comp1,issue,-1,available,MR-01535,assumption:synthetic_operations_v1
MV-001702,2015-10-02 06:00:00,LOT-00112,comp1,issue,-1,available,MR-01536,assumption:synthetic_operations_v1
MV-001703,2015-10-02 06:00:00,LOT-00112,comp1,issue,-1,available,MR-01538,assumption:synthetic_operations_v1
MV-001704,2015-10-02 06:00:00,LOT-00112,comp1,issue,-1,available,MR-01540,assumption:synthetic_operations_v1
MV-001705,2015-10-02 06:00:00,LOT-00101,comp2,issue,-1,available,MR-01530,assumption:synthetic_operations_v1
MV-001706,2015-10-02 06:00:00,LOT-00101,comp2,issue,-1,available,MR-01537,assumption:synthetic_operations_v1
MV-001707,2015-10-02 06:00:00,LOT-00101,comp2,issue,-1,available,MR-01539,assumption:synthetic_operations_v1
MV-001708,2015-10-02 06:00:00,LOT-00108,comp3,issue,-1,available,MR-01529,assumption:synthetic_operations_v1
MV-001709,2015-10-02 06:00:00,LOT-00108,comp3,issue,-1,available,MR-01532,assumption:synthetic_operations_v1
MV-001710,2015-10-02 06:00:00,LOT-00108,comp3,issue,-1,available,MR-01533,assumption:synthetic_operations_v1
MV-001711,2015-10-02 06:00:00,LOT-00108,comp3,issue,-1,available,MR-01541,assumption:synthetic_operations_v1
MV-001712,2015-10-02 06:00:00,LOT-00111,comp4,issue,-1,available,MR-01528,assumption:synthetic_operations_v1
MV-001713,2015-10-02 06:00:00,LOT-00111,comp4,issue,-1,available,MR-01534,assumption:synthetic_operations_v1
MV-001714,2015-10-02 07:00:00,LOT-00012,comp1,expiry,0,expired,,assumption:synthetic_operations_v1
MV-001715,2015-10-03 06:00:00,LOT-00112,comp1,issue,-1,available,MR-01542,assumption:synthetic_operations_v1
MV-001716,2015-10-03 06:00:00,LOT-00112,comp1,issue,-1,available,MR-01545,assumption:synthetic_operations_v1
MV-001717,2015-10-03 06:00:00,LOT-00112,comp1,issue,-1,available,MR-01548,assumption:synthetic_operations_v1
MV-001718,2015-10-03 06:00:00,LOT-00108,comp3,issue,-1,available,MR-01543,assumption:synthetic_operations_v1
MV-001719,2015-10-03 06:00:00,LOT-00111,comp4,issue,-1,available,MR-01544,assumption:synthetic_operations_v1
MV-001720,2015-10-03 06:00:00,LOT-00111,comp4,issue,-1,available,MR-01546,assumption:synthetic_operations_v1
MV-001721,2015-10-03 06:00:00,LOT-00111,comp4,issue,-1,available,MR-01547,assumption:synthetic_operations_v1
MV-001722,2015-10-03 07:00:00,LOT-00099,comp2,expiry,0,expired,,assumption:synthetic_operations_v1
MV-001723,2015-10-04 06:00:00,LOT-00115,comp4,receipt,2,available,,assumption:synthetic_operations_v1
MV-001724,2015-10-04 06:00:00,LOT-00101,comp2,issue,-1,available,MR-01549,assumption:synthetic_operations_v1
MV-001725,2015-10-04 06:00:00,LOT-00101,comp2,issue,-1,available,MR-01550,assumption:synthetic_operations_v1
MV-001726,2015-10-04 06:00:00,LOT-00101,comp2,issue,-1,available,MR-01551,assumption:synthetic_operations_v1
MV-001727,2015-10-04 06:00:00,LOT-00108,comp3,issue,-1,available,MR-01552,assumption:synthetic_operations_v1
MV-001728,2015-10-04 06:00:00,LOT-00108,comp3,issue,-1,available,MR-01554,assumption:synthetic_operations_v1
MV-001729,2015-10-04 06:00:00,LOT-00111,comp4,issue,-1,available,MR-01553,assumption:synthetic_operations_v1
MV-001730,2015-10-04 07:00:00,LOT-00048,comp4,expiry,0,expired,,assumption:synthetic_operations_v1
MV-001731,2015-10-05 06:00:00,LOT-00112,comp1,issue,-1,available,MR-01560,assumption:synthetic_operations_v1
MV-001732,2015-10-05 06:00:00,LOT-00101,comp2,issue,-1,available,MR-01555,assumption:synthetic_operations_v1
MV-001733,2015-10-05 06:00:00,LOT-00108,comp3,issue,-1,available,MR-01556,assumption:synthetic_operations_v1
MV-001734,2015-10-05 06:00:00,LOT-00108,comp3,issue,-1,available,MR-01557,assumption:synthetic_operations_v1
MV-001735,2015-10-05 06:00:00,LOT-00108,comp3,issue,-1,available,MR-01559,assumption:synthetic_operations_v1
MV-001736,2015-10-05 06:00:00,LOT-00111,comp4,issue,-1,available,MR-01558,assumption:synthetic_operations_v1
MV-001737,2015-10-05 06:00:00,LOT-00111,comp4,issue,-1,available,MR-01561,assumption:synthetic_operations_v1
MV-001738,2015-10-05 06:00:00,LOT-00111,comp4,issue,-1,available,MR-01562,assumption:synthetic_operations_v1
MV-001739,2015-10-05 07:00:00,LOT-00013,comp1,expiry,0,expired,,assumption:synthetic_operations_v1
MV-001740,2015-10-06 06:00:00,LOT-00112,comp1,issue,-1,available,MR-01563,assumption:synthetic_operations_v1
MV-001741,2015-10-06 06:00:00,LOT-00112,comp1,issue,-1,available,MR-01569,assumption:synthetic_operations_v1
MV-001742,2015-10-06 06:00:00,LOT-00101,comp2,issue,-1,available,MR-01564,assumption:synthetic_operations_v1
MV-001743,2015-10-06 06:00:00,LOT-00108,comp3,issue,-1,available,MR-01565,assumption:synthetic_operations_v1
MV-001744,2015-10-06 06:00:00,LOT-00108,comp3,issue,-1,available,MR-01566,assumption:synthetic_operations_v1
MV-001745,2015-10-06 06:00:00,LOT-00111,comp4,issue,-1,available,MR-01567,assumption:synthetic_operations_v1
MV-001746,2015-10-06 06:00:00,LOT-00111,comp4,issue,-1,available,MR-01568,assumption:synthetic_operations_v1
MV-001747,2015-10-06 07:00:00,LOT-00067,comp3,expiry,0,expired,,assumption:synthetic_operations_v1
MV-001748,2015-10-07 06:00:00,LOT-00116,comp2,receipt,13,available,,assumption:synthetic_operations_v1
MV-001749,2015-10-07 06:00:00,LOT-00117,comp4,receipt,21,available,,assumption:synthetic_operations_v1
MV-001750,2015-10-07 06:00:00,LOT-00118,comp1,receipt,16,available,,assumption:synthetic_operations_v1
MV-001751,2015-10-07 06:00:00,LOT-00119,comp3,receipt,9,available,,assumption:synthetic_operations_v1
MV-001752,2015-10-07 06:00:00,LOT-00120,comp1,receipt,5,available,,assumption:synthetic_operations_v1
MV-001753,2015-10-07 06:00:00,LOT-00101,comp2,issue,-1,available,MR-01570,assumption:synthetic_operations_v1
MV-001754,2015-10-07 06:00:00,LOT-00111,comp4,issue,-1,available,MR-01571,assumption:synthetic_operations_v1
MV-001755,2015-10-08 06:00:00,LOT-00112,comp1,issue,-1,available,MR-01573,assumption:synthetic_operations_v1
MV-001756,2015-10-08 06:00:00,LOT-00101,comp2,issue,-1,available,MR-01576,assumption:synthetic_operations_v1
MV-001757,2015-10-08 06:00:00,LOT-00110,comp3,issue,-1,available,MR-01572,assumption:synthetic_operations_v1
MV-001758,2015-10-08 06:00:00,LOT-00111,comp4,issue,-1,available,MR-01574,assumption:synthetic_operations_v1
MV-001759,2015-10-08 06:00:00,LOT-00111,comp4,issue,-1,available,MR-01575,assumption:synthetic_operations_v1
MV-001760,2015-10-09 06:00:00,LOT-00101,comp2,issue,-1,available,MR-01577,assumption:synthetic_operations_v1
MV-001761,2015-10-09 07:00:00,LOT-00101,comp2,expiry,0,expired,,assumption:synthetic_operations_v1
MV-001762,2015-10-10 06:00:00,LOT-00118,comp1,issue,-1,available,MR-01580,assumption:synthetic_operations_v1
MV-001763,2015-10-10 06:00:00,LOT-00118,comp1,issue,-1,available,MR-01584,assumption:synthetic_operations_v1
MV-001764,2015-10-10 06:00:00,LOT-00118,comp1,issue,-1,available,MR-01588,assumption:synthetic_operations_v1
MV-001765,2015-10-10 06:00:00,LOT-00118,comp1,issue,-1,available,MR-01590,assumption:synthetic_operations_v1
MV-001766,2015-10-10 06:00:00,LOT-00104,comp2,issue,-1,available,MR-01578,assumption:synthetic_operations_v1
MV-001767,2015-10-10 06:00:00,LOT-00104,comp2,issue,-1,available,MR-01582,assumption:synthetic_operations_v1
MV-001768,2015-10-10 06:00:00,LOT-00110,comp3,issue,-1,available,MR-01579,assumption:synthetic_operations_v1
MV-001769,2015-10-10 06:00:00,LOT-00110,comp3,issue,-1,available,MR-01581,assumption:synthetic_operations_v1
MV-001770,2015-10-10 06:00:00,LOT-00114,comp3,issue,-1,available,MR-01583,assumption:synthetic_operations_v1
MV-001771,2015-10-10 06:00:00,LOT-00114,comp3,issue,-1,available,MR-01585,assumption:synthetic_operations_v1
MV-001772,2015-10-10 06:00:00,LOT-00114,comp3,issue,-1,available,MR-01586,assumption:synthetic_operations_v1
MV-001773,2015-10-10 06:00:00,LOT-00114,comp3,issue,-1,available,MR-01589,assumption:synthetic_operations_v1
MV-001774,2015-10-10 06:00:00,LOT-00114,comp3,issue,-1,available,MR-01591,assumption:synthetic_operations_v1
MV-001775,2015-10-10 06:00:00,LOT-00111,comp4,issue,-1,available,MR-01587,assumption:synthetic_operations_v1
MV-001776,2015-10-11 06:00:00,LOT-00111,comp4,issue,-1,available,MR-01592,assumption:synthetic_operations_v1
MV-001777,2015-10-12 06:00:00,LOT-00118,comp1,issue,-1,available,MR-01593,assumption:synthetic_operations_v1
MV-001778,2015-10-12 06:00:00,LOT-00104,comp2,issue,-1,available,MR-01596,assumption:synthetic_operations_v1
MV-001779,2015-10-12 06:00:00,LOT-00104,comp2,issue,-1,available,MR-01600,assumption:synthetic_operations_v1
MV-001780,2015-10-12 06:00:00,LOT-00114,comp3,issue,-1,available,MR-01594,assumption:synthetic_operations_v1
MV-001781,2015-10-12 06:00:00,LOT-00114,comp3,issue,-1,available,MR-01597,assumption:synthetic_operations_v1
MV-001782,2015-10-12 06:00:00,LOT-00111,comp4,issue,-1,available,MR-01595,assumption:synthetic_operations_v1
MV-001783,2015-10-12 06:00:00,LOT-00111,comp4,issue,-1,available,MR-01598,assumption:synthetic_operations_v1
MV-001784,2015-10-12 06:00:00,LOT-00111,comp4,issue,-1,available,MR-01599,assumption:synthetic_operations_v1
MV-001785,2015-10-12 06:00:00,LOT-00115,comp4,issue,-1,available,MR-01601,assumption:synthetic_operations_v1
MV-001786,2015-10-12 07:00:00,LOT-00017,comp1,expiry,0,expired,,assumption:synthetic_operations_v1
MV-001787,2015-10-13 06:00:00,LOT-00118,comp1,issue,-1,available,MR-01602,assumption:synthetic_operations_v1
MV-001788,2015-10-13 06:00:00,LOT-00118,comp1,issue,-1,available,MR-01603,assumption:synthetic_operations_v1
MV-001789,2015-10-13 06:00:00,LOT-00118,comp1,issue,-1,available,MR-01605,assumption:synthetic_operations_v1
MV-001790,2015-10-13 06:00:00,LOT-00118,comp1,issue,-1,available,MR-01608,assumption:synthetic_operations_v1
MV-001791,2015-10-13 06:00:00,LOT-00118,comp1,issue,-1,available,MR-01611,assumption:synthetic_operations_v1
MV-001792,2015-10-13 06:00:00,LOT-00109,comp2,issue,-1,available,MR-01604,assumption:synthetic_operations_v1
MV-001793,2015-10-13 06:00:00,LOT-00109,comp2,issue,-1,available,MR-01606,assumption:synthetic_operations_v1
MV-001794,2015-10-13 06:00:00,LOT-00109,comp2,issue,-1,available,MR-01610,assumption:synthetic_operations_v1
MV-001795,2015-10-13 06:00:00,LOT-00114,comp3,issue,-1,available,MR-01609,assumption:synthetic_operations_v1
MV-001796,2015-10-13 06:00:00,LOT-00114,comp3,issue,-1,available,MR-01612,assumption:synthetic_operations_v1
MV-001797,2015-10-13 06:00:00,LOT-00115,comp4,issue,-1,available,MR-01607,assumption:synthetic_operations_v1
MV-001798,2015-10-13 07:00:00,LOT-00070,comp3,expiry,0,expired,,assumption:synthetic_operations_v1
MV-001799,2015-10-14 06:00:00,LOT-00121,comp4,receipt,15,available,,assumption:synthetic_operations_v1
MV-001800,2015-10-14 06:00:00,LOT-00118,comp1,issue,-1,available,MR-01625,assumption:synthetic_operations_v1
MV-001801,2015-10-14 06:00:00,LOT-00109,comp2,issue,-1,available,MR-01613,assumption:synthetic_operations_v1
MV-001802,2015-10-14 06:00:00,LOT-00109,comp2,issue,-1,available,MR-01620,assumption:synthetic_operations_v1
MV-001803,2015-10-14 06:00:00,LOT-00109,comp2,issue,-1,available,MR-01622,assumption:synthetic_operations_v1
MV-001804,2015-10-14 06:00:00,LOT-00109,comp2,issue,-1,available,MR-01626,assumption:synthetic_operations_v1
MV-001805,2015-10-14 06:00:00,LOT-00114,comp3,issue,-1,available,MR-01614,assumption:synthetic_operations_v1
MV-001806,2015-10-14 06:00:00,LOT-00114,comp3,issue,-1,available,MR-01615,assumption:synthetic_operations_v1
MV-001807,2015-10-14 06:00:00,LOT-00114,comp3,issue,-1,available,MR-01616,assumption:synthetic_operations_v1
MV-001808,2015-10-14 06:00:00,LOT-00114,comp3,issue,-1,available,MR-01618,assumption:synthetic_operations_v1
MV-001809,2015-10-14 06:00:00,LOT-00114,comp3,issue,-1,available,MR-01624,assumption:synthetic_operations_v1
MV-001810,2015-10-14 06:00:00,LOT-00119,comp3,issue,-1,available,MR-01627,assumption:synthetic_operations_v1
MV-001811,2015-10-14 06:00:00,LOT-00117,comp4,issue,-1,available,MR-01617,assumption:synthetic_operations_v1
MV-001812,2015-10-14 06:00:00,LOT-00117,comp4,issue,-1,available,MR-01619,assumption:synthetic_operations_v1
MV-001813,2015-10-14 06:00:00,LOT-00117,comp4,issue,-1,available,MR-01621,assumption:synthetic_operations_v1
MV-001814,2015-10-14 06:00:00,LOT-00117,comp4,issue,-1,available,MR-01623,assumption:synthetic_operations_v1
MV-001815,2015-10-15 06:00:00,LOT-00118,comp1,issue,-1,available,MR-01632,assumption:synthetic_operations_v1
MV-001816,2015-10-15 06:00:00,LOT-00109,comp2,issue,-1,available,MR-01629,assumption:synthetic_operations_v1
MV-001817,2015-10-15 06:00:00,LOT-00109,comp2,issue,-1,available,MR-01633,assumption:synthetic_operations_v1
MV-001818,2015-10-15 06:00:00,LOT-00117,comp4,issue,-1,available,MR-01628,assumption:synthetic_operations_v1
MV-001819,2015-10-15 06:00:00,LOT-00117,comp4,issue,-1,available,MR-01630,assumption:synthetic_operations_v1
MV-001820,2015-10-15 06:00:00,LOT-00117,comp4,issue,-1,available,MR-01631,assumption:synthetic_operations_v1
MV-001821,2015-10-16 06:00:00,LOT-00122,comp3,receipt,14,available,,assumption:synthetic_operations_v1
MV-001822,2015-10-16 06:00:00,LOT-00101,comp2,disposal,-3,expired,,assumption:synthetic_operations_v1
MV-001823,2015-10-16 06:00:00,LOT-00118,comp1,issue,-1,available,MR-01634,assumption:synthetic_operations_v1
MV-001824,2015-10-16 06:00:00,LOT-00118,comp1,issue,-1,available,MR-01636,assumption:synthetic_operations_v1
MV-001825,2015-10-16 06:00:00,LOT-00118,comp1,issue,-1,available,MR-01638,assumption:synthetic_operations_v1
MV-001826,2015-10-16 06:00:00,LOT-00118,comp1,issue,-1,available,MR-01640,assumption:synthetic_operations_v1
MV-001827,2015-10-16 06:00:00,LOT-00109,comp2,issue,-1,available,MR-01635,assumption:synthetic_operations_v1
MV-001828,2015-10-16 06:00:00,LOT-00109,comp2,issue,-1,available,MR-01641,assumption:synthetic_operations_v1
MV-001829,2015-10-16 06:00:00,LOT-00119,comp3,issue,-1,available,MR-01637,assumption:synthetic_operations_v1
MV-001830,2015-10-16 06:00:00,LOT-00117,comp4,issue,-1,available,MR-01639,assumption:synthetic_operations_v1
MV-001831,2015-10-16 07:00:00,LOT-00053,comp4,expiry,0,expired,,assumption:synthetic_operations_v1
MV-001832,2015-10-16 07:00:00,LOT-00104,comp2,expiry,0,expired,,assumption:synthetic_operations_v1
MV-001833,2015-10-17 06:00:00,LOT-00123,comp2,receipt,9,available,,assumption:synthetic_operations_v1
MV-001834,2015-10-17 06:00:00,LOT-00120,comp1,issue,-1,available,MR-01646,assumption:synthetic_operations_v1
MV-001835,2015-10-17 06:00:00,LOT-00120,comp1,issue,-1,available,MR-01652,assumption:synthetic_operations_v1
MV-001836,2015-10-17 06:00:00,LOT-00109,comp2,issue,-1,available,MR-01642,assumption:synthetic_operations_v1
MV-001837,2015-10-17 06:00:00,LOT-00109,comp2,issue,-1,available,MR-01647,assumption:synthetic_operations_v1
MV-001838,2015-10-17 06:00:00,LOT-00109,comp2,issue,-1,available,MR-01648,assumption:synthetic_operations_v1
MV-001839,2015-10-17 06:00:00,LOT-00109,comp2,issue,-1,available,MR-01651,assumption:synthetic_operations_v1
MV-001840,2015-10-17 06:00:00,LOT-00119,comp3,issue,-1,available,MR-01650,assumption:synthetic_operations_v1
MV-001841,2015-10-17 06:00:00,LOT-00117,comp4,issue,-1,available,MR-01643,assumption:synthetic_operations_v1
MV-001842,2015-10-17 06:00:00,LOT-00117,comp4,issue,-1,available,MR-01644,assumption:synthetic_operations_v1
MV-001843,2015-10-17 06:00:00,LOT-00117,comp4,issue,-1,available,MR-01645,assumption:synthetic_operations_v1
MV-001844,2015-10-17 06:00:00,LOT-00117,comp4,issue,-1,available,MR-01649,assumption:synthetic_operations_v1
MV-001845,2015-10-17 06:00:00,LOT-00117,comp4,issue,-1,available,MR-01653,assumption:synthetic_operations_v1
MV-001846,2015-10-18 06:00:00,LOT-00109,comp2,issue,-1,available,MR-01655,assumption:synthetic_operations_v1
MV-001847,2015-10-18 06:00:00,LOT-00109,comp2,issue,-1,available,MR-01659,assumption:synthetic_operations_v1
MV-001848,2015-10-18 06:00:00,LOT-00119,comp3,issue,-1,available,MR-01656,assumption:synthetic_operations_v1
MV-001849,2015-10-18 06:00:00,LOT-00119,comp3,issue,-1,available,MR-01657,assumption:synthetic_operations_v1
MV-001850,2015-10-18 06:00:00,LOT-00119,comp3,issue,-1,available,MR-01660,assumption:synthetic_operations_v1
MV-001851,2015-10-18 06:00:00,LOT-00119,comp3,issue,-1,available,MR-01661,assumption:synthetic_operations_v1
MV-001852,2015-10-18 06:00:00,LOT-00117,comp4,issue,-1,available,MR-01654,assumption:synthetic_operations_v1
MV-001853,2015-10-18 06:00:00,LOT-00117,comp4,issue,-1,available,MR-01658,assumption:synthetic_operations_v1
MV-001854,2015-10-19 06:00:00,LOT-00120,comp1,issue,-1,available,MR-01664,assumption:synthetic_operations_v1
MV-001855,2015-10-19 06:00:00,LOT-00109,comp2,issue,-1,available,MR-01662,assumption:synthetic_operations_v1
MV-001856,2015-10-19 06:00:00,LOT-00109,comp2,issue,-1,available,MR-01665,assumption:synthetic_operations_v1
MV-001857,2015-10-19 06:00:00,LOT-00109,comp2,issue,-1,available,MR-01666,assumption:synthetic_operations_v1
MV-001858,2015-10-19 06:00:00,LOT-00109,comp2,issue,-1,available,MR-01667,assumption:synthetic_operations_v1
MV-001859,2015-10-19 06:00:00,LOT-00109,comp2,issue,-1,available,MR-01670,assumption:synthetic_operations_v1
MV-001860,2015-10-19 06:00:00,LOT-00119,comp3,issue,-1,available,MR-01668,assumption:synthetic_operations_v1
MV-001861,2015-10-19 06:00:00,LOT-00117,comp4,issue,-1,available,MR-01663,assumption:synthetic_operations_v1
MV-001862,2015-10-19 06:00:00,LOT-00117,comp4,issue,-1,available,MR-01669,assumption:synthetic_operations_v1
MV-001863,2015-10-19 07:00:00,LOT-00022,comp1,expiry,0,expired,,assumption:synthetic_operations_v1
MV-001864,2015-10-20 06:00:00,LOT-00120,comp1,issue,-1,available,MR-01671,assumption:synthetic_operations_v1
MV-001865,2015-10-20 06:00:00,LOT-00120,comp1,issue,-1,available,MR-01672,assumption:synthetic_operations_v1
MV-001866,2015-10-20 06:00:00,LOT-00109,comp2,issue,-1,available,MR-01677,assumption:synthetic_operations_v1
MV-001867,2015-10-20 06:00:00,LOT-00109,comp2,issue,-1,available,MR-01678,assumption:synthetic_operations_v1
MV-001868,2015-10-20 06:00:00,LOT-00119,comp3,issue,-1,available,MR-01676,assumption:synthetic_operations_v1
MV-001869,2015-10-20 06:00:00,LOT-00122,comp3,issue,-1,available,MR-01679,assumption:synthetic_operations_v1
MV-001870,2015-10-20 06:00:00,LOT-00117,comp4,issue,-1,available,MR-01673,assumption:synthetic_operations_v1
MV-001871,2015-10-20 06:00:00,LOT-00117,comp4,issue,-1,available,MR-01674,assumption:synthetic_operations_v1
MV-001872,2015-10-21 06:00:00,LOT-00124,comp2,receipt,27,available,,assumption:synthetic_operations_v1
MV-001873,2015-10-21 06:00:00,LOT-00125,comp3,receipt,14,available,,assumption:synthetic_operations_v1
MV-001874,2015-10-21 06:00:00,LOT-00109,comp2,issue,-1,available,MR-01681,assumption:synthetic_operations_v1
MV-001875,2015-10-21 06:00:00,LOT-00109,comp2,issue,-1,available,MR-01684,assumption:synthetic_operations_v1
MV-001876,2015-10-21 06:00:00,LOT-00109,comp2,issue,-1,available,MR-01687,assumption:synthetic_operations_v1
MV-001877,2015-10-21 06:00:00,LOT-00122,comp3,issue,-1,available,MR-01680,assumption:synthetic_operations_v1
MV-001878,2015-10-21 06:00:00,LOT-00122,comp3,issue,-1,available,MR-01683,assumption:synthetic_operations_v1
MV-001879,2015-10-21 06:00:00,LOT-00117,comp4,issue,-1,available,MR-01682,assumption:synthetic_operations_v1
MV-001880,2015-10-21 06:00:00,LOT-00117,comp4,issue,-1,available,MR-01685,assumption:synthetic_operations_v1
MV-001881,2015-10-22 06:00:00,LOT-00121,comp4,issue,-1,available,MR-01689,assumption:synthetic_operations_v1
MV-001882,2015-10-22 07:00:00,LOT-00057,comp4,expiry,0,expired,,assumption:synthetic_operations_v1
MV-001883,2015-10-23 06:00:00,LOT-00126,comp4,receipt,13,available,,assumption:synthetic_operations_v1
MV-001884,2015-10-23 06:00:00,LOT-00113,comp2,issue,-1,available,MR-01693,assumption:synthetic_operations_v1
MV-001885,2015-10-23 06:00:00,LOT-00122,comp3,issue,-1,available,MR-01691,assumption:synthetic_operations_v1
MV-001886,2015-10-23 06:00:00,LOT-00122,comp3,issue,-1,available,MR-01692,assumption:synthetic_operations_v1
MV-001887,2015-10-23 07:00:00,LOT-00060,comp4,expiry,0,expired,,assumption:synthetic_operations_v1
MV-001888,2015-10-23 07:00:00,LOT-00109,comp2,expiry,0,expired,,assumption:synthetic_operations_v1
MV-001889,2015-10-24 06:00:00,LOT-00122,comp3,issue,-1,available,MR-01694,assumption:synthetic_operations_v1
MV-001890,2015-10-25 06:00:00,LOT-00113,comp2,issue,-1,available,MR-01695,assumption:synthetic_operations_v1
MV-001891,2015-10-25 06:00:00,LOT-00113,comp2,issue,-1,available,MR-01700,assumption:synthetic_operations_v1
MV-001892,2015-10-25 06:00:00,LOT-00122,comp3,issue,-1,available,MR-01698,assumption:synthetic_operations_v1
MV-001893,2015-10-25 06:00:00,LOT-00122,comp3,issue,-1,available,MR-01701,assumption:synthetic_operations_v1
MV-001894,2015-10-25 06:00:00,LOT-00122,comp3,issue,-1,available,MR-01703,assumption:synthetic_operations_v1
MV-001895,2015-10-25 06:00:00,LOT-00121,comp4,issue,-1,available,MR-01702,assumption:synthetic_operations_v1
MV-001896,2015-10-25 06:00:00,LOT-00121,comp4,issue,-1,available,MR-01704,assumption:synthetic_operations_v1
MV-001897,2015-10-26 06:00:00,LOT-00122,comp3,issue,-1,available,MR-01705,assumption:synthetic_operations_v1
MV-001898,2015-10-26 07:00:00,LOT-00027,comp1,expiry,0,expired,,assumption:synthetic_operations_v1
MV-001899,2015-10-27 06:00:00,LOT-00113,comp2,issue,-1,available,MR-01707,assumption:synthetic_operations_v1
MV-001900,2015-10-27 06:00:00,LOT-00113,comp2,issue,-1,available,MR-01709,assumption:synthetic_operations_v1
MV-001901,2015-10-27 06:00:00,LOT-00113,comp2,issue,-1,available,MR-01711,assumption:synthetic_operations_v1
MV-001902,2015-10-27 06:00:00,LOT-00122,comp3,issue,-1,available,MR-01710,assumption:synthetic_operations_v1
MV-001903,2015-10-27 06:00:00,LOT-00121,comp4,issue,-1,available,MR-01706,assumption:synthetic_operations_v1
MV-001904,2015-10-28 06:00:00,LOT-00127,comp1,receipt,14,available,,assumption:synthetic_operations_v1
MV-001905,2015-10-28 06:00:00,LOT-00128,comp4,receipt,15,available,,assumption:synthetic_operations_v1
MV-001906,2015-10-28 06:00:00,LOT-00129,comp3,receipt,18,available,,assumption:synthetic_operations_v1
MV-001907,2015-10-28 06:00:00,LOT-00130,comp1,receipt,11,available,,assumption:synthetic_operations_v1
MV-001908,2015-10-28 06:00:00,LOT-00113,comp2,issue,-1,available,MR-01716,assumption:synthetic_operations_v1
MV-001909,2015-10-28 06:00:00,LOT-00113,comp2,issue,-1,available,MR-01721,assumption:synthetic_operations_v1
MV-001910,2015-10-28 06:00:00,LOT-00113,comp2,issue,-1,available,MR-01722,assumption:synthetic_operations_v1
MV-001911,2015-10-28 06:00:00,LOT-00122,comp3,issue,-1,available,MR-01712,assumption:synthetic_operations_v1
MV-001912,2015-10-28 06:00:00,LOT-00122,comp3,issue,-1,available,MR-01713,assumption:synthetic_operations_v1
MV-001913,2015-10-28 06:00:00,LOT-00122,comp3,issue,-1,available,MR-01718,assumption:synthetic_operations_v1
MV-001914,2015-10-28 06:00:00,LOT-00125,comp3,issue,-1,available,MR-01720,assumption:synthetic_operations_v1
MV-001915,2015-10-28 06:00:00,LOT-00125,comp3,issue,-1,available,MR-01723,assumption:synthetic_operations_v1
MV-001916,2015-10-28 06:00:00,LOT-00121,comp4,issue,-1,available,MR-01714,assumption:synthetic_operations_v1
MV-001917,2015-10-28 06:00:00,LOT-00121,comp4,issue,-1,available,MR-01715,assumption:synthetic_operations_v1
MV-001918,2015-10-28 06:00:00,LOT-00121,comp4,issue,-1,available,MR-01719,assumption:synthetic_operations_v1
MV-001919,2015-10-29 06:00:00,LOT-00131,comp1,receipt,13,available,,assumption:synthetic_operations_v1
MV-001920,2015-10-29 06:00:00,LOT-00127,comp1,issue,-1,available,MR-01675,assumption:synthetic_operations_v1
MV-001921,2015-10-29 06:00:00,LOT-00127,comp1,issue,-1,available,MR-01686,assumption:synthetic_operations_v1
MV-001922,2015-10-29 06:00:00,LOT-00127,comp1,issue,-1,available,MR-01688,assumption:synthetic_operations_v1
MV-001923,2015-10-29 06:00:00,LOT-00127,comp1,issue,-1,available,MR-01690,assumption:synthetic_operations_v1
MV-001924,2015-10-29 06:00:00,LOT-00127,comp1,issue,-1,available,MR-01696,assumption:synthetic_operations_v1
MV-001925,2015-10-29 06:00:00,LOT-00127,comp1,issue,-1,available,MR-01697,assumption:synthetic_operations_v1
MV-001926,2015-10-29 06:00:00,LOT-00127,comp1,issue,-1,available,MR-01699,assumption:synthetic_operations_v1
MV-001927,2015-10-29 06:00:00,LOT-00127,comp1,issue,-1,available,MR-01708,assumption:synthetic_operations_v1
MV-001928,2015-10-29 06:00:00,LOT-00127,comp1,issue,-1,available,MR-01717,assumption:synthetic_operations_v1
MV-001929,2015-10-29 06:00:00,LOT-00127,comp1,issue,-1,available,MR-01728,assumption:synthetic_operations_v1
MV-001930,2015-10-29 06:00:00,LOT-00127,comp1,issue,-1,available,MR-01729,assumption:synthetic_operations_v1
MV-001931,2015-10-29 06:00:00,LOT-00127,comp1,issue,-1,available,MR-01730,assumption:synthetic_operations_v1
MV-001932,2015-10-29 06:00:00,LOT-00116,comp2,issue,-1,available,MR-01724,assumption:synthetic_operations_v1
MV-001933,2015-10-29 06:00:00,LOT-00116,comp2,issue,-1,available,MR-01727,assumption:synthetic_operations_v1
MV-001934,2015-10-29 06:00:00,LOT-00116,comp2,issue,-1,available,MR-01733,assumption:synthetic_operations_v1
MV-001935,2015-10-29 06:00:00,LOT-00125,comp3,issue,-1,available,MR-01725,assumption:synthetic_operations_v1
MV-001936,2015-10-29 06:00:00,LOT-00125,comp3,issue,-1,available,MR-01735,assumption:synthetic_operations_v1
MV-001937,2015-10-29 06:00:00,LOT-00125,comp3,issue,-1,available,MR-01736,assumption:synthetic_operations_v1
MV-001938,2015-10-29 06:00:00,LOT-00121,comp4,issue,-1,available,MR-01726,assumption:synthetic_operations_v1
MV-001939,2015-10-29 06:00:00,LOT-00121,comp4,issue,-1,available,MR-01731,assumption:synthetic_operations_v1
MV-001940,2015-10-29 06:00:00,LOT-00121,comp4,issue,-1,available,MR-01732,assumption:synthetic_operations_v1
MV-001941,2015-10-29 06:00:00,LOT-00121,comp4,issue,-1,available,MR-01734,assumption:synthetic_operations_v1
MV-001942,2015-10-29 06:00:00,LOT-00121,comp4,issue,-1,available,MR-01737,assumption:synthetic_operations_v1
MV-001943,2015-10-29 07:00:00,LOT-00062,comp4,expiry,0,expired,,assumption:synthetic_operations_v1
MV-001944,2015-10-30 06:00:00,LOT-00127,comp1,issue,-1,available,MR-01738,assumption:synthetic_operations_v1
MV-001945,2015-10-30 06:00:00,LOT-00127,comp1,issue,-1,available,MR-01741,assumption:synthetic_operations_v1
MV-001946,2015-10-30 06:00:00,LOT-00130,comp1,issue,-1,available,MR-01742,assumption:synthetic_operations_v1
MV-001947,2015-10-30 06:00:00,LOT-00116,comp2,issue,-1,available,MR-01740,assumption:synthetic_operations_v1
MV-001948,2015-10-30 06:00:00,LOT-00121,comp4,issue,-1,available,MR-01739,assumption:synthetic_operations_v1
MV-001949,2015-10-30 06:00:00,LOT-00121,comp4,issue,-1,available,MR-01743,assumption:synthetic_operations_v1
MV-001950,2015-10-30 07:00:00,LOT-00113,comp2,expiry,0,expired,,assumption:synthetic_operations_v1
MV-001951,2015-10-31 06:00:00,LOT-00130,comp1,issue,-1,available,MR-01750,assumption:synthetic_operations_v1
MV-001952,2015-10-31 06:00:00,LOT-00130,comp1,issue,-1,available,MR-01752,assumption:synthetic_operations_v1
MV-001953,2015-10-31 06:00:00,LOT-00130,comp1,issue,-1,available,MR-01753,assumption:synthetic_operations_v1
MV-001954,2015-10-31 06:00:00,LOT-00116,comp2,issue,-1,available,MR-01744,assumption:synthetic_operations_v1
MV-001955,2015-10-31 06:00:00,LOT-00116,comp2,issue,-1,available,MR-01747,assumption:synthetic_operations_v1
MV-001956,2015-10-31 06:00:00,LOT-00116,comp2,issue,-1,available,MR-01749,assumption:synthetic_operations_v1
MV-001957,2015-10-31 06:00:00,LOT-00116,comp2,issue,-1,available,MR-01754,assumption:synthetic_operations_v1
MV-001958,2015-10-31 06:00:00,LOT-00125,comp3,issue,-1,available,MR-01745,assumption:synthetic_operations_v1
MV-001959,2015-10-31 06:00:00,LOT-00125,comp3,issue,-1,available,MR-01746,assumption:synthetic_operations_v1
MV-001960,2015-10-31 06:00:00,LOT-00125,comp3,issue,-1,available,MR-01748,assumption:synthetic_operations_v1
MV-001961,2015-10-31 06:00:00,LOT-00121,comp4,issue,-1,available,MR-01751,assumption:synthetic_operations_v1
MV-001962,2015-11-01 06:00:00,LOT-00130,comp1,issue,-1,available,MR-01760,assumption:synthetic_operations_v1
MV-001963,2015-11-01 06:00:00,LOT-00130,comp1,issue,-1,available,MR-01764,assumption:synthetic_operations_v1
MV-001964,2015-11-01 06:00:00,LOT-00116,comp2,issue,-1,available,MR-01755,assumption:synthetic_operations_v1
MV-001965,2015-11-01 06:00:00,LOT-00116,comp2,issue,-1,available,MR-01757,assumption:synthetic_operations_v1
MV-001966,2015-11-01 06:00:00,LOT-00116,comp2,issue,-1,available,MR-01759,assumption:synthetic_operations_v1
MV-001967,2015-11-01 06:00:00,LOT-00116,comp2,issue,-1,available,MR-01761,assumption:synthetic_operations_v1
MV-001968,2015-11-01 06:00:00,LOT-00116,comp2,issue,-1,available,MR-01762,assumption:synthetic_operations_v1
MV-001969,2015-11-01 06:00:00,LOT-00125,comp3,issue,-1,available,MR-01763,assumption:synthetic_operations_v1
MV-001970,2015-11-01 06:00:00,LOT-00125,comp3,issue,-1,available,MR-01765,assumption:synthetic_operations_v1
MV-001971,2015-11-01 06:00:00,LOT-00125,comp3,issue,-1,available,MR-01767,assumption:synthetic_operations_v1
MV-001972,2015-11-01 06:00:00,LOT-00126,comp4,issue,-1,available,MR-01756,assumption:synthetic_operations_v1
MV-001973,2015-11-01 06:00:00,LOT-00126,comp4,issue,-1,available,MR-01758,assumption:synthetic_operations_v1
MV-001974,2015-11-01 06:00:00,LOT-00126,comp4,issue,-1,available,MR-01766,assumption:synthetic_operations_v1
MV-001975,2015-11-01 06:00:00,LOT-00126,comp4,issue,-1,available,MR-01768,assumption:synthetic_operations_v1
MV-001976,2015-11-01 07:00:00,LOT-00079,comp3,expiry,0,expired,,assumption:synthetic_operations_v1
MV-001977,2015-11-02 06:00:00,LOT-00130,comp1,issue,-1,available,MR-01770,assumption:synthetic_operations_v1
MV-001978,2015-11-02 06:00:00,LOT-00130,comp1,issue,-1,available,MR-01773,assumption:synthetic_operations_v1
MV-001979,2015-11-02 06:00:00,LOT-00130,comp1,issue,-1,available,MR-01774,assumption:synthetic_operations_v1
MV-001980,2015-11-02 06:00:00,LOT-00125,comp3,issue,-1,available,MR-01776,assumption:synthetic_operations_v1
MV-001981,2015-11-02 06:00:00,LOT-00126,comp4,issue,-1,available,MR-01769,assumption:synthetic_operations_v1
MV-001982,2015-11-02 06:00:00,LOT-00126,comp4,issue,-1,available,MR-01771,assumption:synthetic_operations_v1
MV-001983,2015-11-02 06:00:00,LOT-00126,comp4,issue,-1,available,MR-01772,assumption:synthetic_operations_v1
MV-001984,2015-11-02 06:00:00,LOT-00126,comp4,issue,-1,available,MR-01775,assumption:synthetic_operations_v1
MV-001985,2015-11-02 06:00:00,LOT-00126,comp4,issue,-1,available,MR-01777,assumption:synthetic_operations_v1
MV-001986,2015-11-02 07:00:00,LOT-00032,comp1,expiry,0,expired,,assumption:synthetic_operations_v1
MV-001987,2015-11-03 06:00:00,LOT-00130,comp1,issue,-1,available,MR-01778,assumption:synthetic_operations_v1
MV-001988,2015-11-03 06:00:00,LOT-00130,comp1,issue,-1,available,MR-01786,assumption:synthetic_operations_v1
MV-001989,2015-11-03 06:00:00,LOT-00123,comp2,issue,-1,available,MR-01779,assumption:synthetic_operations_v1
MV-001990,2015-11-03 06:00:00,LOT-00123,comp2,issue,-1,available,MR-01780,assumption:synthetic_operations_v1
MV-001991,2015-11-03 06:00:00,LOT-00123,comp2,issue,-1,available,MR-01782,assumption:synthetic_operations_v1
MV-001992,2015-11-03 06:00:00,LOT-00123,comp2,issue,-1,available,MR-01784,assumption:synthetic_operations_v1
MV-001993,2015-11-03 06:00:00,LOT-00125,comp3,issue,-1,available,MR-01783,assumption:synthetic_operations_v1
MV-001994,2015-11-03 06:00:00,LOT-00125,comp3,issue,-1,available,MR-01787,assumption:synthetic_operations_v1
MV-001995,2015-11-03 06:00:00,LOT-00129,comp3,issue,-1,available,MR-01788,assumption:synthetic_operations_v1
MV-001996,2015-11-03 06:00:00,LOT-00126,comp4,issue,-1,available,MR-01781,assumption:synthetic_operations_v1
MV-001997,2015-11-03 06:00:00,LOT-00126,comp4,issue,-1,available,MR-01785,assumption:synthetic_operations_v1
MV-001998,2015-11-03 07:00:00,LOT-00081,comp3,expiry,0,expired,,assumption:synthetic_operations_v1
MV-001999,2015-11-03 07:00:00,LOT-00082,comp3,expiry,0,expired,,assumption:synthetic_operations_v1
MV-002000,2015-11-04 06:00:00,LOT-00132,comp4,receipt,15,available,,assumption:synthetic_operations_v1
MV-002001,2015-11-04 06:00:00,LOT-00133,comp3,receipt,9,available,,assumption:synthetic_operations_v1
MV-002002,2015-11-04 06:00:00,LOT-00134,comp1,receipt,7,available,,assumption:synthetic_operations_v1
MV-002003,2015-11-04 06:00:00,LOT-00131,comp1,issue,-1,available,MR-01790,assumption:synthetic_operations_v1
MV-002004,2015-11-04 06:00:00,LOT-00131,comp1,issue,-1,available,MR-01791,assumption:synthetic_operations_v1
MV-002005,2015-11-04 06:00:00,LOT-00131,comp1,issue,-1,available,MR-01792,assumption:synthetic_operations_v1
MV-002006,2015-11-04 06:00:00,LOT-00131,comp1,issue,-1,available,MR-01794,assumption:synthetic_operations_v1
MV-002007,2015-11-04 06:00:00,LOT-00131,comp1,issue,-1,available,MR-01795,assumption:synthetic_operations_v1
MV-002008,2015-11-04 06:00:00,LOT-00129,comp3,issue,-1,available,MR-01793,assumption:synthetic_operations_v1
MV-002009,2015-11-04 06:00:00,LOT-00129,comp3,issue,-1,available,MR-01796,assumption:synthetic_operations_v1
MV-002010,2015-11-04 06:00:00,LOT-00126,comp4,issue,-1,available,MR-01789,assumption:synthetic_operations_v1
MV-002011,2015-11-05 06:00:00,LOT-00131,comp1,issue,-1,available,MR-01801,assumption:synthetic_operations_v1
MV-002012,2015-11-05 06:00:00,LOT-00123,comp2,issue,-1,available,MR-01799,assumption:synthetic_operations_v1
MV-002013,2015-11-05 06:00:00,LOT-00123,comp2,issue,-1,available,MR-01803,assumption:synthetic_operations_v1
MV-002014,2015-11-05 06:00:00,LOT-00129,comp3,issue,-1,available,MR-01797,assumption:synthetic_operations_v1
MV-002015,2015-11-05 06:00:00,LOT-00126,comp4,issue,-1,available,MR-01798,assumption:synthetic_operations_v1
MV-002016,2015-11-05 06:00:00,LOT-00128,comp4,issue,-1,available,MR-01800,assumption:synthetic_operations_v1
MV-002017,2015-11-05 06:00:00,LOT-00128,comp4,issue,-1,available,MR-01802,assumption:synthetic_operations_v1
MV-002018,2015-11-05 07:00:00,LOT-00066,comp4,expiry,0,expired,,assumption:synthetic_operations_v1
MV-002019,2015-11-06 06:00:00,LOT-00131,comp1,issue,-1,available,MR-01804,assumption:synthetic_operations_v1
MV-002020,2015-11-06 06:00:00,LOT-00131,comp1,issue,-1,available,MR-01806,assumption:synthetic_operations_v1
MV-002021,2015-11-06 06:00:00,LOT-00129,comp3,issue,-1,available,MR-01805,assumption:synthetic_operations_v1
MV-002022,2015-11-06 07:00:00,LOT-00116,comp2,expiry,0,expired,,assumption:synthetic_operations_v1
MV-002023,2015-11-07 06:00:00,LOT-00131,comp1,issue,-1,available,MR-01809,assumption:synthetic_operations_v1
MV-002024,2015-11-07 06:00:00,LOT-00131,comp1,issue,-1,available,MR-01811,assumption:synthetic_operations_v1
MV-002025,2015-11-07 06:00:00,LOT-00123,comp2,issue,-1,available,MR-01807,assumption:synthetic_operations_v1
MV-002026,2015-11-07 06:00:00,LOT-00123,comp2,issue,-1,available,MR-01810,assumption:synthetic_operations_v1
MV-002027,2015-11-07 06:00:00,LOT-00129,comp3,issue,-1,available,MR-01808,assumption:synthetic_operations_v1
MV-002028,2015-11-07 06:00:00,LOT-00129,comp3,issue,-1,available,MR-01812,assumption:synthetic_operations_v1
MV-002029,2015-11-08 06:00:00,LOT-00135,comp2,receipt,9,available,,assumption:synthetic_operations_v1
MV-002030,2015-11-08 06:00:00,LOT-00128,comp4,issue,-1,available,MR-01813,assumption:synthetic_operations_v1
MV-002031,2015-11-09 06:00:00,LOT-00131,comp1,issue,-1,available,MR-01816,assumption:synthetic_operations_v1
MV-002032,2015-11-09 06:00:00,LOT-00131,comp1,issue,-1,available,MR-01818,assumption:synthetic_operations_v1
MV-002033,2015-11-09 06:00:00,LOT-00131,comp1,issue,-1,available,MR-01821,assumption:synthetic_operations_v1
MV-002034,2015-11-09 06:00:00,LOT-00123,comp2,issue,-1,available,MR-01814,assumption:synthetic_operations_v1
MV-002035,2015-11-09 06:00:00,LOT-00124,comp2,issue,-1,available,MR-01815,assumption:synthetic_operations_v1
MV-002036,2015-11-09 06:00:00,LOT-00124,comp2,issue,-1,available,MR-01817,assumption:synthetic_operations_v1
MV-002037,2015-11-09 06:00:00,LOT-00124,comp2,issue,-1,available,MR-01820,assumption:synthetic_operations_v1
MV-002038,2015-11-09 06:00:00,LOT-00129,comp3,issue,-1,available,MR-01819,assumption:synthetic_operations_v1
MV-002039,2015-11-09 06:00:00,LOT-00128,comp4,issue,-1,available,MR-01822,assumption:synthetic_operations_v1
MV-002040,2015-11-09 07:00:00,LOT-00034,comp1,expiry,0,expired,,assumption:synthetic_operations_v1
MV-002041,2015-11-10 06:00:00,LOT-00134,comp1,issue,-1,available,MR-01823,assumption:synthetic_operations_v1
MV-002042,2015-11-10 07:00:00,LOT-00085,comp3,expiry,0,expired,,assumption:synthetic_operations_v1
MV-002043,2015-11-11 06:00:00,LOT-00136,comp2,receipt,4,quarantined,,assumption:synthetic_operations_v1
MV-002044,2015-11-11 06:00:00,LOT-00137,comp4,receipt,17,available,,assumption:synthetic_operations_v1
MV-002045,2015-11-11 06:00:00,LOT-00138,comp1,receipt,21,quarantined,,assumption:synthetic_operations_v1
MV-002046,2015-11-11 06:00:00,LOT-00134,comp1,issue,-1,available,MR-01827,assumption:synthetic_operations_v1
MV-002047,2015-11-11 06:00:00,LOT-00134,comp1,issue,-1,available,MR-01830,assumption:synthetic_operations_v1
MV-002048,2015-11-11 06:00:00,LOT-00124,comp2,issue,-1,available,MR-01828,assumption:synthetic_operations_v1
MV-002049,2015-11-11 06:00:00,LOT-00124,comp2,issue,-1,available,MR-01831,assumption:synthetic_operations_v1
MV-002050,2015-11-11 06:00:00,LOT-00129,comp3,issue,-1,available,MR-01824,assumption:synthetic_operations_v1
MV-002051,2015-11-11 06:00:00,LOT-00129,comp3,issue,-1,available,MR-01825,assumption:synthetic_operations_v1
MV-002052,2015-11-11 06:00:00,LOT-00128,comp4,issue,-1,available,MR-01826,assumption:synthetic_operations_v1
MV-002053,2015-11-11 06:00:00,LOT-00128,comp4,issue,-1,available,MR-01829,assumption:synthetic_operations_v1
MV-002054,2015-11-11 06:00:00,LOT-00128,comp4,issue,-1,available,MR-01832,assumption:synthetic_operations_v1
MV-002055,2015-11-12 06:00:00,LOT-00134,comp1,issue,-1,available,MR-01838,assumption:synthetic_operations_v1
MV-002056,2015-11-12 06:00:00,LOT-00134,comp1,issue,-1,available,MR-01840,assumption:synthetic_operations_v1
MV-002057,2015-11-12 06:00:00,LOT-00124,comp2,issue,-1,available,MR-01833,assumption:synthetic_operations_v1
MV-002058,2015-11-12 06:00:00,LOT-00124,comp2,issue,-1,available,MR-01836,assumption:synthetic_operations_v1
MV-002059,2015-11-12 06:00:00,LOT-00124,comp2,issue,-1,available,MR-01844,assumption:synthetic_operations_v1
MV-002060,2015-11-12 06:00:00,LOT-00124,comp2,issue,-1,available,MR-01845,assumption:synthetic_operations_v1
MV-002061,2015-11-12 06:00:00,LOT-00129,comp3,issue,-1,available,MR-01835,assumption:synthetic_operations_v1
MV-002062,2015-11-12 06:00:00,LOT-00129,comp3,issue,-1,available,MR-01837,assumption:synthetic_operations_v1
MV-002063,2015-11-12 06:00:00,LOT-00129,comp3,issue,-1,available,MR-01839,assumption:synthetic_operations_v1
MV-002064,2015-11-12 06:00:00,LOT-00129,comp3,issue,-1,available,MR-01841,assumption:synthetic_operations_v1
MV-002065,2015-11-12 06:00:00,LOT-00129,comp3,issue,-1,available,MR-01842,assumption:synthetic_operations_v1
MV-002066,2015-11-12 06:00:00,LOT-00129,comp3,issue,-1,available,MR-01843,assumption:synthetic_operations_v1
MV-002067,2015-11-12 06:00:00,LOT-00129,comp3,issue,-1,available,MR-01846,assumption:synthetic_operations_v1
MV-002068,2015-11-12 06:00:00,LOT-00128,comp4,issue,-1,available,MR-01834,assumption:synthetic_operations_v1
MV-002069,2015-11-12 07:00:00,LOT-00069,comp4,expiry,0,expired,,assumption:synthetic_operations_v1
MV-002070,2015-11-13 06:00:00,LOT-00134,comp1,issue,-1,available,MR-01849,assumption:synthetic_operations_v1
MV-002071,2015-11-13 06:00:00,LOT-00134,comp1,issue,-1,available,MR-01851,assumption:synthetic_operations_v1
MV-002072,2015-11-13 06:00:00,LOT-00124,comp2,issue,-1,available,MR-01847,assumption:synthetic_operations_v1
MV-002073,2015-11-13 06:00:00,LOT-00129,comp3,issue,-1,available,MR-01853,assumption:synthetic_operations_v1
MV-002074,2015-11-13 06:00:00,LOT-00133,comp3,issue,-1,available,MR-01855,assumption:synthetic_operations_v1
MV-002075,2015-11-13 06:00:00,LOT-00133,comp3,issue,-1,available,MR-01857,assumption:synthetic_operations_v1
MV-002076,2015-11-13 06:00:00,LOT-00133,comp3,issue,-1,available,MR-01860,assumption:synthetic_operations_v1
MV-002077,2015-11-13 06:00:00,LOT-00133,comp3,issue,-1,available,MR-01862,assumption:synthetic_operations_v1
MV-002078,2015-11-13 06:00:00,LOT-00128,comp4,issue,-1,available,MR-01848,assumption:synthetic_operations_v1
MV-002079,2015-11-13 06:00:00,LOT-00128,comp4,issue,-1,available,MR-01850,assumption:synthetic_operations_v1
MV-002080,2015-11-13 06:00:00,LOT-00128,comp4,issue,-1,available,MR-01852,assumption:synthetic_operations_v1
MV-002081,2015-11-13 06:00:00,LOT-00128,comp4,issue,-1,available,MR-01856,assumption:synthetic_operations_v1
MV-002082,2015-11-13 06:00:00,LOT-00128,comp4,issue,-1,available,MR-01858,assumption:synthetic_operations_v1
MV-002083,2015-11-14 06:00:00,LOT-00136,comp2,quality_release,0,available,,assumption:synthetic_operations_v1
MV-002084,2015-11-14 06:00:00,LOT-00138,comp1,quality_release,0,available,,assumption:synthetic_operations_v1
MV-002085,2015-11-14 06:00:00,LOT-00138,comp1,issue,-1,available,MR-01854,assumption:synthetic_operations_v1
MV-002086,2015-11-14 06:00:00,LOT-00138,comp1,issue,-1,available,MR-01859,assumption:synthetic_operations_v1
MV-002087,2015-11-14 06:00:00,LOT-00138,comp1,issue,-1,available,MR-01861,assumption:synthetic_operations_v1
MV-002088,2015-11-14 06:00:00,LOT-00138,comp1,issue,-1,available,MR-01863,assumption:synthetic_operations_v1
MV-002089,2015-11-14 06:00:00,LOT-00138,comp1,issue,-1,available,MR-01864,assumption:synthetic_operations_v1
MV-002090,2015-11-14 06:00:00,LOT-00138,comp1,issue,-1,available,MR-01866,assumption:synthetic_operations_v1
MV-002091,2015-11-14 06:00:00,LOT-00124,comp2,issue,-1,available,MR-01865,assumption:synthetic_operations_v1
MV-002092,2015-11-14 06:00:00,LOT-00124,comp2,issue,-1,available,MR-01867,assumption:synthetic_operations_v1
MV-002093,2015-11-15 06:00:00,LOT-00138,comp1,issue,-1,available,MR-01874,assumption:synthetic_operations_v1
MV-002094,2015-11-15 06:00:00,LOT-00124,comp2,issue,-1,available,MR-01870,assumption:synthetic_operations_v1
MV-002095,2015-11-15 06:00:00,LOT-00124,comp2,issue,-1,available,MR-01872,assumption:synthetic_operations_v1
MV-002096,2015-11-15 06:00:00,LOT-00124,comp2,issue,-1,available,MR-01873,assumption:synthetic_operations_v1
MV-002097,2015-11-15 06:00:00,LOT-00124,comp2,issue,-1,available,MR-01875,assumption:synthetic_operations_v1
MV-002098,2015-11-15 06:00:00,LOT-00133,comp3,issue,-1,available,MR-01868,assumption:synthetic_operations_v1
MV-002099,2015-11-15 06:00:00,LOT-00133,comp3,issue,-1,available,MR-01871,assumption:synthetic_operations_v1
MV-002100,2015-11-15 06:00:00,LOT-00133,comp3,issue,-1,available,MR-01876,assumption:synthetic_operations_v1
MV-002101,2015-11-15 06:00:00,LOT-00128,comp4,issue,-1,available,MR-01869,assumption:synthetic_operations_v1
MV-002102,2015-11-16 06:00:00,LOT-00139,comp2,receipt,12,available,,assumption:synthetic_operations_v1
MV-002103,2015-11-16 06:00:00,LOT-00138,comp1,issue,-1,available,MR-01879,assumption:synthetic_operations_v1
MV-002104,2015-11-16 06:00:00,LOT-00138,comp1,issue,-1,available,MR-01885,assumption:synthetic_operations_v1
MV-002105,2015-11-16 06:00:00,LOT-00124,comp2,issue,-1,available,MR-01877,assumption:synthetic_operations_v1
MV-002106,2015-11-16 06:00:00,LOT-00124,comp2,issue,-1,available,MR-01881,assumption:synthetic_operations_v1
MV-002107,2015-11-16 06:00:00,LOT-00133,comp3,issue,-1,available,MR-01880,assumption:synthetic_operations_v1
MV-002108,2015-11-16 06:00:00,LOT-00133,comp3,issue,-1,available,MR-01882,assumption:synthetic_operations_v1
MV-002109,2015-11-16 06:00:00,LOT-00128,comp4,issue,-1,available,MR-01878,assumption:synthetic_operations_v1
MV-002110,2015-11-16 06:00:00,LOT-00132,comp4,issue,-1,available,MR-01883,assumption:synthetic_operations_v1
MV-002111,2015-11-16 06:00:00,LOT-00132,comp4,issue,-1,available,MR-01884,assumption:synthetic_operations_v1
MV-002112,2015-11-16 06:00:00,LOT-00132,comp4,issue,-1,available,MR-01887,assumption:synthetic_operations_v1
MV-002113,2015-11-16 07:00:00,LOT-00123,comp2,expiry,0,expired,,assumption:synthetic_operations_v1
MV-002114,2015-11-17 06:00:00,LOT-00124,comp2,issue,-1,available,MR-01890,assumption:synthetic_operations_v1
MV-002115,2015-11-17 06:00:00,LOT-00124,comp2,issue,-1,available,MR-01893,assumption:synthetic_operations_v1
MV-002116,2015-11-17 06:00:00,LOT-00124,comp2,issue,-1,available,MR-01894,assumption:synthetic_operations_v1
MV-002117,2015-11-17 06:00:00,LOT-00124,comp2,issue,-1,available,MR-01895,assumption:synthetic_operations_v1
MV-002118,2015-11-17 06:00:00,LOT-00132,comp4,issue,-1,available,MR-01891,assumption:synthetic_operations_v1
MV-002119,2015-11-17 06:00:00,LOT-00132,comp4,issue,-1,available,MR-01892,assumption:synthetic_operations_v1
MV-002120,2015-11-17 07:00:00,LOT-00090,comp3,expiry,0,expired,,assumption:synthetic_operations_v1
MV-002121,2015-11-18 06:00:00,LOT-00140,comp2,receipt,17,available,,assumption:synthetic_operations_v1
MV-002122,2015-11-18 06:00:00,LOT-00141,comp4,receipt,5,available,,assumption:synthetic_operations_v1
MV-002123,2015-11-18 06:00:00,LOT-00138,comp1,issue,-1,available,MR-01897,assumption:synthetic_operations_v1
MV-002124,2015-11-18 06:00:00,LOT-00138,comp1,issue,-1,available,MR-01901,assumption:synthetic_operations_v1
MV-002125,2015-11-18 06:00:00,LOT-00138,comp1,issue,-1,available,MR-01903,assumption:synthetic_operations_v1
MV-002126,2015-11-18 06:00:00,LOT-00138,comp1,issue,-1,available,MR-01905,assumption:synthetic_operations_v1
MV-002127,2015-11-18 06:00:00,LOT-00138,comp1,issue,-1,available,MR-01909,assumption:synthetic_operations_v1
MV-002128,2015-11-18 06:00:00,LOT-00124,comp2,issue,-1,available,MR-01899,assumption:synthetic_operations_v1
MV-002129,2015-11-18 06:00:00,LOT-00124,comp2,issue,-1,available,MR-01907,assumption:synthetic_operations_v1
MV-002130,2015-11-18 06:00:00,LOT-00132,comp4,issue,-1,available,MR-01898,assumption:synthetic_operations_v1
MV-002131,2015-11-18 06:00:00,LOT-00132,comp4,issue,-1,available,MR-01900,assumption:synthetic_operations_v1
MV-002132,2015-11-18 06:00:00,LOT-00132,comp4,issue,-1,available,MR-01902,assumption:synthetic_operations_v1
MV-002133,2015-11-18 06:00:00,LOT-00132,comp4,issue,-1,available,MR-01904,assumption:synthetic_operations_v1
MV-002134,2015-11-18 06:00:00,LOT-00132,comp4,issue,-1,available,MR-01908,assumption:synthetic_operations_v1
MV-002135,2015-11-19 06:00:00,LOT-00124,comp2,issue,-1,available,MR-01912,assumption:synthetic_operations_v1
MV-002136,2015-11-19 06:00:00,LOT-00124,comp2,issue,-1,available,MR-01915,assumption:synthetic_operations_v1
MV-002137,2015-11-19 06:00:00,LOT-00124,comp2,issue,-1,available,MR-01916,assumption:synthetic_operations_v1
MV-002138,2015-11-19 06:00:00,LOT-00135,comp2,issue,-1,available,MR-01917,assumption:synthetic_operations_v1
MV-002139,2015-11-19 06:00:00,LOT-00132,comp4,issue,-1,available,MR-01911,assumption:synthetic_operations_v1
MV-002140,2015-11-19 06:00:00,LOT-00132,comp4,issue,-1,available,MR-01913,assumption:synthetic_operations_v1
MV-002141,2015-11-19 06:00:00,LOT-00132,comp4,issue,-1,available,MR-01914,assumption:synthetic_operations_v1
MV-002142,2015-11-19 06:00:00,LOT-00132,comp4,issue,-1,available,MR-01918,assumption:synthetic_operations_v1
MV-002143,2015-11-20 06:00:00,LOT-00138,comp1,issue,-1,available,MR-01919,assumption:synthetic_operations_v1
MV-002144,2015-11-20 06:00:00,LOT-00135,comp2,issue,-1,available,MR-01922,assumption:synthetic_operations_v1
MV-002145,2015-11-20 06:00:00,LOT-00135,comp2,issue,-1,available,MR-01923,assumption:synthetic_operations_v1
MV-002146,2015-11-20 06:00:00,LOT-00132,comp4,issue,-1,available,MR-01924,assumption:synthetic_operations_v1
MV-002147,2015-11-20 07:00:00,LOT-00124,comp2,expiry,0,expired,,assumption:synthetic_operations_v1
MV-002148,2015-11-21 06:00:00,LOT-00142,comp3,receipt,16,available,,assumption:synthetic_operations_v1
MV-002149,2015-11-21 06:00:00,LOT-00138,comp1,issue,-1,available,MR-01926,assumption:synthetic_operations_v1
MV-002150,2015-11-21 06:00:00,LOT-00137,comp4,issue,-1,available,MR-01925,assumption:synthetic_operations_v1
MV-002151,2015-11-21 07:00:00,LOT-00038,comp1,expiry,0,expired,,assumption:synthetic_operations_v1
MV-002152,2015-11-23 06:00:00,LOT-00142,comp3,issue,-1,available,MR-01886,assumption:synthetic_operations_v1
MV-002153,2015-11-23 06:00:00,LOT-00142,comp3,issue,-1,available,MR-01888,assumption:synthetic_operations_v1
MV-002154,2015-11-23 06:00:00,LOT-00142,comp3,issue,-1,available,MR-01889,assumption:synthetic_operations_v1
MV-002155,2015-11-23 06:00:00,LOT-00142,comp3,issue,-1,available,MR-01896,assumption:synthetic_operations_v1
MV-002156,2015-11-23 06:00:00,LOT-00142,comp3,issue,-1,available,MR-01906,assumption:synthetic_operations_v1
MV-002157,2015-11-23 06:00:00,LOT-00142,comp3,issue,-1,available,MR-01910,assumption:synthetic_operations_v1
MV-002158,2015-11-23 06:00:00,LOT-00142,comp3,issue,-1,available,MR-01920,assumption:synthetic_operations_v1
MV-002159,2015-11-23 06:00:00,LOT-00142,comp3,issue,-1,available,MR-01921,assumption:synthetic_operations_v1
MV-002160,2015-11-23 06:00:00,LOT-00142,comp3,issue,-1,available,MR-01927,assumption:synthetic_operations_v1
MV-002161,2015-11-23 06:00:00,LOT-00142,comp3,issue,-1,available,MR-01928,assumption:synthetic_operations_v1
MV-002162,2015-11-23 06:00:00,LOT-00142,comp3,issue,-1,available,MR-01929,assumption:synthetic_operations_v1
MV-002163,2015-11-23 06:00:00,LOT-00137,comp4,issue,-1,available,MR-01930,assumption:synthetic_operations_v1
MV-002164,2015-11-23 07:00:00,LOT-00042,comp1,expiry,0,expired,,assumption:synthetic_operations_v1
MV-002165,2015-11-24 06:00:00,LOT-00138,comp1,issue,-1,available,MR-01937,assumption:synthetic_operations_v1
MV-002166,2015-11-24 06:00:00,LOT-00135,comp2,issue,-1,available,MR-01932,assumption:synthetic_operations_v1
MV-002167,2015-11-24 06:00:00,LOT-00135,comp2,issue,-1,available,MR-01933,assumption:synthetic_operations_v1
MV-002168,2015-11-24 06:00:00,LOT-00142,comp3,issue,-1,available,MR-01935,assumption:synthetic_operations_v1
MV-002169,2015-11-24 06:00:00,LOT-00142,comp3,issue,-1,available,MR-01936,assumption:synthetic_operations_v1
MV-002170,2015-11-24 06:00:00,LOT-00142,comp3,issue,-1,available,MR-01938,assumption:synthetic_operations_v1
MV-002171,2015-11-24 06:00:00,LOT-00137,comp4,issue,-1,available,MR-01931,assumption:synthetic_operations_v1
MV-002172,2015-11-24 06:00:00,LOT-00137,comp4,issue,-1,available,MR-01934,assumption:synthetic_operations_v1
MV-002173,2015-11-24 07:00:00,LOT-00075,comp4,expiry,0,expired,,assumption:synthetic_operations_v1
MV-002174,2015-11-24 07:00:00,LOT-00094,comp3,expiry,0,expired,,assumption:synthetic_operations_v1
MV-002175,2015-11-25 06:00:00,LOT-00143,comp2,receipt,22,available,,assumption:synthetic_operations_v1
MV-002176,2015-11-25 06:00:00,LOT-00144,comp3,receipt,13,available,,assumption:synthetic_operations_v1
MV-002177,2015-11-25 06:00:00,LOT-00145,comp3,receipt,7,available,,assumption:synthetic_operations_v1
MV-002178,2015-11-25 06:00:00,LOT-00135,comp2,issue,-1,available,MR-01939,assumption:synthetic_operations_v1
MV-002179,2015-11-26 06:00:00,LOT-00146,comp1,receipt,32,available,,assumption:synthetic_operations_v1
MV-002180,2015-11-26 06:00:00,LOT-00138,comp1,issue,-1,available,MR-01944,assumption:synthetic_operations_v1
MV-002181,2015-11-26 06:00:00,LOT-00135,comp2,issue,-1,available,MR-01942,assumption:synthetic_operations_v1
MV-002182,2015-11-26 06:00:00,LOT-00135,comp2,issue,-1,available,MR-01946,assumption:synthetic_operations_v1
MV-002183,2015-11-26 06:00:00,LOT-00135,comp2,issue,-1,available,MR-01947,assumption:synthetic_operations_v1
MV-002184,2015-11-26 06:00:00,LOT-00142,comp3,issue,-1,available,MR-01940,assumption:synthetic_operations_v1
MV-002185,2015-11-26 06:00:00,LOT-00142,comp3,issue,-1,available,MR-01941,assumption:synthetic_operations_v1
MV-002186,2015-11-26 07:00:00,LOT-00077,comp4,expiry,0,expired,,assumption:synthetic_operations_v1
MV-002187,2015-11-27 06:00:00,LOT-00147,comp4,receipt,21,available,,assumption:synthetic_operations_v1
MV-002188,2015-11-27 06:00:00,LOT-00138,comp1,issue,-1,available,MR-01955,assumption:synthetic_operations_v1
MV-002189,2015-11-27 06:00:00,LOT-00136,comp2,issue,-1,available,MR-01949,assumption:synthetic_operations_v1
MV-002190,2015-11-27 06:00:00,LOT-00136,comp2,issue,-1,available,MR-01951,assumption:synthetic_operations_v1
MV-002191,2015-11-27 06:00:00,LOT-00136,comp2,issue,-1,available,MR-01956,assumption:synthetic_operations_v1
MV-002192,2015-11-27 06:00:00,LOT-00136,comp2,issue,-1,available,MR-01958,assumption:synthetic_operations_v1
MV-002193,2015-11-27 06:00:00,LOT-00144,comp3,issue,-1,available,MR-01943,assumption:synthetic_operations_v1
MV-002194,2015-11-27 06:00:00,LOT-00144,comp3,issue,-1,available,MR-01945,assumption:synthetic_operations_v1
MV-002195,2015-11-27 06:00:00,LOT-00144,comp3,issue,-1,available,MR-01948,assumption:synthetic_operations_v1
MV-002196,2015-11-27 06:00:00,LOT-00144,comp3,issue,-1,available,MR-01950,assumption:synthetic_operations_v1
MV-002197,2015-11-27 06:00:00,LOT-00144,comp3,issue,-1,available,MR-01952,assumption:synthetic_operations_v1
MV-002198,2015-11-27 06:00:00,LOT-00144,comp3,issue,-1,available,MR-01953,assumption:synthetic_operations_v1
MV-002199,2015-11-27 06:00:00,LOT-00144,comp3,issue,-1,available,MR-01959,assumption:synthetic_operations_v1
MV-002200,2015-11-27 06:00:00,LOT-00144,comp3,issue,-1,available,MR-01961,assumption:synthetic_operations_v1
MV-002201,2015-11-27 06:00:00,LOT-00144,comp3,issue,-1,available,MR-01963,assumption:synthetic_operations_v1
MV-002202,2015-11-27 06:00:00,LOT-00144,comp3,issue,-1,available,MR-01964,assumption:synthetic_operations_v1
MV-002203,2015-11-27 06:00:00,LOT-00144,comp3,issue,-1,available,MR-01966,assumption:synthetic_operations_v1
MV-002204,2015-11-27 06:00:00,LOT-00137,comp4,issue,-1,available,MR-01954,assumption:synthetic_operations_v1
MV-002205,2015-11-27 06:00:00,LOT-00137,comp4,issue,-1,available,MR-01957,assumption:synthetic_operations_v1
MV-002206,2015-11-27 06:00:00,LOT-00137,comp4,issue,-1,available,MR-01960,assumption:synthetic_operations_v1
MV-002207,2015-11-27 06:00:00,LOT-00137,comp4,issue,-1,available,MR-01962,assumption:synthetic_operations_v1
MV-002208,2015-11-27 06:00:00,LOT-00137,comp4,issue,-1,available,MR-01965,assumption:synthetic_operations_v1
MV-002209,2015-11-28 06:00:00,LOT-00138,comp1,issue,-1,available,MR-01967,assumption:synthetic_operations_v1
MV-002210,2015-11-28 06:00:00,LOT-00138,comp1,issue,-1,available,MR-01970,assumption:synthetic_operations_v1
MV-002211,2015-11-28 06:00:00,LOT-00146,comp1,issue,-1,available,MR-01975,assumption:synthetic_operations_v1
MV-002212,2015-11-28 06:00:00,LOT-00146,comp1,issue,-1,available,MR-01977,assumption:synthetic_operations_v1
MV-002213,2015-11-28 06:00:00,LOT-00146,comp1,issue,-1,available,MR-01978,assumption:synthetic_operations_v1
MV-002214,2015-11-28 06:00:00,LOT-00146,comp1,issue,-1,available,MR-01980,assumption:synthetic_operations_v1
MV-002215,2015-11-28 06:00:00,LOT-00139,comp2,issue,-1,available,MR-01969,assumption:synthetic_operations_v1
MV-002216,2015-11-28 06:00:00,LOT-00139,comp2,issue,-1,available,MR-01972,assumption:synthetic_operations_v1
MV-002217,2015-11-28 06:00:00,LOT-00144,comp3,issue,-1,available,MR-01971,assumption:synthetic_operations_v1
MV-002218,2015-11-28 06:00:00,LOT-00144,comp3,issue,-1,available,MR-01973,assumption:synthetic_operations_v1
MV-002219,2015-11-28 06:00:00,LOT-00137,comp4,issue,-1,available,MR-01968,assumption:synthetic_operations_v1
MV-002220,2015-11-28 06:00:00,LOT-00137,comp4,issue,-1,available,MR-01974,assumption:synthetic_operations_v1
MV-002221,2015-11-28 06:00:00,LOT-00137,comp4,issue,-1,available,MR-01976,assumption:synthetic_operations_v1
MV-002222,2015-11-28 06:00:00,LOT-00137,comp4,issue,-1,available,MR-01979,assumption:synthetic_operations_v1
MV-002223,2015-11-29 06:00:00,LOT-00146,comp1,issue,-1,available,MR-01981,assumption:synthetic_operations_v1
MV-002224,2015-11-29 06:00:00,LOT-00146,comp1,issue,-1,available,MR-01983,assumption:synthetic_operations_v1
MV-002225,2015-11-29 06:00:00,LOT-00146,comp1,issue,-1,available,MR-01985,assumption:synthetic_operations_v1
MV-002226,2015-11-29 06:00:00,LOT-00145,comp3,issue,-1,available,MR-01982,assumption:synthetic_operations_v1
MV-002227,2015-11-29 06:00:00,LOT-00145,comp3,issue,-1,available,MR-01984,assumption:synthetic_operations_v1
MV-002228,2015-11-29 06:00:00,LOT-00145,comp3,issue,-1,available,MR-01986,assumption:synthetic_operations_v1
MV-002229,2015-11-30 06:00:00,LOT-00146,comp1,issue,-1,available,MR-01991,assumption:synthetic_operations_v1
MV-002230,2015-11-30 06:00:00,LOT-00139,comp2,issue,-1,available,MR-01994,assumption:synthetic_operations_v1
MV-002231,2015-11-30 06:00:00,LOT-00145,comp3,issue,-1,available,MR-01988,assumption:synthetic_operations_v1
MV-002232,2015-11-30 06:00:00,LOT-00145,comp3,issue,-1,available,MR-01990,assumption:synthetic_operations_v1
MV-002233,2015-11-30 06:00:00,LOT-00145,comp3,issue,-1,available,MR-01992,assumption:synthetic_operations_v1
MV-002234,2015-11-30 06:00:00,LOT-00145,comp3,issue,-1,available,MR-01993,assumption:synthetic_operations_v1
MV-002235,2015-11-30 06:00:00,LOT-00137,comp4,issue,-1,available,MR-01987,assumption:synthetic_operations_v1
MV-002236,2015-11-30 06:00:00,LOT-00137,comp4,issue,-1,available,MR-01989,assumption:synthetic_operations_v1
MV-002237,2015-11-30 06:00:00,LOT-00137,comp4,issue,-1,available,MR-01995,assumption:synthetic_operations_v1
MV-002238,2015-11-30 07:00:00,LOT-00047,comp1,expiry,0,expired,,assumption:synthetic_operations_v1
MV-002239,2015-12-01 06:00:00,LOT-00146,comp1,issue,-1,available,MR-01997,assumption:synthetic_operations_v1
MV-002240,2015-12-01 06:00:00,LOT-00146,comp1,issue,-1,available,MR-01998,assumption:synthetic_operations_v1
MV-002241,2015-12-01 06:00:00,LOT-00146,comp1,issue,-1,available,MR-01999,assumption:synthetic_operations_v1
MV-002242,2015-12-01 06:00:00,LOT-00139,comp2,issue,-1,available,MR-02000,assumption:synthetic_operations_v1
MV-002243,2015-12-01 06:00:00,LOT-00139,comp2,issue,-1,available,MR-02004,assumption:synthetic_operations_v1
MV-002244,2015-12-01 06:00:00,LOT-00137,comp4,issue,-1,available,MR-02002,assumption:synthetic_operations_v1
MV-002245,2015-12-01 06:00:00,LOT-00141,comp4,issue,-1,available,MR-02003,assumption:synthetic_operations_v1
MV-002246,2015-12-01 06:00:00,LOT-00141,comp4,issue,-1,available,MR-02006,assumption:synthetic_operations_v1
MV-002247,2015-12-01 07:00:00,LOT-00097,comp3,expiry,0,expired,,assumption:synthetic_operations_v1
MV-002248,2015-12-02 06:00:00,LOT-00148,comp2,receipt,7,available,,assumption:synthetic_operations_v1
MV-002249,2015-12-02 06:00:00,LOT-00149,comp4,receipt,8,available,,assumption:synthetic_operations_v1
MV-002250,2015-12-02 06:00:00,LOT-00150,comp3,receipt,23,available,,assumption:synthetic_operations_v1
MV-002251,2015-12-02 06:00:00,LOT-00146,comp1,issue,-1,available,MR-02010,assumption:synthetic_operations_v1
MV-002252,2015-12-02 06:00:00,LOT-00146,comp1,issue,-1,available,MR-02011,assumption:synthetic_operations_v1
MV-002253,2015-12-02 06:00:00,LOT-00146,comp1,issue,-1,available,MR-02012,assumption:synthetic_operations_v1
MV-002254,2015-12-02 06:00:00,LOT-00139,comp2,issue,-1,available,MR-02008,assumption:synthetic_operations_v1
MV-002255,2015-12-02 06:00:00,LOT-00139,comp2,issue,-1,available,MR-02009,assumption:synthetic_operations_v1
MV-002256,2015-12-02 06:00:00,LOT-00139,comp2,issue,-1,available,MR-02013,assumption:synthetic_operations_v1
MV-002257,2015-12-02 06:00:00,LOT-00141,comp4,issue,-1,available,MR-02014,assumption:synthetic_operations_v1
MV-002258,2015-12-03 06:00:00,LOT-00146,comp1,issue,-1,available,MR-02018,assumption:synthetic_operations_v1
MV-002259,2015-12-03 06:00:00,LOT-00139,comp2,issue,-1,available,MR-02015,assumption:synthetic_operations_v1
MV-002260,2015-12-03 06:00:00,LOT-00139,comp2,issue,-1,available,MR-02016,assumption:synthetic_operations_v1
MV-002261,2015-12-03 06:00:00,LOT-00139,comp2,issue,-1,available,MR-02022,assumption:synthetic_operations_v1
MV-002262,2015-12-03 06:00:00,LOT-00141,comp4,issue,-1,available,MR-02020,assumption:synthetic_operations_v1
MV-002263,2015-12-04 06:00:00,LOT-00146,comp1,issue,-1,available,MR-02025,assumption:synthetic_operations_v1
MV-002264,2015-12-04 06:00:00,LOT-00146,comp1,issue,-1,available,MR-02027,assumption:synthetic_operations_v1
MV-002265,2015-12-04 06:00:00,LOT-00146,comp1,issue,-1,available,MR-02032,assumption:synthetic_operations_v1
MV-002266,2015-12-04 06:00:00,LOT-00146,comp1,issue,-1,available,MR-02033,assumption:synthetic_operations_v1
MV-002267,2015-12-04 06:00:00,LOT-00139,comp2,issue,-1,available,MR-02023,assumption:synthetic_operations_v1
MV-002268,2015-12-04 06:00:00,LOT-00140,comp2,issue,-1,available,MR-02029,assumption:synthetic_operations_v1
MV-002269,2015-12-04 06:00:00,LOT-00150,comp3,issue,-1,available,MR-01996,assumption:synthetic_operations_v1
MV-002270,2015-12-04 06:00:00,LOT-00150,comp3,issue,-1,available,MR-02001,assumption:synthetic_operations_v1
MV-002271,2015-12-04 06:00:00,LOT-00150,comp3,issue,-1,available,MR-02005,assumption:synthetic_operations_v1
MV-002272,2015-12-04 06:00:00,LOT-00150,comp3,issue,-1,available,MR-02007,assumption:synthetic_operations_v1
MV-002273,2015-12-04 06:00:00,LOT-00150,comp3,issue,-1,available,MR-02017,assumption:synthetic_operations_v1
MV-002274,2015-12-04 06:00:00,LOT-00150,comp3,issue,-1,available,MR-02019,assumption:synthetic_operations_v1
MV-002275,2015-12-04 06:00:00,LOT-00150,comp3,issue,-1,available,MR-02021,assumption:synthetic_operations_v1
MV-002276,2015-12-04 06:00:00,LOT-00150,comp3,issue,-1,available,MR-02031,assumption:synthetic_operations_v1
MV-002277,2015-12-04 06:00:00,LOT-00141,comp4,issue,-1,available,MR-02024,assumption:synthetic_operations_v1
MV-002278,2015-12-04 06:00:00,LOT-00147,comp4,issue,-1,available,MR-02026,assumption:synthetic_operations_v1
MV-002279,2015-12-04 06:00:00,LOT-00147,comp4,issue,-1,available,MR-02028,assumption:synthetic_operations_v1
MV-002280,2015-12-04 06:00:00,LOT-00147,comp4,issue,-1,available,MR-02030,assumption:synthetic_operations_v1
MV-002281,2015-12-05 06:00:00,LOT-00146,comp1,issue,-1,available,MR-02034,assumption:synthetic_operations_v1
MV-002282,2015-12-05 06:00:00,LOT-00146,comp1,issue,-1,available,MR-02038,assumption:synthetic_operations_v1
MV-002283,2015-12-05 06:00:00,LOT-00140,comp2,issue,-1,available,MR-02036,assumption:synthetic_operations_v1
MV-002284,2015-12-05 06:00:00,LOT-00140,comp2,issue,-1,available,MR-02039,assumption:synthetic_operations_v1
MV-002285,2015-12-05 06:00:00,LOT-00147,comp4,issue,-1,available,MR-02035,assumption:synthetic_operations_v1
MV-002286,2015-12-05 06:00:00,LOT-00147,comp4,issue,-1,available,MR-02037,assumption:synthetic_operations_v1
MV-002287,2015-12-06 06:00:00,LOT-00150,comp3,issue,-1,available,MR-02040,assumption:synthetic_operations_v1
MV-002288,2015-12-06 06:00:00,LOT-00150,comp3,issue,-1,available,MR-02042,assumption:synthetic_operations_v1
MV-002289,2015-12-06 06:00:00,LOT-00147,comp4,issue,-1,available,MR-02041,assumption:synthetic_operations_v1
MV-002290,2015-12-07 06:00:00,LOT-00140,comp2,issue,-1,available,MR-02046,assumption:synthetic_operations_v1
MV-002291,2015-12-07 06:00:00,LOT-00150,comp3,issue,-1,available,MR-02044,assumption:synthetic_operations_v1
MV-002292,2015-12-07 06:00:00,LOT-00150,comp3,issue,-1,available,MR-02045,assumption:synthetic_operations_v1
MV-002293,2015-12-07 06:00:00,LOT-00150,comp3,issue,-1,available,MR-02047,assumption:synthetic_operations_v1
MV-002294,2015-12-07 06:00:00,LOT-00147,comp4,issue,-1,available,MR-02043,assumption:synthetic_operations_v1
MV-002295,2015-12-08 06:00:00,LOT-00146,comp1,issue,-1,available,MR-02048,assumption:synthetic_operations_v1
MV-002296,2015-12-08 07:00:00,LOT-00135,comp2,expiry,0,expired,,assumption:synthetic_operations_v1
MV-002297,2015-12-09 06:00:00,LOT-00151,comp2,receipt,14,available,,assumption:synthetic_operations_v1
MV-002298,2015-12-09 06:00:00,LOT-00152,comp4,receipt,19,available,,assumption:synthetic_operations_v1
MV-002299,2015-12-09 06:00:00,LOT-00153,comp3,receipt,6,available,,assumption:synthetic_operations_v1
MV-002300,2015-12-09 06:00:00,LOT-00154,comp1,receipt,17,available,,assumption:synthetic_operations_v1
MV-002301,2015-12-09 06:00:00,LOT-00146,comp1,issue,-1,available,MR-02049,assumption:synthetic_operations_v1
MV-002302,2015-12-09 06:00:00,LOT-00146,comp1,issue,-1,available,MR-02054,assumption:synthetic_operations_v1
MV-002303,2015-12-09 06:00:00,LOT-00140,comp2,issue,-1,available,MR-02050,assumption:synthetic_operations_v1
MV-002304,2015-12-09 06:00:00,LOT-00140,comp2,issue,-1,available,MR-02053,assumption:synthetic_operations_v1
MV-002305,2015-12-09 06:00:00,LOT-00140,comp2,issue,-1,available,MR-02055,assumption:synthetic_operations_v1
MV-002306,2015-12-09 06:00:00,LOT-00140,comp2,issue,-1,available,MR-02056,assumption:synthetic_operations_v1
MV-002307,2015-12-09 06:00:00,LOT-00140,comp2,issue,-1,available,MR-02058,assumption:synthetic_operations_v1
MV-002308,2015-12-09 06:00:00,LOT-00140,comp2,issue,-1,available,MR-02060,assumption:synthetic_operations_v1
MV-002309,2015-12-09 06:00:00,LOT-00150,comp3,issue,-1,available,MR-02059,assumption:synthetic_operations_v1
MV-002310,2015-12-09 06:00:00,LOT-00147,comp4,issue,-1,available,MR-02051,assumption:synthetic_operations_v1
MV-002311,2015-12-09 06:00:00,LOT-00147,comp4,issue,-1,available,MR-02052,assumption:synthetic_operations_v1
MV-002312,2015-12-09 06:00:00,LOT-00147,comp4,issue,-1,available,MR-02057,assumption:synthetic_operations_v1
MV-002313,2015-12-10 06:00:00,LOT-00140,comp2,issue,-1,available,MR-02061,assumption:synthetic_operations_v1
MV-002314,2015-12-10 07:00:00,LOT-00051,comp1,expiry,0,expired,,assumption:synthetic_operations_v1
MV-002315,2015-12-10 07:00:00,LOT-00084,comp4,expiry,0,expired,,assumption:synthetic_operations_v1
MV-002316,2015-12-11 06:00:00,LOT-00146,comp1,issue,-1,available,MR-02064,assumption:synthetic_operations_v1
MV-002317,2015-12-11 06:00:00,LOT-00140,comp2,issue,-1,available,MR-02062,assumption:synthetic_operations_v1
MV-002318,2015-12-11 06:00:00,LOT-00140,comp2,issue,-1,available,MR-02069,assumption:synthetic_operations_v1
MV-002319,2015-12-11 06:00:00,LOT-00150,comp3,issue,-1,available,MR-02063,assumption:synthetic_operations_v1
MV-002320,2015-12-11 06:00:00,LOT-00150,comp3,issue,-1,available,MR-02065,assumption:synthetic_operations_v1
MV-002321,2015-12-11 06:00:00,LOT-00150,comp3,issue,-1,available,MR-02068,assumption:synthetic_operations_v1
MV-002322,2015-12-11 06:00:00,LOT-00147,comp4,issue,-1,available,MR-02066,assumption:synthetic_operations_v1
MV-002323,2015-12-11 06:00:00,LOT-00147,comp4,issue,-1,available,MR-02067,assumption:synthetic_operations_v1
MV-002324,2015-12-11 07:00:00,LOT-00087,comp4,expiry,0,expired,,assumption:synthetic_operations_v1
MV-002325,2015-12-11 07:00:00,LOT-00136,comp2,expiry,0,expired,,assumption:synthetic_operations_v1
MV-002326,2015-12-12 06:00:00,LOT-00146,comp1,issue,-1,available,MR-02076,assumption:synthetic_operations_v1
MV-002327,2015-12-12 06:00:00,LOT-00146,comp1,issue,-1,available,MR-02080,assumption:synthetic_operations_v1
MV-002328,2015-12-12 06:00:00,LOT-00140,comp2,issue,-1,available,MR-02070,assumption:synthetic_operations_v1
MV-002329,2015-12-12 06:00:00,LOT-00140,comp2,issue,-1,available,MR-02073,assumption:synthetic_operations_v1
MV-002330,2015-12-12 06:00:00,LOT-00140,comp2,issue,-1,available,MR-02075,assumption:synthetic_operations_v1
MV-002331,2015-12-12 06:00:00,LOT-00140,comp2,issue,-1,available,MR-02077,assumption:synthetic_operations_v1
MV-002332,2015-12-12 06:00:00,LOT-00143,comp2,issue,-1,available,MR-02079,assumption:synthetic_operations_v1
MV-002333,2015-12-12 06:00:00,LOT-00143,comp2,issue,-1,available,MR-02081,assumption:synthetic_operations_v1
MV-002334,2015-12-12 06:00:00,LOT-00150,comp3,issue,-1,available,MR-02071,assumption:synthetic_operations_v1
MV-002335,2015-12-12 06:00:00,LOT-00150,comp3,issue,-1,available,MR-02074,assumption:synthetic_operations_v1
MV-002336,2015-12-12 06:00:00,LOT-00147,comp4,issue,-1,available,MR-02072,assumption:synthetic_operations_v1
MV-002337,2015-12-12 06:00:00,LOT-00147,comp4,issue,-1,available,MR-02078,assumption:synthetic_operations_v1
MV-002338,2015-12-13 06:00:00,LOT-00146,comp1,issue,-1,available,MR-02082,assumption:synthetic_operations_v1
MV-002339,2015-12-13 06:00:00,LOT-00146,comp1,issue,-1,available,MR-02084,assumption:synthetic_operations_v1
MV-002340,2015-12-13 06:00:00,LOT-00146,comp1,issue,-1,available,MR-02088,assumption:synthetic_operations_v1
MV-002341,2015-12-13 06:00:00,LOT-00143,comp2,issue,-1,available,MR-02086,assumption:synthetic_operations_v1
MV-002342,2015-12-13 06:00:00,LOT-00143,comp2,issue,-1,available,MR-02090,assumption:synthetic_operations_v1
MV-002343,2015-12-13 06:00:00,LOT-00143,comp2,issue,-1,available,MR-02093,assumption:synthetic_operations_v1
MV-002344,2015-12-13 06:00:00,LOT-00150,comp3,issue,-1,available,MR-02085,assumption:synthetic_operations_v1
MV-002345,2015-12-13 06:00:00,LOT-00150,comp3,issue,-1,available,MR-02091,assumption:synthetic_operations_v1
MV-002346,2015-12-13 06:00:00,LOT-00150,comp3,issue,-1,available,MR-02094,assumption:synthetic_operations_v1
MV-002347,2015-12-13 06:00:00,LOT-00147,comp4,issue,-1,available,MR-02083,assumption:synthetic_operations_v1
MV-002348,2015-12-13 06:00:00,LOT-00147,comp4,issue,-1,available,MR-02087,assumption:synthetic_operations_v1
MV-002349,2015-12-13 06:00:00,LOT-00147,comp4,issue,-1,available,MR-02089,assumption:synthetic_operations_v1
MV-002350,2015-12-13 06:00:00,LOT-00147,comp4,issue,-1,available,MR-02092,assumption:synthetic_operations_v1
MV-002351,2015-12-14 06:00:00,LOT-00146,comp1,issue,-1,available,MR-02095,assumption:synthetic_operations_v1
MV-002352,2015-12-14 06:00:00,LOT-00143,comp2,issue,-1,available,MR-02096,assumption:synthetic_operations_v1
MV-002353,2015-12-14 06:00:00,LOT-00150,comp3,issue,-1,available,MR-02097,assumption:synthetic_operations_v1
MV-002354,2015-12-14 06:00:00,LOT-00147,comp4,issue,-1,available,MR-02098,assumption:synthetic_operations_v1
MV-002355,2015-12-14 06:00:00,LOT-00147,comp4,issue,-1,available,MR-02099,assumption:synthetic_operations_v1
MV-002356,2015-12-15 06:00:00,LOT-00146,comp1,issue,-1,available,MR-02101,assumption:synthetic_operations_v1
MV-002357,2015-12-15 06:00:00,LOT-00154,comp1,issue,-1,available,MR-02104,assumption:synthetic_operations_v1
MV-002358,2015-12-15 06:00:00,LOT-00154,comp1,issue,-1,available,MR-02106,assumption:synthetic_operations_v1
MV-002359,2015-12-15 06:00:00,LOT-00143,comp2,issue,-1,available,MR-02105,assumption:synthetic_operations_v1
MV-002360,2015-12-15 06:00:00,LOT-00143,comp2,issue,-1,available,MR-02107,assumption:synthetic_operations_v1
MV-002361,2015-12-15 06:00:00,LOT-00153,comp3,issue,-1,available,MR-02100,assumption:synthetic_operations_v1
MV-002362,2015-12-15 06:00:00,LOT-00153,comp3,issue,-1,available,MR-02103,assumption:synthetic_operations_v1
MV-002363,2015-12-15 06:00:00,LOT-00147,comp4,issue,-1,available,MR-02102,assumption:synthetic_operations_v1
MV-002364,2015-12-16 06:00:00,LOT-00155,comp2,receipt,15,available,,assumption:synthetic_operations_v1
MV-002365,2015-12-16 06:00:00,LOT-00156,comp4,receipt,7,available,,assumption:synthetic_operations_v1
MV-002366,2015-12-16 06:00:00,LOT-00157,comp3,receipt,29,available,,assumption:synthetic_operations_v1
MV-002367,2015-12-16 06:00:00,LOT-00158,comp1,receipt,8,available,,assumption:synthetic_operations_v1
MV-002368,2015-12-16 06:00:00,LOT-00154,comp1,issue,-1,available,MR-02112,assumption:synthetic_operations_v1
MV-002369,2015-12-16 06:00:00,LOT-00154,comp1,issue,-1,available,MR-02114,assumption:synthetic_operations_v1
MV-002370,2015-12-16 06:00:00,LOT-00143,comp2,issue,-1,available,MR-02110,assumption:synthetic_operations_v1
MV-002371,2015-12-16 06:00:00,LOT-00143,comp2,issue,-1,available,MR-02118,assumption:synthetic_operations_v1
MV-002372,2015-12-16 06:00:00,LOT-00153,comp3,issue,-1,available,MR-02109,assumption:synthetic_operations_v1
MV-002373,2015-12-16 06:00:00,LOT-00153,comp3,issue,-1,available,MR-02113,assumption:synthetic_operations_v1
MV-002374,2015-12-16 06:00:00,LOT-00153,comp3,issue,-1,available,MR-02115,assumption:synthetic_operations_v1
MV-002375,2015-12-16 06:00:00,LOT-00149,comp4,issue,-1,available,MR-02108,assumption:synthetic_operations_v1
MV-002376,2015-12-16 06:00:00,LOT-00149,comp4,issue,-1,available,MR-02111,assumption:synthetic_operations_v1
MV-002377,2015-12-16 06:00:00,LOT-00149,comp4,issue,-1,available,MR-02116,assumption:synthetic_operations_v1
MV-002378,2015-12-16 06:00:00,LOT-00149,comp4,issue,-1,available,MR-02117,assumption:synthetic_operations_v1
MV-002379,2015-12-16 07:00:00,LOT-00139,comp2,expiry,0,expired,,assumption:synthetic_operations_v1
MV-002380,2015-12-17 06:00:00,LOT-00154,comp1,issue,-1,available,MR-02126,assumption:synthetic_operations_v1
MV-002381,2015-12-17 06:00:00,LOT-00143,comp2,issue,-1,available,MR-02119,assumption:synthetic_operations_v1
MV-002382,2015-12-17 06:00:00,LOT-00143,comp2,issue,-1,available,MR-02122,assumption:synthetic_operations_v1
MV-002383,2015-12-17 06:00:00,LOT-00143,comp2,issue,-1,available,MR-02125,assumption:synthetic_operations_v1
MV-002384,2015-12-17 06:00:00,LOT-00143,comp2,issue,-1,available,MR-02127,assumption:synthetic_operations_v1
MV-002385,2015-12-17 06:00:00,LOT-00153,comp3,issue,-1,available,MR-02120,assumption:synthetic_operations_v1
MV-002386,2015-12-17 06:00:00,LOT-00149,comp4,issue,-1,available,MR-02121,assumption:synthetic_operations_v1
MV-002387,2015-12-17 06:00:00,LOT-00149,comp4,issue,-1,available,MR-02123,assumption:synthetic_operations_v1
MV-002388,2015-12-17 06:00:00,LOT-00149,comp4,issue,-1,available,MR-02128,assumption:synthetic_operations_v1
MV-002389,2015-12-17 07:00:00,LOT-00089,comp4,expiry,0,expired,,assumption:synthetic_operations_v1
MV-002390,2015-12-17 07:00:00,LOT-00107,comp3,expiry,0,expired,,assumption:synthetic_operations_v1
MV-002391,2015-12-18 06:00:00,LOT-00154,comp1,issue,-1,available,MR-02132,assumption:synthetic_operations_v1
MV-002392,2015-12-18 06:00:00,LOT-00154,comp1,issue,-1,available,MR-02134,assumption:synthetic_operations_v1
MV-002393,2015-12-18 06:00:00,LOT-00143,comp2,issue,-1,available,MR-02129,assumption:synthetic_operations_v1
MV-002394,2015-12-18 06:00:00,LOT-00143,comp2,issue,-1,available,MR-02130,assumption:synthetic_operations_v1
MV-002395,2015-12-18 06:00:00,LOT-00143,comp2,issue,-1,available,MR-02136,assumption:synthetic_operations_v1
MV-002396,2015-12-18 06:00:00,LOT-00157,comp3,issue,-1,available,MR-02124,assumption:synthetic_operations_v1
MV-002397,2015-12-18 06:00:00,LOT-00157,comp3,issue,-1,available,MR-02131,assumption:synthetic_operations_v1
MV-002398,2015-12-18 06:00:00,LOT-00157,comp3,issue,-1,available,MR-02135,assumption:synthetic_operations_v1
MV-002399,2015-12-18 06:00:00,LOT-00149,comp4,issue,-1,available,MR-02133,assumption:synthetic_operations_v1
MV-002400,2015-12-18 07:00:00,LOT-00108,comp3,expiry,0,expired,,assumption:synthetic_operations_v1
MV-002401,2015-12-18 07:00:00,LOT-00140,comp2,expiry,0,expired,,assumption:synthetic_operations_v1
MV-002402,2015-12-19 06:00:00,LOT-00154,comp1,issue,-1,available,MR-02139,assumption:synthetic_operations_v1
MV-002403,2015-12-19 06:00:00,LOT-00143,comp2,issue,-1,available,MR-02137,assumption:synthetic_operations_v1
MV-002404,2015-12-19 06:00:00,LOT-00143,comp2,issue,-1,available,MR-02143,assumption:synthetic_operations_v1
MV-002405,2015-12-19 06:00:00,LOT-00143,comp2,issue,-1,available,MR-02146,assumption:synthetic_operations_v1
MV-002406,2015-12-19 06:00:00,LOT-00157,comp3,issue,-1,available,MR-02138,assumption:synthetic_operations_v1
MV-002407,2015-12-19 06:00:00,LOT-00157,comp3,issue,-1,available,MR-02140,assumption:synthetic_operations_v1
MV-002408,2015-12-19 06:00:00,LOT-00157,comp3,issue,-1,available,MR-02145,assumption:synthetic_operations_v1
MV-002409,2015-12-19 06:00:00,LOT-00152,comp4,issue,-1,available,MR-02141,assumption:synthetic_operations_v1
MV-002410,2015-12-19 06:00:00,LOT-00152,comp4,issue,-1,available,MR-02142,assumption:synthetic_operations_v1
MV-002411,2015-12-19 06:00:00,LOT-00152,comp4,issue,-1,available,MR-02144,assumption:synthetic_operations_v1
MV-002412,2015-12-19 07:00:00,LOT-00055,comp1,expiry,0,expired,,assumption:synthetic_operations_v1
MV-002413,2015-12-20 06:00:00,LOT-00154,comp1,issue,-1,available,MR-02148,assumption:synthetic_operations_v1
MV-002414,2015-12-20 06:00:00,LOT-00143,comp2,issue,-1,available,MR-02149,assumption:synthetic_operations_v1
MV-002415,2015-12-20 06:00:00,LOT-00143,comp2,issue,-1,available,MR-02151,assumption:synthetic_operations_v1
MV-002416,2015-12-20 06:00:00,LOT-00157,comp3,issue,-1,available,MR-02147,assumption:synthetic_operations_v1
MV-002417,2015-12-20 06:00:00,LOT-00152,comp4,issue,-1,available,MR-02150,assumption:synthetic_operations_v1
MV-002418,2015-12-20 06:00:00,LOT-00152,comp4,issue,-1,available,MR-02152,assumption:synthetic_operations_v1
MV-002419,2015-12-21 06:00:00,LOT-00154,comp1,issue,-1,available,MR-02154,assumption:synthetic_operations_v1
MV-002420,2015-12-21 06:00:00,LOT-00157,comp3,issue,-1,available,MR-02155,assumption:synthetic_operations_v1
MV-002421,2015-12-21 06:00:00,LOT-00152,comp4,issue,-1,available,MR-02153,assumption:synthetic_operations_v1
MV-002422,2015-12-21 07:00:00,LOT-00059,comp1,expiry,0,expired,,assumption:synthetic_operations_v1
MV-002423,2015-12-22 06:00:00,LOT-00154,comp1,issue,-1,available,MR-02156,assumption:synthetic_operations_v1
MV-002424,2015-12-22 06:00:00,LOT-00148,comp2,issue,-1,available,MR-02157,assumption:synthetic_operations_v1
MV-002425,2015-12-22 06:00:00,LOT-00148,comp2,issue,-1,available,MR-02158,assumption:synthetic_operations_v1
MV-002426,2015-12-22 06:00:00,LOT-00157,comp3,issue,-1,available,MR-02159,assumption:synthetic_operations_v1
MV-002427,2015-12-22 06:00:00,LOT-00157,comp3,issue,-1,available,MR-02160,assumption:synthetic_operations_v1
MV-002428,2015-12-22 06:00:00,LOT-00152,comp4,issue,-1,available,MR-02161,assumption:synthetic_operations_v1
MV-002429,2015-12-22 07:00:00,LOT-00110,comp3,expiry,0,expired,,assumption:synthetic_operations_v1
MV-002430,2015-12-23 06:00:00,LOT-00159,comp2,receipt,13,available,,assumption:synthetic_operations_v1
MV-002431,2015-12-23 06:00:00,LOT-00160,comp4,receipt,13,available,,assumption:synthetic_operations_v1
MV-002432,2015-12-23 06:00:00,LOT-00161,comp1,receipt,12,available,,assumption:synthetic_operations_v1
MV-002433,2015-12-23 06:00:00,LOT-00157,comp3,issue,-1,available,MR-02162,assumption:synthetic_operations_v1
MV-002434,2015-12-24 06:00:00,LOT-00154,comp1,issue,-1,available,MR-02163,assumption:synthetic_operations_v1
MV-002435,2015-12-24 06:00:00,LOT-00154,comp1,issue,-1,available,MR-02164,assumption:synthetic_operations_v1
MV-002436,2015-12-24 06:00:00,LOT-00154,comp1,issue,-1,available,MR-02169,assumption:synthetic_operations_v1
MV-002437,2015-12-24 06:00:00,LOT-00154,comp1,issue,-1,available,MR-02171,assumption:synthetic_operations_v1
MV-002438,2015-12-24 06:00:00,LOT-00148,comp2,issue,-1,available,MR-02166,assumption:synthetic_operations_v1
MV-002439,2015-12-24 06:00:00,LOT-00148,comp2,issue,-1,available,MR-02170,assumption:synthetic_operations_v1
MV-002440,2015-12-24 06:00:00,LOT-00148,comp2,issue,-1,available,MR-02172,assumption:synthetic_operations_v1
MV-002441,2015-12-24 06:00:00,LOT-00157,comp3,issue,-1,available,MR-02167,assumption:synthetic_operations_v1
MV-002442,2015-12-24 06:00:00,LOT-00152,comp4,issue,-1,available,MR-02165,assumption:synthetic_operations_v1
MV-002443,2015-12-24 06:00:00,LOT-00152,comp4,issue,-1,available,MR-02168,assumption:synthetic_operations_v1
MV-002444,2015-12-24 07:00:00,LOT-00093,comp4,expiry,0,expired,,assumption:synthetic_operations_v1
MV-002445,2015-12-25 06:00:00,LOT-00162,comp3,receipt,12,available,,assumption:synthetic_operations_v1
MV-002446,2015-12-25 06:00:00,LOT-00154,comp1,issue,-1,available,MR-02173,assumption:synthetic_operations_v1
MV-002447,2015-12-25 07:00:00,LOT-00143,comp2,expiry,0,expired,,assumption:synthetic_operations_v1
MV-002448,2015-12-26 06:00:00,LOT-00154,comp1,issue,-1,available,MR-02174,assumption:synthetic_operations_v1
MV-002449,2015-12-26 06:00:00,LOT-00158,comp1,issue,-1,available,MR-02177,assumption:synthetic_operations_v1
MV-002450,2015-12-26 06:00:00,LOT-00148,comp2,issue,-1,available,MR-02179,assumption:synthetic_operations_v1
MV-002451,2015-12-26 06:00:00,LOT-00148,comp2,issue,-1,available,MR-02181,assumption:synthetic_operations_v1
MV-002452,2015-12-26 06:00:00,LOT-00157,comp3,issue,-1,available,MR-02175,assumption:synthetic_operations_v1
MV-002453,2015-12-26 06:00:00,LOT-00152,comp4,issue,-1,available,MR-02176,assumption:synthetic_operations_v1
MV-002454,2015-12-26 06:00:00,LOT-00152,comp4,issue,-1,available,MR-02178,assumption:synthetic_operations_v1
MV-002455,2015-12-26 06:00:00,LOT-00152,comp4,issue,-1,available,MR-02180,assumption:synthetic_operations_v1
MV-002456,2015-12-27 06:00:00,LOT-00158,comp1,issue,-1,available,MR-02183,assumption:synthetic_operations_v1
MV-002457,2015-12-27 06:00:00,LOT-00158,comp1,issue,-1,available,MR-02184,assumption:synthetic_operations_v1
MV-002458,2015-12-27 06:00:00,LOT-00158,comp1,issue,-1,available,MR-02188,assumption:synthetic_operations_v1
MV-002459,2015-12-27 06:00:00,LOT-00158,comp1,issue,-1,available,MR-02192,assumption:synthetic_operations_v1
MV-002460,2015-12-27 06:00:00,LOT-00158,comp1,issue,-1,available,MR-02194,assumption:synthetic_operations_v1
MV-002461,2015-12-27 06:00:00,LOT-00151,comp2,issue,-1,available,MR-02186,assumption:synthetic_operations_v1
MV-002462,2015-12-27 06:00:00,LOT-00151,comp2,issue,-1,available,MR-02187,assumption:synthetic_operations_v1
MV-002463,2015-12-27 06:00:00,LOT-00151,comp2,issue,-1,available,MR-02189,assumption:synthetic_operations_v1
MV-002464,2015-12-27 06:00:00,LOT-00151,comp2,issue,-1,available,MR-02193,assumption:synthetic_operations_v1
MV-002465,2015-12-27 06:00:00,LOT-00157,comp3,issue,-1,available,MR-02191,assumption:synthetic_operations_v1
MV-002466,2015-12-27 06:00:00,LOT-00152,comp4,issue,-1,available,MR-02182,assumption:synthetic_operations_v1
MV-002467,2015-12-27 06:00:00,LOT-00152,comp4,issue,-1,available,MR-02185,assumption:synthetic_operations_v1
MV-002468,2015-12-27 06:00:00,LOT-00152,comp4,issue,-1,available,MR-02190,assumption:synthetic_operations_v1
MV-002469,2015-12-28 06:00:00,LOT-00158,comp1,issue,-1,available,MR-02196,assumption:synthetic_operations_v1
MV-002470,2015-12-28 06:00:00,LOT-00158,comp1,issue,-1,available,MR-02199,assumption:synthetic_operations_v1
MV-002471,2015-12-28 06:00:00,LOT-00161,comp1,issue,-1,available,MR-02203,assumption:synthetic_operations_v1
MV-002472,2015-12-28 06:00:00,LOT-00161,comp1,issue,-1,available,MR-02207,assumption:synthetic_operations_v1
MV-002473,2015-12-28 06:00:00,LOT-00151,comp2,issue,-1,available,MR-02201,assumption:synthetic_operations_v1
MV-002474,2015-12-28 06:00:00,LOT-00151,comp2,issue,-1,available,MR-02205,assumption:synthetic_operations_v1
MV-002475,2015-12-28 06:00:00,LOT-00157,comp3,issue,-1,available,MR-02195,assumption:synthetic_operations_v1
MV-002476,2015-12-28 06:00:00,LOT-00157,comp3,issue,-1,available,MR-02197,assumption:synthetic_operations_v1
MV-002477,2015-12-28 06:00:00,LOT-00157,comp3,issue,-1,available,MR-02198,assumption:synthetic_operations_v1
MV-002478,2015-12-28 06:00:00,LOT-00157,comp3,issue,-1,available,MR-02202,assumption:synthetic_operations_v1
MV-002479,2015-12-28 06:00:00,LOT-00157,comp3,issue,-1,available,MR-02204,assumption:synthetic_operations_v1
MV-002480,2015-12-28 06:00:00,LOT-00157,comp3,issue,-1,available,MR-02208,assumption:synthetic_operations_v1
MV-002481,2015-12-28 06:00:00,LOT-00152,comp4,issue,-1,available,MR-02200,assumption:synthetic_operations_v1
MV-002482,2015-12-28 06:00:00,LOT-00152,comp4,issue,-1,available,MR-02206,assumption:synthetic_operations_v1
MV-002483,2015-12-28 07:00:00,LOT-00064,comp1,expiry,0,expired,,assumption:synthetic_operations_v1
MV-002484,2015-12-29 06:00:00,LOT-00161,comp1,issue,-1,available,MR-02210,assumption:synthetic_operations_v1
MV-002485,2015-12-29 06:00:00,LOT-00161,comp1,issue,-1,available,MR-02212,assumption:synthetic_operations_v1
MV-002486,2015-12-29 06:00:00,LOT-00161,comp1,issue,-1,available,MR-02213,assumption:synthetic_operations_v1
MV-002487,2015-12-29 06:00:00,LOT-00151,comp2,issue,-1,available,MR-02209,assumption:synthetic_operations_v1
MV-002488,2015-12-29 06:00:00,LOT-00151,comp2,issue,-1,available,MR-02211,assumption:synthetic_operations_v1
MV-002489,2015-12-29 06:00:00,LOT-00151,comp2,issue,-1,available,MR-02215,assumption:synthetic_operations_v1
MV-002490,2015-12-29 06:00:00,LOT-00157,comp3,issue,-1,available,MR-02214,assumption:synthetic_operations_v1
MV-002491,2015-12-30 06:00:00,LOT-00163,comp2,receipt,8,available,,assumption:synthetic_operations_v1
MV-002492,2015-12-30 06:00:00,LOT-00164,comp3,receipt,14,available,,assumption:synthetic_operations_v1
MV-002493,2015-12-30 06:00:00,LOT-00165,comp1,receipt,5,available,,assumption:synthetic_operations_v1
MV-002494,2015-12-30 06:00:00,LOT-00161,comp1,issue,-1,available,MR-02218,assumption:synthetic_operations_v1
MV-002495,2015-12-30 06:00:00,LOT-00161,comp1,issue,-1,available,MR-02220,assumption:synthetic_operations_v1
MV-002496,2015-12-30 06:00:00,LOT-00161,comp1,issue,-1,available,MR-02224,assumption:synthetic_operations_v1
MV-002497,2015-12-30 06:00:00,LOT-00161,comp1,issue,-1,available,MR-02226,assumption:synthetic_operations_v1
MV-002498,2015-12-30 06:00:00,LOT-00157,comp3,issue,-1,available,MR-02216,assumption:synthetic_operations_v1
MV-002499,2015-12-30 06:00:00,LOT-00157,comp3,issue,-1,available,MR-02219,assumption:synthetic_operations_v1
MV-002500,2015-12-30 06:00:00,LOT-00157,comp3,issue,-1,available,MR-02221,assumption:synthetic_operations_v1
MV-002501,2015-12-30 06:00:00,LOT-00152,comp4,issue,-1,available,MR-02217,assumption:synthetic_operations_v1
MV-002502,2015-12-30 06:00:00,LOT-00152,comp4,issue,-1,available,MR-02222,assumption:synthetic_operations_v1
MV-002503,2015-12-30 06:00:00,LOT-00156,comp4,issue,-1,available,MR-02223,assumption:synthetic_operations_v1
MV-002504,2015-12-30 06:00:00,LOT-00156,comp4,issue,-1,available,MR-02225,assumption:synthetic_operations_v1
MV-002505,2015-12-30 07:00:00,LOT-00114,comp3,expiry,0,expired,,assumption:synthetic_operations_v1
MV-002506,2015-12-31 06:00:00,LOT-00166,comp4,receipt,14,available,,assumption:synthetic_operations_v1
MV-002507,2015-12-31 06:00:00,LOT-00161,comp1,issue,-1,available,MR-02227,assumption:synthetic_operations_v1
MV-002508,2015-12-31 06:00:00,LOT-00161,comp1,issue,-1,available,MR-02228,assumption:synthetic_operations_v1
MV-002509,2015-12-31 06:00:00,LOT-00161,comp1,issue,-1,available,MR-02231,assumption:synthetic_operations_v1
MV-002510,2015-12-31 06:00:00,LOT-00165,comp1,issue,-1,available,MR-02232,assumption:synthetic_operations_v1
MV-002511,2015-12-31 06:00:00,LOT-00165,comp1,issue,-1,available,MR-02233,assumption:synthetic_operations_v1
MV-002512,2015-12-31 06:00:00,LOT-00165,comp1,issue,-1,available,MR-02236,assumption:synthetic_operations_v1
MV-002513,2015-12-31 06:00:00,LOT-00165,comp1,issue,-1,available,MR-02238,assumption:synthetic_operations_v1
MV-002514,2015-12-31 06:00:00,LOT-00165,comp1,issue,-1,available,MR-02240,assumption:synthetic_operations_v1
MV-002515,2015-12-31 06:00:00,LOT-00151,comp2,issue,-1,available,MR-02229,assumption:synthetic_operations_v1
MV-002516,2015-12-31 06:00:00,LOT-00151,comp2,issue,-1,available,MR-02237,assumption:synthetic_operations_v1
MV-002517,2015-12-31 06:00:00,LOT-00151,comp2,issue,-1,available,MR-02241,assumption:synthetic_operations_v1
MV-002518,2015-12-31 06:00:00,LOT-00157,comp3,issue,-1,available,MR-02234,assumption:synthetic_operations_v1
MV-002519,2015-12-31 06:00:00,LOT-00157,comp3,issue,-1,available,MR-02235,assumption:synthetic_operations_v1
MV-002520,2015-12-31 06:00:00,LOT-00157,comp3,issue,-1,available,MR-02239,assumption:synthetic_operations_v1
MV-002521,2015-12-31 06:00:00,LOT-00156,comp4,issue,-1,available,MR-02230,assumption:synthetic_operations_v1
MV-002522,2016-01-01 06:00:00,LOT-00151,comp2,issue,-1,available,MR-02242,assumption:synthetic_operations_v1
MV-002523,2016-01-01 06:00:00,LOT-00151,comp2,issue,-1,available,MR-02244,assumption:synthetic_operations_v1
MV-002524,2016-01-01 06:00:00,LOT-00157,comp3,issue,-1,available,MR-02247,assumption:synthetic_operations_v1
MV-002525,2016-01-01 06:00:00,LOT-00157,comp3,issue,-1,available,MR-02248,assumption:synthetic_operations_v1
MV-002526,2016-01-01 06:00:00,LOT-00156,comp4,issue,-1,available,MR-02245,assumption:synthetic_operations_v1
