record_id,machineID,component,planned_at,completed_at,maintenance_type,used_lot_id,quantity_used,result,value_source,source_event_at,quantity_requested
MR-00001,14,comp4,2015-04-01 06:00:00,2015-04-01 06:00:00,observed_replacement_demand,LOT-00007,1,completed,assumption:synthetic_operations_v1;demand=PdM_maint.csv,2015-04-01 06:00:00,1
MR-00002,17,comp2,2015-04-01 06:00:00,2015-04-01 06:00:00,observed_replacement_demand,LOT-00003,1,completed,assumption:synthetic_operations_v1;demand=PdM_maint.csv,2015-04-01 06:00:00,1
MR-00003,17,comp4,2015-04-01 06:00:00,2015-04-01 06:00:00,observed_replacement_demand,LOT-00007,1,completed,assumption:synthetic_operations_v1;demand=PdM_maint.csv,2015-04-01 06:00:00,1
MR-00004,28,comp2,2015-04-01 06:00:00,2015-04-01 06:00:00,observed_replacement_demand,LOT-00003,1,completed,assumption:synthetic_operations_v1;demand=PdM_maint.csv,2015-04-01 06:00:00,1
MR-00005,33,comp2,2015-04-01 06:00:00,2015-04-01 06:00:00,observed_replacement_demand,LOT-00003,1,completed,assumption:synthetic_operations_v1;demand=PdM_maint.csv,2015-04-01 06:00:00,1
MR-00006,33,comp4,2015-04-01 06:00:00,2015-04-01 06:00:00,observed_replacement_demand,LOT-00007,1,completed,assumption:synthetic_operations_v1;demand=PdM_maint.csv,2015-04-01 06:00:00,1
MR-00007,34,comp4,2015-04-01 06:00:00,2015-04-01 06:00:00,observed_replacement_demand,LOT-00007,1,completed,assumption:synthetic_operations_v1;demand=PdM_maint.csv,2015-04-01 06:00:00,1
MR-00008,39,comp2,2015-04-01 06:00:00,2015-04-01 06:00:00,observed_replacement_demand,LOT-00003,1,completed,assumption:synthetic_operations_v1;demand=PdM_maint.csv,2015-04-01 06:00:00,1
MR-00009,39,comp4,2015-04-01 06:00:00,2015-04-01 06:00:00,observed_replacement_demand,LOT-00007,1,completed,assumption:synthetic_operations_v1;demand=PdM_maint.csv,2015-04-01 06:00:00,1
MR-00010,51,comp2,2015-04-01 06:00:00,2015-04-01 06:00:00,observed_replacement_demand,LOT-00003,1,completed,assumption:synthetic_operations_v1;demand=PdM_maint.csv,2015-04-01 06:00:00,1
MR-00011,58,comp2,2015-04-01 06:00:00,2015-04-01 06:00:00,observed_replacement_demand,LOT-00003,1,completed,assumption:synthetic_operations_v1;demand=PdM_maint.csv,2015-04-01 06:00:00,1
MR-00012,65,comp1,2015-04-01 06:00:00,2015-04-01 06:00:00,observed_replacement_demand,LOT-00001,1,completed,assumption:synthetic_operations_v1;demand=PdM_maint.csv,2015-04-01 06:00:00,1
MR-00013,65,comp3,2015-04-01 06:00:00,2015-04-01 06:00:00,observed_replacement_demand,LOT-00005,1,completed,assumption:synthetic_operations_v1;demand=PdM_maint.csv,2015-04-01 06:00:00,1
MR-00014,67,comp3,2015-04-01 06:00:00,2015-04-01 06:00:00,observed_replacement_demand,LOT-00005,1,completed,assumption:synthetic_operations_v1;demand=PdM_maint.csv,2015-04-01 06:00:00,1
MR-00015,83,comp4,2015-04-01 06:00:00,2015-04-01 06:00:00,observed_replacement_demand,LOT-00007,1,completed,assumption:synthetic_operations_v1;demand=PdM_maint.csv,2015-04-01 06:00:00,1
MR-00016,93,comp2,2015-04-01 06:00:00,2015-04-01 06:00:00,observed_replacement_demand,LOT-00003,1,completed,assumption:synthetic_operations_v1;demand=PdM_maint.csv,2015-04-01 06:00:00,1
MR-00017,4,comp2,2015-04-02 06:00:00,2015-04-02 06:00:00,observed_replacement_demand,LOT-00003,1,completed,assumption:synthetic_operations_v1;demand=PdM_maint.csv,2015-04-02 06:00:00,1
MR-00018,4,comp4,2015-04-02 06:00:00,2015-04-02 06:00:00,observed_replacement_demand,LOT-00007,1,completed,assumption:synthetic_operations_v1;demand=PdM_maint.csv,2015-04-02 06:00:00,1
MR-00019,16,comp1,2015-04-02 06:00:00,2015-04-02 06:00:00,observed_replacement_demand,LOT-00001,1,completed,assumption:synthetic_operations_v1;demand=PdM_maint.csv,2015-04-02 06:00:00,1
MR-00020,24,comp4,2015-04-02 06:00:00,2015-04-02 06:00:00,observed_replacement_demand,LOT-00007,1,completed,assumption:synthetic_operations_v1;demand=PdM_maint.csv,2015-04-02 06:00:00,1
MR-00021,29,comp4,2015-04-02 06:00:00,2015-04-02 06:00:00,observed_replacement_demand,LOT-00008,1,completed,assumption:synthetic_operations_v1;demand=PdM_maint.csv,2015-04-02 06:00:00,1
MR-00022,38,comp2,2015-04-02 06:00:00,2015-04-02 06:00:00,observed_replacement_demand,LOT-00003,1,completed,assumption:synthetic_operations_v1;demand=PdM_maint.csv,2015-04-02 06:00:00,1
MR-00023,68,comp2,2015-04-02 06:00:00,2015-04-02 06:00:00,observed_replacement_demand,LOT-00004,1,completed,assumption:synthetic_operations_v1;demand=PdM_maint.csv,2015-04-02 06:00:00,1
MR-00024,73,comp1,2015-04-02 06:00:00,2015-04-02 06:00:00,observed_replacement_demand,LOT-00001,1,completed,assumption:synthetic_operations_v1;demand=PdM_maint.csv,2015-04-02 06:00:00,1
MR-00025,79,comp1,2015-04-02 06:00:00,2015-04-02 06:00:00,observed_replacement_demand,LOT-00001,1,completed,assumption:synthetic_operations_v1;demand=PdM_maint.csv,2015-04-02 06:00:00,1
MR-00026,81,comp1,2015-04-02 06:00:00,2015-04-02 06:00:00,observed_replacement_demand,LOT-00001,1,completed,assumption:synthetic_operations_v1;demand=PdM_maint.csv,2015-04-02 06:00:00,1
MR-00027,81,comp3,2015-04-02 06:00:00,2015-04-02 06:00:00,observed_replacement_demand,LOT-00005,1,completed,assumption:synthetic_operations_v1;demand=PdM_maint.csv,2015-04-02 06:00:00,1
MR-00028,91,comp1,2015-04-02 06:00:00,2015-04-02 06:00:00,observed_replacement_demand,LOT-00001,1,completed,assumption:synthetic_operations_v1;demand=PdM_maint.csv,2015-04-02 06:00:00,1
MR-00029,2,comp3,2015-04-03 06:00:00,2015-04-03 06:00:00,observed_replacement_demand,LOT-00005,1,completed,assumption:synthetic_operations_v1;demand=PdM_maint.csv,2015-04-03 06:00:00,1
MR-00030,9,comp1,2015-04-03 06:00:00,2015-04-03 06:00:00,observed_replacement_demand,LOT-00001,1,completed,assumption:synthetic_operations_v1;demand=PdM_maint.csv,2015-04-03 06:00:00,1
MR-00031,76,comp3,2015-04-03 06:00:00,2015-04-03 06:00:00,observed_replacement_demand,LOT-00005,1,completed,assumption:synthetic_operations_v1;demand=PdM_maint.csv,2015-04-03 06:00:00,1
MR-00032,96,comp4,2015-04-03 06:00:00,2015-04-03 06:00:00,observed_replacement_demand,LOT-00008,1,completed,assumption:synthetic_operations_v1;demand=PdM_maint.csv,2015-04-03 06:00:00,1
MR-00033,99,comp2,2015-04-03 06:00:00,2015-04-03 06:00:00,observed_replacement_demand,LOT-00004,1,completed,assumption:synthetic_operations_v1;demand=PdM_maint.csv,2015-04-03 06:00:00,1
MR-00034,10,comp2,2015-04-04 06:00:00,2015-04-04 06:00:00,observed_replacement_demand,LOT-00004,1,completed,assumption:synthetic_operations_v1;demand=PdM_maint.csv,2015-04-04 06:00:00,1
MR-00035,20,comp1,2015-04-04 06:00:00,2015-04-04 06:00:00,observed_replacement_demand,LOT-00002,1,completed,assumption:synthetic_operations_v1;demand=PdM_maint.csv,2015-04-04 06:00:00,1
MR-00036,20,comp3,2015-04-04 06:00:00,2015-04-04 06:00:00,observed_replacement_demand,LOT-00005,1,completed,assumption:synthetic_operations_v1;demand=PdM_maint.csv,2015-04-04 06:00:00,1
MR-00037,25,comp1,2015-04-04 06:00:00,2015-04-04 06:00:00,observed_replacement_demand,LOT-00002,1,completed,assumption:synthetic_operations_v1;demand=PdM_maint.csv,2015-04-04 06:00:00,1
MR-00038,37,comp2,2015-04-04 06:00:00,2015-04-04 06:00:00,observed_replacement_demand,LOT-00004,1,completed,assumption:synthetic_operations_v1;demand=PdM_maint.csv,2015-04-04 06:00:00,1
MR-00039,40,comp1,2015-04-04 06:00:00,2015-04-04 06:00:00,observed_replacement_demand,LOT-00002,1,completed,assumption:synthetic_operations_v1;demand=PdM_maint.csv,2015-04-04 06:00:00,1
MR-00040,52,comp2,2015-04-04 06:00:00,2015-04-04 06:00:00,observed_replacement_demand,LOT-00004,1,completed,assumption:synthetic_operations_v1;demand=PdM_maint.csv,2015-04-04 06:00:00,1
MR-00041,52,comp3,2015-04-04 06:00:00,2015-04-04 06:00:00,observed_replacement_demand,LOT-00005,1,completed,assumption:synthetic_operations_v1;demand=PdM_maint.csv,2015-04-04 06:00:00,1
MR-00042,66,comp3,2015-04-04 06:00:00,2015-04-04 06:00:00,observed_replacement_demand,LOT-00006,1,completed,assumption:synthetic_operations_v1;demand=PdM_maint.csv,2015-04-04 06:00:00,1
MR-00043,66,comp4,2015-04-04 06:00:00,2015-04-04 06:00:00,observed_replacement_demand,LOT-00008,1,completed,assumption:synthetic_operations_v1;demand=PdM_maint.csv,2015-04-04 06:00:00,1
MR-00044,88,comp2,2015-04-04 06:00:00,2015-04-04 06:00:00,observed_replacement_demand,LOT-00004,1,completed,assumption:synthetic_operations_v1;demand=PdM_maint.csv,2015-04-04 06:00:00,1
MR-00045,1,comp3,2015-04-05 06:00:00,2015-04-05 06:00:00,observed_replacement_demand,LOT-00006,1,completed,assumption:synthetic_operations_v1;demand=PdM_maint.csv,2015-04-05 06:00:00,1
MR-00046,11,comp4,2015-04-05 06:00:00,2015-04-05 06:00:00,observed_replacement_demand,LOT-00008,1,completed,assumption:synthetic_operations_v1;demand=PdM_maint.csv,2015-04-05 06:00:00,1
MR-00047,15,comp3,2015-04-05 06:00:00,2015-04-05 06:00:00,observed_replacement_demand,LOT-00006,1,completed,assumption:synthetic_operations_v1;demand=PdM_maint.csv,2015-04-05 06:00:00,1
MR-00048,23,comp1,2015-04-05 06:00:00,2015-04-05 06:00:00,observed_replacement_demand,LOT-00002,1,completed,assumption:synthetic_operations_v1;demand=PdM_maint.csv,2015-04-05 06:00:00,1
MR-00049,23,comp4,2015-04-05 06:00:00,2015-04-05 06:00:00,observed_replacement_demand,LOT-00008,1,completed,assumption:synthetic_operations_v1;demand=PdM_maint.csv,2015-04-05 06:00:00,1
MR-00050,59,comp4,2015-04-05 06:00:00,2015-04-05 06:00:00,observed_replacement_demand,LOT-00008,1,completed,assumption:synthetic_operations_v1;demand=PdM_maint.csv,2015-04-05 06:00:00,1
MR-00051,64,comp2,2015-04-05 06:00:00,2015-04-05 06:00:00,observed_replacement_demand,LOT-00004,1,completed,assumption:synthetic_operations_v1;demand=PdM_maint.csv,2015-04-05 06:00:00,1
MR-00052,64,comp3,2015-04-05 06:00:00,2015-04-05 06:00:00,observed_replacement_demand,LOT-00006,1,completed,assumption:synthetic_operations_v1;demand=PdM_maint.csv,2015-04-05 06:00:00,1
MR-00053,69,comp1,2015-04-05 06:00:00,2015-04-05 06:00:00,observed_replacement_demand,LOT-00002,1,completed,assumption:synthetic_operations_v1;demand=PdM_maint.csv,2015-04-05 06:00:00,1
MR-00054,84,comp2,2015-04-05 06:00:00,2015-04-05 06:00:00,observed_replacement_demand,LOT-00004,1,completed,assumption:synthetic_operations_v1;demand=PdM_maint.csv,2015-04-05 06:00:00,1
MR-00055,90,comp1,2015-04-05 06:00:00,2015-04-05 06:00:00,observed_replacement_demand,LOT-00002,1,completed,assumption:synthetic_operations_v1;demand=PdM_maint.csv,2015-04-05 06:00:00,1
MR-00056,90,comp4,2015-04-05 06:00:00,2015-04-05 06:00:00,observed_replacement_demand,LOT-00008,1,completed,assumption:synthetic_operations_v1;demand=PdM_maint.csv,2015-04-05 06:00:00,1
MR-00057,92,comp3,2015-04-05 06:00:00,2015-04-05 06:00:00,observed_replacement_demand,LOT-00006,1,completed,assumption:synthetic_operations_v1;demand=PdM_maint.csv,2015-04-05 06:00:00,1
MR-00058,95,comp4,2015-04-05 06:00:00,2015-04-05 06:00:00,observed_replacement_demand,LOT-00008,1,completed,assumption:synthetic_operations_v1;demand=PdM_maint.csv,2015-04-05 06:00:00,1
MR-00059,8,comp3,2015-04-06 06:00:00,2015-04-06 06:00:00,observed_replacement_demand,LOT-00006,1,completed,assumption:synthetic_operations_v1;demand=PdM_maint.csv,2015-04-06 06:00:00,1
MR-00060,26,comp1,2015-04-06 06:00:00,2015-04-06 06:00:00,observed_replacement_demand,LOT-00002,1,completed,assumption:synthetic_operations_v1;demand=PdM_maint.csv,2015-04-06 06:00:00,1
MR-00061,35,comp3,2015-04-06 06:00:00,2015-04-06 06:00:00,observed_replacement_demand,LOT-00006,1,completed,assumption:synthetic_operations_v1;demand=PdM_maint.csv,2015-04-06 06:00:00,1
MR-00062,42,comp2,2015-04-06 06:00:00,2015-04-06 06:00:00,observed_replacement_demand,LOT-00004,1,completed,assumption:synthetic_operations_v1;demand=PdM_maint.csv,2015-04-06 06:00:00,1
MR-00063,42,comp3,2015-04-06 06:00:00,2015-04-06 06:00:00,observed_replacement_demand,LOT-00006,1,completed,assumption:synthetic_operations_v1;demand=PdM_maint.csv,2015-04-06 06:00:00,1
MR-00064,43,comp1,2015-04-06 06:00:00,2015-04-06 06:00:00,observed_replacement_demand,LOT-00002,1,completed,assumption:synthetic_operations_v1;demand=PdM_maint.csv,2015-04-06 06:00:00,1
MR-00065,55,comp4,2015-04-06 06:00:00,2015-04-06 06:00:00,observed_replacement_demand,LOT-00008,1,completed,assumption:synthetic_operations_v1;demand=PdM_maint.csv,2015-04-06 06:00:00,1
MR-00066,78,comp2,2015-04-06 06:00:00,2015-04-06 06:00:00,observed_replacement_demand,LOT-00004,1,completed,assumption:synthetic_operations_v1;demand=PdM_maint.csv,2015-04-06 06:00:00,1
MR-00067,3,comp2,2015-04-07 06:00:00,2015-04-07 06:00:00,observed_replacement_demand,LOT-00004,1,completed,assumption:synthetic_operations_v1;demand=PdM_maint.csv,2015-04-07 06:00:00,1
MR-00068,6,comp1,2015-04-07 06:00:00,2015-04-07 06:00:00,observed_replacement_demand,LOT-00002,1,completed,assumption:synthetic_operations_v1;demand=PdM_maint.csv,2015-04-07 06:00:00,1
MR-00069,12,comp1,2015-04-07 06:00:00,2015-04-07 06:00:00,observed_replacement_demand,LOT-00002,1,completed,assumption:synthetic_operations_v1;demand=PdM_maint.csv,2015-04-07 06:00:00,1
MR-00070,12,comp2,2015-04-07 06:00:00,2015-04-07 06:00:00,observed_replacement_demand,LOT-00004,1,completed,assumption:synthetic_operations_v1;demand=PdM_maint.csv,2015-04-07 06:00:00,1
MR-00071,22,comp3,2015-04-07 06:00:00,2015-04-07 06:00:00,observed_replacement_demand,LOT-00006,1,completed,assumption:synthetic_operations_v1;demand=PdM_maint.csv,2015-04-07 06:00:00,1
MR-00072,31,comp3,2015-04-07 06:00:00,2015-04-07 06:00:00,observed_replacement_demand,LOT-00006,1,completed,assumption:synthetic_operations_v1;demand=PdM_maint.csv,2015-04-07 06:00:00,1
MR-00073,31,comp4,2015-04-07 06:00:00,2015-04-07 06:00:00,observed_replacement_demand,LOT-00008,1,completed,assumption:synthetic_operations_v1;demand=PdM_maint.csv,2015-04-07 06:00:00,1
MR-00074,36,comp1,2015-04-07 06:00:00,2015-04-07 06:00:00,observed_replacement_demand,LOT-00002,1,completed,assumption:synthetic_operations_v1;demand=PdM_maint.csv,2015-04-07 06:00:00,1
MR-00075,36,comp4,2015-04-07 06:00:00,2015-04-07 06:00:00,observed_replacement_demand,LOT-00008,1,completed,assumption:synthetic_operations_v1;demand=PdM_maint.csv,2015-04-07 06:00:00,1
MR-00076,45,comp3,2015-04-07 06:00:00,2015-04-07 06:00:00,observed_replacement_demand,LOT-00006,1,completed,assumption:synthetic_operations_v1;demand=PdM_maint.csv,2015-04-07 06:00:00,1
MR-00077,75,comp1,2015-04-07 06:00:00,2015-04-07 06:00:00,observed_replacement_demand,LOT-00002,1,completed,assumption:synthetic_operations_v1;demand=PdM_maint.csv,2015-04-07 06:00:00,1
MR-00078,75,comp3,2015-04-07 06:00:00,2015-04-07 06:00:00,observed_replacement_demand,LOT-00006,1,completed,assumption:synthetic_operations_v1;demand=PdM_maint.csv,2015-04-07 06:00:00,1
MR-00079,21,comp4,2015-04-08 06:00:00,2015-04-08 06:00:00,observed_replacement_demand,LOT-00008,1,completed,assumption:synthetic_operations_v1;demand=PdM_maint.csv,2015-04-08 06:00:00,1
MR-00080,46,comp4,2015-04-08 06:00:00,2015-04-08 06:00:00,observed_replacement_demand,LOT-00008,1,completed,assumption:synthetic_operations_v1;demand=PdM_maint.csv,2015-04-08 06:00:00,1
MR-00081,57,comp1,2015-04-08 06:00:00,2015-04-08 06:00:00,observed_replacement_demand,LOT-00012,1,completed,assumption:synthetic_operations_v1;demand=PdM_maint.csv,2015-04-08 06:00:00,1
MR-00082,57,comp4,2015-04-08 06:00:00,2015-04-08 06:00:00,observed_replacement_demand,LOT-00008,1,completed,assumption:synthetic_operations_v1;demand=PdM_maint.csv,2015-04-08 06:00:00,1
MR-00083,72,comp1,2015-04-08 06:00:00,2015-04-08 06:00:00,observed_replacement_demand,LOT-00012,1,completed,assumption:synthetic_operations_v1;demand=PdM_maint.csv,2015-04-08 06:00:00,1
MR-00084,86,comp4,2015-04-08 06:00:00,2015-04-08 06:00:00,observed_replacement_demand,LOT-00011,1,completed,assumption:synthetic_operations_v1;demand=PdM_maint.csv,2015-04-08 06:00:00,1
MR-00085,5,comp1,2015-04-09 06:00:00,2015-04-09 06:00:00,observed_replacement_demand,LOT-00012,1,completed,assumption:synthetic_operations_v1;demand=PdM_maint.csv,2015-04-09 06:00:00,1
MR-00086,7,comp2,2015-04-09 06:00:00,2015-04-09 06:00:00,observed_replacement_demand,LOT-00004,1,completed,assumption:synthetic_operations_v1;demand=PdM_maint.csv,2015-04-09 06:00:00,1
MR-00087,30,comp2,2015-04-09 06:00:00,2015-04-09 06:00:00,observed_replacement_demand,LOT-00004,1,completed,assumption:synthetic_operations_v1;demand=PdM_maint.csv,2015-04-09 06:00:00,1
MR-00088,30,comp3,2015-04-09 06:00:00,2015-04-09 06:00:00,observed_replacement_demand,LOT-00010,1,completed,assumption:synthetic_operations_v1;demand=PdM_maint.csv,2015-04-09 06:00:00,1
MR-00089,47,comp2,2015-04-09 06:00:00,2015-04-09 06:00:00,observed_replacement_demand,LOT-00004,1,completed,assumption:synthetic_operations_v1;demand=PdM_maint.csv,2015-04-09 06:00:00,1
MR-00090,97,comp2,2015-04-09 06:00:00,2015-04-09 06:00:00,observed_replacement_demand,LOT-00004,1,completed,assumption:synthetic_operations_v1;demand=PdM_maint.csv,2015-04-09 06:00:00,1
MR-00091,32,comp1,2015-04-10 06:00:00,2015-04-10 06:00:00,observed_replacement_demand,LOT-00012,1,completed,assumption:synthetic_operations_v1;demand=PdM_maint.csv,2015-04-10 06:00:00,1
MR-00092,32,comp4,2015-04-10 06:00:00,2015-04-10 06:00:00,observed_replacement_demand,LOT-00011,1,completed,assumption:synthetic_operations_v1;demand=PdM_maint.csv,2015-04-10 06:00:00,1
MR-00093,13,comp3,2015-04-11 06:00:00,2015-04-11 06:00:00,observed_replacement_demand,LOT-00010,1,completed,assumption:synthetic_operations_v1;demand=PdM_maint.csv,2015-04-11 06:00:00,1
MR-00094,13,comp4,2015-04-11 06:00:00,2015-04-11 06:00:00,observed_replacement_demand,LOT-00011,1,completed,assumption:synthetic_operations_v1;demand=PdM_maint.csv,2015-04-11 06:00:00,1
MR-00095,48,comp3,2015-04-11 06:00:00,2015-04-11 06:00:00,observed_replacement_demand,LOT-00010,1,completed,assumption:synthetic_operations_v1;demand=PdM_maint.csv,2015-04-11 06:00:00,1
MR-00096,77,comp1,2015-04-11 06:00:00,2015-04-11 06:00:00,observed_replacement_demand,LOT-00012,1,completed,assumption:synthetic_operations_v1;demand=PdM_maint.csv,2015-04-11 06:00:00,1
MR-00097,77,comp4,2015-04-11 06:00:00,2015-04-11 06:00:00,observed_replacement_demand,LOT-00011,1,completed,assumption:synthetic_operations_v1;demand=PdM_maint.csv,2015-04-11 06:00:00,1
MR-00098,87,comp1,2015-04-12 06:00:00,2015-04-12 06:00:00,observed_replacement_demand,LOT-00012,1,completed,assumption:synthetic_operations_v1;demand=PdM_maint.csv,2015-04-12 06:00:00,1
MR-00099,19,comp1,2015-04-13 06:00:00,2015-04-13 06:00:00,observed_replacement_demand,LOT-00012,1,completed,assumption:synthetic_operations_v1;demand=PdM_maint.csv,2015-04-13 06:00:00,1
MR-00100,19,comp4,2015-04-13 06:00:00,2015-04-13 06:00:00,observed_replacement_demand,LOT-00011,1,completed,assumption:synthetic_operations_v1;demand=PdM_maint.csv,2015-04-13 06:00:00,1
MR-00101,53,comp3,2015-04-13 06:00:00,2015-04-13 06:00:00,observed_replacement_demand,LOT-00010,1,completed,assumption:synthetic_operations_v1;demand=PdM_maint.csv,2015-04-13 06:00:00,1
MR-00102,53,comp4,2015-04-13 06:00:00,2015-04-13 06:00:00,observed_replacement_demand,LOT-00011,1,completed,assumption:synthetic_operations_v1;demand=PdM_maint.csv,2015-04-13 06:00:00,1
MR-00103,61,comp3,2015-04-13 06:00:00,2015-04-13 06:00:00,observed_replacement_demand,LOT-00010,1,completed,assumption:synthetic_operations_v1;demand=PdM_maint.csv,2015-04-13 06:00:00,1
MR-00104,62,comp1,2015-04-13 06:00:00,2015-04-13 06:00:00,observed_replacement_demand,LOT-00012,1,completed,assumption:synthetic_operations_v1;demand=PdM_maint.csv,2015-04-13 06:00:00,1
MR-00105,62,comp2,2015-04-13 06:00:00,2015-04-13 06:00:00,observed_replacement_demand,LOT-00009,1,completed,assumption:synthetic_operations_v1;demand=PdM_maint.csv,2015-04-13 06:00:00,1
MR-00106,63,comp1,2015-04-13 06:00:00,2015-04-13 06:00:00,observed_replacement_demand,LOT-00012,1,completed,assumption:synthetic_operations_v1;demand=PdM_maint.csv,2015-04-13 06:00:00,1
MR-00107,63,comp3,2015-04-13 06:00:00,2015-04-13 06:00:00,observed_replacement_demand,LOT-00010,1,completed,assumption:synthetic_operations_v1;demand=PdM_maint.csv,2015-04-13 06:00:00,1
MR-00108,70,comp2,2015-04-13 06:00:00,2015-04-13 06:00:00,observed_replacement_demand,LOT-00009,1,completed,assumption:synthetic_operations_v1;demand=PdM_maint.csv,2015-04-13 06:00:00,1
MR-00109,70,comp4,2015-04-13 06:00:00,2015-04-13 06:00:00,observed_replacement_demand,LOT-00011,1,completed,assumption:synthetic_operations_v1;demand=PdM_maint.csv,2015-04-13 06:00:00,1
MR-00110,80,comp1,2015-04-13 06:00:00,2015-04-13 06:00:00,observed_replacement_demand,LOT-00012,1,completed,assumption:synthetic_operations_v1;demand=PdM_maint.csv,2015-04-13 06:00:00,1
MR-00111,80,comp2,2015-04-13 06:00:00,2015-04-13 06:00:00,observed_replacement_demand,LOT-00009,1,completed,assumption:synthetic_operations_v1;demand=PdM_maint.csv,2015-04-13 06:00:00,1
MR-00112,82,comp2,2015-04-13 06:00:00,2015-04-13 06:00:00,observed_replacement_demand,LOT-00009,1,completed,assumption:synthetic_operations_v1;demand=PdM_maint.csv,2015-04-13 06:00:00,1
MR-00113,82,comp4,2015-04-13 06:00:00,2015-04-13 06:00:00,observed_replacement_demand,LOT-00011,1,completed,assumption:synthetic_operations_v1;demand=PdM_maint.csv,2015-04-13 06:00:00,1
MR-00114,100,comp1,2015-04-13 06:00:00,2015-04-13 06:00:00,observed_replacement_demand,LOT-00012,1,completed,assumption:synthetic_operations_v1;demand=PdM_maint.csv,2015-04-13 06:00:00,1
MR-00115,56,comp1,2015-04-14 06:00:00,2015-04-14 06:00:00,observed_replacement_demand,LOT-00012,1,completed,assumption:synthetic_operations_v1;demand=PdM_maint.csv,2015-04-14 06:00:00,1
MR-00116,56,comp4,2015-04-14 06:00:00,2015-04-14 06:00:00,observed_replacement_demand,LOT-00011,1,completed,assumption:synthetic_operations_v1;demand=PdM_maint.csv,2015-04-14 06:00:00,1
MR-00117,18,comp1,2015-04-15 06:00:00,2015-04-15 06:00:00,observed_replacement_demand,LOT-00012,1,completed,assumption:synthetic_operations_v1;demand=PdM_maint.csv,2015-04-15 06:00:00,1
MR-00118,18,comp3,2015-04-15 06:00:00,2015-04-15 06:00:00,observed_replacement_demand,LOT-00010,1,completed,assumption:synthetic_operations_v1;demand=PdM_maint.csv,2015-04-15 06:00:00,1
MR-00119,44,comp1,2015-04-15 06:00:00,2015-04-15 06:00:00,observed_replacement_demand,LOT-00013,1,completed,assumption:synthetic_operations_v1;demand=PdM_maint.csv,2015-04-15 06:00:00,1
MR-00120,49,comp1,2015-04-15 06:00:00,2015-04-15 06:00:00,observed_replacement_demand,LOT-00013,1,completed,assumption:synthetic_operations_v1;demand=PdM_maint.csv,2015-04-15 06:00:00,1
MR-00121,49,comp4,2015-04-15 06:00:00,2015-04-15 06:00:00,observed_replacement_demand,LOT-00011,1,completed,assumption:synthetic_operations_v1;demand=PdM_maint.csv,2015-04-15 06:00:00,1
MR-00122,54,comp3,2015-04-15 06:00:00,2015-04-15 06:00:00,observed_replacement_demand,LOT-00010,1,completed,assumption:synthetic_operations_v1;demand=PdM_maint.csv,2015-04-15 06:00:00,1
MR-00123,60,comp2,2015-04-15 06:00:00,2015-04-15 06:00:00,observed_replacement_demand,LOT-00009,1,completed,assumption:synthetic_operations_v1;demand=PdM_maint.csv,2015-04-15 06:00:00,1
MR-00124,60,comp3,2015-04-15 06:00:00,2015-04-15 06:00:00,observed_replacement_demand,LOT-00010,1,completed,assumption:synthetic_operations_v1;demand=PdM_maint.csv,2015-04-15 06:00:00,1
MR-00125,85,comp3,2015-04-15 06:00:00,2015-04-15 06:00:00,observed_replacement_demand,LOT-00010,1,completed,assumption:synthetic_operations_v1;demand=PdM_maint.csv,2015-04-15 06:00:00,1
MR-00126,98,comp3,2015-04-15 06:00:00,2015-04-15 06:00:00,observed_replacement_demand,LOT-00010,1,completed,assumption:synthetic_operations_v1;demand=PdM_maint.csv,2015-04-15 06:00:00,1
MR-00127,14,comp4,2015-04-16 06:00:00,2015-04-16 06:00:00,observed_replacement_demand,LOT-00011,1,completed,assumption:synthetic_operations_v1;demand=PdM_maint.csv,2015-04-16 06:00:00,1
MR-00128,17,comp4,2015-04-16 06:00:00,2015-04-16 06:00:00,observed_replacement_demand,LOT-00011,1,completed,assumption:synthetic_operations_v1;demand=PdM_maint.csv,2015-04-16 06:00:00,1
MR-00129,28,comp3,2015-04-16 06:00:00,2015-04-16 06:00:00,observed_replacement_demand,LOT-00010,1,completed,assumption:synthetic_operations_v1;demand=PdM_maint.csv,2015-04-16 06:00:00,1
MR-00130,33,comp3,2015-04-16 06:00:00,2015-04-17 06:00:00,observed_replacement_demand,LOT-00016,1,completed,assumption:synthetic_operations_v1;demand=PdM_maint.csv,2015-04-16 06:00:00,1
MR-00131,34,comp1,2015-04-16 06:00:00,2015-04-16 06:00:00,observed_replacement_demand,LOT-00013,1,completed,assumption:synthetic_operations_v1;demand=PdM_maint.csv,2015-04-16 06:00:00,1
MR-00132,39,comp2,2015-04-16 06:00:00,2015-04-16 06:00:00,observed_replacement_demand,LOT-00009,1,completed,assumption:synthetic_operations_v1;demand=PdM_maint.csv,2015-04-16 06:00:00,1
MR-00133,39,comp4,2015-04-16 06:00:00,2015-04-16 06:00:00,observed_replacement_demand,LOT-00011,1,completed,assumption:synthetic_operations_v1;demand=PdM_maint.csv,2015-04-16 06:00:00,1
MR-00134,51,comp2,2015-04-16 06:00:00,2015-04-16 06:00:00,observed_replacement_demand,LOT-00009,1,completed,assumption:synthetic_operations_v1;demand=PdM_maint.csv,2015-04-16 06:00:00,1
MR-00135,65,comp1,2015-04-16 06:00:00,2015-04-16 06:00:00,observed_replacement_demand,LOT-00017,1,completed,assumption:synthetic_operations_v1;demand=PdM_maint.csv,2015-04-16 06:00:00,1
MR-00136,67,comp3,2015-04-16 06:00:00,2015-04-17 06:00:00,observed_replacement_demand,LOT-00016,1,completed,assumption:synthetic_operations_v1;demand=PdM_maint.csv,2015-04-16 06:00:00,1
MR-00137,93,comp1,2015-04-16 06:00:00,2015-04-16 06:00:00,observed_replacement_demand,LOT-00017,1,completed,assumption:synthetic_operations_v1;demand=PdM_maint.csv,2015-04-16 06:00:00,1
MR-00138,93,comp3,2015-04-16 06:00:00,2015-04-17 06:00:00,observed_replacement_demand,LOT-00016,1,completed,assumption:synthetic_operations_v1;demand=PdM_maint.csv,2015-04-16 06:00:00,1
MR-00139,4,comp3,2015-04-17 06:00:00,2015-04-17 06:00:00,observed_replacement_demand,LOT-00016,1,completed,assumption:synthetic_operations_v1;demand=PdM_maint.csv,2015-04-17 06:00:00,1
MR-00140,16,comp4,2015-04-17 06:00:00,2015-04-17 06:00:00,observed_replacement_demand,LOT-00014,1,completed,assumption:synthetic_operations_v1;demand=PdM_maint.csv,2015-04-17 06:00:00,1
MR-00141,24,comp3,2015-04-17 06:00:00,2015-04-17 06:00:00,observed_replacement_demand,LOT-00016,1,completed,assumption:synthetic_operations_v1;demand=PdM_maint.csv,2015-04-17 06:00:00,1
MR-00142,29,comp3,2015-04-17 06:00:00,2015-04-17 06:00:00,observed_replacement_demand,LOT-00016,1,completed,assumption:synthetic_operations_v1;demand=PdM_maint.csv,2015-04-17 06:00:00,1
MR-00143,38,comp3,2015-04-17 06:00:00,2015-04-21 06:00:00,observed_replacement_demand,LOT-00019,1,completed,assumption:synthetic_operations_v1;demand=PdM_maint.csv,2015-04-17 06:00:00,1
MR-00144,38,comp4,2015-04-17 06:00:00,2015-04-17 06:00:00,observed_replacement_demand,LOT-00014,1,completed,assumption:synthetic_operations_v1;demand=PdM_maint.csv,2015-04-17 06:00:00,1
MR-00145,41,comp3,2015-04-17 06:00:00,2015-04-21 06:00:00,observed_replacement_demand,LOT-00019,1,completed,assumption:synthetic_operations_v1;demand=PdM_maint.csv,2015-04-17 06:00:00,1
MR-00146,68,comp3,2015-04-17 06:00:00,2015-04-21 06:00:00,observed_replacement_demand,LOT-00019,1,completed,assumption:synthetic_operations_v1;demand=PdM_maint.csv,2015-04-17 06:00:00,1
MR-00147,73,comp4,2015-04-17 06:00:00,2015-04-17 06:00:00,observed_replacement_demand,LOT-00014,1,completed,assumption:synthetic_operations_v1;demand=PdM_maint.csv,2015-04-17 06:00:00,1
MR-00148,79,comp2,2015-04-17 06:00:00,2015-04-17 06:00:00,observed_replacement_demand,LOT-00009,1,completed,assumption:synthetic_operations_v1;demand=PdM_maint.csv,2015-04-17 06:00:00,1
MR-00149,79,comp3,2015-04-17 06:00:00,2015-04-21 06:00:00,observed_replacement_demand,LOT-00019,1,completed,assumption:synthetic_operations_v1;demand=PdM_maint.csv,2015-04-17 06:00:00,1
MR-00150,81,comp2,2015-04-17 06:00:00,2015-04-17 06:00:00,observed_replacement_demand,LOT-00009,1,completed,assumption:synthetic_operations_v1;demand=PdM_maint.csv,2015-04-17 06:00:00,1
MR-00151,2,comp2,2015-04-18 06:00:00,2015-04-18 06:00:00,observed_replacement_demand,LOT-00009,1,completed,assumption:synthetic_operations_v1;demand=PdM_maint.csv,2015-04-18 06:00:00,1
MR-00152,9,comp4,2015-04-18 06:00:00,2015-04-18 06:00:00,observed_replacement_demand,LOT-00014,1,completed,assumption:synthetic_operations_v1;demand=PdM_maint.csv,2015-04-18 06:00:00,1
MR-00153,76,comp3,2015-04-18 06:00:00,2015-04-21 06:00:00,observed_replacement_demand,LOT-00019,1,completed,assumption:synthetic_operations_v1;demand=PdM_maint.csv,2015-04-18 06:00:00,1
MR-00154,96,comp2,2015-04-18 06:00:00,2015-04-18 06:00:00,observed_replacement_demand,LOT-00009,1,completed,assumption:synthetic_operations_v1;demand=PdM_maint.csv,2015-04-18 06:00:00,1
MR-00155,96,comp4,2015-04-18 06:00:00,2015-04-18 06:00:00,observed_replacement_demand,LOT-00014,1,completed,assumption:synthetic_operations_v1;demand=PdM_maint.csv,2015-04-18 06:00:00,1
MR-00156,99,comp3,2015-04-18 06:00:00,2015-04-21 06:00:00,observed_replacement_demand,LOT-00019,1,completed,assumption:synthetic_operations_v1;demand=PdM_maint.csv,2015-04-18 06:00:00,1
MR-00157,10,comp4,2015-04-19 06:00:00,2015-04-19 06:00:00,observed_replacement_demand,LOT-00014,1,completed,assumption:synthetic_operations_v1;demand=PdM_maint.csv,2015-04-19 06:00:00,1
MR-00158,20,comp3,2015-04-19 06:00:00,2015-04-21 06:00:00,observed_replacement_demand,LOT-00019,1,completed,assumption:synthetic_operations_v1;demand=PdM_maint.csv,2015-04-19 06:00:00,1
MR-00159,20,comp4,2015-04-19 06:00:00,2015-04-19 06:00:00,observed_replacement_demand,LOT-00014,1,completed,assumption:synthetic_operations_v1;demand=PdM_maint.csv,2015-04-19 06:00:00,1
MR-00160,25,comp3,2015-04-19 06:00:00,2015-04-21 06:00:00,observed_replacement_demand,LOT-00019,1,completed,assumption:synthetic_operations_v1;demand=PdM_maint.csv,2015-04-19 06:00:00,1
MR-00161,37,comp1,2015-04-19 06:00:00,2015-04-19 06:00:00,observed_replacement_demand,LOT-00017,1,completed,assumption:synthetic_operations_v1;demand=PdM_maint.csv,2015-04-19 06:00:00,1
MR-00162,37,comp4,2015-04-19 06:00:00,2015-04-19 06:00:00,observed_replacement_demand,LOT-00014,1,completed,assumption:synthetic_operations_v1;demand=PdM_maint.csv,2015-04-19 06:00:00,1
MR-00163,40,comp1,2015-04-19 06:00:00,2015-04-19 06:00:00,observed_replacement_demand,LOT-00017,1,completed,assumption:synthetic_operations_v1;demand=PdM_maint.csv,2015-04-19 06:00:00,1
MR-00164,52,comp1,2015-04-19 06:00:00,2015-04-19 06:00:00,observed_replacement_demand,LOT-00017,1,completed,assumption:synthetic_operations_v1;demand=PdM_maint.csv,2015-04-19 06:00:00,1
MR-00165,52,comp3,2015-04-19 06:00:00,2015-04-21 06:00:00,observed_replacement_demand,LOT-00019,1,completed,assumption:synthetic_operations_v1;demand=PdM_maint.csv,2015-04-19 06:00:00,1
MR-00166,66,comp3,2015-04-19 06:00:00,2015-04-21 06:00:00,observed_replacement_demand,LOT-00019,1,completed,assumption:synthetic_operations_v1;demand=PdM_maint.csv,2015-04-19 06:00:00,1
MR-00167,88,comp4,2015-04-19 06:00:00,2015-04-19 06:00:00,observed_replacement_demand,LOT-00014,1,completed,assumption:synthetic_operations_v1;demand=PdM_maint.csv,2015-04-19 06:00:00,1
MR-00168,1,comp2,2015-04-20 06:00:00,2015-04-20 06:00:00,observed_replacement_demand,LOT-00009,1,completed,assumption:synthetic_operations_v1;demand=PdM_maint.csv,2015-04-20 06:00:00,1
MR-00169,11,comp2,2015-04-20 06:00:00,2015-04-20 06:00:00,observed_replacement_demand,LOT-00009,1,completed,assumption:synthetic_operations_v1;demand=PdM_maint.csv,2015-04-20 06:00:00,1
MR-00170,11,comp3,2015-04-20 06:00:00,2015-04-21 06:00:00,observed_replacement_demand,LOT-00019,1,completed,assumption:synthetic_operations_v1;demand=PdM_maint.csv,2015-04-20 06:00:00,1
MR-00171,15,comp2,2015-04-20 06:00:00,2015-04-20 06:00:00,observed_replacement_demand,LOT-00015,1,completed,assumption:synthetic_operations_v1;demand=PdM_maint.csv,2015-04-20 06:00:00,1
MR-00172,23,comp1,2015-04-20 06:00:00,2015-04-20 06:00:00,observed_replacement_demand,LOT-00017,1,completed,assumption:synthetic_operations_v1;demand=PdM_maint.csv,2015-04-20 06:00:00,1
MR-00173,59,comp3,2015-04-20 06:00:00,2015-04-21 06:00:00,observed_replacement_demand,LOT-00019,1,completed,assumption:synthetic_operations_v1;demand=PdM_maint.csv,2015-04-20 06:00:00,1
MR-00174,64,comp2,2015-04-20 06:00:00,2015-04-20 06:00:00,observed_replacement_demand,LOT-00015,1,completed,assumption:synthetic_operations_v1;demand=PdM_maint.csv,2015-04-20 06:00:00,1
MR-00175,69,comp4,2015-04-20 06:00:00,2015-04-20 06:00:00,observed_replacement_demand,LOT-00014,1,completed,assumption:synthetic_operations_v1;demand=PdM_maint.csv,2015-04-20 06:00:00,1
MR-00176,84,comp3,2015-04-20 06:00:00,2015-04-24 06:00:00,observed_replacement_demand,LOT-00021,1,completed,assumption:synthetic_operations_v1;demand=PdM_maint.csv,2015-04-20 06:00:00,1
MR-00177,90,comp4,2015-04-20 06:00:00,2015-04-20 06:00:00,observed_replacement_demand,LOT-00014,1,completed,assumption:synthetic_operations_v1;demand=PdM_maint.csv,2015-04-20 06:00:00,1
MR-00178,92,comp1,2015-04-20 06:00:00,2015-04-20 06:00:00,observed_replacement_demand,LOT-00017,1,completed,assumption:synthetic_operations_v1;demand=PdM_maint.csv,2015-04-20 06:00:00,1
MR-00179,92,comp2,2015-04-20 06:00:00,2015-04-20 06:00:00,observed_replacement_demand,LOT-00015,1,completed,assumption:synthetic_operations_v1;demand=PdM_maint.csv,2015-04-20 06:00:00,1
MR-00180,95,comp2,2015-04-20 06:00:00,2015-04-20 06:00:00,observed_replacement_demand,LOT-00015,1,completed,assumption:synthetic_operations_v1;demand=PdM_maint.csv,2015-04-20 06:00:00,1
MR-00181,95,comp3,2015-04-20 06:00:00,2015-04-24 06:00:00,observed_replacement_demand,LOT-00021,1,completed,assumption:synthetic_operations_v1;demand=PdM_maint.csv,2015-04-20 06:00:00,1
MR-00182,8,comp2,2015-04-21 06:00:00,2015-04-21 06:00:00,observed_replacement_demand,LOT-00015,1,completed,assumption:synthetic_operations_v1;demand=PdM_maint.csv,2015-04-21 06:00:00,1
MR-00183,35,comp3,2015-04-21 06:00:00,2015-04-24 06:00:00,observed_replacement_demand,LOT-00021,1,completed,assumption:synthetic_operations_v1;demand=PdM_maint.csv,2015-04-21 06:00:00,1
MR-00184,42,comp2,2015-04-21 06:00:00,2015-04-21 06:00:00,observed_replacement_demand,LOT-00015,1,completed,assumption:synthetic_operations_v1;demand=PdM_maint.csv,2015-04-21 06:00:00,1
MR-00185,42,comp3,2015-04-21 06:00:00,2015-04-24 06:00:00,observed_replacement_demand,LOT-00021,1,completed,assumption:synthetic_operations_v1;demand=PdM_maint.csv,2015-04-21 06:00:00,1
MR-00186,43,comp2,2015-04-21 06:00:00,2015-04-21 06:00:00,observed_replacement_demand,LOT-00015,1,completed,assumption:synthetic_operations_v1;demand=PdM_maint.csv,2015-04-21 06:00:00,1
MR-00187,43,comp4,2015-04-21 06:00:00,2015-04-21 06:00:00,observed_replacement_demand,LOT-00014,1,completed,assumption:synthetic_operations_v1;demand=PdM_maint.csv,2015-04-21 06:00:00,1
MR-00188,55,comp2,2015-04-21 06:00:00,2015-04-21 06:00:00,observed_replacement_demand,LOT-00015,1,completed,assumption:synthetic_operations_v1;demand=PdM_maint.csv,2015-04-21 06:00:00,1
MR-00189,78,comp2,2015-04-21 06:00:00,2015-04-21 06:00:00,observed_replacement_demand,LOT-00015,1,completed,assumption:synthetic_operations_v1;demand=PdM_maint.csv,2015-04-21 06:00:00,1
MR-00190,3,comp3,2015-04-22 06:00:00,2015-04-24 06:00:00,observed_replacement_demand,LOT-00021,1,completed,assumption:synthetic_operations_v1;demand=PdM_maint.csv,2015-04-22 06:00:00,1
MR-00191,6,comp3,2015-04-22 06:00:00,2015-04-24 06:00:00,observed_replacement_demand,LOT-00021,1,completed,assumption:synthetic_operations_v1;demand=PdM_maint.csv,2015-04-22 06:00:00,1
MR-00192,6,comp4,2015-04-22 06:00:00,2015-04-22 06:00:00,observed_replacement_demand,LOT-00014,1,completed,assumption:synthetic_operations_v1;demand=PdM_maint.csv,2015-04-22 06:00:00,1
MR-00193,12,comp3,2015-04-22 06:00:00,2015-04-24 06:00:00,observed_replacement_demand,LOT-00021,1,completed,assumption:synthetic_operations_v1;demand=PdM_maint.csv,2015-04-22 06:00:00,1
MR-00194,22,comp2,2015-04-22 06:00:00,2015-04-22 06:00:00,observed_replacement_demand,LOT-00015,1,completed,assumption:synthetic_operations_v1;demand=PdM_maint.csv,2015-04-22 06:00:00,1
MR-00195,31,comp3,2015-04-22 06:00:00,2015-04-24 06:00:00,observed_replacement_demand,LOT-00021,1,completed,assumption:synthetic_operations_v1;demand=PdM_maint.csv,2015-04-22 06:00:00,1
MR-00196,36,comp3,2015-04-22 06:00:00,2015-04-24 06:00:00,observed_replacement_demand,LOT-00021,1,completed,assumption:synthetic_operations_v1;demand=PdM_maint.csv,2015-04-22 06:00:00,1
MR-00197,45,comp1,2015-04-22 06:00:00,2015-04-22 06:00:00,observed_replacement_demand,LOT-00017,1,completed,assumption:synthetic_operations_v1;demand=PdM_maint.csv,2015-04-22 06:00:00,1
MR-00198,75,comp1,2015-04-22 06:00:00,2015-04-22 06:00:00,observed_replacement_demand,LOT-00017,1,completed,assumption:synthetic_operations_v1;demand=PdM_maint.csv,2015-04-22 06:00:00,1
MR-00199,21,comp2,2015-04-23 06:00:00,2015-04-23 06:00:00,observed_replacement_demand,LOT-00015,1,completed,assumption:synthetic_operations_v1;demand=PdM_maint.csv,2015-04-23 06:00:00,1
MR-00200,46,comp4,2015-04-23 06:00:00,2015-04-23 06:00:00,observed_replacement_demand,LOT-00020,1,completed,assumption:synthetic_operations_v1;demand=PdM_maint.csv,2015-04-23 06:00:00,1
MR-00201,57,comp2,2015-04-23 06:00:00,2015-04-23 06:00:00,observed_replacement_demand,LOT-00015,1,completed,assumption:synthetic_operations_v1;demand=PdM_maint.csv,2015-04-23 06:00:00,1
MR-00202,72,comp2,2015-04-23 06:00:00,2015-04-23 06:00:00,observed_replacement_demand,LOT-00015,1,completed,assumption:synthetic_operations_v1;demand=PdM_maint.csv,2015-04-23 06:00:00,1
MR-00203,74,comp4,2015-04-23 06:00:00,2015-04-23 06:00:00,observed_replacement_demand,LOT-00020,1,completed,assumption:synthetic_operations_v1;demand=PdM_maint.csv,2015-04-23 06:00:00,1
MR-00204,89,comp2,2015-04-23 06:00:00,2015-04-25 06:00:00,observed_replacement_demand,LOT-00018,1,completed,assumption:synthetic_operations_v1;demand=PdM_maint.csv,2015-04-23 06:00:00,1
MR-00205,5,comp2,2015-04-24 06:00:00,2015-04-25 06:00:00,observed_replacement_demand,LOT-00018,1,completed,assumption:synthetic_operations_v1;demand=PdM_maint.csv,2015-04-24 06:00:00,1
MR-00206,5,comp3,2015-04-24 06:00:00,2015-04-24 06:00:00,observed_replacement_demand,LOT-00021,1,completed,assumption:synthetic_operations_v1;demand=PdM_maint.csv,2015-04-24 06:00:00,1
MR-00207,7,comp1,2015-04-24 06:00:00,2015-04-24 06:00:00,observed_replacement_demand,LOT-00017,1,completed,assumption:synthetic_operations_v1;demand=PdM_maint.csv,2015-04-24 06:00:00,1
MR-00208,30,comp4,2015-04-24 06:00:00,2015-04-24 06:00:00,observed_replacement_demand,LOT-00020,1,completed,assumption:synthetic_operations_v1;demand=PdM_maint.csv,2015-04-24 06:00:00,1
MR-00209,97,comp2,2015-04-24 06:00:00,2015-04-25 06:00:00,observed_replacement_demand,LOT-00018,1,completed,assumption:synthetic_operations_v1;demand=PdM_maint.csv,2015-04-24 06:00:00,1
MR-00210,27,comp3,2015-04-25 06:00:00,2015-04-25 06:00:00,observed_replacement_demand,LOT-00021,1,completed,assumption:synthetic_operations_v1;demand=PdM_maint.csv,2015-04-25 06:00:00,1
MR-00211,27,comp4,2015-04-25 06:00:00,2015-04-25 06:00:00,observed_replacement_demand,LOT-00020,1,completed,assumption:synthetic_operations_v1;demand=PdM_maint.csv,2015-04-25 06:00:00,1
MR-00212,32,comp1,2015-04-25 06:00:00,2015-04-25 06:00:00,observed_replacement_demand,LOT-00017,1,completed,assumption:synthetic_operations_v1;demand=PdM_maint.csv,2015-04-25 06:00:00,1
MR-00213,13,comp3,2015-04-26 06:00:00,2015-04-26 06:00:00,observed_replacement_demand,LOT-00021,1,completed,assumption:synthetic_operations_v1;demand=PdM_maint.csv,2015-04-26 06:00:00,1
MR-00214,13,comp4,2015-04-26 06:00:00,2015-04-26 06:00:00,observed_replacement_demand,LOT-00020,1,completed,assumption:synthetic_operations_v1;demand=PdM_maint.csv,2015-04-26 06:00:00,1
MR-00215,71,comp2,2015-04-26 06:00:00,2015-04-26 06:00:00,observed_replacement_demand,LOT-00018,1,completed,assumption:synthetic_operations_v1;demand=PdM_maint.csv,2015-04-26 06:00:00,1
MR-00216,77,comp1,2015-04-26 06:00:00,2015-04-26 06:00:00,observed_replacement_demand,LOT-00017,1,completed,assumption:synthetic_operations_v1;demand=PdM_maint.csv,2015-04-26 06:00:00,1
MR-00217,77,comp3,2015-04-26 06:00:00,2015-04-26 06:00:00,observed_replacement_demand,LOT-00021,1,completed,assumption:synthetic_operations_v1;demand=PdM_maint.csv,2015-04-26 06:00:00,1
MR-00218,87,comp2,2015-04-27 06:00:00,2015-04-27 06:00:00,observed_replacement_demand,LOT-00018,1,completed,assumption:synthetic_operations_v1;demand=PdM_maint.csv,2015-04-27 06:00:00,1
MR-00219,19,comp2,2015-04-28 06:00:00,2015-04-28 06:00:00,observed_replacement_demand,LOT-00018,1,completed,assumption:synthetic_operations_v1;demand=PdM_maint.csv,2015-04-28 06:00:00,1
MR-00220,19,comp3,2015-04-28 06:00:00,2015-04-28 06:00:00,observed_replacement_demand,LOT-00021,1,completed,assumption:synthetic_operations_v1;demand=PdM_maint.csv,2015-04-28 06:00:00,1
MR-00221,61,comp2,2015-04-28 06:00:00,2015-04-28 06:00:00,observed_replacement_demand,LOT-00018,1,completed,assumption:synthetic_operations_v1;demand=PdM_maint.csv,2015-04-28 06:00:00,1
MR-00222,62,comp2,2015-04-28 06:00:00,2015-04-28 06:00:00,observed_replacement_demand,LOT-00018,1,completed,assumption:synthetic_operations_v1;demand=PdM_maint.csv,2015-04-28 06:00:00,1
MR-00223,63,comp1,2015-04-28 06:00:00,2015-04-28 06:00:00,observed_replacement_demand,LOT-00017,1,completed,assumption:synthetic_operations_v1;demand=PdM_maint.csv,2015-04-28 06:00:00,1
MR-00224,70,comp4,2015-04-28 06:00:00,2015-04-28 06:00:00,observed_replacement_demand,LOT-00020,1,completed,assumption:synthetic_operations_v1;demand=PdM_maint.csv,2015-04-28 06:00:00,1
MR-00225,80,comp2,2015-04-28 06:00:00,2015-04-28 06:00:00,observed_replacement_demand,LOT-00018,1,completed,assumption:synthetic_operations_v1;demand=PdM_maint.csv,2015-04-28 06:00:00,1
MR-00226,82,comp2,2015-04-28 06:00:00,2015-04-28 06:00:00,observed_replacement_demand,LOT-00018,1,completed,assumption:synthetic_operations_v1;demand=PdM_maint.csv,2015-04-28 06:00:00,1
MR-00227,100,comp1,2015-04-28 06:00:00,2015-04-28 06:00:00,observed_replacement_demand,LOT-00017,1,completed,assumption:synthetic_operations_v1;demand=PdM_maint.csv,2015-04-28 06:00:00,1
MR-00228,100,comp4,2015-04-28 06:00:00,2015-04-28 06:00:00,observed_replacement_demand,LOT-00020,1,completed,assumption:synthetic_operations_v1;demand=PdM_maint.csv,2015-04-28 06:00:00,1
MR-00229,56,comp2,2015-04-29 06:00:00,2015-04-29 06:00:00,observed_replacement_demand,LOT-00018,1,completed,assumption:synthetic_operations_v1;demand=PdM_maint.csv,2015-04-29 06:00:00,1
MR-00230,56,comp4,2015-04-29 06:00:00,2015-04-29 06:00:00,observed_replacement_demand,LOT-00020,1,completed,assumption:synthetic_operations_v1;demand=PdM_maint.csv,2015-04-29 06:00:00,1
MR-00231,44,comp1,2015-04-30 06:00:00,2015-04-30 06:00:00,observed_replacement_demand,LOT-00017,1,completed,assumption:synthetic_operations_v1;demand=PdM_maint.csv,2015-04-30 06:00:00,1
MR-00232,49,comp4,2015-04-30 06:00:00,2015-04-30 06:00:00,observed_replacement_demand,LOT-00020,1,completed,assumption:synthetic_operations_v1;demand=PdM_maint.csv,2015-04-30 06:00:00,1
MR-00233,50,comp2,2015-04-30 06:00:00,2015-04-30 06:00:00,observed_replacement_demand,LOT-00018,1,completed,assumption:synthetic_operations_v1;demand=PdM_maint.csv,2015-04-30 06:00:00,1
MR-00234,50,comp3,2015-04-30 06:00:00,2015-04-30 06:00:00,observed_replacement_demand,LOT-00021,1,completed,assumption:synthetic_operations_v1;demand=PdM_maint.csv,2015-04-30 06:00:00,1
MR-00235,54,comp2,2015-04-30 06:00:00,2015-04-30 06:00:00,observed_replacement_demand,LOT-00018,1,completed,assumption:synthetic_operations_v1;demand=PdM_maint.csv,2015-04-30 06:00:00,1
MR-00236,60,comp2,2015-04-30 06:00:00,2015-05-02 06:00:00,observed_replacement_demand,LOT-00023,1,completed,assumption:synthetic_operations_v1;demand=PdM_maint.csv,2015-04-30 06:00:00,1
MR-00237,98,comp2,2015-04-30 06:00:00,2015-05-02 06:00:00,observed_replacement_demand,LOT-00023,1,completed,assumption:synthetic_operations_v1;demand=PdM_maint.csv,2015-04-30 06:00:00,1
MR-00238,98,comp4,2015-04-30 06:00:00,2015-04-30 06:00:00,observed_replacement_demand,LOT-00020,1,completed,assumption:synthetic_operations_v1;demand=PdM_maint.csv,2015-04-30 06:00:00,1
MR-00239,14,comp2,2015-05-01 06:00:00,2015-05-02 06:00:00,observed_replacement_demand,LOT-00023,1,completed,assumption:synthetic_operations_v1;demand=PdM_maint.csv,2015-05-01 06:00:00,1
MR-00240,14,comp3,2015-05-01 06:00:00,2015-05-01 06:00:00,observed_replacement_demand,LOT-00021,1,completed,assumption:synthetic_operations_v1;demand=PdM_maint.csv,2015-05-01 06:00:00,1
MR-00241,17,comp4,2015-05-01 06:00:00,2015-05-01 06:00:00,observed_replacement_demand,LOT-00020,1,completed,assumption:synthetic_operations_v1;demand=PdM_maint.csv,2015-05-01 06:00:00,1
MR-00242,28,comp1,2015-05-01 06:00:00,2015-05-01 06:00:00,observed_replacement_demand,LOT-00017,1,completed,assumption:synthetic_operations_v1;demand=PdM_maint.csv,2015-05-01 06:00:00,1
MR-00243,33,comp2,2015-05-01 06:00:00,2015-05-02 06:00:00,observed_replacement_demand,LOT-00023,1,completed,assumption:synthetic_operations_v1;demand=PdM_maint.csv,2015-05-01 06:00:00,1
MR-00244,34,comp3,2015-05-01 06:00:00,2015-05-01 06:00:00,observed_replacement_demand,LOT-00021,1,completed,assumption:synthetic_operations_v1;demand=PdM_maint.csv,2015-05-01 06:00:00,1
MR-00245,39,comp2,2015-05-01 06:00:00,2015-05-02 06:00:00,observed_replacement_demand,LOT-00023,1,completed,assumption:synthetic_operations_v1;demand=PdM_maint.csv,2015-05-01 06:00:00,1
MR-00246,51,comp1,2015-05-01 06:00:00,2015-05-01 06:00:00,observed_replacement_demand,LOT-00017,1,completed,assumption:synthetic_operations_v1;demand=PdM_maint.csv,2015-05-01 06:00:00,1
MR-00247,58,comp3,2015-05-01 06:00:00,2015-05-01 06:00:00,observed_replacement_demand,LOT-00021,1,completed,assumption:synthetic_operations_v1;demand=PdM_maint.csv,2015-05-01 06:00:00,1
MR-00248,67,comp2,2015-05-01 06:00:00,2015-05-02 06:00:00,observed_replacement_demand,LOT-00023,1,completed,assumption:synthetic_operations_v1;demand=PdM_maint.csv,2015-05-01 06:00:00,1
MR-00249,83,comp3,2015-05-01 06:00:00,2015-05-01 06:00:00,observed_replacement_demand,LOT-00021,1,completed,assumption:synthetic_operations_v1;demand=PdM_maint.csv,2015-05-01 06:00:00,1
MR-00250,93,comp2,2015-05-01 06:00:00,2015-05-02 06:00:00,observed_replacement_demand,LOT-00023,1,completed,assumption:synthetic_operations_v1;demand=PdM_maint.csv,2015-05-01 06:00:00,1
MR-00251,4,comp4,2015-05-02 06:00:00,2015-05-02 06:00:00,observed_replacement_demand,LOT-00020,1,completed,assumption:synthetic_operations_v1;demand=PdM_maint.csv,2015-05-02 06:00:00,1
MR-00252,16,comp1,2015-05-02 06:00:00,2015-05-02 06:00:00,observed_replacement_demand,LOT-00017,1,completed,assumption:synthetic_operations_v1;demand=PdM_maint.csv,2015-05-02 06:00:00,1
MR-00253,24,comp4,2015-05-02 06:00:00,2015-05-02 06:00:00,observed_replacement_demand,LOT-00020,1,completed,assumption:synthetic_operations_v1;demand=PdM_maint.csv,2015-05-02 06:00:00,1
MR-00254,29,comp2,2015-05-02 06:00:00,2015-05-02 06:00:00,observed_replacement_demand,LOT-00023,1,completed,assumption:synthetic_operations_v1;demand=PdM_maint.csv,2015-05-02 06:00:00,1
MR-00255,38,comp3,2015-05-02 06:00:00,2015-05-02 06:00:00,observed_replacement_demand,LOT-00021,1,completed,assumption:synthetic_operations_v1;demand=PdM_maint.csv,2015-05-02 06:00:00,1
MR-00256,38,comp4,2015-05-02 06:00:00,2015-05-02 06:00:00,observed_replacement_demand,LOT-00024,1,completed,assumption:synthetic_operations_v1;demand=PdM_maint.csv,2015-05-02 06:00:00,1
MR-00257,41,comp1,2015-05-02 06:00:00,2015-05-02 06:00:00,observed_replacement_demand,LOT-00017,1,completed,assumption:synthetic_operations_v1;demand=PdM_maint.csv,2015-05-02 06:00:00,1
MR-00258,68,comp3,2015-05-02 06:00:00,2015-05-02 06:00:00,observed_replacement_demand,LOT-00026,1,completed,assumption:synthetic_operations_v1;demand=PdM_maint.csv,2015-05-02 06:00:00,1
MR-00259,73,comp2,2015-05-02 06:00:00,2015-05-02 06:00:00,observed_replacement_demand,LOT-00023,1,completed,assumption:synthetic_operations_v1;demand=PdM_maint.csv,2015-05-02 06:00:00,1
MR-00260,73,comp3,2015-05-02 06:00:00,2015-05-02 06:00:00,observed_replacement_demand,LOT-00026,1,completed,assumption:synthetic_operations_v1;demand=PdM_maint.csv,2015-05-02 06:00:00,1
MR-00261,79,comp2,2015-05-02 06:00:00,2015-05-02 06:00:00,observed_replacement_demand,LOT-00023,1,completed,assumption:synthetic_operations_v1;demand=PdM_maint.csv,2015-05-02 06:00:00,1
MR-00262,81,comp2,2015-05-02 06:00:00,2015-05-02 06:00:00,observed_replacement_demand,LOT-00023,1,completed,assumption:synthetic_operations_v1;demand=PdM_maint.csv,2015-05-02 06:00:00,1
MR-00263,91,comp2,2015-05-02 06:00:00,2015-05-02 06:00:00,observed_replacement_demand,LOT-00023,1,completed,assumption:synthetic_operations_v1;demand=PdM_maint.csv,2015-05-02 06:00:00,1
MR-00264,2,comp2,2015-05-03 06:00:00,2015-05-03 06:00:00,observed_replacement_demand,LOT-00023,1,completed,assumption:synthetic_operations_v1;demand=PdM_maint.csv,2015-05-03 06:00:00,1
MR-00265,9,comp1,2015-05-03 06:00:00,2015-05-03 06:00:00,observed_replacement_demand,LOT-00017,1,completed,assumption:synthetic_operations_v1;demand=PdM_maint.csv,2015-05-03 06:00:00,1
MR-00266,76,comp2,2015-05-03 06:00:00,2015-05-09 06:00:00,observed_replacement_demand,LOT-00028,1,completed,assumption:synthetic_operations_v1;demand=PdM_maint.csv,2015-05-03 06:00:00,1
MR-00267,96,comp3,2015-05-03 06:00:00,2015-05-03 06:00:00,observed_replacement_demand,LOT-00026,1,completed,assumption:synthetic_operations_v1;demand=PdM_maint.csv,2015-05-03 06:00:00,1
MR-00268,96,comp4,2015-05-03 06:00:00,2015-05-03 06:00:00,observed_replacement_demand,LOT-00024,1,completed,assumption:synthetic_operations_v1;demand=PdM_maint.csv,2015-05-03 06:00:00,1
MR-00269,99,comp2,2015-05-03 06:00:00,2015-05-09 06:00:00,observed_replacement_demand,LOT-00028,1,completed,assumption:synthetic_operations_v1;demand=PdM_maint.csv,2015-05-03 06:00:00,1
MR-00270,20,comp4,2015-05-04 06:00:00,2015-05-04 06:00:00,observed_replacement_demand,LOT-00024,1,completed,assumption:synthetic_operations_v1;demand=PdM_maint.csv,2015-05-04 06:00:00,1
MR-00271,25,comp4,2015-05-04 06:00:00,2015-05-04 06:00:00,observed_replacement_demand,LOT-00024,1,completed,assumption:synthetic_operations_v1;demand=PdM_maint.csv,2015-05-04 06:00:00,1
MR-00272,40,comp4,2015-05-04 06:00:00,2015-05-04 06:00:00,observed_replacement_demand,LOT-00024,1,completed,assumption:synthetic_operations_v1;demand=PdM_maint.csv,2015-05-04 06:00:00,1
MR-00273,52,comp2,2015-05-04 06:00:00,2015-05-09 06:00:00,observed_replacement_demand,LOT-00028,1,completed,assumption:synthetic_operations_v1;demand=PdM_maint.csv,2015-05-04 06:00:00,1
MR-00274,66,comp4,2015-05-04 06:00:00,2015-05-04 06:00:00,observed_replacement_demand,LOT-00024,1,completed,assumption:synthetic_operations_v1;demand=PdM_maint.csv,2015-05-04 06:00:00,1
MR-00275,88,comp3,2015-05-04 06:00:00,2015-05-04 06:00:00,observed_replacement_demand,LOT-00026,1,completed,assumption:synthetic_operations_v1;demand=PdM_maint.csv,2015-05-04 06:00:00,1
MR-00276,88,comp4,2015-05-04 06:00:00,2015-05-04 06:00:00,observed_replacement_demand,LOT-00024,1,completed,assumption:synthetic_operations_v1;demand=PdM_maint.csv,2015-05-04 06:00:00,1
MR-00277,1,comp2,2015-05-05 06:00:00,2015-05-09 06:00:00,observed_replacement_demand,LOT-00028,1,completed,assumption:synthetic_operations_v1;demand=PdM_maint.csv,2015-05-05 06:00:00,1
MR-00278,1,comp3,2015-05-05 06:00:00,2015-05-05 06:00:00,observed_replacement_demand,LOT-00026,1,completed,assumption:synthetic_operations_v1;demand=PdM_maint.csv,2015-05-05 06:00:00,1
MR-00279,11,comp3,2015-05-05 06:00:00,2015-05-05 06:00:00,observed_replacement_demand,LOT-00026,1,completed,assumption:synthetic_operations_v1;demand=PdM_maint.csv,2015-05-05 06:00:00,1
MR-00280,11,comp4,2015-05-05 06:00:00,2015-05-05 06:00:00,observed_replacement_demand,LOT-00024,1,completed,assumption:synthetic_operations_v1;demand=PdM_maint.csv,2015-05-05 06:00:00,1
MR-00281,15,comp2,2015-05-05 06:00:00,2015-05-09 06:00:00,observed_replacement_demand,LOT-00028,1,completed,assumption:synthetic_operations_v1;demand=PdM_maint.csv,2015-05-05 06:00:00,1
MR-00282,23,comp1,2015-05-05 06:00:00,2015-05-05 06:00:00,observed_replacement_demand,LOT-00017,1,completed,assumption:synthetic_operations_v1;demand=PdM_maint.csv,2015-05-05 06:00:00,1
MR-00283,23,comp4,2015-05-05 06:00:00,2015-05-05 06:00:00,observed_replacement_demand,LOT-00024,1,completed,assumption:synthetic_operations_v1;demand=PdM_maint.csv,2015-05-05 06:00:00,1
MR-00284,59,comp3,2015-05-05 06:00:00,2015-05-05 06:00:00,observed_replacement_demand,LOT-00026,1,completed,assumption:synthetic_operations_v1;demand=PdM_maint.csv,2015-05-05 06:00:00,1
MR-00285,64,comp4,2015-05-05 06:00:00,2015-05-05 06:00:00,observed_replacement_demand,LOT-00024,1,completed,assumption:synthetic_operations_v1;demand=PdM_maint.csv,2015-05-05 06:00:00,1
MR-00286,84,comp4,2015-05-05 06:00:00,2015-05-05 06:00:00,observed_replacement_demand,LOT-00024,1,completed,assumption:synthetic_operations_v1;demand=PdM_maint.csv,2015-05-05 06:00:00,1
MR-00287,90,comp1,2015-05-05 06:00:00,2015-05-05 06:00:00,observed_replacement_demand,LOT-00022,1,completed,assumption:synthetic_operations_v1;demand=PdM_maint.csv,2015-05-05 06:00:00,1
MR-00288,90,comp4,2015-05-05 06:00:00,2015-05-05 06:00:00,observed_replacement_demand,LOT-00024,1,completed,assumption:synthetic_operations_v1;demand=PdM_maint.csv,2015-05-05 06:00:00,1
MR-00289,92,comp1,2015-05-05 06:00:00,2015-05-05 06:00:00,observed_replacement_demand,LOT-00022,1,completed,assumption:synthetic_operations_v1;demand=PdM_maint.csv,2015-05-05 06:00:00,1
MR-00290,95,comp1,2015-05-05 06:00:00,2015-05-05 06:00:00,observed_replacement_demand,LOT-00022,1,completed,assumption:synthetic_operations_v1;demand=PdM_maint.csv,2015-05-05 06:00:00,1
MR-00291,95,comp2,2015-05-05 06:00:00,2015-05-09 06:00:00,observed_replacement_demand,LOT-00028,1,completed,assumption:synthetic_operations_v1;demand=PdM_maint.csv,2015-05-05 06:00:00,1
MR-00292,8,comp2,2015-05-06 06:00:00,2015-05-09 06:00:00,observed_replacement_demand,LOT-00028,1,completed,assumption:synthetic_operations_v1;demand=PdM_maint.csv,2015-05-06 06:00:00,1
MR-00293,26,comp2,2015-05-06 06:00:00,2015-05-09 06:00:00,observed_replacement_demand,LOT-00028,1,completed,assumption:synthetic_operations_v1;demand=PdM_maint.csv,2015-05-06 06:00:00,1
MR-00294,26,comp4,2015-05-06 06:00:00,2015-05-06 06:00:00,observed_replacement_demand,LOT-00024,1,completed,assumption:synthetic_operations_v1;demand=PdM_maint.csv,2015-05-06 06:00:00,1
MR-00295,35,comp3,2015-05-06 06:00:00,2015-05-06 06:00:00,observed_replacement_demand,LOT-00026,1,completed,assumption:synthetic_operations_v1;demand=PdM_maint.csv,2015-05-06 06:00:00,1
MR-00296,35,comp4,2015-05-06 06:00:00,2015-05-06 06:00:00,observed_replacement_demand,LOT-00025,1,completed,assumption:synthetic_operations_v1;demand=PdM_maint.csv,2015-05-06 06:00:00,1
MR-00297,42,comp1,2015-05-06 06:00:00,2015-05-06 06:00:00,observed_replacement_demand,LOT-00022,1,completed,assumption:synthetic_operations_v1;demand=PdM_maint.csv,2015-05-06 06:00:00,1
MR-00298,42,comp4,2015-05-06 06:00:00,2015-05-06 06:00:00,observed_replacement_demand,LOT-00025,1,completed,assumption:synthetic_operations_v1;demand=PdM_maint.csv,2015-05-06 06:00:00,1
MR-00299,43,comp3,2015-05-06 06:00:00,2015-05-06 06:00:00,observed_replacement_demand,LOT-00026,1,completed,assumption:synthetic_operations_v1;demand=PdM_maint.csv,2015-05-06 06:00:00,1
MR-00300,43,comp4,2015-05-06 06:00:00,2015-05-06 06:00:00,observed_replacement_demand,LOT-00025,1,completed,assumption:synthetic_operations_v1;demand=PdM_maint.csv,2015-05-06 06:00:00,1
MR-00301,55,comp2,2015-05-06 06:00:00,2015-05-09 06:00:00,observed_replacement_demand,LOT-00028,1,completed,assumption:synthetic_operations_v1;demand=PdM_maint.csv,2015-05-06 06:00:00,1
MR-00302,78,comp3,2015-05-06 06:00:00,2015-05-06 06:00:00,observed_replacement_demand,LOT-00026,1,completed,assumption:synthetic_operations_v1;demand=PdM_maint.csv,2015-05-06 06:00:00,1
MR-00303,3,comp4,2015-05-07 06:00:00,2015-05-07 06:00:00,observed_replacement_demand,LOT-00025,1,completed,assumption:synthetic_operations_v1;demand=PdM_maint.csv,2015-05-07 06:00:00,1
MR-00304,6,comp2,2015-05-07 06:00:00,2015-05-09 06:00:00,observed_replacement_demand,LOT-00028,1,completed,assumption:synthetic_operations_v1;demand=PdM_maint.csv,2015-05-07 06:00:00,1
MR-00305,6,comp4,2015-05-07 06:00:00,2015-05-07 06:00:00,observed_replacement_demand,LOT-00025,1,completed,assumption:synthetic_operations_v1;demand=PdM_maint.csv,2015-05-07 06:00:00,1
MR-00306,12,comp1,2015-05-07 06:00:00,2015-05-07 06:00:00,observed_replacement_demand,LOT-00022,1,completed,assumption:synthetic_operations_v1;demand=PdM_maint.csv,2015-05-07 06:00:00,1
MR-00307,22,comp2,2015-05-07 06:00:00,2015-05-09 06:00:00,observed_replacement_demand,LOT-00028,1,completed,assumption:synthetic_operations_v1;demand=PdM_maint.csv,2015-05-07 06:00:00,1
MR-00308,31,comp4,2015-05-07 06:00:00,2015-05-07 06:00:00,observed_replacement_demand,LOT-00025,1,completed,assumption:synthetic_operations_v1;demand=PdM_maint.csv,2015-05-07 06:00:00,1
MR-00309,36,comp3,2015-05-07 06:00:00,2015-05-07 06:00:00,observed_replacement_demand,LOT-00026,1,completed,assumption:synthetic_operations_v1;demand=PdM_maint.csv,2015-05-07 06:00:00,1
MR-00310,36,comp4,2015-05-07 06:00:00,2015-05-07 06:00:00,observed_replacement_demand,LOT-00025,1,completed,assumption:synthetic_operations_v1;demand=PdM_maint.csv,2015-05-07 06:00:00,1
MR-00311,45,comp2,2015-05-07 06:00:00,2015-05-09 06:00:00,observed_replacement_demand,LOT-00028,1,completed,assumption:synthetic_operations_v1;demand=PdM_maint.csv,2015-05-07 06:00:00,1
MR-00312,75,comp3,2015-05-07 06:00:00,2015-05-07 06:00:00,observed_replacement_demand,LOT-00026,1,completed,assumption:synthetic_operations_v1;demand=PdM_maint.csv,2015-05-07 06:00:00,1
MR-00313,75,comp4,2015-05-07 06:00:00,2015-05-07 06:00:00,observed_replacement_demand,LOT-00025,1,completed,assumption:synthetic_operations_v1;demand=PdM_maint.csv,2015-05-07 06:00:00,1
MR-00314,21,comp1,2015-05-08 06:00:00,2015-05-08 06:00:00,observed_replacement_demand,LOT-00022,1,completed,assumption:synthetic_operations_v1;demand=PdM_maint.csv,2015-05-08 06:00:00,1
MR-00315,46,comp1,2015-05-08 06:00:00,2015-05-08 06:00:00,observed_replacement_demand,LOT-00022,1,completed,assumption:synthetic_operations_v1;demand=PdM_maint.csv,2015-05-08 06:00:00,1
MR-00316,46,comp2,2015-05-08 06:00:00,2015-05-09 06:00:00,observed_replacement_demand,LOT-00028,1,completed,assumption:synthetic_operations_v1;demand=PdM_maint.csv,2015-05-08 06:00:00,1
MR-00317,57,comp1,2015-05-08 06:00:00,2015-05-08 06:00:00,observed_replacement_demand,LOT-00022,1,completed,assumption:synthetic_operations_v1;demand=PdM_maint.csv,2015-05-08 06:00:00,1
MR-00318,72,comp2,2015-05-08 06:00:00,2015-05-13 06:00:00,observed_replacement_demand,LOT-00029,1,completed,assumption:synthetic_operations_v1;demand=PdM_maint.csv,2015-05-08 06:00:00,1
MR-00319,74,comp2,2015-05-08 06:00:00,2015-05-13 06:00:00,observed_replacement_demand,LOT-00029,1,completed,assumption:synthetic_operations_v1;demand=PdM_maint.csv,2015-05-08 06:00:00,1
MR-00320,86,comp1,2015-05-08 06:00:00,2015-05-08 06:00:00,observed_replacement_demand,LOT-00022,1,completed,assumption:synthetic_operations_v1;demand=PdM_maint.csv,2015-05-08 06:00:00,1
MR-00321,89,comp2,2015-05-08 06:00:00,2015-05-13 06:00:00,observed_replacement_demand,LOT-00029,1,completed,assumption:synthetic_operations_v1;demand=PdM_maint.csv,2015-05-08 06:00:00,1
MR-00322,94,comp3,2015-05-08 06:00:00,2015-05-08 06:00:00,observed_replacement_demand,LOT-00031,1,completed,assumption:synthetic_operations_v1;demand=PdM_maint.csv,2015-05-08 06:00:00,1
MR-00323,5,comp4,2015-05-09 06:00:00,2015-05-09 06:00:00,observed_replacement_demand,LOT-00025,1,completed,assumption:synthetic_operations_v1;demand=PdM_maint.csv,2015-05-09 06:00:00,1
MR-00324,7,comp1,2015-05-09 06:00:00,2015-05-09 06:00:00,observed_replacement_demand,LOT-00022,1,completed,assumption:synthetic_operations_v1;demand=PdM_maint.csv,2015-05-09 06:00:00,1
MR-00325,7,comp4,2015-05-09 06:00:00,2015-05-09 06:00:00,observed_replacement_demand,LOT-00025,1,completed,assumption:synthetic_operations_v1;demand=PdM_maint.csv,2015-05-09 06:00:00,1
MR-00326,30,comp4,2015-05-09 06:00:00,2015-05-09 06:00:00,observed_replacement_demand,LOT-00025,1,completed,assumption:synthetic_operations_v1;demand=PdM_maint.csv,2015-05-09 06:00:00,1
MR-00327,47,comp1,2015-05-09 06:00:00,2015-05-09 06:00:00,observed_replacement_demand,LOT-00022,1,completed,assumption:synthetic_operations_v1;demand=PdM_maint.csv,2015-05-09 06:00:00,1
MR-00328,97,comp2,2015-05-09 06:00:00,2015-05-13 06:00:00,observed_replacement_demand,LOT-00029,1,completed,assumption:synthetic_operations_v1;demand=PdM_maint.csv,2015-05-09 06:00:00,1
MR-00329,97,comp4,2015-05-09 06:00:00,2015-05-09 06:00:00,observed_replacement_demand,LOT-00025,1,completed,assumption:synthetic_operations_v1;demand=PdM_maint.csv,2015-05-09 06:00:00,1
MR-00330,27,comp3,2015-05-10 06:00:00,2015-05-10 06:00:00,observed_replacement_demand,LOT-00031,1,completed,assumption:synthetic_operations_v1;demand=PdM_maint.csv,2015-05-10 06:00:00,1
MR-00331,32,comp2,2015-05-10 06:00:00,2015-05-13 06:00:00,observed_replacement_demand,LOT-00029,1,completed,assumption:synthetic_operations_v1;demand=PdM_maint.csv,2015-05-10 06:00:00,1
MR-00332,13,comp4,2015-05-11 06:00:00,2015-05-11 06:00:00,observed_replacement_demand,LOT-00025,1,completed,assumption:synthetic_operations_v1;demand=PdM_maint.csv,2015-05-11 06:00:00,1
MR-00333,48,comp2,2015-05-11 06:00:00,2015-05-13 06:00:00,observed_replacement_demand,LOT-00029,1,completed,assumption:synthetic_operations_v1;demand=PdM_maint.csv,2015-05-11 06:00:00,1
MR-00334,48,comp4,2015-05-11 06:00:00,2015-05-11 06:00:00,observed_replacement_demand,LOT-00025,1,completed,assumption:synthetic_operations_v1;demand=PdM_maint.csv,2015-05-11 06:00:00,1
MR-00335,71,comp2,2015-05-11 06:00:00,2015-05-13 06:00:00,observed_replacement_demand,LOT-00029,1,completed,assumption:synthetic_operations_v1;demand=PdM_maint.csv,2015-05-11 06:00:00,1
MR-00336,77,comp1,2015-05-11 06:00:00,2015-05-11 06:00:00,observed_replacement_demand,LOT-00022,1,completed,assumption:synthetic_operations_v1;demand=PdM_maint.csv,2015-05-11 06:00:00,1
MR-00337,77,comp2,2015-05-11 06:00:00,2015-05-13 06:00:00,observed_replacement_demand,LOT-00029,1,completed,assumption:synthetic_operations_v1;demand=PdM_maint.csv,2015-05-11 06:00:00,1
MR-00338,87,comp1,2015-05-12 06:00:00,2015-05-12 06:00:00,observed_replacement_demand,LOT-00022,1,completed,assumption:synthetic_operations_v1;demand=PdM_maint.csv,2015-05-12 06:00:00,1
MR-00339,87,comp2,2015-05-12 06:00:00,2015-05-13 06:00:00,observed_replacement_demand,LOT-00029,1,completed,assumption:synthetic_operations_v1;demand=PdM_maint.csv,2015-05-12 06:00:00,1
MR-00340,19,comp1,2015-05-13 06:00:00,2015-05-13 06:00:00,observed_replacement_demand,LOT-00022,1,completed,assumption:synthetic_operations_v1;demand=PdM_maint.csv,2015-05-13 06:00:00,1
MR-00341,19,comp2,2015-05-13 06:00:00,2015-05-13 06:00:00,observed_replacement_demand,LOT-00029,1,completed,assumption:synthetic_operations_v1;demand=PdM_maint.csv,2015-05-13 06:00:00,1
MR-00342,53,comp2,2015-05-13 06:00:00,2015-05-13 06:00:00,observed_replacement_demand,LOT-00029,1,completed,assumption:synthetic_operations_v1;demand=PdM_maint.csv,2015-05-13 06:00:00,1
MR-00343,53,comp3,2015-05-13 06:00:00,2015-05-13 06:00:00,observed_replacement_demand,LOT-00031,1,completed,assumption:synthetic_operations_v1;demand=PdM_maint.csv,2015-05-13 06:00:00,1
MR-00344,61,comp1,2015-05-13 06:00:00,2015-05-13 06:00:00,observed_replacement_demand,LOT-00022,1,completed,assumption:synthetic_operations_v1;demand=PdM_maint.csv,2015-05-13 06:00:00,1
MR-00345,62,comp1,2015-05-13 06:00:00,2015-05-13 06:00:00,observed_replacement_demand,LOT-00027,1,completed,assumption:synthetic_operations_v1;demand=PdM_maint.csv,2015-05-13 06:00:00,1
MR-00346,63,comp4,2015-05-13 06:00:00,2015-05-13 06:00:00,observed_replacement_demand,LOT-00025,1,completed,assumption:synthetic_operations_v1;demand=PdM_maint.csv,2015-05-13 06:00:00,1
MR-00347,70,comp3,2015-05-13 06:00:00,2015-05-13 06:00:00,observed_replacement_demand,LOT-00031,1,completed,assumption:synthetic_operations_v1;demand=PdM_maint.csv,2015-05-13 06:00:00,1
MR-00348,70,comp4,2015-05-13 06:00:00,2015-05-13 06:00:00,observed_replacement_demand,LOT-00025,1,completed,assumption:synthetic_operations_v1;demand=PdM_maint.csv,2015-05-13 06:00:00,1
MR-00349,80,comp1,2015-05-13 06:00:00,2015-05-13 06:00:00,observed_replacement_demand,LOT-00027,1,completed,assumption:synthetic_operations_v1;demand=PdM_maint.csv,2015-05-13 06:00:00,1
MR-00350,80,comp2,2015-05-13 06:00:00,2015-05-13 06:00:00,observed_replacement_demand,LOT-00029,1,completed,assumption:synthetic_operations_v1;demand=PdM_maint.csv,2015-05-13 06:00:00,1
MR-00351,82,comp1,2015-05-13 06:00:00,2015-05-13 06:00:00,observed_replacement_demand,LOT-00027,1,completed,assumption:synthetic_operations_v1;demand=PdM_maint.csv,2015-05-13 06:00:00,1
MR-00352,82,comp3,2015-05-13 06:00:00,2015-05-13 06:00:00,observed_replacement_demand,LOT-00031,1,completed,assumption:synthetic_operations_v1;demand=PdM_maint.csv,2015-05-13 06:00:00,1
MR-00353,100,comp3,2015-05-13 06:00:00,2015-05-13 06:00:00,observed_replacement_demand,LOT-00031,1,completed,assumption:synthetic_operations_v1;demand=PdM_maint.csv,2015-05-13 06:00:00,1
MR-00354,56,comp2,2015-05-14 06:00:00,2015-05-14 06:00:00,observed_replacement_demand,LOT-00029,1,completed,assumption:synthetic_operations_v1;demand=PdM_maint.csv,2015-05-14 06:00:00,1
MR-00355,18,comp2,2015-05-15 06:00:00,2015-05-15 06:00:00,observed_replacement_demand,LOT-00029,1,completed,assumption:synthetic_operations_v1;demand=PdM_maint.csv,2015-05-15 06:00:00,1
MR-00356,18,comp4,2015-05-15 06:00:00,2015-05-15 06:00:00,observed_replacement_demand,LOT-00025,1,completed,assumption:synthetic_operations_v1;demand=PdM_maint.csv,2015-05-15 06:00:00,1
MR-00357,49,comp2,2015-05-15 06:00:00,2015-05-15 06:00:00,observed_replacement_demand,LOT-00029,1,completed,assumption:synthetic_operations_v1;demand=PdM_maint.csv,2015-05-15 06:00:00,1
MR-00358,49,comp4,2015-05-15 06:00:00,2015-05-15 06:00:00,observed_replacement_demand,LOT-00025,1,completed,assumption:synthetic_operations_v1;demand=PdM_maint.csv,2015-05-15 06:00:00,1
MR-00359,50,comp2,2015-05-15 06:00:00,2015-05-15 06:00:00,observed_replacement_demand,LOT-00029,1,completed,assumption:synthetic_operations_v1;demand=PdM_maint.csv,2015-05-15 06:00:00,1
MR-00360,50,comp4,2015-05-15 06:00:00,2015-05-15 06:00:00,observed_replacement_demand,LOT-00025,1,completed,assumption:synthetic_operations_v1;demand=PdM_maint.csv,2015-05-15 06:00:00,1
MR-00361,54,comp1,2015-05-15 06:00:00,2015-05-15 06:00:00,observed_replacement_demand,LOT-00027,1,completed,assumption:synthetic_operations_v1;demand=PdM_maint.csv,2015-05-15 06:00:00,1
MR-00362,60,comp2,2015-05-15 06:00:00,2015-05-15 06:00:00,observed_replacement_demand,LOT-00029,1,completed,assumption:synthetic_operations_v1;demand=PdM_maint.csv,2015-05-15 06:00:00,1
MR-00363,85,comp1,2015-05-15 06:00:00,2015-05-15 06:00:00,observed_replacement_demand,LOT-00027,1,completed,assumption:synthetic_operations_v1;demand=PdM_maint.csv,2015-05-15 06:00:00,1
MR-00364,98,comp1,2015-05-15 06:00:00,2015-05-15 06:00:00,observed_replacement_demand,LOT-00027,1,completed,assumption:synthetic_operations_v1;demand=PdM_maint.csv,2015-05-15 06:00:00,1
MR-00365,14,comp2,2015-05-16 06:00:00,2015-05-16 06:00:00,observed_replacement_demand,LOT-00029,1,completed,assumption:synthetic_operations_v1;demand=PdM_maint.csv,2015-05-16 06:00:00,1
MR-00366,14,comp4,2015-05-16 06:00:00,2015-05-16 06:00:00,observed_replacement_demand,LOT-00025,1,completed,assumption:synthetic_operations_v1;demand=PdM_maint.csv,2015-05-16 06:00:00,1
MR-00367,17,comp1,2015-05-16 06:00:00,2015-05-16 06:00:00,observed_replacement_demand,LOT-00027,1,completed,assumption:synthetic_operations_v1;demand=PdM_maint.csv,2015-05-16 06:00:00,1
MR-00368,17,comp2,2015-05-16 06:00:00,2015-05-16 06:00:00,observed_replacement_demand,LOT-00029,1,completed,assumption:synthetic_operations_v1;demand=PdM_maint.csv,2015-05-16 06:00:00,1
MR-00369,28,comp1,2015-05-16 06:00:00,2015-05-16 06:00:00,observed_replacement_demand,LOT-00027,1,completed,assumption:synthetic_operations_v1;demand=PdM_maint.csv,2015-05-16 06:00:00,1
MR-00370,28,comp3,2015-05-16 06:00:00,2015-05-16 06:00:00,observed_replacement_demand,LOT-00031,1,completed,assumption:synthetic_operations_v1;demand=PdM_maint.csv,2015-05-16 06:00:00,1
MR-00371,34,comp3,2015-05-16 06:00:00,2015-05-16 06:00:00,observed_replacement_demand,LOT-00031,1,completed,assumption:synthetic_operations_v1;demand=PdM_maint.csv,2015-05-16 06:00:00,1
MR-00372,34,comp4,2015-05-16 06:00:00,2015-05-16 06:00:00,observed_replacement_demand,LOT-00030,1,completed,assumption:synthetic_operations_v1;demand=PdM_maint.csv,2015-05-16 06:00:00,1
MR-00373,39,comp1,2015-05-16 06:00:00,2015-05-16 06:00:00,observed_replacement_demand,LOT-00027,1,completed,assumption:synthetic_operations_v1;demand=PdM_maint.csv,2015-05-16 06:00:00,1
MR-00374,51,comp3,2015-05-16 06:00:00,2015-05-16 06:00:00,observed_replacement_demand,LOT-00031,1,completed,assumption:synthetic_operations_v1;demand=PdM_maint.csv,2015-05-16 06:00:00,1
MR-00375,58,comp1,2015-05-16 06:00:00,2015-05-16 06:00:00,observed_replacement_demand,LOT-00032,1,completed,assumption:synthetic_operations_v1;demand=PdM_maint.csv,2015-05-16 06:00:00,1
MR-00376,65,comp2,2015-05-16 06:00:00,2015-05-16 06:00:00,observed_replacement_demand,LOT-00029,1,completed,assumption:synthetic_operations_v1;demand=PdM_maint.csv,2015-05-16 06:00:00,1
MR-00377,67,comp2,2015-05-16 06:00:00,2015-05-28 06:00:00,observed_replacement_demand,LOT-00037,1,completed,assumption:synthetic_operations_v1;demand=PdM_maint.csv,2015-05-16 06:00:00,1
MR-00378,67,comp3,2015-05-16 06:00:00,2015-05-16 06:00:00,observed_replacement_demand,LOT-00031,1,completed,assumption:synthetic_operations_v1;demand=PdM_maint.csv,2015-05-16 06:00:00,1
MR-00379,83,comp1,2015-05-16 06:00:00,2015-05-16 06:00:00,observed_replacement_demand,LOT-00032,1,completed,assumption:synthetic_operations_v1;demand=PdM_maint.csv,2015-05-16 06:00:00,1
MR-00380,83,comp4,2015-05-16 06:00:00,2015-05-16 06:00:00,observed_replacement_demand,LOT-00030,1,completed,assumption:synthetic_operations_v1;demand=PdM_maint.csv,2015-05-16 06:00:00,1
MR-00381,93,comp4,2015-05-16 06:00:00,2015-05-16 06:00:00,observed_replacement_demand,LOT-00030,1,completed,assumption:synthetic_operations_v1;demand=PdM_maint.csv,2015-05-16 06:00:00,1
MR-00382,4,comp3,2015-05-17 06:00:00,2015-05-17 06:00:00,observed_replacement_demand,LOT-00031,1,completed,assumption:synthetic_operations_v1;demand=PdM_maint.csv,2015-05-17 06:00:00,1
MR-00383,16,comp3,2015-05-17 06:00:00,2015-05-17 06:00:00,observed_replacement_demand,LOT-00031,1,completed,assumption:synthetic_operations_v1;demand=PdM_maint.csv,2015-05-17 06:00:00,1
MR-00384,24,comp1,2015-05-17 06:00:00,2015-05-17 06:00:00,observed_replacement_demand,LOT-00032,1,completed,assumption:synthetic_operations_v1;demand=PdM_maint.csv,2015-05-17 06:00:00,1
MR-00385,38,comp3,2015-05-17 06:00:00,2015-05-17 06:00:00,observed_replacement_demand,LOT-00031,1,completed,assumption:synthetic_operations_v1;demand=PdM_maint.csv,2015-05-17 06:00:00,1
MR-00386,38,comp4,2015-05-17 06:00:00,2015-05-17 06:00:00,observed_replacement_demand,LOT-00030,1,completed,assumption:synthetic_operations_v1;demand=PdM_maint.csv,2015-05-17 06:00:00,1
MR-00387,41,comp3,2015-05-17 06:00:00,2015-05-17 06:00:00,observed_replacement_demand,LOT-00031,1,completed,assumption:synthetic_operations_v1;demand=PdM_maint.csv,2015-05-17 06:00:00,1
MR-00388,41,comp4,2015-05-17 06:00:00,2015-05-17 06:00:00,observed_replacement_demand,LOT-00030,1,completed,assumption:synthetic_operations_v1;demand=PdM_maint.csv,2015-05-17 06:00:00,1
MR-00389,73,comp1,2015-05-17 06:00:00,2015-05-17 06:00:00,observed_replacement_demand,LOT-00032,1,completed,assumption:synthetic_operations_v1;demand=PdM_maint.csv,2015-05-17 06:00:00,1
MR-00390,79,comp4,2015-05-17 06:00:00,2015-05-17 06:00:00,observed_replacement_demand,LOT-00030,1,completed,assumption:synthetic_operations_v1;demand=PdM_maint.csv,2015-05-17 06:00:00,1
MR-00391,81,comp1,2015-05-17 06:00:00,2015-05-17 06:00:00,observed_replacement_demand,LOT-00034,1,completed,assumption:synthetic_operations_v1;demand=PdM_maint.csv,2015-05-17 06:00:00,1
MR-00392,81,comp3,2015-05-17 06:00:00,2015-05-17 06:00:00,observed_replacement_demand,LOT-00031,1,completed,assumption:synthetic_operations_v1;demand=PdM_maint.csv,2015-05-17 06:00:00,1
MR-00393,91,comp2,2015-05-17 06:00:00,2015-05-28 06:00:00,observed_replacement_demand,LOT-00037,1,completed,assumption:synthetic_operations_v1;demand=PdM_maint.csv,2015-05-17 06:00:00,1
MR-00394,2,comp4,2015-05-18 06:00:00,2015-05-18 06:00:00,observed_replacement_demand,LOT-00030,1,completed,assumption:synthetic_operations_v1;demand=PdM_maint.csv,2015-05-18 06:00:00,1
MR-00395,9,comp1,2015-05-18 06:00:00,2015-05-18 06:00:00,observed_replacement_demand,LOT-00034,1,completed,assumption:synthetic_operations_v1;demand=PdM_maint.csv,2015-05-18 06:00:00,1
MR-00396,76,comp1,2015-05-18 06:00:00,2015-05-18 06:00:00,observed_replacement_demand,LOT-00034,1,completed,assumption:synthetic_operations_v1;demand=PdM_maint.csv,2015-05-18 06:00:00,1
MR-00397,99,comp1,2015-05-18 06:00:00,2015-05-18 06:00:00,observed_replacement_demand,LOT-00034,1,completed,assumption:synthetic_operations_v1;demand=PdM_maint.csv,2015-05-18 06:00:00,1
MR-00398,10,comp2,2015-05-19 06:00:00,2015-05-28 06:00:00,observed_replacement_demand,LOT-00037,1,completed,assumption:synthetic_operations_v1;demand=PdM_maint.csv,2015-05-19 06:00:00,1
MR-00399,10,comp4,2015-05-19 06:00:00,2015-05-19 06:00:00,observed_replacement_demand,LOT-00030,1,completed,assumption:synthetic_operations_v1;demand=PdM_maint.csv,2015-05-19 06:00:00,1
MR-00400,25,comp3,2015-05-19 06:00:00,2015-05-19 06:00:00,observed_replacement_demand,LOT-00031,1,completed,assumption:synthetic_operations_v1;demand=PdM_maint.csv,2015-05-19 06:00:00,1
MR-00401,37,comp3,2015-05-19 06:00:00,2015-05-19 06:00:00,observed_replacement_demand,LOT-00031,1,completed,assumption:synthetic_operations_v1;demand=PdM_maint.csv,2015-05-19 06:00:00,1
MR-00402,52,comp1,2015-05-19 06:00:00,2015-05-19 06:00:00,observed_replacement_demand,LOT-00034,1,completed,assumption:synthetic_operations_v1;demand=PdM_maint.csv,2015-05-19 06:00:00,1
MR-00403,66,comp1,2015-05-19 06:00:00,2015-05-19 06:00:00,observed_replacement_demand,LOT-00034,1,completed,assumption:synthetic_operations_v1;demand=PdM_maint.csv,2015-05-19 06:00:00,1
MR-00404,66,comp2,2015-05-19 06:00:00,2015-05-28 06:00:00,observed_replacement_demand,LOT-00037,1,completed,assumption:synthetic_operations_v1;demand=PdM_maint.csv,2015-05-19 06:00:00,1
MR-00405,88,comp1,2015-05-19 06:00:00,2015-05-19 06:00:00,observed_replacement_demand,LOT-00034,1,completed,assumption:synthetic_operations_v1;demand=PdM_maint.csv,2015-05-19 06:00:00,1
MR-00406,88,comp3,2015-05-19 06:00:00,2015-05-19 06:00:00,observed_replacement_demand,LOT-00031,1,completed,assumption:synthetic_operations_v1;demand=PdM_maint.csv,2015-05-19 06:00:00,1
MR-00407,1,comp2,2015-05-20 06:00:00,2015-05-28 06:00:00,observed_replacement_demand,LOT-00037,1,completed,assumption:synthetic_operations_v1;demand=PdM_maint.csv,2015-05-20 06:00:00,1
MR-00408,11,comp3,2015-05-20 06:00:00,2015-05-20 06:00:00,observed_replacement_demand,LOT-00031,1,completed,assumption:synthetic_operations_v1;demand=PdM_maint.csv,2015-05-20 06:00:00,1
MR-00409,11,comp4,2015-05-20 06:00:00,2015-05-20 06:00:00,observed_replacement_demand,LOT-00030,1,completed,assumption:synthetic_operations_v1;demand=PdM_maint.csv,2015-05-20 06:00:00,1
MR-00410,15,comp3,2015-05-20 06:00:00,2015-05-20 06:00:00,observed_replacement_demand,LOT-00031,1,completed,assumption:synthetic_operations_v1;demand=PdM_maint.csv,2015-05-20 06:00:00,1
MR-00411,23,comp2,2015-05-20 06:00:00,2015-05-28 06:00:00,observed_replacement_demand,LOT-00037,1,completed,assumption:synthetic_operations_v1;demand=PdM_maint.csv,2015-05-20 06:00:00,1
MR-00412,59,comp4,2015-05-20 06:00:00,2015-05-20 06:00:00,observed_replacement_demand,LOT-00030,1,completed,assumption:synthetic_operations_v1;demand=PdM_maint.csv,2015-05-20 06:00:00,1
MR-00413,64,comp3,2015-05-20 06:00:00,2015-05-20 06:00:00,observed_replacement_demand,LOT-00031,1,completed,assumption:synthetic_operations_v1;demand=PdM_maint.csv,2015-05-20 06:00:00,1
MR-00414,64,comp4,2015-05-20 06:00:00,2015-05-20 06:00:00,observed_replacement_demand,LOT-00030,1,completed,assumption:synthetic_operations_v1;demand=PdM_maint.csv,2015-05-20 06:00:00,1
MR-00415,69,comp2,2015-05-20 06:00:00,2015-05-28 06:00:00,observed_replacement_demand,LOT-00037,1,completed,assumption:synthetic_operations_v1;demand=PdM_maint.csv,2015-05-20 06:00:00,1
MR-00416,84,comp1,2015-05-20 06:00:00,2015-05-20 06:00:00,observed_replacement_demand,LOT-00034,1,completed,assumption:synthetic_operations_v1;demand=PdM_maint.csv,2015-05-20 06:00:00,1
MR-00417,84,comp4,2015-05-20 06:00:00,2015-05-20 06:00:00,observed_replacement_demand,LOT-00033,1,completed,assumption:synthetic_operations_v1;demand=PdM_maint.csv,2015-05-20 06:00:00,1
MR-00418,90,comp2,2015-05-20 06:00:00,2015-05-28 06:00:00,observed_replacement_demand,LOT-00037,1,completed,assumption:synthetic_operations_v1;demand=PdM_maint.csv,2015-05-20 06:00:00,1
MR-00419,92,comp3,2015-05-20 06:00:00,2015-05-20 06:00:00,observed_replacement_demand,LOT-00031,1,completed,assumption:synthetic_operations_v1;demand=PdM_maint.csv,2015-05-20 06:00:00,1
MR-00420,95,comp2,2015-05-20 06:00:00,2015-05-28 06:00:00,observed_replacement_demand,LOT-00037,1,completed,assumption:synthetic_operations_v1;demand=PdM_maint.csv,2015-05-20 06:00:00,1
MR-00421,8,comp2,2015-05-21 06:00:00,2015-05-28 06:00:00,observed_replacement_demand,LOT-00037,1,completed,assumption:synthetic_operations_v1;demand=PdM_maint.csv,2015-05-21 06:00:00,1
MR-00422,26,comp2,2015-05-21 06:00:00,2015-05-28 06:00:00,observed_replacement_demand,LOT-00037,1,completed,assumption:synthetic_operations_v1;demand=PdM_maint.csv,2015-05-21 06:00:00,1
MR-00423,35,comp1,2015-05-21 06:00:00,2015-05-21 06:00:00,observed_replacement_demand,LOT-00034,1,completed,assumption:synthetic_operations_v1;demand=PdM_maint.csv,2015-05-21 06:00:00,1
MR-00424,35,comp4,2015-05-21 06:00:00,2015-05-21 06:00:00,observed_replacement_demand,LOT-00033,1,completed,assumption:synthetic_operations_v1;demand=PdM_maint.csv,2015-05-21 06:00:00,1
MR-00425,42,comp4,2015-05-21 06:00:00,2015-05-21 06:00:00,observed_replacement_demand,LOT-00033,1,completed,assumption:synthetic_operations_v1;demand=PdM_maint.csv,2015-05-21 06:00:00,1
MR-00426,43,comp2,2015-05-21 06:00:00,2015-06-02 06:00:00,observed_replacement_demand,LOT-00039,1,completed,assumption:synthetic_operations_v1;demand=PdM_maint.csv,2015-05-21 06:00:00,1
MR-00427,43,comp4,2015-05-21 06:00:00,2015-05-21 06:00:00,observed_replacement_demand,LOT-00033,1,completed,assumption:synthetic_operations_v1;demand=PdM_maint.csv,2015-05-21 06:00:00,1
MR-00428,55,comp3,2015-05-21 06:00:00,2015-05-21 06:00:00,observed_replacement_demand,LOT-00031,1,completed,assumption:synthetic_operations_v1;demand=PdM_maint.csv,2015-05-21 06:00:00,1
MR-00429,78,comp3,2015-05-21 06:00:00,2015-05-21 06:00:00,observed_replacement_demand,LOT-00031,1,completed,assumption:synthetic_operations_v1;demand=PdM_maint.csv,2015-05-21 06:00:00,1
MR-00430,3,comp2,2015-05-22 06:00:00,2015-06-02 06:00:00,observed_replacement_demand,LOT-00039,1,completed,assumption:synthetic_operations_v1;demand=PdM_maint.csv,2015-05-22 06:00:00,1
MR-00431,6,comp2,2015-05-22 06:00:00,2015-06-02 06:00:00,observed_replacement_demand,LOT-00039,1,completed,assumption:synthetic_operations_v1;demand=PdM_maint.csv,2015-05-22 06:00:00,1
MR-00432,12,comp1,2015-05-22 06:00:00,2015-05-22 06:00:00,observed_replacement_demand,LOT-00034,1,completed,assumption:synthetic_operations_v1;demand=PdM_maint.csv,2015-05-22 06:00:00,1
MR-00433,22,comp1,2015-05-22 06:00:00,2015-05-22 06:00:00,observed_replacement_demand,LOT-00034,1,completed,assumption:synthetic_operations_v1;demand=PdM_maint.csv,2015-05-22 06:00:00,1
MR-00434,22,comp3,2015-05-22 06:00:00,2015-05-22 06:00:00,observed_replacement_demand,LOT-00031,1,completed,assumption:synthetic_operations_v1;demand=PdM_maint.csv,2015-05-22 06:00:00,1
MR-00435,31,comp1,2015-05-22 06:00:00,2015-05-26 06:00:00,observed_replacement_demand,LOT-00038,1,completed,assumption:synthetic_operations_v1;demand=PdM_maint.csv,2015-05-22 06:00:00,1
MR-00436,31,comp4,2015-05-22 06:00:00,2015-05-22 06:00:00,observed_replacement_demand,LOT-00033,1,completed,assumption:synthetic_operations_v1;demand=PdM_maint.csv,2015-05-22 06:00:00,1
MR-00437,36,comp3,2015-05-22 06:00:00,2015-05-22 06:00:00,observed_replacement_demand,LOT-00031,1,completed,assumption:synthetic_operations_v1;demand=PdM_maint.csv,2015-05-22 06:00:00,1
MR-00438,45,comp4,2015-05-22 06:00:00,2015-05-22 06:00:00,observed_replacement_demand,LOT-00033,1,completed,assumption:synthetic_operations_v1;demand=PdM_maint.csv,2015-05-22 06:00:00,1
MR-00439,75,comp3,2015-05-22 06:00:00,2015-05-22 06:00:00,observed_replacement_demand,LOT-00031,1,completed,assumption:synthetic_operations_v1;demand=PdM_maint.csv,2015-05-22 06:00:00,1
MR-00440,75,comp4,2015-05-22 06:00:00,2015-05-22 06:00:00,observed_replacement_demand,LOT-00033,1,completed,assumption:synthetic_operations_v1;demand=PdM_maint.csv,2015-05-22 06:00:00,1
MR-00441,46,comp1,2015-05-23 06:00:00,2015-05-26 06:00:00,observed_replacement_demand,LOT-00038,1,completed,assumption:synthetic_operations_v1;demand=PdM_maint.csv,2015-05-23 06:00:00,1
MR-00442,46,comp2,2015-05-23 06:00:00,2015-06-02 06:00:00,observed_replacement_demand,LOT-00039,1,completed,assumption:synthetic_operations_v1;demand=PdM_maint.csv,2015-05-23 06:00:00,1
MR-00443,57,comp1,2015-05-23 06:00:00,2015-05-26 06:00:00,observed_replacement_demand,LOT-00038,1,completed,assumption:synthetic_operations_v1;demand=PdM_maint.csv,2015-05-23 06:00:00,1
MR-00444,57,comp3,2015-05-23 06:00:00,2015-05-23 06:00:00,observed_replacement_demand,LOT-00031,1,completed,assumption:synthetic_operations_v1;demand=PdM_maint.csv,2015-05-23 06:00:00,1
MR-00445,72,comp1,2015-05-23 06:00:00,2015-05-26 06:00:00,observed_replacement_demand,LOT-00038,1,completed,assumption:synthetic_operations_v1;demand=PdM_maint.csv,2015-05-23 06:00:00,1
MR-00446,72,comp3,2015-05-23 06:00:00,2015-05-23 06:00:00,observed_replacement_demand,LOT-00031,1,completed,assumption:synthetic_operations_v1;demand=PdM_maint.csv,2015-05-23 06:00:00,1
MR-00447,74,comp2,2015-05-23 06:00:00,2015-06-02 06:00:00,observed_replacement_demand,LOT-00039,1,completed,assumption:synthetic_operations_v1;demand=PdM_maint.csv,2015-05-23 06:00:00,1
MR-00448,86,comp1,2015-05-23 06:00:00,2015-05-26 06:00:00,observed_replacement_demand,LOT-00038,1,completed,assumption:synthetic_operations_v1;demand=PdM_maint.csv,2015-05-23 06:00:00,1
MR-00449,89,comp4,2015-05-23 06:00:00,2015-05-23 06:00:00,observed_replacement_demand,LOT-00033,1,completed,assumption:synthetic_operations_v1;demand=PdM_maint.csv,2015-05-23 06:00:00,1
MR-00450,94,comp4,2015-05-23 06:00:00,2015-05-23 06:00:00,observed_replacement_demand,LOT-00033,1,completed,assumption:synthetic_operations_v1;demand=PdM_maint.csv,2015-05-23 06:00:00,1
MR-00451,5,comp2,2015-05-24 06:00:00,2015-06-02 06:00:00,observed_replacement_demand,LOT-00039,1,completed,assumption:synthetic_operations_v1;demand=PdM_maint.csv,2015-05-24 06:00:00,1
MR-00452,7,comp2,2015-05-24 06:00:00,2015-06-02 06:00:00,observed_replacement_demand,LOT-00039,1,completed,assumption:synthetic_operations_v1;demand=PdM_maint.csv,2015-05-24 06:00:00,1
MR-00453,7,comp3,2015-05-24 06:00:00,2015-05-24 06:00:00,observed_replacement_demand,LOT-00031,1,completed,assumption:synthetic_operations_v1;demand=PdM_maint.csv,2015-05-24 06:00:00,1
MR-00454,30,comp3,2015-05-24 06:00:00,2015-05-24 06:00:00,observed_replacement_demand,LOT-00031,1,completed,assumption:synthetic_operations_v1;demand=PdM_maint.csv,2015-05-24 06:00:00,1
MR-00455,30,comp4,2015-05-24 06:00:00,2015-05-24 06:00:00,observed_replacement_demand,LOT-00033,1,completed,assumption:synthetic_operations_v1;demand=PdM_maint.csv,2015-05-24 06:00:00,1
MR-00456,47,comp1,2015-05-24 06:00:00,2015-05-26 06:00:00,observed_replacement_demand,LOT-00038,1,completed,assumption:synthetic_operations_v1;demand=PdM_maint.csv,2015-05-24 06:00:00,1
MR-00457,97,comp2,2015-05-24 06:00:00,2015-06-02 06:00:00,observed_replacement_demand,LOT-00039,1,completed,assumption:synthetic_operations_v1;demand=PdM_maint.csv,2015-05-24 06:00:00,1
MR-00458,97,comp4,2015-05-24 06:00:00,2015-05-24 06:00:00,observed_replacement_demand,LOT-00033,1,completed,assumption:synthetic_operations_v1;demand=PdM_maint.csv,2015-05-24 06:00:00,1
MR-00459,27,comp3,2015-05-25 06:00:00,2015-05-25 06:00:00,observed_replacement_demand,LOT-00031,1,completed,assumption:synthetic_operations_v1;demand=PdM_maint.csv,2015-05-25 06:00:00,1
MR-00460,32,comp1,2015-05-25 06:00:00,2015-05-26 06:00:00,observed_replacement_demand,LOT-00038,1,completed,assumption:synthetic_operations_v1;demand=PdM_maint.csv,2015-05-25 06:00:00,1
MR-00461,13,comp2,2015-05-26 06:00:00,2015-06-02 06:00:00,observed_replacement_demand,LOT-00039,1,completed,assumption:synthetic_operations_v1;demand=PdM_maint.csv,2015-05-26 06:00:00,1
MR-00462,48,comp4,2015-05-26 06:00:00,2015-05-26 06:00:00,observed_replacement_demand,LOT-00033,1,completed,assumption:synthetic_operations_v1;demand=PdM_maint.csv,2015-05-26 06:00:00,1
MR-00463,77,comp1,2015-05-26 06:00:00,2015-05-26 06:00:00,observed_replacement_demand,LOT-00038,1,completed,assumption:synthetic_operations_v1;demand=PdM_maint.csv,2015-05-26 06:00:00,1
MR-00464,77,comp4,2015-05-26 06:00:00,2015-05-26 06:00:00,observed_replacement_demand,LOT-00033,1,completed,assumption:synthetic_operations_v1;demand=PdM_maint.csv,2015-05-26 06:00:00,1
MR-00465,87,comp1,2015-05-27 06:00:00,2015-05-27 06:00:00,observed_replacement_demand,LOT-00038,1,completed,assumption:synthetic_operations_v1;demand=PdM_maint.csv,2015-05-27 06:00:00,1
MR-00466,19,comp1,2015-05-28 06:00:00,2015-05-28 06:00:00,observed_replacement_demand,LOT-00038,1,completed,assumption:synthetic_operations_v1;demand=PdM_maint.csv,2015-05-28 06:00:00,1
MR-00467,19,comp2,2015-05-28 06:00:00,2015-06-02 06:00:00,observed_replacement_demand,LOT-00039,1,completed,assumption:synthetic_operations_v1;demand=PdM_maint.csv,2015-05-28 06:00:00,1
MR-00468,53,comp3,2015-05-28 06:00:00,2015-05-28 06:00:00,observed_replacement_demand,LOT-00035,1,completed,assumption:synthetic_operations_v1;demand=PdM_maint.csv,2015-05-28 06:00:00,1
MR-00469,61,comp2,2015-05-28 06:00:00,2015-06-02 06:00:00,observed_replacement_demand,LOT-00039,1,completed,assumption:synthetic_operations_v1;demand=PdM_maint.csv,2015-05-28 06:00:00,1
MR-00470,61,comp3,2015-05-28 06:00:00,2015-05-28 06:00:00,observed_replacement_demand,LOT-00035,1,completed,assumption:synthetic_operations_v1;demand=PdM_maint.csv,2015-05-28 06:00:00,1
MR-00471,62,comp4,2015-05-28 06:00:00,2015-05-28 06:00:00,observed_replacement_demand,LOT-00033,1,completed,assumption:synthetic_operations_v1;demand=PdM_maint.csv,2015-05-28 06:00:00,1
MR-00472,63,comp1,2015-05-28 06:00:00,2015-05-28 06:00:00,observed_replacement_demand,LOT-00038,1,completed,assumption:synthetic_operations_v1;demand=PdM_maint.csv,2015-05-28 06:00:00,1
MR-00473,63,comp2,2015-05-28 06:00:00,2015-06-02 06:00:00,observed_replacement_demand,LOT-00039,1,completed,assumption:synthetic_operations_v1;demand=PdM_maint.csv,2015-05-28 06:00:00,1
MR-00474,70,comp2,2015-05-28 06:00:00,2015-06-02 06:00:00,observed_replacement_demand,LOT-00039,1,completed,assumption:synthetic_operations_v1;demand=PdM_maint.csv,2015-05-28 06:00:00,1
MR-00475,70,comp4,2015-05-28 06:00:00,2015-05-28 06:00:00,observed_replacement_demand,LOT-00033,1,completed,assumption:synthetic_operations_v1;demand=PdM_maint.csv,2015-05-28 06:00:00,1
MR-00476,82,comp4,2015-05-28 06:00:00,2015-05-28 06:00:00,observed_replacement_demand,LOT-00036,1,completed,assumption:synthetic_operations_v1;demand=PdM_maint.csv,2015-05-28 06:00:00,1
MR-00477,100,comp3,2015-05-28 06:00:00,2015-05-28 06:00:00,observed_replacement_demand,LOT-00035,1,completed,assumption:synthetic_operations_v1;demand=PdM_maint.csv,2015-05-28 06:00:00,1
MR-00478,100,comp4,2015-05-28 06:00:00,2015-05-28 06:00:00,observed_replacement_demand,LOT-00036,1,completed,assumption:synthetic_operations_v1;demand=PdM_maint.csv,2015-05-28 06:00:00,1
MR-00479,56,comp1,2015-05-29 06:00:00,2015-05-29 06:00:00,observed_replacement_demand,LOT-00038,1,completed,assumption:synthetic_operations_v1;demand=PdM_maint.csv,2015-05-29 06:00:00,1
MR-00480,56,comp4,2015-05-29 06:00:00,2015-05-29 06:00:00,observed_replacement_demand,LOT-00036,1,completed,assumption:synthetic_operations_v1;demand=PdM_maint.csv,2015-05-29 06:00:00,1
MR-00481,18,comp3,2015-05-30 06:00:00,2015-05-30 06:00:00,observed_replacement_demand,LOT-00040,1,completed,assumption:synthetic_operations_v1;demand=PdM_maint.csv,2015-05-30 06:00:00,1
MR-00482,44,comp3,2015-05-30 06:00:00,2015-05-30 06:00:00,observed_replacement_demand,LOT-00040,1,completed,assumption:synthetic_operations_v1;demand=PdM_maint.csv,2015-05-30 06:00:00,1
MR-00483,49,comp1,2015-05-30 06:00:00,2015-05-30 06:00:00,observed_replacement_demand,LOT-00038,1,completed,assumption:synthetic_operations_v1;demand=PdM_maint.csv,2015-05-30 06:00:00,1
MR-00484,50,comp2,2015-05-30 06:00:00,2015-06-02 06:00:00,observed_replacement_demand,LOT-00039,1,completed,assumption:synthetic_operations_v1;demand=PdM_maint.csv,2015-05-30 06:00:00,1
MR-00485,50,comp4,2015-05-30 06:00:00,2015-05-30 06:00:00,observed_replacement_demand,LOT-00036,1,completed,assumption:synthetic_operations_v1;demand=PdM_maint.csv,2015-05-30 06:00:00,1
MR-00486,54,comp1,2015-05-30 06:00:00,2015-05-30 06:00:00,observed_replacement_demand,LOT-00038,1,completed,assumption:synthetic_operations_v1;demand=PdM_maint.csv,2015-05-30 06:00:00,1
MR-00487,60,comp1,2015-05-30 06:00:00,2015-05-30 06:00:00,observed_replacement_demand,LOT-00038,1,completed,assumption:synthetic_operations_v1;demand=PdM_maint.csv,2015-05-30 06:00:00,1
MR-00488,85,comp3,2015-05-30 06:00:00,2015-05-30 06:00:00,observed_replacement_demand,LOT-00040,1,completed,assumption:synthetic_operations_v1;demand=PdM_maint.csv,2015-05-30 06:00:00,1
MR-00489,98,comp3,2015-05-30 06:00:00,2015-05-30 06:00:00,observed_replacement_demand,LOT-00040,1,completed,assumption:synthetic_operations_v1;demand=PdM_maint.csv,2015-05-30 06:00:00,1
MR-00490,14,comp1,2015-05-31 06:00:00,2015-05-31 06:00:00,observed_replacement_demand,LOT-00038,1,completed,assumption:synthetic_operations_v1;demand=PdM_maint.csv,2015-05-31 06:00:00,1
MR-00491,17,comp4,2015-05-31 06:00:00,2015-05-31 06:00:00,observed_replacement_demand,LOT-00036,1,completed,assumption:synthetic_operations_v1;demand=PdM_maint.csv,2015-05-31 06:00:00,1
MR-00492,28,comp1,2015-05-31 06:00:00,2015-05-31 06:00:00,observed_replacement_demand,LOT-00038,1,completed,assumption:synthetic_operations_v1;demand=PdM_maint.csv,2015-05-31 06:00:00,1
MR-00493,28,comp4,2015-05-31 06:00:00,2015-05-31 06:00:00,observed_replacement_demand,LOT-00036,1,completed,assumption:synthetic_operations_v1;demand=PdM_maint.csv,2015-05-31 06:00:00,1
MR-00494,33,comp2,2015-05-31 06:00:00,2015-06-02 06:00:00,observed_replacement_demand,LOT-00039,1,completed,assumption:synthetic_operations_v1;demand=PdM_maint.csv,2015-05-31 06:00:00,1
MR-00495,34,comp3,2015-05-31 06:00:00,2015-05-31 06:00:00,observed_replacement_demand,LOT-00040,1,completed,assumption:synthetic_operations_v1;demand=PdM_maint.csv,2015-05-31 06:00:00,1
MR-00496,34,comp4,2015-05-31 06:00:00,2015-05-31 06:00:00,observed_replacement_demand,LOT-00036,1,completed,assumption:synthetic_operations_v1;demand=PdM_maint.csv,2015-05-31 06:00:00,1
MR-00497,39,comp2,2015-05-31 06:00:00,2015-06-07 06:00:00,observed_replacement_demand,LOT-00044,1,completed,assumption:synthetic_operations_v1;demand=PdM_maint.csv,2015-05-31 06:00:00,1
MR-00498,51,comp2,2015-05-31 06:00:00,2015-06-07 06:00:00,observed_replacement_demand,LOT-00044,1,completed,assumption:synthetic_operations_v1;demand=PdM_maint.csv,2015-05-31 06:00:00,1
MR-00499,58,comp2,2015-05-31 06:00:00,2015-06-07 06:00:00,observed_replacement_demand,LOT-00044,1,completed,assumption:synthetic_operations_v1;demand=PdM_maint.csv,2015-05-31 06:00:00,1
MR-00500,58,comp4,2015-05-31 06:00:00,2015-06-01 06:00:00,observed_replacement_demand,LOT-00043,1,completed,assumption:synthetic_operations_v1;demand=PdM_maint.csv,2015-05-31 06:00:00,1
MR-00501,65,comp1,2015-05-31 06:00:00,2015-05-31 06:00:00,observed_replacement_demand,LOT-00038,1,completed,assumption:synthetic_operations_v1;demand=PdM_maint.csv,2015-05-31 06:00:00,1
MR-00502,67,comp4,2015-05-31 06:00:00,2015-06-01 06:00:00,observed_replacement_demand,LOT-00043,1,completed,assumption:synthetic_operations_v1;demand=PdM_maint.csv,2015-05-31 06:00:00,1
MR-00503,83,comp2,2015-05-31 06:00:00,2015-06-07 06:00:00,observed_replacement_demand,LOT-00044,1,completed,assumption:synthetic_operations_v1;demand=PdM_maint.csv,2015-05-31 06:00:00,1
MR-00504,93,comp2,2015-05-31 06:00:00,2015-06-07 06:00:00,observed_replacement_demand,LOT-00044,1,completed,assumption:synthetic_operations_v1;demand=PdM_maint.csv,2015-05-31 06:00:00,1
MR-00505,93,comp3,2015-05-31 06:00:00,2015-05-31 06:00:00,observed_replacement_demand,LOT-00040,1,completed,assumption:synthetic_operations_v1;demand=PdM_maint.csv,2015-05-31 06:00:00,1
MR-00506,4,comp4,2015-06-01 06:00:00,2015-06-01 06:00:00,observed_replacement_demand,LOT-00043,1,completed,assumption:synthetic_operations_v1;demand=PdM_maint.csv,2015-06-01 06:00:00,1
MR-00507,16,comp2,2015-06-01 06:00:00,2015-06-07 06:00:00,observed_replacement_demand,LOT-00044,1,completed,assumption:synthetic_operations_v1;demand=PdM_maint.csv,2015-06-01 06:00:00,1
MR-00508,24,comp2,2015-06-01 06:00:00,2015-06-07 06:00:00,observed_replacement_demand,LOT-00044,1,completed,assumption:synthetic_operations_v1;demand=PdM_maint.csv,2015-06-01 06:00:00,1
MR-00509,24,comp4,2015-06-01 06:00:00,2015-06-01 06:00:00,observed_replacement_demand,LOT-00043,1,completed,assumption:synthetic_operations_v1;demand=PdM_maint.csv,2015-06-01 06:00:00,1
MR-00510,29,comp2,2015-06-01 06:00:00,2015-06-07 06:00:00,observed_replacement_demand,LOT-00044,1,completed,assumption:synthetic_operations_v1;demand=PdM_maint.csv,2015-06-01 06:00:00,1
MR-00511,29,comp4,2015-06-01 06:00:00,2015-06-01 06:00:00,observed_replacement_demand,LOT-00043,1,completed,assumption:synthetic_operations_v1;demand=PdM_maint.csv,2015-06-01 06:00:00,1
MR-00512,41,comp2,2015-06-01 06:00:00,2015-06-07 06:00:00,observed_replacement_demand,LOT-00044,1,completed,assumption:synthetic_operations_v1;demand=PdM_maint.csv,2015-06-01 06:00:00,1
MR-00513,41,comp3,2015-06-01 06:00:00,2015-06-01 06:00:00,observed_replacement_demand,LOT-00040,1,completed,assumption:synthetic_operations_v1;demand=PdM_maint.csv,2015-06-01 06:00:00,1
MR-00514,68,comp4,2015-06-01 06:00:00,2015-06-01 06:00:00,observed_replacement_demand,LOT-00043,1,completed,assumption:synthetic_operations_v1;demand=PdM_maint.csv,2015-06-01 06:00:00,1
MR-00515,73,comp2,2015-06-01 06:00:00,2015-06-07 06:00:00,observed_replacement_demand,LOT-00044,1,completed,assumption:synthetic_operations_v1;demand=PdM_maint.csv,2015-06-01 06:00:00,1
MR-00516,73,comp3,2015-06-01 06:00:00,2015-06-01 06:00:00,observed_replacement_demand,LOT-00040,1,completed,assumption:synthetic_operations_v1;demand=PdM_maint.csv,2015-06-01 06:00:00,1
MR-00517,79,comp4,2015-06-01 06:00:00,2015-06-01 06:00:00,observed_replacement_demand,LOT-00043,1,completed,assumption:synthetic_operations_v1;demand=PdM_maint.csv,2015-06-01 06:00:00,1
MR-00518,81,comp1,2015-06-01 06:00:00,2015-06-01 06:00:00,observed_replacement_demand,LOT-00038,1,completed,assumption:synthetic_operations_v1;demand=PdM_maint.csv,2015-06-01 06:00:00,1
MR-00519,2,comp3,2015-06-02 06:00:00,2015-06-02 06:00:00,observed_replacement_demand,LOT-00040,1,completed,assumption:synthetic_operations_v1;demand=PdM_maint.csv,2015-06-02 06:00:00,1
MR-00520,9,comp4,2015-06-02 06:00:00,2015-06-02 06:00:00,observed_replacement_demand,LOT-00043,1,completed,assumption:synthetic_operations_v1;demand=PdM_maint.csv,2015-06-02 06:00:00,1
MR-00521,76,comp1,2015-06-02 06:00:00,2015-06-02 06:00:00,observed_replacement_demand,LOT-00038,1,completed,assumption:synthetic_operations_v1;demand=PdM_maint.csv,2015-06-02 06:00:00,1
MR-00522,96,comp1,2015-06-02 06:00:00,2015-06-02 06:00:00,observed_replacement_demand,LOT-00038,1,completed,assumption:synthetic_operations_v1;demand=PdM_maint.csv,2015-06-02 06:00:00,1
MR-00523,96,comp3,2015-06-02 06:00:00,2015-06-02 06:00:00,observed_replacement_demand,LOT-00040,1,completed,assumption:synthetic_operations_v1;demand=PdM_maint.csv,2015-06-02 06:00:00,1
MR-00524,99,comp4,2015-06-02 06:00:00,2015-06-02 06:00:00,observed_replacement_demand,LOT-00043,1,completed,assumption:synthetic_operations_v1;demand=PdM_maint.csv,2015-06-02 06:00:00,1
MR-00525,10,comp1,2015-06-03 06:00:00,2015-06-03 06:00:00,observed_replacement_demand,LOT-00038,1,completed,assumption:synthetic_operations_v1;demand=PdM_maint.csv,2015-06-03 06:00:00,1
MR-00526,25,comp1,2015-06-03 06:00:00,2015-06-03 06:00:00,observed_replacement_demand,LOT-00038,1,completed,assumption:synthetic_operations_v1;demand=PdM_maint.csv,2015-06-03 06:00:00,1
MR-00527,25,comp2,2015-06-03 06:00:00,2015-06-07 06:00:00,observed_replacement_demand,LOT-00044,1,completed,assumption:synthetic_operations_v1;demand=PdM_maint.csv,2015-06-03 06:00:00,1
MR-00528,37,comp4,2015-06-03 06:00:00,2015-06-03 06:00:00,observed_replacement_demand,LOT-00043,1,completed,assumption:synthetic_operations_v1;demand=PdM_maint.csv,2015-06-03 06:00:00,1
MR-00529,40,comp3,2015-06-03 06:00:00,2015-06-03 06:00:00,observed_replacement_demand,LOT-00040,1,completed,assumption:synthetic_operations_v1;demand=PdM_maint.csv,2015-06-03 06:00:00,1
MR-00530,40,comp4,2015-06-03 06:00:00,2015-06-03 06:00:00,observed_replacement_demand,LOT-00043,1,completed,assumption:synthetic_operations_v1;demand=PdM_maint.csv,2015-06-03 06:00:00,1
MR-00531,52,comp2,2015-06-03 06:00:00,2015-06-07 06:00:00,observed_replacement_demand,LOT-00044,1,completed,assumption:synthetic_operations_v1;demand=PdM_maint.csv,2015-06-03 06:00:00,1
MR-00532,66,comp1,2015-06-03 06:00:00,2015-06-03 06:00:00,observed_replacement_demand,LOT-00038,1,completed,assumption:synthetic_operations_v1;demand=PdM_maint.csv,2015-06-03 06:00:00,1
MR-00533,66,comp4,2015-06-03 06:00:00,2015-06-03 06:00:00,observed_replacement_demand,LOT-00043,1,completed,assumption:synthetic_operations_v1;demand=PdM_maint.csv,2015-06-03 06:00:00,1
MR-00534,88,comp2,2015-06-03 06:00:00,2015-06-07 06:00:00,observed_replacement_demand,LOT-00044,1,completed,assumption:synthetic_operations_v1;demand=PdM_maint.csv,2015-06-03 06:00:00,1
MR-00535,1,comp3,2015-06-04 06:00:00,2015-06-04 06:00:00,observed_replacement_demand,LOT-00040,1,completed,assumption:synthetic_operations_v1;demand=PdM_maint.csv,2015-06-04 06:00:00,1
MR-00536,11,comp4,2015-06-04 06:00:00,2015-06-04 06:00:00,observed_replacement_demand,LOT-00043,1,completed,assumption:synthetic_operations_v1;demand=PdM_maint.csv,2015-06-04 06:00:00,1
MR-00537,15,comp1,2015-06-04 06:00:00,2015-06-04 06:00:00,observed_replacement_demand,LOT-00038,1,completed,assumption:synthetic_operations_v1;demand=PdM_maint.csv,2015-06-04 06:00:00,1
MR-00538,15,comp2,2015-06-04 06:00:00,2015-06-07 06:00:00,observed_replacement_demand,LOT-00044,1,completed,assumption:synthetic_operations_v1;demand=PdM_maint.csv,2015-06-04 06:00:00,1
MR-00539,23,comp3,2015-06-04 06:00:00,2015-06-04 06:00:00,observed_replacement_demand,LOT-00040,1,completed,assumption:synthetic_operations_v1;demand=PdM_maint.csv,2015-06-04 06:00:00,1
MR-00540,59,comp1,2015-06-04 06:00:00,2015-06-04 06:00:00,observed_replacement_demand,LOT-00042,1,completed,assumption:synthetic_operations_v1;demand=PdM_maint.csv,2015-06-04 06:00:00,1
MR-00541,64,comp1,2015-06-04 06:00:00,2015-06-04 06:00:00,observed_replacement_demand,LOT-00042,1,completed,assumption:synthetic_operations_v1;demand=PdM_maint.csv,2015-06-04 06:00:00,1
MR-00542,69,comp1,2015-06-04 06:00:00,2015-06-04 06:00:00,observed_replacement_demand,LOT-00042,1,completed,assumption:synthetic_operations_v1;demand=PdM_maint.csv,2015-06-04 06:00:00,1
MR-00543,84,comp4,2015-06-04 06:00:00,2015-06-04 06:00:00,observed_replacement_demand,LOT-00043,1,completed,assumption:synthetic_operations_v1;demand=PdM_maint.csv,2015-06-04 06:00:00,1
MR-00544,90,comp3,2015-06-04 06:00:00,2015-06-04 06:00:00,observed_replacement_demand,LOT-00040,1,completed,assumption:synthetic_operations_v1;demand=PdM_maint.csv,2015-06-04 06:00:00,1
MR-00545,92,comp4,2015-06-04 06:00:00,2015-06-04 06:00:00,observed_replacement_demand,LOT-00043,1,completed,assumption:synthetic_operations_v1;demand=PdM_maint.csv,2015-06-04 06:00:00,1
MR-00546,95,comp3,2015-06-04 06:00:00,2015-06-04 06:00:00,observed_replacement_demand,LOT-00040,1,completed,assumption:synthetic_operations_v1;demand=PdM_maint.csv,2015-06-04 06:00:00,1
MR-00547,8,comp1,2015-06-05 06:00:00,2015-06-05 06:00:00,observed_replacement_demand,LOT-00042,1,completed,assumption:synthetic_operations_v1;demand=PdM_maint.csv,2015-06-05 06:00:00,1
MR-00548,26,comp1,2015-06-05 06:00:00,2015-06-05 06:00:00,observed_replacement_demand,LOT-00042,1,completed,assumption:synthetic_operations_v1;demand=PdM_maint.csv,2015-06-05 06:00:00,1
MR-00549,26,comp2,2015-06-05 06:00:00,2015-06-07 06:00:00,observed_replacement_demand,LOT-00044,1,completed,assumption:synthetic_operations_v1;demand=PdM_maint.csv,2015-06-05 06:00:00,1
MR-00550,35,comp1,2015-06-05 06:00:00,2015-06-05 06:00:00,observed_replacement_demand,LOT-00042,1,completed,assumption:synthetic_operations_v1;demand=PdM_maint.csv,2015-06-05 06:00:00,1
MR-00551,35,comp3,2015-06-05 06:00:00,2015-06-05 06:00:00,observed_replacement_demand,LOT-00041,1,completed,assumption:synthetic_operations_v1;demand=PdM_maint.csv,2015-06-05 06:00:00,1
MR-00552,42,comp2,2015-06-05 06:00:00,2015-06-07 06:00:00,observed_replacement_demand,LOT-00044,1,completed,assumption:synthetic_operations_v1;demand=PdM_maint.csv,2015-06-05 06:00:00,1
MR-00553,43,comp1,2015-06-05 06:00:00,2015-06-05 06:00:00,observed_replacement_demand,LOT-00042,1,completed,assumption:synthetic_operations_v1;demand=PdM_maint.csv,2015-06-05 06:00:00,1
MR-00554,43,comp2,2015-06-05 06:00:00,2015-06-07 06:00:00,observed_replacement_demand,LOT-00044,1,completed,assumption:synthetic_operations_v1;demand=PdM_maint.csv,2015-06-05 06:00:00,1
MR-00555,55,comp4,2015-06-05 06:00:00,2015-06-05 06:00:00,observed_replacement_demand,LOT-00043,1,completed,assumption:synthetic_operations_v1;demand=PdM_maint.csv,2015-06-05 06:00:00,1
MR-00556,78,comp4,2015-06-05 06:00:00,2015-06-05 06:00:00,observed_replacement_demand,LOT-00043,1,completed,assumption:synthetic_operations_v1;demand=PdM_maint.csv,2015-06-05 06:00:00,1
MR-00557,3,comp4,2015-06-06 06:00:00,2015-06-06 06:00:00,observed_replacement_demand,LOT-00043,1,completed,assumption:synthetic_operations_v1;demand=PdM_maint.csv,2015-06-06 06:00:00,1
MR-00558,22,comp1,2015-06-06 06:00:00,2015-06-06 06:00:00,observed_replacement_demand,LOT-00047,1,completed,assumption:synthetic_operations_v1;demand=PdM_maint.csv,2015-06-06 06:00:00,1
MR-00559,31,comp4,2015-06-06 06:00:00,2015-06-06 06:00:00,observed_replacement_demand,LOT-00043,1,completed,assumption:synthetic_operations_v1;demand=PdM_maint.csv,2015-06-06 06:00:00,1
MR-00560,36,comp1,2015-06-06 06:00:00,2015-06-06 06:00:00,observed_replacement_demand,LOT-00047,1,completed,assumption:synthetic_operations_v1;demand=PdM_maint.csv,2015-06-06 06:00:00,1
MR-00561,36,comp4,2015-06-06 06:00:00,2015-06-06 06:00:00,observed_replacement_demand,LOT-00043,1,completed,assumption:synthetic_operations_v1;demand=PdM_maint.csv,2015-06-06 06:00:00,1
MR-00562,45,comp4,2015-06-06 06:00:00,2015-06-06 06:00:00,observed_replacement_demand,LOT-00043,1,completed,assumption:synthetic_operations_v1;demand=PdM_maint.csv,2015-06-06 06:00:00,1
MR-00563,75,comp2,2015-06-06 06:00:00,2015-06-07 06:00:00,observed_replacement_demand,LOT-00044,1,completed,assumption:synthetic_operations_v1;demand=PdM_maint.csv,2015-06-06 06:00:00,1
MR-00564,75,comp4,2015-06-06 06:00:00,2015-06-06 06:00:00,observed_replacement_demand,LOT-00043,1,completed,assumption:synthetic_operations_v1;demand=PdM_maint.csv,2015-06-06 06:00:00,1
MR-00565,21,comp1,2015-06-07 06:00:00,2015-06-07 06:00:00,observed_replacement_demand,LOT-00047,1,completed,assumption:synthetic_operations_v1;demand=PdM_maint.csv,2015-06-07 06:00:00,1
MR-00566,21,comp2,2015-06-07 06:00:00,2015-06-07 06:00:00,observed_replacement_demand,LOT-00044,1,completed,assumption:synthetic_operations_v1;demand=PdM_maint.csv,2015-06-07 06:00:00,1
MR-00567,46,comp2,2015-06-07 06:00:00,2015-06-07 06:00:00,observed_replacement_demand,LOT-00044,1,completed,assumption:synthetic_operations_v1;demand=PdM_maint.csv,2015-06-07 06:00:00,1
MR-00568,46,comp4,2015-06-07 06:00:00,2015-06-07 06:00:00,observed_replacement_demand,LOT-00043,1,completed,assumption:synthetic_operations_v1;demand=PdM_maint.csv,2015-06-07 06:00:00,1
MR-00569,57,comp2,2015-06-07 06:00:00,2015-06-10 06:00:00,observed_replacement_demand,LOT-00045,1,completed,assumption:synthetic_operations_v1;demand=PdM_maint.csv,2015-06-07 06:00:00,1
MR-00570,72,comp1,2015-06-07 06:00:00,2015-06-07 06:00:00,observed_replacement_demand,LOT-00047,1,completed,assumption:synthetic_operations_v1;demand=PdM_maint.csv,2015-06-07 06:00:00,1
MR-00571,72,comp2,2015-06-07 06:00:00,2015-06-10 06:00:00,observed_replacement_demand,LOT-00045,1,completed,assumption:synthetic_operations_v1;demand=PdM_maint.csv,2015-06-07 06:00:00,1
MR-00572,74,comp4,2015-06-07 06:00:00,2015-06-09 06:00:00,observed_replacement_demand,LOT-00048,1,completed,assumption:synthetic_operations_v1;demand=PdM_maint.csv,2015-06-07 06:00:00,1
MR-00573,86,comp2,2015-06-07 06:00:00,2015-06-10 06:00:00,observed_replacement_demand,LOT-00045,1,completed,assumption:synthetic_operations_v1;demand=PdM_maint.csv,2015-06-07 06:00:00,1
MR-00574,89,comp2,2015-06-07 06:00:00,2015-06-10 06:00:00,observed_replacement_demand,LOT-00045,1,completed,assumption:synthetic_operations_v1;demand=PdM_maint.csv,2015-06-07 06:00:00,1
MR-00575,89,comp3,2015-06-07 06:00:00,2015-06-07 06:00:00,observed_replacement_demand,LOT-00041,1,completed,assumption:synthetic_operations_v1;demand=PdM_maint.csv,2015-06-07 06:00:00,1
MR-00576,94,comp4,2015-06-07 06:00:00,2015-06-09 06:00:00,observed_replacement_demand,LOT-00048,1,completed,assumption:synthetic_operations_v1;demand=PdM_maint.csv,2015-06-07 06:00:00,1
MR-00577,5,comp3,2015-06-08 06:00:00,2015-06-08 06:00:00,observed_replacement_demand,LOT-00041,1,completed,assumption:synthetic_operations_v1;demand=PdM_maint.csv,2015-06-08 06:00:00,1
MR-00578,7,comp2,2015-06-08 06:00:00,2015-06-10 06:00:00,observed_replacement_demand,LOT-00045,1,completed,assumption:synthetic_operations_v1;demand=PdM_maint.csv,2015-06-08 06:00:00,1
MR-00579,7,comp3,2015-06-08 06:00:00,2015-06-08 06:00:00,observed_replacement_demand,LOT-00041,1,completed,assumption:synthetic_operations_v1;demand=PdM_maint.csv,2015-06-08 06:00:00,1
MR-00580,30,comp2,2015-06-08 06:00:00,2015-06-10 06:00:00,observed_replacement_demand,LOT-00045,1,completed,assumption:synthetic_operations_v1;demand=PdM_maint.csv,2015-06-08 06:00:00,1
MR-00581,30,comp4,2015-06-08 06:00:00,2015-06-09 06:00:00,observed_replacement_demand,LOT-00048,1,completed,assumption:synthetic_operations_v1;demand=PdM_maint.csv,2015-06-08 06:00:00,1
MR-00582,47,comp4,2015-06-08 06:00:00,2015-06-09 06:00:00,observed_replacement_demand,LOT-00048,1,completed,assumption:synthetic_operations_v1;demand=PdM_maint.csv,2015-06-08 06:00:00,1
MR-00583,97,comp1,2015-06-08 06:00:00,2015-06-08 06:00:00,observed_replacement_demand,LOT-00047,1,completed,assumption:synthetic_operations_v1;demand=PdM_maint.csv,2015-06-08 06:00:00,1
MR-00584,97,comp2,2015-06-08 06:00:00,2015-06-10 06:00:00,observed_replacement_demand,LOT-00045,1,completed,assumption:synthetic_operations_v1;demand=PdM_maint.csv,2015-06-08 06:00:00,1
MR-00585,27,comp2,2015-06-09 06:00:00,2015-06-10 06:00:00,observed_replacement_demand,LOT-00045,1,completed,assumption:synthetic_operations_v1;demand=PdM_maint.csv,2015-06-09 06:00:00,1
MR-00586,27,comp3,2015-06-09 06:00:00,2015-06-09 06:00:00,observed_replacement_demand,LOT-00041,1,completed,assumption:synthetic_operations_v1;demand=PdM_maint.csv,2015-06-09 06:00:00,1
MR-00587,32,comp3,2015-06-09 06:00:00,2015-06-09 06:00:00,observed_replacement_demand,LOT-00041,1,completed,assumption:synthetic_operations_v1;demand=PdM_maint.csv,2015-06-09 06:00:00,1
MR-00588,13,comp2,2015-06-10 06:00:00,2015-06-10 06:00:00,observed_replacement_demand,LOT-00045,1,completed,assumption:synthetic_operations_v1;demand=PdM_maint.csv,2015-06-10 06:00:00,1
MR-00589,13,comp3,2015-06-10 06:00:00,2015-06-10 06:00:00,observed_replacement_demand,LOT-00041,1,completed,assumption:synthetic_operations_v1;demand=PdM_maint.csv,2015-06-10 06:00:00,1
MR-00590,48,comp1,2015-06-10 06:00:00,2015-06-10 06:00:00,observed_replacement_demand,LOT-00047,1,completed,assumption:synthetic_operations_v1;demand=PdM_maint.csv,2015-06-10 06:00:00,1
MR-00591,71,comp1,2015-06-10 06:00:00,2015-06-10 06:00:00,observed_replacement_demand,LOT-00047,1,completed,assumption:synthetic_operations_v1;demand=PdM_maint.csv,2015-06-10 06:00:00,1
MR-00592,71,comp4,2015-06-10 06:00:00,2015-06-10 06:00:00,observed_replacement_demand,LOT-00048,1,completed,assumption:synthetic_operations_v1;demand=PdM_maint.csv,2015-06-10 06:00:00,1
MR-00593,77,comp1,2015-06-10 06:00:00,2015-06-10 06:00:00,observed_replacement_demand,LOT-00047,1,completed,assumption:synthetic_operations_v1;demand=PdM_maint.csv,2015-06-10 06:00:00,1
MR-00594,19,comp1,2015-06-12 06:00:00,2015-06-12 06:00:00,observed_replacement_demand,LOT-00047,1,completed,assumption:synthetic_operations_v1;demand=PdM_maint.csv,2015-06-12 06:00:00,1
MR-00595,53,comp3,2015-06-12 06:00:00,2015-06-12 06:00:00,observed_replacement_demand,LOT-00041,1,completed,assumption:synthetic_operations_v1;demand=PdM_maint.csv,2015-06-12 06:00:00,1
MR-00596,62,comp1,2015-06-12 06:00:00,2015-06-12 06:00:00,observed_replacement_demand,LOT-00047,1,completed,assumption:synthetic_operations_v1;demand=PdM_maint.csv,2015-06-12 06:00:00,1
MR-00597,62,comp3,2015-06-12 06:00:00,2015-06-12 06:00:00,observed_replacement_demand,LOT-00046,1,completed,assumption:synthetic_operations_v1;demand=PdM_maint.csv,2015-06-12 06:00:00,1
MR-00598,63,comp1,2015-06-12 06:00:00,2015-06-12 06:00:00,observed_replacement_demand,LOT-00047,1,completed,assumption:synthetic_operations_v1;demand=PdM_maint.csv,2015-06-12 06:00:00,1
MR-00599,63,comp4,2015-06-12 06:00:00,2015-06-12 06:00:00,observed_replacement_demand,LOT-00048,1,completed,assumption:synthetic_operations_v1;demand=PdM_maint.csv,2015-06-12 06:00:00,1
MR-00600,70,comp3,2015-06-12 06:00:00,2015-06-12 06:00:00,observed_replacement_demand,LOT-00046,1,completed,assumption:synthetic_operations_v1;demand=PdM_maint.csv,2015-06-12 06:00:00,1
MR-00601,70,comp4,2015-06-12 06:00:00,2015-06-12 06:00:00,observed_replacement_demand,LOT-00048,1,completed,assumption:synthetic_operations_v1;demand=PdM_maint.csv,2015-06-12 06:00:00,1
MR-00602,80,comp1,2015-06-12 06:00:00,2015-06-12 06:00:00,observed_replacement_demand,LOT-00047,1,completed,assumption:synthetic_operations_v1;demand=PdM_maint.csv,2015-06-12 06:00:00,1
MR-00603,80,comp2,2015-06-12 06:00:00,2015-06-12 06:00:00,observed_replacement_demand,LOT-00045,1,completed,assumption:synthetic_operations_v1;demand=PdM_maint.csv,2015-06-12 06:00:00,1
MR-00604,82,comp4,2015-06-12 06:00:00,2015-06-12 06:00:00,observed_replacement_demand,LOT-00048,1,completed,assumption:synthetic_operations_v1;demand=PdM_maint.csv,2015-06-12 06:00:00,1
MR-00605,56,comp3,2015-06-13 06:00:00,2015-06-13 06:00:00,observed_replacement_demand,LOT-00046,1,completed,assumption:synthetic_operations_v1;demand=PdM_maint.csv,2015-06-13 06:00:00,1
MR-00606,56,comp4,2015-06-13 06:00:00,2015-06-13 06:00:00,observed_replacement_demand,LOT-00048,1,completed,assumption:synthetic_operations_v1;demand=PdM_maint.csv,2015-06-13 06:00:00,1
MR-00607,44,comp1,2015-06-14 06:00:00,2015-06-14 06:00:00,observed_replacement_demand,LOT-00051,1,completed,assumption:synthetic_operations_v1;demand=PdM_maint.csv,2015-06-14 06:00:00,1
MR-00608,50,comp2,2015-06-14 06:00:00,2015-06-14 06:00:00,observed_replacement_demand,LOT-00045,1,completed,assumption:synthetic_operations_v1;demand=PdM_maint.csv,2015-06-14 06:00:00,1
MR-00609,54,comp2,2015-06-14 06:00:00,2015-06-14 06:00:00,observed_replacement_demand,LOT-00045,1,completed,assumption:synthetic_operations_v1;demand=PdM_maint.csv,2015-06-14 06:00:00,1
MR-00610,54,comp4,2015-06-14 06:00:00,2015-06-14 06:00:00,observed_replacement_demand,LOT-00048,1,completed,assumption:synthetic_operations_v1;demand=PdM_maint.csv,2015-06-14 06:00:00,1
MR-00611,60,comp3,2015-06-14 06:00:00,2015-06-14 06:00:00,observed_replacement_demand,LOT-00046,1,completed,assumption:synthetic_operations_v1;demand=PdM_maint.csv,2015-06-14 06:00:00,1
MR-00612,85,comp2,2015-06-14 06:00:00,2015-06-14 06:00:00,observed_replacement_demand,LOT-00045,1,completed,assumption:synthetic_operations_v1;demand=PdM_maint.csv,2015-06-14 06:00:00,1
MR-00613,98,comp2,2015-06-14 06:00:00,2015-06-14 06:00:00,observed_replacement_demand,LOT-00045,1,completed,assumption:synthetic_operations_v1;demand=PdM_maint.csv,2015-06-14 06:00:00,1
MR-00614,14,comp4,2015-06-15 06:00:00,2015-06-15 06:00:00,observed_replacement_demand,LOT-00048,1,completed,assumption:synthetic_operations_v1;demand=PdM_maint.csv,2015-06-15 06:00:00,1
MR-00615,17,comp3,2015-06-15 06:00:00,2015-06-15 06:00:00,observed_replacement_demand,LOT-00046,1,completed,assumption:synthetic_operations_v1;demand=PdM_maint.csv,2015-06-15 06:00:00,1
MR-00616,28,comp2,2015-06-15 06:00:00,2015-06-15 06:00:00,observed_replacement_demand,LOT-00045,1,completed,assumption:synthetic_operations_v1;demand=PdM_maint.csv,2015-06-15 06:00:00,1
MR-00617,28,comp3,2015-06-15 06:00:00,2015-06-15 06:00:00,observed_replacement_demand,LOT-00046,1,completed,assumption:synthetic_operations_v1;demand=PdM_maint.csv,2015-06-15 06:00:00,1
MR-00618,33,comp4,2015-06-15 06:00:00,2015-06-15 06:00:00,observed_replacement_demand,LOT-00048,1,completed,assumption:synthetic_operations_v1;demand=PdM_maint.csv,2015-06-15 06:00:00,1
MR-00619,34,comp4,2015-06-15 06:00:00,2015-06-15 06:00:00,observed_replacement_demand,LOT-00048,1,completed,assumption:synthetic_operations_v1;demand=PdM_maint.csv,2015-06-15 06:00:00,1
MR-00620,39,comp2,2015-06-15 06:00:00,2015-06-17 06:00:00,observed_replacement_demand,LOT-00049,1,completed,assumption:synthetic_operations_v1;demand=PdM_maint.csv,2015-06-15 06:00:00,1
MR-00621,51,comp1,2015-06-15 06:00:00,2015-06-15 06:00:00,observed_replacement_demand,LOT-00051,1,completed,assumption:synthetic_operations_v1;demand=PdM_maint.csv,2015-06-15 06:00:00,1
MR-00622,58,comp4,2015-06-15 06:00:00,2015-06-15 06:00:00,observed_replacement_demand,LOT-00048,1,completed,assumption:synthetic_operations_v1;demand=PdM_maint.csv,2015-06-15 06:00:00,1
MR-00623,65,comp3,2015-06-15 06:00:00,2015-06-15 06:00:00,observed_replacement_demand,LOT-00046,1,completed,assumption:synthetic_operations_v1;demand=PdM_maint.csv,2015-06-15 06:00:00,1
MR-00624,67,comp1,2015-06-15 06:00:00,2015-06-15 06:00:00,observed_replacement_demand,LOT-00051,1,completed,assumption:synthetic_operations_v1;demand=PdM_maint.csv,2015-06-15 06:00:00,1
MR-00625,67,comp2,2015-06-15 06:00:00,2015-06-17 06:00:00,observed_replacement_demand,LOT-00049,1,completed,assumption:synthetic_operations_v1;demand=PdM_maint.csv,2015-06-15 06:00:00,1
MR-00626,83,comp2,2015-06-15 06:00:00,2015-06-17 06:00:00,observed_replacement_demand,LOT-00049,1,completed,assumption:synthetic_operations_v1;demand=PdM_maint.csv,2015-06-15 06:00:00,1
MR-00627,83,comp3,2015-06-15 06:00:00,2015-06-15 06:00:00,observed_replacement_demand,LOT-00046,1,completed,assumption:synthetic_operations_v1;demand=PdM_maint.csv,2015-06-15 06:00:00,1
MR-00628,93,comp2,2015-06-15 06:00:00,2015-06-17 06:00:00,observed_replacement_demand,LOT-00049,1,completed,assumption:synthetic_operations_v1;demand=PdM_maint.csv,2015-06-15 06:00:00,1
MR-00629,4,comp4,2015-06-16 06:00:00,2015-06-21 06:00:00,observed_replacement_demand,LOT-00053,1,completed,assumption:synthetic_operations_v1;demand=PdM_maint.csv,2015-06-16 06:00:00,1
MR-00630,16,comp1,2015-06-16 06:00:00,2015-06-16 06:00:00,observed_replacement_demand,LOT-00051,1,completed,assumption:synthetic_operations_v1;demand=PdM_maint.csv,2015-06-16 06:00:00,1
MR-00631,24,comp1,2015-06-16 06:00:00,2015-06-16 06:00:00,observed_replacement_demand,LOT-00051,1,completed,assumption:synthetic_operations_v1;demand=PdM_maint.csv,2015-06-16 06:00:00,1
MR-00632,29,comp1,2015-06-16 06:00:00,2015-06-16 06:00:00,observed_replacement_demand,LOT-00051,1,completed,assumption:synthetic_operations_v1;demand=PdM_maint.csv,2015-06-16 06:00:00,1
MR-00633,38,comp4,2015-06-16 06:00:00,2015-06-21 06:00:00,observed_replacement_demand,LOT-00053,1,completed,assumption:synthetic_operations_v1;demand=PdM_maint.csv,2015-06-16 06:00:00,1
MR-00634,41,comp3,2015-06-16 06:00:00,2015-06-16 06:00:00,observed_replacement_demand,LOT-00046,1,completed,assumption:synthetic_operations_v1;demand=PdM_maint.csv,2015-06-16 06:00:00,1
MR-00635,41,comp4,2015-06-16 06:00:00,2015-06-21 06:00:00,observed_replacement_demand,LOT-00053,1,completed,assumption:synthetic_operations_v1;demand=PdM_maint.csv,2015-06-16 06:00:00,1
MR-00636,68,comp1,2015-06-16 06:00:00,2015-06-16 06:00:00,observed_replacement_demand,LOT-00051,1,completed,assumption:synthetic_operations_v1;demand=PdM_maint.csv,2015-06-16 06:00:00,1
MR-00637,73,comp3,2015-06-16 06:00:00,2015-06-16 06:00:00,observed_replacement_demand,LOT-00046,1,completed,assumption:synthetic_operations_v1;demand=PdM_maint.csv,2015-06-16 06:00:00,1
MR-00638,79,comp2,2015-06-16 06:00:00,2015-06-17 06:00:00,observed_replacement_demand,LOT-00049,1,completed,assumption:synthetic_operations_v1;demand=PdM_maint.csv,2015-06-16 06:00:00,1
MR-00639,79,comp3,2015-06-16 06:00:00,2015-06-16 06:00:00,observed_replacement_demand,LOT-00046,1,completed,assumption:synthetic_operations_v1;demand=PdM_maint.csv,2015-06-16 06:00:00,1
MR-00640,81,comp2,2015-06-16 06:00:00,2015-06-17 06:00:00,observed_replacement_demand,LOT-00049,1,completed,assumption:synthetic_operations_v1;demand=PdM_maint.csv,2015-06-16 06:00:00,1
MR-00641,81,comp4,2015-06-16 06:00:00,2015-06-21 06:00:00,observed_replacement_demand,LOT-00053,1,completed,assumption:synthetic_operations_v1;demand=PdM_maint.csv,2015-06-16 06:00:00,1
MR-00642,91,comp1,2015-06-16 06:00:00,2015-06-16 06:00:00,observed_replacement_demand,LOT-00051,1,completed,assumption:synthetic_operations_v1;demand=PdM_maint.csv,2015-06-16 06:00:00,1
MR-00643,2,comp2,2015-06-17 06:00:00,2015-06-17 06:00:00,observed_replacement_demand,LOT-00049,1,completed,assumption:synthetic_operations_v1;demand=PdM_maint.csv,2015-06-17 06:00:00,1
MR-00644,2,comp4,2015-06-17 06:00:00,2015-06-21 06:00:00,observed_replacement_demand,LOT-00053,1,completed,assumption:synthetic_operations_v1;demand=PdM_maint.csv,2015-06-17 06:00:00,1
MR-00645,9,comp2,2015-06-17 06:00:00,2015-06-17 06:00:00,observed_replacement_demand,LOT-00049,1,completed,assumption:synthetic_operations_v1;demand=PdM_maint.csv,2015-06-17 06:00:00,1
MR-00646,9,comp3,2015-06-17 06:00:00,2015-06-17 06:00:00,observed_replacement_demand,LOT-00046,1,completed,assumption:synthetic_operations_v1;demand=PdM_maint.csv,2015-06-17 06:00:00,1
MR-00647,76,comp1,2015-06-17 06:00:00,2015-06-17 06:00:00,observed_replacement_demand,LOT-00051,1,completed,assumption:synthetic_operations_v1;demand=PdM_maint.csv,2015-06-17 06:00:00,1
MR-00648,96,comp4,2015-06-17 06:00:00,2015-06-21 06:00:00,observed_replacement_demand,LOT-00053,1,completed,assumption:synthetic_operations_v1;demand=PdM_maint.csv,2015-06-17 06:00:00,1
MR-00649,99,comp1,2015-06-17 06:00:00,2015-06-17 06:00:00,observed_replacement_demand,LOT-00051,1,completed,assumption:synthetic_operations_v1;demand=PdM_maint.csv,2015-06-17 06:00:00,1
MR-00650,10,comp2,2015-06-18 06:00:00,2015-06-18 06:00:00,observed_replacement_demand,LOT-00049,1,completed,assumption:synthetic_operations_v1;demand=PdM_maint.csv,2015-06-18 06:00:00,1
MR-00651,10,comp3,2015-06-18 06:00:00,2015-06-18 06:00:00,observed_replacement_demand,LOT-00046,1,completed,assumption:synthetic_operations_v1;demand=PdM_maint.csv,2015-06-18 06:00:00,1
MR-00652,20,comp2,2015-06-18 06:00:00,2015-06-18 06:00:00,observed_replacement_demand,LOT-00049,1,completed,assumption:synthetic_operations_v1;demand=PdM_maint.csv,2015-06-18 06:00:00,1
MR-00653,25,comp1,2015-06-18 06:00:00,2015-06-18 06:00:00,observed_replacement_demand,LOT-00051,1,completed,assumption:synthetic_operations_v1;demand=PdM_maint.csv,2015-06-18 06:00:00,1
MR-00654,37,comp1,2015-06-18 06:00:00,2015-06-18 06:00:00,observed_replacement_demand,LOT-00051,1,completed,assumption:synthetic_operations_v1;demand=PdM_maint.csv,2015-06-18 06:00:00,1
MR-00655,40,comp2,2015-06-18 06:00:00,2015-06-18 06:00:00,observed_replacement_demand,LOT-00049,1,completed,assumption:synthetic_operations_v1;demand=PdM_maint.csv,2015-06-18 06:00:00,1
MR-00656,52,comp2,2015-06-18 06:00:00,2015-06-18 06:00:00,observed_replacement_demand,LOT-00049,1,completed,assumption:synthetic_operations_v1;demand=PdM_maint.csv,2015-06-18 06:00:00,1
MR-00657,88,comp3,2015-06-18 06:00:00,2015-06-18 06:00:00,observed_replacement_demand,LOT-00046,1,completed,assumption:synthetic_operations_v1;demand=PdM_maint.csv,2015-06-18 06:00:00,1
MR-00658,1,comp1,2015-06-19 06:00:00,2015-06-19 06:00:00,observed_replacement_demand,LOT-00051,1,completed,assumption:synthetic_operations_v1;demand=PdM_maint.csv,2015-06-19 06:00:00,1
MR-00659,1,comp4,2015-06-19 06:00:00,2015-06-21 06:00:00,observed_replacement_demand,LOT-00053,1,completed,assumption:synthetic_operations_v1;demand=PdM_maint.csv,2015-06-19 06:00:00,1
MR-00660,11,comp3,2015-06-19 06:00:00,2015-06-19 06:00:00,observed_replacement_demand,LOT-00046,1,completed,assumption:synthetic_operations_v1;demand=PdM_maint.csv,2015-06-19 06:00:00,1
MR-00661,15,comp1,2015-06-19 06:00:00,2015-06-19 06:00:00,observed_replacement_demand,LOT-00051,1,completed,assumption:synthetic_operations_v1;demand=PdM_maint.csv,2015-06-19 06:00:00,1
MR-00662,15,comp2,2015-06-19 06:00:00,2015-06-19 06:00:00,observed_replacement_demand,LOT-00049,1,completed,assumption:synthetic_operations_v1;demand=PdM_maint.csv,2015-06-19 06:00:00,1
MR-00663,23,comp3,2015-06-19 06:00:00,2015-06-19 06:00:00,observed_replacement_demand,LOT-00050,1,completed,assumption:synthetic_operations_v1;demand=PdM_maint.csv,2015-06-19 06:00:00,1
MR-00664,59,comp2,2015-06-19 06:00:00,2015-06-19 06:00:00,observed_replacement_demand,LOT-00049,1,completed,assumption:synthetic_operations_v1;demand=PdM_maint.csv,2015-06-19 06:00:00,1
MR-00665,59,comp4,2015-06-19 06:00:00,2015-06-21 06:00:00,observed_replacement_demand,LOT-00053,1,completed,assumption:synthetic_operations_v1;demand=PdM_maint.csv,2015-06-19 06:00:00,1
MR-00666,64,comp4,2015-06-19 06:00:00,2015-06-21 06:00:00,observed_replacement_demand,LOT-00053,1,completed,assumption:synthetic_operations_v1;demand=PdM_maint.csv,2015-06-19 06:00:00,1
MR-00667,69,comp1,2015-06-19 06:00:00,2015-06-19 06:00:00,observed_replacement_demand,LOT-00051,1,completed,assumption:synthetic_operations_v1;demand=PdM_maint.csv,2015-06-19 06:00:00,1
MR-00668,84,comp3,2015-06-19 06:00:00,2015-06-19 06:00:00,observed_replacement_demand,LOT-00050,1,completed,assumption:synthetic_operations_v1;demand=PdM_maint.csv,2015-06-19 06:00:00,1
MR-00669,84,comp4,2015-06-19 06:00:00,2015-06-21 06:00:00,observed_replacement_demand,LOT-00053,1,completed,assumption:synthetic_operations_v1;demand=PdM_maint.csv,2015-06-19 06:00:00,1
MR-00670,90,comp2,2015-06-19 06:00:00,2015-06-19 06:00:00,observed_replacement_demand,LOT-00049,1,completed,assumption:synthetic_operations_v1;demand=PdM_maint.csv,2015-06-19 06:00:00,1
MR-00671,92,comp4,2015-06-19 06:00:00,2015-06-21 06:00:00,observed_replacement_demand,LOT-00053,1,completed,assumption:synthetic_operations_v1;demand=PdM_maint.csv,2015-06-19 06:00:00,1
MR-00672,95,comp3,2015-06-19 06:00:00,2015-06-19 06:00:00,observed_replacement_demand,LOT-00050,1,completed,assumption:synthetic_operations_v1;demand=PdM_maint.csv,2015-06-19 06:00:00,1
MR-00673,8,comp2,2015-06-20 06:00:00,2015-06-20 06:00:00,observed_replacement_demand,LOT-00049,1,completed,assumption:synthetic_operations_v1;demand=PdM_maint.csv,2015-06-20 06:00:00,1
MR-00674,8,comp3,2015-06-20 06:00:00,2015-06-20 06:00:00,observed_replacement_demand,LOT-00050,1,completed,assumption:synthetic_operations_v1;demand=PdM_maint.csv,2015-06-20 06:00:00,1
MR-00675,26,comp3,2015-06-20 06:00:00,2015-06-20 06:00:00,observed_replacement_demand,LOT-00050,1,completed,assumption:synthetic_operations_v1;demand=PdM_maint.csv,2015-06-20 06:00:00,1
MR-00676,26,comp4,2015-06-20 06:00:00,2015-06-21 06:00:00,observed_replacement_demand,LOT-00053,1,completed,assumption:synthetic_operations_v1;demand=PdM_maint.csv,2015-06-20 06:00:00,1
MR-00677,35,comp4,2015-06-20 06:00:00,2015-06-21 06:00:00,observed_replacement_demand,LOT-00053,1,completed,assumption:synthetic_operations_v1;demand=PdM_maint.csv,2015-06-20 06:00:00,1
MR-00678,42,comp2,2015-06-20 06:00:00,2015-06-20 06:00:00,observed_replacement_demand,LOT-00049,1,completed,assumption:synthetic_operations_v1;demand=PdM_maint.csv,2015-06-20 06:00:00,1
MR-00679,42,comp3,2015-06-20 06:00:00,2015-06-20 06:00:00,observed_replacement_demand,LOT-00050,1,completed,assumption:synthetic_operations_v1;demand=PdM_maint.csv,2015-06-20 06:00:00,1
MR-00680,43,comp2,2015-06-20 06:00:00,2015-06-20 06:00:00,observed_replacement_demand,LOT-00049,1,completed,assumption:synthetic_operations_v1;demand=PdM_maint.csv,2015-06-20 06:00:00,1
MR-00681,55,comp1,2015-06-20 06:00:00,2015-06-20 06:00:00,observed_replacement_demand,LOT-00051,1,completed,assumption:synthetic_operations_v1;demand=PdM_maint.csv,2015-06-20 06:00:00,1
MR-00682,78,comp2,2015-06-20 06:00:00,2015-06-20 06:00:00,observed_replacement_demand,LOT-00049,1,completed,assumption:synthetic_operations_v1;demand=PdM_maint.csv,2015-06-20 06:00:00,1
MR-00683,3,comp3,2015-06-21 06:00:00,2015-06-21 06:00:00,observed_replacement_demand,LOT-00050,1,completed,assumption:synthetic_operations_v1;demand=PdM_maint.csv,2015-06-21 06:00:00,1
MR-00684,3,comp4,2015-06-21 06:00:00,2015-06-21 06:00:00,observed_replacement_demand,LOT-00053,1,completed,assumption:synthetic_operations_v1;demand=PdM_maint.csv,2015-06-21 06:00:00,1
MR-00685,6,comp1,2015-06-21 06:00:00,2015-06-23 06:00:00,observed_replacement_demand,LOT-00055,1,completed,assumption:synthetic_operations_v1;demand=PdM_maint.csv,2015-06-21 06:00:00,1
MR-00686,22,comp1,2015-06-21 06:00:00,2015-06-23 06:00:00,observed_replacement_demand,LOT-00055,1,completed,assumption:synthetic_operations_v1;demand=PdM_maint.csv,2015-06-21 06:00:00,1
MR-00687,22,comp4,2015-06-21 06:00:00,2015-06-21 06:00:00,observed_replacement_demand,LOT-00053,1,completed,assumption:synthetic_operations_v1;demand=PdM_maint.csv,2015-06-21 06:00:00,1
MR-00688,31,comp1,2015-06-21 06:00:00,2015-06-23 06:00:00,observed_replacement_demand,LOT-00055,1,completed,assumption:synthetic_operations_v1;demand=PdM_maint.csv,2015-06-21 06:00:00,1
MR-00689,31,comp4,2015-06-21 06:00:00,2015-06-21 06:00:00,observed_replacement_demand,LOT-00053,1,completed,assumption:synthetic_operations_v1;demand=PdM_maint.csv,2015-06-21 06:00:00,1
MR-00690,36,comp2,2015-06-21 06:00:00,2015-06-21 06:00:00,observed_replacement_demand,LOT-00049,1,completed,assumption:synthetic_operations_v1;demand=PdM_maint.csv,2015-06-21 06:00:00,1
MR-00691,36,comp3,2015-06-21 06:00:00,2015-06-21 06:00:00,observed_replacement_demand,LOT-00050,1,completed,assumption:synthetic_operations_v1;demand=PdM_maint.csv,2015-06-21 06:00:00,1
MR-00692,45,comp3,2015-06-21 06:00:00,2015-06-21 06:00:00,observed_replacement_demand,LOT-00050,1,completed,assumption:synthetic_operations_v1;demand=PdM_maint.csv,2015-06-21 06:00:00,1
MR-00693,75,comp3,2015-06-21 06:00:00,2015-06-21 06:00:00,observed_replacement_demand,LOT-00050,1,completed,assumption:synthetic_operations_v1;demand=PdM_maint.csv,2015-06-21 06:00:00,1
MR-00694,21,comp2,2015-06-22 06:00:00,2015-06-22 06:00:00,observed_replacement_demand,LOT-00049,1,completed,assumption:synthetic_operations_v1;demand=PdM_maint.csv,2015-06-22 06:00:00,1
MR-00695,46,comp1,2015-06-22 06:00:00,2015-06-23 06:00:00,observed_replacement_demand,LOT-00055,1,completed,assumption:synthetic_operations_v1;demand=PdM_maint.csv,2015-06-22 06:00:00,1
MR-00696,46,comp3,2015-06-22 06:00:00,2015-06-22 06:00:00,observed_replacement_demand,LOT-00052,1,completed,assumption:synthetic_operations_v1;demand=PdM_maint.csv,2015-06-22 06:00:00,1
MR-00697,57,comp2,2015-06-22 06:00:00,2015-06-22 06:00:00,observed_replacement_demand,LOT-00049,1,completed,assumption:synthetic_operations_v1;demand=PdM_maint.csv,2015-06-22 06:00:00,1
MR-00698,72,comp2,2015-06-22 06:00:00,2015-06-22 06:00:00,observed_replacement_demand,LOT-00049,1,completed,assumption:synthetic_operations_v1;demand=PdM_maint.csv,2015-06-22 06:00:00,1
MR-00699,74,comp2,2015-06-22 06:00:00,2015-06-22 06:00:00,observed_replacement_demand,LOT-00049,1,completed,assumption:synthetic_operations_v1;demand=PdM_maint.csv,2015-06-22 06:00:00,1
MR-00700,74,comp3,2015-06-22 06:00:00,2015-06-22 06:00:00,observed_replacement_demand,LOT-00052,1,completed,assumption:synthetic_operations_v1;demand=PdM_maint.csv,2015-06-22 06:00:00,1
MR-00701,86,comp1,2015-06-22 06:00:00,2015-06-23 06:00:00,observed_replacement_demand,LOT-00055,1,completed,assumption:synthetic_operations_v1;demand=PdM_maint.csv,2015-06-22 06:00:00,1
MR-00702,89,comp1,2015-06-22 06:00:00,2015-06-23 06:00:00,observed_replacement_demand,LOT-00055,1,completed,assumption:synthetic_operations_v1;demand=PdM_maint.csv,2015-06-22 06:00:00,1
MR-00703,89,comp4,2015-06-22 06:00:00,2015-06-22 06:00:00,observed_replacement_demand,LOT-00053,1,completed,assumption:synthetic_operations_v1;demand=PdM_maint.csv,2015-06-22 06:00:00,1
MR-00704,94,comp4,2015-06-22 06:00:00,2015-06-27 06:00:00,observed_replacement_demand,LOT-00057,1,completed,assumption:synthetic_operations_v1;demand=PdM_maint.csv,2015-06-22 06:00:00,1
MR-00705,5,comp2,2015-06-23 06:00:00,2015-06-23 06:00:00,observed_replacement_demand,LOT-00049,1,completed,assumption:synthetic_operations_v1;demand=PdM_maint.csv,2015-06-23 06:00:00,1
MR-00706,7,comp3,2015-06-23 06:00:00,2015-06-23 06:00:00,observed_replacement_demand,LOT-00052,1,completed,assumption:synthetic_operations_v1;demand=PdM_maint.csv,2015-06-23 06:00:00,1
MR-00707,30,comp2,2015-06-23 06:00:00,2015-06-23 06:00:00,observed_replacement_demand,LOT-00049,1,completed,assumption:synthetic_operations_v1;demand=PdM_maint.csv,2015-06-23 06:00:00,1
MR-00708,30,comp3,2015-06-23 06:00:00,2015-06-23 06:00:00,observed_replacement_demand,LOT-00052,1,completed,assumption:synthetic_operations_v1;demand=PdM_maint.csv,2015-06-23 06:00:00,1
MR-00709,47,comp3,2015-06-23 06:00:00,2015-06-23 06:00:00,observed_replacement_demand,LOT-00052,1,completed,assumption:synthetic_operations_v1;demand=PdM_maint.csv,2015-06-23 06:00:00,1
MR-00710,27,comp2,2015-06-24 06:00:00,2015-06-24 06:00:00,observed_replacement_demand,LOT-00049,1,completed,assumption:synthetic_operations_v1;demand=PdM_maint.csv,2015-06-24 06:00:00,1
MR-00711,27,comp4,2015-06-24 06:00:00,2015-06-27 06:00:00,observed_replacement_demand,LOT-00057,1,completed,assumption:synthetic_operations_v1;demand=PdM_maint.csv,2015-06-24 06:00:00,1
MR-00712,32,comp2,2015-06-24 06:00:00,2015-06-26 06:00:00,observed_replacement_demand,LOT-00054,1,completed,assumption:synthetic_operations_v1;demand=PdM_maint.csv,2015-06-24 06:00:00,1
MR-00713,32,comp4,2015-06-24 06:00:00,2015-06-27 06:00:00,observed_replacement_demand,LOT-00057,1,completed,assumption:synthetic_operations_v1;demand=PdM_maint.csv,2015-06-24 06:00:00,1
MR-00714,13,comp3,2015-06-25 06:00:00,2015-06-25 06:00:00,observed_replacement_demand,LOT-00052,1,completed,assumption:synthetic_operations_v1;demand=PdM_maint.csv,2015-06-25 06:00:00,1
MR-00715,13,comp4,2015-06-25 06:00:00,2015-06-27 06:00:00,observed_replacement_demand,LOT-00057,1,completed,assumption:synthetic_operations_v1;demand=PdM_maint.csv,2015-06-25 06:00:00,1
MR-00716,71,comp1,2015-06-25 06:00:00,2015-06-25 06:00:00,observed_replacement_demand,LOT-00055,1,completed,assumption:synthetic_operations_v1;demand=PdM_maint.csv,2015-06-25 06:00:00,1
MR-00717,71,comp3,2015-06-25 06:00:00,2015-06-25 06:00:00,observed_replacement_demand,LOT-00052,1,completed,assumption:synthetic_operations_v1;demand=PdM_maint.csv,2015-06-25 06:00:00,1
MR-00718,77,comp3,2015-06-25 06:00:00,2015-06-25 06:00:00,observed_replacement_demand,LOT-00052,1,completed,assumption:synthetic_operations_v1;demand=PdM_maint.csv,2015-06-25 06:00:00,1
MR-00719,87,comp3,2015-06-26 06:00:00,2015-06-26 06:00:00,observed_replacement_demand,LOT-00052,1,completed,assumption:synthetic_operations_v1;demand=PdM_maint.csv,2015-06-26 06:00:00,1
MR-00720,19,comp2,2015-06-27 06:00:00,2015-06-27 06:00:00,observed_replacement_demand,LOT-00054,1,completed,assumption:synthetic_operations_v1;demand=PdM_maint.csv,2015-06-27 06:00:00,1
MR-00721,19,comp4,2015-06-27 06:00:00,2015-06-27 06:00:00,observed_replacement_demand,LOT-00057,1,completed,assumption:synthetic_operations_v1;demand=PdM_maint.csv,2015-06-27 06:00:00,1
MR-00722,53,comp2,2015-06-27 06:00:00,2015-06-27 06:00:00,observed_replacement_demand,LOT-00054,1,completed,assumption:synthetic_operations_v1;demand=PdM_maint.csv,2015-06-27 06:00:00,1
MR-00723,61,comp1,2015-06-27 06:00:00,2015-06-27 06:00:00,observed_replacement_demand,LOT-00055,1,completed,assumption:synthetic_operations_v1;demand=PdM_maint.csv,2015-06-27 06:00:00,1
MR-00724,61,comp2,2015-06-27 06:00:00,2015-06-27 06:00:00,observed_replacement_demand,LOT-00054,1,completed,assumption:synthetic_operations_v1;demand=PdM_maint.csv,2015-06-27 06:00:00,1
MR-00725,62,comp2,2015-06-27 06:00:00,2015-06-27 06:00:00,observed_replacement_demand,LOT-00054,1,completed,assumption:synthetic_operations_v1;demand=PdM_maint.csv,2015-06-27 06:00:00,1
MR-00726,62,comp4,2015-06-27 06:00:00,2015-06-27 06:00:00,observed_replacement_demand,LOT-00057,1,completed,assumption:synthetic_operations_v1;demand=PdM_maint.csv,2015-06-27 06:00:00,1
MR-00727,63,comp1,2015-06-27 06:00:00,2015-06-27 06:00:00,observed_replacement_demand,LOT-00055,1,completed,assumption:synthetic_operations_v1;demand=PdM_maint.csv,2015-06-27 06:00:00,1
MR-00728,70,comp3,2015-06-27 06:00:00,2015-06-27 06:00:00,observed_replacement_demand,LOT-00052,1,completed,assumption:synthetic_operations_v1;demand=PdM_maint.csv,2015-06-27 06:00:00,1
MR-00729,80,comp1,2015-06-27 06:00:00,2015-06-27 06:00:00,observed_replacement_demand,LOT-00055,1,completed,assumption:synthetic_operations_v1;demand=PdM_maint.csv,2015-06-27 06:00:00,1
MR-00730,80,comp3,2015-06-27 06:00:00,2015-06-27 06:00:00,observed_replacement_demand,LOT-00052,1,completed,assumption:synthetic_operations_v1;demand=PdM_maint.csv,2015-06-27 06:00:00,1
MR-00731,82,comp1,2015-06-27 06:00:00,2015-06-27 06:00:00,observed_replacement_demand,LOT-00055,1,completed,assumption:synthetic_operations_v1;demand=PdM_maint.csv,2015-06-27 06:00:00,1
MR-00732,100,comp3,2015-06-27 06:00:00,2015-06-27 06:00:00,observed_replacement_demand,LOT-00052,1,completed,assumption:synthetic_operations_v1;demand=PdM_maint.csv,2015-06-27 06:00:00,1
MR-00733,56,comp3,2015-06-28 06:00:00,2015-06-28 06:00:00,observed_replacement_demand,LOT-00052,1,completed,assumption:synthetic_operations_v1;demand=PdM_maint.csv,2015-06-28 06:00:00,1
MR-00734,18,comp2,2015-06-29 06:00:00,2015-06-29 06:00:00,observed_replacement_demand,LOT-00054,1,completed,assumption:synthetic_operations_v1;demand=PdM_maint.csv,2015-06-29 06:00:00,1
MR-00735,44,comp1,2015-06-29 06:00:00,2015-06-29 06:00:00,observed_replacement_demand,LOT-00055,1,completed,assumption:synthetic_operations_v1;demand=PdM_maint.csv,2015-06-29 06:00:00,1
MR-00736,44,comp2,2015-06-29 06:00:00,2015-06-29 06:00:00,observed_replacement_demand,LOT-00054,1,completed,assumption:synthetic_operations_v1;demand=PdM_maint.csv,2015-06-29 06:00:00,1
MR-00737,49,comp1,2015-06-29 06:00:00,2015-06-29 06:00:00,observed_replacement_demand,LOT-00055,1,completed,assumption:synthetic_operations_v1;demand=PdM_maint.csv,2015-06-29 06:00:00,1
MR-00738,49,comp2,2015-06-29 06:00:00,2015-06-29 06:00:00,observed_replacement_demand,LOT-00054,1,completed,assumption:synthetic_operations_v1;demand=PdM_maint.csv,2015-06-29 06:00:00,1
MR-00739,50,comp4,2015-06-29 06:00:00,2015-06-29 06:00:00,observed_replacement_demand,LOT-00057,1,completed,assumption:synthetic_operations_v1;demand=PdM_maint.csv,2015-06-29 06:00:00,1
MR-00740,54,comp3,2015-06-29 06:00:00,2015-06-29 06:00:00,observed_replacement_demand,LOT-00052,1,completed,assumption:synthetic_operations_v1;demand=PdM_maint.csv,2015-06-29 06:00:00,1
MR-00741,60,comp1,2015-06-29 06:00:00,2015-06-29 06:00:00,observed_replacement_demand,LOT-00055,1,completed,assumption:synthetic_operations_v1;demand=PdM_maint.csv,2015-06-29 06:00:00,1
MR-00742,85,comp1,2015-06-29 06:00:00,2015-06-29 06:00:00,observed_replacement_demand,LOT-00055,1,completed,assumption:synthetic_operations_v1;demand=PdM_maint.csv,2015-06-29 06:00:00,1
MR-00743,85,comp3,2015-06-29 06:00:00,2015-06-29 06:00:00,observed_replacement_demand,LOT-00058,1,completed,assumption:synthetic_operations_v1;demand=PdM_maint.csv,2015-06-29 06:00:00,1
MR-00744,98,comp1,2015-06-29 06:00:00,2015-06-29 06:00:00,observed_replacement_demand,LOT-00055,1,completed,assumption:synthetic_operations_v1;demand=PdM_maint.csv,2015-06-29 06:00:00,1
MR-00745,98,comp4,2015-06-29 06:00:00,2015-06-29 06:00:00,observed_replacement_demand,LOT-00057,1,completed,assumption:synthetic_operations_v1;demand=PdM_maint.csv,2015-06-29 06:00:00,1
MR-00746,14,comp3,2015-06-30 06:00:00,2015-06-30 06:00:00,observed_replacement_demand,LOT-00058,1,completed,assumption:synthetic_operations_v1;demand=PdM_maint.csv,2015-06-30 06:00:00,1
MR-00747,28,comp4,2015-06-30 06:00:00,2015-06-30 06:00:00,observed_replacement_demand,LOT-00057,1,completed,assumption:synthetic_operations_v1;demand=PdM_maint.csv,2015-06-30 06:00:00,1
MR-00748,39,comp2,2015-06-30 06:00:00,2015-06-30 06:00:00,observed_replacement_demand,LOT-00054,1,completed,assumption:synthetic_operations_v1;demand=PdM_maint.csv,2015-06-30 06:00:00,1
MR-00749,51,comp1,2015-06-30 06:00:00,2015-06-30 06:00:00,observed_replacement_demand,LOT-00059,1,completed,assumption:synthetic_operations_v1;demand=PdM_maint.csv,2015-06-30 06:00:00,1
MR-00750,51,comp2,2015-06-30 06:00:00,2015-06-30 06:00:00,observed_replacement_demand,LOT-00054,1,completed,assumption:synthetic_operations_v1;demand=PdM_maint.csv,2015-06-30 06:00:00,1
MR-00751,58,comp2,2015-06-30 06:00:00,2015-06-30 06:00:00,observed_replacement_demand,LOT-00054,1,completed,assumption:synthetic_operations_v1;demand=PdM_maint.csv,2015-06-30 06:00:00,1
MR-00752,58,comp4,2015-06-30 06:00:00,2015-06-30 06:00:00,observed_replacement_demand,LOT-00057,1,completed,assumption:synthetic_operations_v1;demand=PdM_maint.csv,2015-06-30 06:00:00,1
MR-00753,65,comp4,2015-06-30 06:00:00,2015-06-30 06:00:00,observed_replacement_demand,LOT-00057,1,completed,assumption:synthetic_operations_v1;demand=PdM_maint.csv,2015-06-30 06:00:00,1
MR-00754,67,comp3,2015-06-30 06:00:00,2015-06-30 06:00:00,observed_replacement_demand,LOT-00058,1,completed,assumption:synthetic_operations_v1;demand=PdM_maint.csv,2015-06-30 06:00:00,1
MR-00755,83,comp2,2015-06-30 06:00:00,2015-06-30 06:00:00,observed_replacement_demand,LOT-00054,1,completed,assumption:synthetic_operations_v1;demand=PdM_maint.csv,2015-06-30 06:00:00,1
MR-00756,83,comp3,2015-06-30 06:00:00,2015-06-30 06:00:00,observed_replacement_demand,LOT-00058,1,completed,assumption:synthetic_operations_v1;demand=PdM_maint.csv,2015-06-30 06:00:00,1
MR-00757,93,comp1,2015-06-30 06:00:00,2015-06-30 06:00:00,observed_replacement_demand,LOT-00059,1,completed,assumption:synthetic_operations_v1;demand=PdM_maint.csv,2015-06-30 06:00:00,1
MR-00758,93,comp3,2015-06-30 06:00:00,2015-06-30 06:00:00,observed_replacement_demand,LOT-00058,1,completed,assumption:synthetic_operations_v1;demand=PdM_maint.csv,2015-06-30 06:00:00,1
MR-00759,4,comp1,2015-07-01 06:00:00,2015-07-01 06:00:00,observed_replacement_demand,LOT-00059,1,completed,assumption:synthetic_operations_v1;demand=PdM_maint.csv,2015-07-01 06:00:00,1
MR-00760,16,comp2,2015-07-01 06:00:00,2015-07-01 06:00:00,observed_replacement_demand,LOT-00054,1,completed,assumption:synthetic_operations_v1;demand=PdM_maint.csv,2015-07-01 06:00:00,1
MR-00761,16,comp3,2015-07-01 06:00:00,2015-07-01 06:00:00,observed_replacement_demand,LOT-00058,1,completed,assumption:synthetic_operations_v1;demand=PdM_maint.csv,2015-07-01 06:00:00,1
MR-00762,24,comp3,2015-07-01 06:00:00,2015-07-01 06:00:00,observed_replacement_demand,LOT-00058,1,completed,assumption:synthetic_operations_v1;demand=PdM_maint.csv,2015-07-01 06:00:00,1
MR-00763,29,comp1,2015-07-01 06:00:00,2015-07-01 06:00:00,observed_replacement_demand,LOT-00059,1,completed,assumption:synthetic_operations_v1;demand=PdM_maint.csv,2015-07-01 06:00:00,1
MR-00764,38,comp2,2015-07-01 06:00:00,2015-07-01 06:00:00,observed_replacement_demand,LOT-00054,1,completed,assumption:synthetic_operations_v1;demand=PdM_maint.csv,2015-07-01 06:00:00,1
MR-00765,41,comp3,2015-07-01 06:00:00,2015-07-01 06:00:00,observed_replacement_demand,LOT-00058,1,completed,assumption:synthetic_operations_v1;demand=PdM_maint.csv,2015-07-01 06:00:00,1
MR-00766,68,comp1,2015-07-01 06:00:00,2015-07-01 06:00:00,observed_replacement_demand,LOT-00059,1,completed,assumption:synthetic_operations_v1;demand=PdM_maint.csv,2015-07-01 06:00:00,1
MR-00767,68,comp4,2015-07-01 06:00:00,2015-07-01 06:00:00,observed_replacement_demand,LOT-00060,1,completed,assumption:synthetic_operations_v1;demand=PdM_maint.csv,2015-07-01 06:00:00,1
MR-00768,73,comp3,2015-07-01 06:00:00,2015-07-01 06:00:00,observed_replacement_demand,LOT-00058,1,completed,assumption:synthetic_operations_v1;demand=PdM_maint.csv,2015-07-01 06:00:00,1
MR-00769,79,comp1,2015-07-01 06:00:00,2015-07-01 06:00:00,observed_replacement_demand,LOT-00059,1,completed,assumption:synthetic_operations_v1;demand=PdM_maint.csv,2015-07-01 06:00:00,1
MR-00770,81,comp1,2015-07-01 06:00:00,2015-07-01 06:00:00,observed_replacement_demand,LOT-00059,1,completed,assumption:synthetic_operations_v1;demand=PdM_maint.csv,2015-07-01 06:00:00,1
MR-00771,81,comp3,2015-07-01 06:00:00,2015-07-01 06:00:00,observed_replacement_demand,LOT-00058,1,completed,assumption:synthetic_operations_v1;demand=PdM_maint.csv,2015-07-01 06:00:00,1
MR-00772,91,comp2,2015-07-01 06:00:00,2015-07-01 06:00:00,observed_replacement_demand,LOT-00054,1,completed,assumption:synthetic_operations_v1;demand=PdM_maint.csv,2015-07-01 06:00:00,1
MR-00773,2,comp2,2015-07-02 06:00:00,2015-07-02 06:00:00,observed_replacement_demand,LOT-00054,1,completed,assumption:synthetic_operations_v1;demand=PdM_maint.csv,2015-07-02 06:00:00,1
MR-00774,9,comp1,2015-07-02 06:00:00,2015-07-02 06:00:00,observed_replacement_demand,LOT-00059,1,completed,assumption:synthetic_operations_v1;demand=PdM_maint.csv,2015-07-02 06:00:00,1
MR-00775,9,comp3,2015-07-02 06:00:00,2015-07-02 06:00:00,observed_replacement_demand,LOT-00058,1,completed,assumption:synthetic_operations_v1;demand=PdM_maint.csv,2015-07-02 06:00:00,1
MR-00776,76,comp4,2015-07-02 06:00:00,2015-07-02 06:00:00,observed_replacement_demand,LOT-00060,1,completed,assumption:synthetic_operations_v1;demand=PdM_maint.csv,2015-07-02 06:00:00,1
MR-00777,96,comp2,2015-07-02 06:00:00,2015-07-02 06:00:00,observed_replacement_demand,LOT-00054,1,completed,assumption:synthetic_operations_v1;demand=PdM_maint.csv,2015-07-02 06:00:00,1
MR-00778,99,comp2,2015-07-02 06:00:00,2015-07-02 06:00:00,observed_replacement_demand,LOT-00054,1,completed,assumption:synthetic_operations_v1;demand=PdM_maint.csv,2015-07-02 06:00:00,1
MR-00779,99,comp4,2015-07-02 06:00:00,2015-07-02 06:00:00,observed_replacement_demand,LOT-00060,1,completed,assumption:synthetic_operations_v1;demand=PdM_maint.csv,2015-07-02 06:00:00,1
MR-00780,10,comp2,2015-07-03 06:00:00,2015-07-03 06:00:00,observed_replacement_demand,LOT-00054,1,completed,assumption:synthetic_operations_v1;demand=PdM_maint.csv,2015-07-03 06:00:00,1
MR-00781,20,comp2,2015-07-03 06:00:00,2015-07-03 06:00:00,observed_replacement_demand,LOT-00054,1,completed,assumption:synthetic_operations_v1;demand=PdM_maint.csv,2015-07-03 06:00:00,1
MR-00782,37,comp3,2015-07-03 06:00:00,2015-07-03 06:00:00,observed_replacement_demand,LOT-00063,1,completed,assumption:synthetic_operations_v1;demand=PdM_maint.csv,2015-07-03 06:00:00,1
MR-00783,40,comp1,2015-07-03 06:00:00,2015-07-03 06:00:00,observed_replacement_demand,LOT-00059,1,completed,assumption:synthetic_operations_v1;demand=PdM_maint.csv,2015-07-03 06:00:00,1
MR-00784,40,comp2,2015-07-03 06:00:00,2015-07-03 06:00:00,observed_replacement_demand,LOT-00056,1,completed,assumption:synthetic_operations_v1;demand=PdM_maint.csv,2015-07-03 06:00:00,1
MR-00785,52,comp2,2015-07-03 06:00:00,2015-07-03 06:00:00,observed_replacement_demand,LOT-00056,1,completed,assumption:synthetic_operations_v1;demand=PdM_maint.csv,2015-07-03 06:00:00,1
MR-00786,52,comp3,2015-07-03 06:00:00,2015-07-03 06:00:00,observed_replacement_demand,LOT-00063,1,completed,assumption:synthetic_operations_v1;demand=PdM_maint.csv,2015-07-03 06:00:00,1
MR-00787,66,comp4,2015-07-03 06:00:00,2015-07-03 06:00:00,observed_replacement_demand,LOT-00060,1,completed,assumption:synthetic_operations_v1;demand=PdM_maint.csv,2015-07-03 06:00:00,1
MR-00788,88,comp1,2015-07-03 06:00:00,2015-07-03 06:00:00,observed_replacement_demand,LOT-00059,1,completed,assumption:synthetic_operations_v1;demand=PdM_maint.csv,2015-07-03 06:00:00,1
MR-00789,1,comp2,2015-07-04 06:00:00,2015-07-04 06:00:00,observed_replacement_demand,LOT-00056,1,completed,assumption:synthetic_operations_v1;demand=PdM_maint.csv,2015-07-04 06:00:00,1
MR-00790,11,comp4,2015-07-04 06:00:00,2015-07-04 06:00:00,observed_replacement_demand,LOT-00060,1,completed,assumption:synthetic_operations_v1;demand=PdM_maint.csv,2015-07-04 06:00:00,1
MR-00791,23,comp1,2015-07-04 06:00:00,2015-07-04 06:00:00,observed_replacement_demand,LOT-00059,1,completed,assumption:synthetic_operations_v1;demand=PdM_maint.csv,2015-07-04 06:00:00,1
MR-00792,59,comp2,2015-07-04 06:00:00,2015-07-04 06:00:00,observed_replacement_demand,LOT-00056,1,completed,assumption:synthetic_operations_v1;demand=PdM_maint.csv,2015-07-04 06:00:00,1
MR-00793,64,comp4,2015-07-04 06:00:00,2015-07-04 06:00:00,observed_replacement_demand,LOT-00060,1,completed,assumption:synthetic_operations_v1;demand=PdM_maint.csv,2015-07-04 06:00:00,1
MR-00794,69,comp1,2015-07-04 06:00:00,2015-07-04 06:00:00,observed_replacement_demand,LOT-00059,1,completed,assumption:synthetic_operations_v1;demand=PdM_maint.csv,2015-07-04 06:00:00,1
MR-00795,84,comp1,2015-07-04 06:00:00,2015-07-04 06:00:00,observed_replacement_demand,LOT-00059,1,completed,assumption:synthetic_operations_v1;demand=PdM_maint.csv,2015-07-04 06:00:00,1
MR-00796,84,comp3,2015-07-04 06:00:00,2015-07-04 06:00:00,observed_replacement_demand,LOT-00063,1,completed,assumption:synthetic_operations_v1;demand=PdM_maint.csv,2015-07-04 06:00:00,1
MR-00797,90,comp2,2015-07-04 06:00:00,2015-07-04 06:00:00,observed_replacement_demand,LOT-00056,1,completed,assumption:synthetic_operations_v1;demand=PdM_maint.csv,2015-07-04 06:00:00,1
MR-00798,92,comp3,2015-07-04 06:00:00,2015-07-04 06:00:00,observed_replacement_demand,LOT-00063,1,completed,assumption:synthetic_operations_v1;demand=PdM_maint.csv,2015-07-04 06:00:00,1
MR-00799,95,comp2,2015-07-04 06:00:00,2015-07-04 06:00:00,observed_replacement_demand,LOT-00056,1,completed,assumption:synthetic_operations_v1;demand=PdM_maint.csv,2015-07-04 06:00:00,1
MR-00800,8,comp1,2015-07-05 06:00:00,2015-07-05 06:00:00,observed_replacement_demand,LOT-00059,1,completed,assumption:synthetic_operations_v1;demand=PdM_maint.csv,2015-07-05 06:00:00,1
MR-00801,26,comp1,2015-07-05 06:00:00,2015-07-05 06:00:00,observed_replacement_demand,LOT-00059,1,completed,assumption:synthetic_operations_v1;demand=PdM_maint.csv,2015-07-05 06:00:00,1
MR-00802,26,comp3,2015-07-05 06:00:00,2015-07-05 06:00:00,observed_replacement_demand,LOT-00063,1,completed,assumption:synthetic_operations_v1;demand=PdM_maint.csv,2015-07-05 06:00:00,1
MR-00803,35,comp3,2015-07-05 06:00:00,2015-07-05 06:00:00,observed_replacement_demand,LOT-00063,1,completed,assumption:synthetic_operations_v1;demand=PdM_maint.csv,2015-07-05 06:00:00,1
MR-00804,35,comp4,2015-07-05 06:00:00,2015-07-05 06:00:00,observed_replacement_demand,LOT-00060,1,completed,assumption:synthetic_operations_v1;demand=PdM_maint.csv,2015-07-05 06:00:00,1
MR-00805,42,comp1,2015-07-05 06:00:00,2015-07-05 06:00:00,observed_replacement_demand,LOT-00064,1,completed,assumption:synthetic_operations_v1;demand=PdM_maint.csv,2015-07-05 06:00:00,1
MR-00806,43,comp2,2015-07-05 06:00:00,2015-07-05 06:00:00,observed_replacement_demand,LOT-00056,1,completed,assumption:synthetic_operations_v1;demand=PdM_maint.csv,2015-07-05 06:00:00,1
MR-00807,55,comp3,2015-07-05 06:00:00,2015-07-05 06:00:00,observed_replacement_demand,LOT-00063,1,completed,assumption:synthetic_operations_v1;demand=PdM_maint.csv,2015-07-05 06:00:00,1
MR-00808,78,comp1,2015-07-05 06:00:00,2015-07-05 06:00:00,observed_replacement_demand,LOT-00064,1,completed,assumption:synthetic_operations_v1;demand=PdM_maint.csv,2015-07-05 06:00:00,1
MR-00809,78,comp2,2015-07-05 06:00:00,2015-07-05 06:00:00,observed_replacement_demand,LOT-00056,1,completed,assumption:synthetic_operations_v1;demand=PdM_maint.csv,2015-07-05 06:00:00,1
MR-00810,3,comp3,2015-07-06 06:00:00,2015-07-06 06:00:00,observed_replacement_demand,LOT-00063,1,completed,assumption:synthetic_operations_v1;demand=PdM_maint.csv,2015-07-06 06:00:00,1
MR-00811,3,comp4,2015-07-06 06:00:00,2015-07-06 06:00:00,observed_replacement_demand,LOT-00060,1,completed,assumption:synthetic_operations_v1;demand=PdM_maint.csv,2015-07-06 06:00:00,1
MR-00812,6,comp1,2015-07-06 06:00:00,2015-07-06 06:00:00,observed_replacement_demand,LOT-00064,1,completed,assumption:synthetic_operations_v1;demand=PdM_maint.csv,2015-07-06 06:00:00,1
MR-00813,6,comp2,2015-07-06 06:00:00,2015-07-06 06:00:00,observed_replacement_demand,LOT-00056,1,completed,assumption:synthetic_operations_v1;demand=PdM_maint.csv,2015-07-06 06:00:00,1
MR-00814,12,comp1,2015-07-06 06:00:00,2015-07-06 06:00:00,observed_replacement_demand,LOT-00064,1,completed,assumption:synthetic_operations_v1;demand=PdM_maint.csv,2015-07-06 06:00:00,1
MR-00815,12,comp4,2015-07-06 06:00:00,2015-07-06 06:00:00,observed_replacement_demand,LOT-00060,1,completed,assumption:synthetic_operations_v1;demand=PdM_maint.csv,2015-07-06 06:00:00,1
MR-00816,22,comp1,2015-07-06 06:00:00,2015-07-06 06:00:00,observed_replacement_demand,LOT-00064,1,completed,assumption:synthetic_operations_v1;demand=PdM_maint.csv,2015-07-06 06:00:00,1
MR-00817,22,comp2,2015-07-06 06:00:00,2015-07-06 06:00:00,observed_replacement_demand,LOT-00056,1,completed,assumption:synthetic_operations_v1;demand=PdM_maint.csv,2015-07-06 06:00:00,1
MR-00818,31,comp1,2015-07-06 06:00:00,2015-07-06 06:00:00,observed_replacement_demand,LOT-00064,1,completed,assumption:synthetic_operations_v1;demand=PdM_maint.csv,2015-07-06 06:00:00,1
MR-00819,31,comp3,2015-07-06 06:00:00,2015-07-06 06:00:00,observed_replacement_demand,LOT-00063,1,completed,assumption:synthetic_operations_v1;demand=PdM_maint.csv,2015-07-06 06:00:00,1
MR-00820,36,comp2,2015-07-06 06:00:00,2015-07-06 06:00:00,observed_replacement_demand,LOT-00056,1,completed,assumption:synthetic_operations_v1;demand=PdM_maint.csv,2015-07-06 06:00:00,1
MR-00821,36,comp3,2015-07-06 06:00:00,2015-07-06 06:00:00,observed_replacement_demand,LOT-00063,1,completed,assumption:synthetic_operations_v1;demand=PdM_maint.csv,2015-07-06 06:00:00,1
MR-00822,45,comp2,2015-07-06 06:00:00,2015-07-06 06:00:00,observed_replacement_demand,LOT-00056,1,completed,assumption:synthetic_operations_v1;demand=PdM_maint.csv,2015-07-06 06:00:00,1
MR-00823,75,comp3,2015-07-06 06:00:00,2015-07-06 06:00:00,observed_replacement_demand,LOT-00063,1,completed,assumption:synthetic_operations_v1;demand=PdM_maint.csv,2015-07-06 06:00:00,1
MR-00824,75,comp4,2015-07-06 06:00:00,2015-07-06 06:00:00,observed_replacement_demand,LOT-00060,1,completed,assumption:synthetic_operations_v1;demand=PdM_maint.csv,2015-07-06 06:00:00,1
MR-00825,21,comp1,2015-07-07 06:00:00,2015-07-07 06:00:00,observed_replacement_demand,LOT-00064,1,completed,assumption:synthetic_operations_v1;demand=PdM_maint.csv,2015-07-07 06:00:00,1
MR-00826,21,comp2,2015-07-07 06:00:00,2015-07-07 06:00:00,observed_replacement_demand,LOT-00056,1,completed,assumption:synthetic_operations_v1;demand=PdM_maint.csv,2015-07-07 06:00:00,1
MR-00827,46,comp2,2015-07-07 06:00:00,2015-07-07 06:00:00,observed_replacement_demand,LOT-00056,1,completed,assumption:synthetic_operations_v1;demand=PdM_maint.csv,2015-07-07 06:00:00,1
MR-00828,46,comp4,2015-07-07 06:00:00,2015-07-07 06:00:00,observed_replacement_demand,LOT-00060,1,completed,assumption:synthetic_operations_v1;demand=PdM_maint.csv,2015-07-07 06:00:00,1
MR-00829,57,comp2,2015-07-07 06:00:00,2015-07-07 06:00:00,observed_replacement_demand,LOT-00056,1,completed,assumption:synthetic_operations_v1;demand=PdM_maint.csv,2015-07-07 06:00:00,1
MR-00830,72,comp2,2015-07-07 06:00:00,2015-07-07 06:00:00,observed_replacement_demand,LOT-00056,1,completed,assumption:synthetic_operations_v1;demand=PdM_maint.csv,2015-07-07 06:00:00,1
MR-00831,72,comp3,2015-07-07 06:00:00,2015-07-07 06:00:00,observed_replacement_demand,LOT-00063,1,completed,assumption:synthetic_operations_v1;demand=PdM_maint.csv,2015-07-07 06:00:00,1
MR-00832,74,comp4,2015-07-07 06:00:00,2015-07-07 06:00:00,observed_replacement_demand,LOT-00060,1,completed,assumption:synthetic_operations_v1;demand=PdM_maint.csv,2015-07-07 06:00:00,1
MR-00833,86,comp3,2015-07-07 06:00:00,2015-07-10 06:00:00,observed_replacement_demand,LOT-00067,1,completed,assumption:synthetic_operations_v1;demand=PdM_maint.csv,2015-07-07 06:00:00,1
MR-00834,94,comp1,2015-07-07 06:00:00,2015-07-07 06:00:00,observed_replacement_demand,LOT-00064,1,completed,assumption:synthetic_operations_v1;demand=PdM_maint.csv,2015-07-07 06:00:00,1
MR-00835,94,comp2,2015-07-07 06:00:00,2015-07-07 06:00:00,observed_replacement_demand,LOT-00056,1,completed,assumption:synthetic_operations_v1;demand=PdM_maint.csv,2015-07-07 06:00:00,1
MR-00836,5,comp2,2015-07-08 06:00:00,2015-07-08 06:00:00,observed_replacement_demand,LOT-00056,1,completed,assumption:synthetic_operations_v1;demand=PdM_maint.csv,2015-07-08 06:00:00,1
MR-00837,7,comp2,2015-07-08 06:00:00,2015-07-08 06:00:00,observed_replacement_demand,LOT-00056,1,completed,assumption:synthetic_operations_v1;demand=PdM_maint.csv,2015-07-08 06:00:00,1
MR-00838,30,comp2,2015-07-08 06:00:00,2015-07-08 06:00:00,observed_replacement_demand,LOT-00056,1,completed,assumption:synthetic_operations_v1;demand=PdM_maint.csv,2015-07-08 06:00:00,1
MR-00839,47,comp2,2015-07-08 06:00:00,2015-07-08 06:00:00,observed_replacement_demand,LOT-00056,1,completed,assumption:synthetic_operations_v1;demand=PdM_maint.csv,2015-07-08 06:00:00,1
MR-00840,47,comp4,2015-07-08 06:00:00,2015-07-08 06:00:00,observed_replacement_demand,LOT-00060,1,completed,assumption:synthetic_operations_v1;demand=PdM_maint.csv,2015-07-08 06:00:00,1
MR-00841,97,comp3,2015-07-08 06:00:00,2015-07-10 06:00:00,observed_replacement_demand,LOT-00067,1,completed,assumption:synthetic_operations_v1;demand=PdM_maint.csv,2015-07-08 06:00:00,1
MR-00842,27,comp1,2015-07-09 06:00:00,2015-07-09 06:00:00,observed_replacement_demand,LOT-00064,1,completed,assumption:synthetic_operations_v1;demand=PdM_maint.csv,2015-07-09 06:00:00,1
MR-00843,27,comp3,2015-07-09 06:00:00,2015-07-10 06:00:00,observed_replacement_demand,LOT-00067,1,completed,assumption:synthetic_operations_v1;demand=PdM_maint.csv,2015-07-09 06:00:00,1
MR-00844,32,comp2,2015-07-09 06:00:00,2015-07-09 06:00:00,observed_replacement_demand,LOT-00061,1,completed,assumption:synthetic_operations_v1;demand=PdM_maint.csv,2015-07-09 06:00:00,1
MR-00845,32,comp3,2015-07-09 06:00:00,2015-07-10 06:00:00,observed_replacement_demand,LOT-00067,1,completed,assumption:synthetic_operations_v1;demand=PdM_maint.csv,2015-07-09 06:00:00,1
MR-00846,13,comp2,2015-07-10 06:00:00,2015-07-10 06:00:00,observed_replacement_demand,LOT-00061,1,completed,assumption:synthetic_operations_v1;demand=PdM_maint.csv,2015-07-10 06:00:00,1
MR-00847,48,comp2,2015-07-10 06:00:00,2015-07-10 06:00:00,observed_replacement_demand,LOT-00061,1,completed,assumption:synthetic_operations_v1;demand=PdM_maint.csv,2015-07-10 06:00:00,1
MR-00848,71,comp1,2015-07-10 06:00:00,2015-07-10 06:00:00,observed_replacement_demand,LOT-00064,1,completed,assumption:synthetic_operations_v1;demand=PdM_maint.csv,2015-07-10 06:00:00,1
MR-00849,71,comp3,2015-07-10 06:00:00,2015-07-10 06:00:00,observed_replacement_demand,LOT-00067,1,completed,assumption:synthetic_operations_v1;demand=PdM_maint.csv,2015-07-10 06:00:00,1
MR-00850,77,comp1,2015-07-10 06:00:00,2015-07-16 06:00:00,observed_replacement_demand,LOT-00071,1,completed,assumption:synthetic_operations_v1;demand=PdM_maint.csv,2015-07-10 06:00:00,1
MR-00851,19,comp1,2015-07-12 06:00:00,2015-07-16 06:00:00,observed_replacement_demand,LOT-00071,1,completed,assumption:synthetic_operations_v1;demand=PdM_maint.csv,2015-07-12 06:00:00,1
MR-00852,53,comp1,2015-07-12 06:00:00,2015-07-16 06:00:00,observed_replacement_demand,LOT-00071,1,completed,assumption:synthetic_operations_v1;demand=PdM_maint.csv,2015-07-12 06:00:00,1
MR-00853,61,comp3,2015-07-12 06:00:00,2015-07-12 06:00:00,observed_replacement_demand,LOT-00067,1,completed,assumption:synthetic_operations_v1;demand=PdM_maint.csv,2015-07-12 06:00:00,1
MR-00854,62,comp2,2015-07-12 06:00:00,2015-07-12 06:00:00,observed_replacement_demand,LOT-00061,1,completed,assumption:synthetic_operations_v1;demand=PdM_maint.csv,2015-07-12 06:00:00,1
MR-00855,62,comp3,2015-07-12 06:00:00,2015-07-12 06:00:00,observed_replacement_demand,LOT-00067,1,completed,assumption:synthetic_operations_v1;demand=PdM_maint.csv,2015-07-12 06:00:00,1
MR-00856,63,comp1,2015-07-12 06:00:00,2015-07-16 06:00:00,observed_replacement_demand,LOT-00071,1,completed,assumption:synthetic_operations_v1;demand=PdM_maint.csv,2015-07-12 06:00:00,1
MR-00857,63,comp3,2015-07-12 06:00:00,2015-07-12 06:00:00,observed_replacement_demand,LOT-00067,1,completed,assumption:synthetic_operations_v1;demand=PdM_maint.csv,2015-07-12 06:00:00,1
MR-00858,70,comp1,2015-07-12 06:00:00,2015-07-16 06:00:00,observed_replacement_demand,LOT-00071,1,completed,assumption:synthetic_operations_v1;demand=PdM_maint.csv,2015-07-12 06:00:00,1
MR-00859,70,comp4,2015-07-12 06:00:00,2015-07-12 06:00:00,observed_replacement_demand,LOT-00060,1,completed,assumption:synthetic_operations_v1;demand=PdM_maint.csv,2015-07-12 06:00:00,1
MR-00860,80,comp2,2015-07-12 06:00:00,2015-07-12 06:00:00,observed_replacement_demand,LOT-00061,1,completed,assumption:synthetic_operations_v1;demand=PdM_maint.csv,2015-07-12 06:00:00,1
MR-00861,82,comp1,2015-07-12 06:00:00,2015-07-16 06:00:00,observed_replacement_demand,LOT-00071,1,completed,assumption:synthetic_operations_v1;demand=PdM_maint.csv,2015-07-12 06:00:00,1
MR-00862,100,comp3,2015-07-12 06:00:00,2015-07-12 06:00:00,observed_replacement_demand,LOT-00067,1,completed,assumption:synthetic_operations_v1;demand=PdM_maint.csv,2015-07-12 06:00:00,1
MR-00863,56,comp3,2015-07-13 06:00:00,2015-07-13 06:00:00,observed_replacement_demand,LOT-00067,1,completed,assumption:synthetic_operations_v1;demand=PdM_maint.csv,2015-07-13 06:00:00,1
MR-00864,56,comp4,2015-07-13 06:00:00,2015-07-13 06:00:00,observed_replacement_demand,LOT-00060,1,completed,assumption:synthetic_operations_v1;demand=PdM_maint.csv,2015-07-13 06:00:00,1
MR-00865,18,comp3,2015-07-14 06:00:00,2015-07-14 06:00:00,observed_replacement_demand,LOT-00067,1,completed,assumption:synthetic_operations_v1;demand=PdM_maint.csv,2015-07-14 06:00:00,1
MR-00866,44,comp3,2015-07-14 06:00:00,2015-07-14 06:00:00,observed_replacement_demand,LOT-00067,1,completed,assumption:synthetic_operations_v1;demand=PdM_maint.csv,2015-07-14 06:00:00,1
MR-00867,49,comp4,2015-07-14 06:00:00,2015-07-14 06:00:00,observed_replacement_demand,LOT-00060,1,completed,assumption:synthetic_operations_v1;demand=PdM_maint.csv,2015-07-14 06:00:00,1
MR-00868,50,comp3,2015-07-14 06:00:00,2015-07-14 06:00:00,observed_replacement_demand,LOT-00067,1,completed,assumption:synthetic_operations_v1;demand=PdM_maint.csv,2015-07-14 06:00:00,1
MR-00869,54,comp2,2015-07-14 06:00:00,2015-07-14 06:00:00,observed_replacement_demand,LOT-00061,1,completed,assumption:synthetic_operations_v1;demand=PdM_maint.csv,2015-07-14 06:00:00,1
MR-00870,54,comp3,2015-07-14 06:00:00,2015-07-14 06:00:00,observed_replacement_demand,LOT-00067,1,completed,assumption:synthetic_operations_v1;demand=PdM_maint.csv,2015-07-14 06:00:00,1
MR-00871,60,comp3,2015-07-14 06:00:00,2015-07-14 06:00:00,observed_replacement_demand,LOT-00067,1,completed,assumption:synthetic_operations_v1;demand=PdM_maint.csv,2015-07-14 06:00:00,1
MR-00872,98,comp4,2015-07-14 06:00:00,2015-07-14 06:00:00,observed_replacement_demand,LOT-00060,1,completed,assumption:synthetic_operations_v1;demand=PdM_maint.csv,2015-07-14 06:00:00,1
MR-00873,14,comp1,2015-07-15 06:00:00,2015-07-16 06:00:00,observed_replacement_demand,LOT-00071,1,completed,assumption:synthetic_operations_v1;demand=PdM_maint.csv,2015-07-15 06:00:00,1
MR-00874,14,comp3,2015-07-15 06:00:00,2015-07-15 06:00:00,observed_replacement_demand,LOT-00067,1,completed,assumption:synthetic_operations_v1;demand=PdM_maint.csv,2015-07-15 06:00:00,1
MR-00875,17,comp2,2015-07-15 06:00:00,2015-07-15 06:00:00,observed_replacement_demand,LOT-00061,1,completed,assumption:synthetic_operations_v1;demand=PdM_maint.csv,2015-07-15 06:00:00,1
MR-00876,28,comp4,2015-07-15 06:00:00,2015-07-15 06:00:00,observed_replacement_demand,LOT-00060,1,completed,assumption:synthetic_operations_v1;demand=PdM_maint.csv,2015-07-15 06:00:00,1
MR-00877,33,comp2,2015-07-15 06:00:00,2015-07-15 06:00:00,observed_replacement_demand,LOT-00061,1,completed,assumption:synthetic_operations_v1;demand=PdM_maint.csv,2015-07-15 06:00:00,1
MR-00878,33,comp4,2015-07-15 06:00:00,2015-07-15 06:00:00,observed_replacement_demand,LOT-00060,1,completed,assumption:synthetic_operations_v1;demand=PdM_maint.csv,2015-07-15 06:00:00,1
MR-00879,51,comp4,2015-07-15 06:00:00,2015-07-15 06:00:00,observed_replacement_demand,LOT-00060,1,completed,assumption:synthetic_operations_v1;demand=PdM_maint.csv,2015-07-15 06:00:00,1
MR-00880,58,comp2,2015-07-15 06:00:00,2015-07-15 06:00:00,observed_replacement_demand,LOT-00061,1,completed,assumption:synthetic_operations_v1;demand=PdM_maint.csv,2015-07-15 06:00:00,1
MR-00881,65,comp3,2015-07-15 06:00:00,2015-07-15 06:00:00,observed_replacement_demand,LOT-00067,1,completed,assumption:synthetic_operations_v1;demand=PdM_maint.csv,2015-07-15 06:00:00,1
MR-00882,67,comp2,2015-07-15 06:00:00,2015-07-15 06:00:00,observed_replacement_demand,LOT-00061,1,completed,assumption:synthetic_operations_v1;demand=PdM_maint.csv,2015-07-15 06:00:00,1
MR-00883,83,comp1,2015-07-15 06:00:00,2015-07-16 06:00:00,observed_replacement_demand,LOT-00071,1,completed,assumption:synthetic_operations_v1;demand=PdM_maint.csv,2015-07-15 06:00:00,1
MR-00884,83,comp4,2015-07-15 06:00:00,2015-07-15 06:00:00,observed_replacement_demand,LOT-00060,1,completed,assumption:synthetic_operations_v1;demand=PdM_maint.csv,2015-07-15 06:00:00,1
MR-00885,93,comp2,2015-07-15 06:00:00,2015-07-15 06:00:00,observed_replacement_demand,LOT-00065,1,completed,assumption:synthetic_operations_v1;demand=PdM_maint.csv,2015-07-15 06:00:00,1
MR-00886,93,comp3,2015-07-15 06:00:00,2015-07-15 06:00:00,observed_replacement_demand,LOT-00067,1,completed,assumption:synthetic_operations_v1;demand=PdM_maint.csv,2015-07-15 06:00:00,1
MR-00887,4,comp2,2015-07-16 06:00:00,2015-07-16 06:00:00,observed_replacement_demand,LOT-00065,1,completed,assumption:synthetic_operations_v1;demand=PdM_maint.csv,2015-07-16 06:00:00,1
MR-00888,16,comp4,2015-07-16 06:00:00,2015-07-16 06:00:00,observed_replacement_demand,LOT-00060,1,completed,assumption:synthetic_operations_v1;demand=PdM_maint.csv,2015-07-16 06:00:00,1
MR-00889,24,comp1,2015-07-16 06:00:00,2015-07-16 06:00:00,observed_replacement_demand,LOT-00071,1,completed,assumption:synthetic_operations_v1;demand=PdM_maint.csv,2015-07-16 06:00:00,1
MR-00890,24,comp2,2015-07-16 06:00:00,2015-07-16 06:00:00,observed_replacement_demand,LOT-00065,1,completed,assumption:synthetic_operations_v1;demand=PdM_maint.csv,2015-07-16 06:00:00,1
MR-00891,29,comp1,2015-07-16 06:00:00,2015-07-16 06:00:00,observed_replacement_demand,LOT-00071,1,completed,assumption:synthetic_operations_v1;demand=PdM_maint.csv,2015-07-16 06:00:00,1
MR-00892,29,comp3,2015-07-16 06:00:00,2015-07-16 06:00:00,observed_replacement_demand,LOT-00067,1,completed,assumption:synthetic_operations_v1;demand=PdM_maint.csv,2015-07-16 06:00:00,1
MR-00893,38,comp3,2015-07-16 06:00:00,2015-07-16 06:00:00,observed_replacement_demand,LOT-00067,1,completed,assumption:synthetic_operations_v1;demand=PdM_maint.csv,2015-07-16 06:00:00,1
MR-00894,41,comp3,2015-07-16 06:00:00,2015-07-16 06:00:00,observed_replacement_demand,LOT-00067,1,completed,assumption:synthetic_operations_v1;demand=PdM_maint.csv,2015-07-16 06:00:00,1
MR-00895,68,comp1,2015-07-16 06:00:00,2015-07-16 06:00:00,observed_replacement_demand,LOT-00071,1,completed,assumption:synthetic_operations_v1;demand=PdM_maint.csv,2015-07-16 06:00:00,1
MR-00896,68,comp4,2015-07-16 06:00:00,2015-07-16 06:00:00,observed_replacement_demand,LOT-00060,1,completed,assumption:synthetic_operations_v1;demand=PdM_maint.csv,2015-07-16 06:00:00,1
MR-00897,73,comp1,2015-07-16 06:00:00,2015-07-16 06:00:00,observed_replacement_demand,LOT-00071,1,completed,assumption:synthetic_operations_v1;demand=PdM_maint.csv,2015-07-16 06:00:00,1
MR-00898,79,comp3,2015-07-16 06:00:00,2015-07-17 06:00:00,observed_replacement_demand,LOT-00070,1,completed,assumption:synthetic_operations_v1;demand=PdM_maint.csv,2015-07-16 06:00:00,1
MR-00899,81,comp3,2015-07-16 06:00:00,2015-07-17 06:00:00,observed_replacement_demand,LOT-00070,1,completed,assumption:synthetic_operations_v1;demand=PdM_maint.csv,2015-07-16 06:00:00,1
MR-00900,81,comp4,2015-07-16 06:00:00,2015-07-16 06:00:00,observed_replacement_demand,LOT-00062,1,completed,assumption:synthetic_operations_v1;demand=PdM_maint.csv,2015-07-16 06:00:00,1
MR-00901,91,comp1,2015-07-16 06:00:00,2015-07-16 06:00:00,observed_replacement_demand,LOT-00071,1,completed,assumption:synthetic_operations_v1;demand=PdM_maint.csv,2015-07-16 06:00:00,1
MR-00902,2,comp1,2015-07-17 06:00:00,2015-07-17 06:00:00,observed_replacement_demand,LOT-00071,1,completed,assumption:synthetic_operations_v1;demand=PdM_maint.csv,2015-07-17 06:00:00,1
MR-00903,2,comp4,2015-07-17 06:00:00,2015-07-17 06:00:00,observed_replacement_demand,LOT-00062,1,completed,assumption:synthetic_operations_v1;demand=PdM_maint.csv,2015-07-17 06:00:00,1
MR-00904,9,comp2,2015-07-17 06:00:00,2015-07-17 06:00:00,observed_replacement_demand,LOT-00065,1,completed,assumption:synthetic_operations_v1;demand=PdM_maint.csv,2015-07-17 06:00:00,1
MR-00905,76,comp1,2015-07-17 06:00:00,2015-07-17 06:00:00,observed_replacement_demand,LOT-00071,1,completed,assumption:synthetic_operations_v1;demand=PdM_maint.csv,2015-07-17 06:00:00,1
MR-00906,96,comp2,2015-07-17 06:00:00,2015-07-17 06:00:00,observed_replacement_demand,LOT-00065,1,completed,assumption:synthetic_operations_v1;demand=PdM_maint.csv,2015-07-17 06:00:00,1
MR-00907,96,comp3,2015-07-17 06:00:00,2015-07-17 06:00:00,observed_replacement_demand,LOT-00070,1,completed,assumption:synthetic_operations_v1;demand=PdM_maint.csv,2015-07-17 06:00:00,1
MR-00908,99,comp1,2015-07-17 06:00:00,2015-07-19 06:00:00,observed_replacement_demand,LOT-00072,1,completed,assumption:synthetic_operations_v1;demand=PdM_maint.csv,2015-07-17 06:00:00,1
MR-00909,99,comp3,2015-07-17 06:00:00,2015-07-17 06:00:00,observed_replacement_demand,LOT-00070,1,completed,assumption:synthetic_operations_v1;demand=PdM_maint.csv,2015-07-17 06:00:00,1
MR-00910,10,comp2,2015-07-18 06:00:00,2015-07-18 06:00:00,observed_replacement_demand,LOT-00065,1,completed,assumption:synthetic_operations_v1;demand=PdM_maint.csv,2015-07-18 06:00:00,1
MR-00911,10,comp4,2015-07-18 06:00:00,2015-07-18 06:00:00,observed_replacement_demand,LOT-00062,1,completed,assumption:synthetic_operations_v1;demand=PdM_maint.csv,2015-07-18 06:00:00,1
MR-00912,20,comp1,2015-07-18 06:00:00,2015-07-19 06:00:00,observed_replacement_demand,LOT-00072,1,completed,assumption:synthetic_operations_v1;demand=PdM_maint.csv,2015-07-18 06:00:00,1
MR-00913,25,comp1,2015-07-18 06:00:00,2015-07-19 06:00:00,observed_replacement_demand,LOT-00072,1,completed,assumption:synthetic_operations_v1;demand=PdM_maint.csv,2015-07-18 06:00:00,1
MR-00914,37,comp3,2015-07-18 06:00:00,2015-07-18 06:00:00,observed_replacement_demand,LOT-00070,1,completed,assumption:synthetic_operations_v1;demand=PdM_maint.csv,2015-07-18 06:00:00,1
MR-00915,37,comp4,2015-07-18 06:00:00,2015-07-18 06:00:00,observed_replacement_demand,LOT-00062,1,completed,assumption:synthetic_operations_v1;demand=PdM_maint.csv,2015-07-18 06:00:00,1
MR-00916,40,comp2,2015-07-18 06:00:00,2015-07-18 06:00:00,observed_replacement_demand,LOT-00065,1,completed,assumption:synthetic_operations_v1;demand=PdM_maint.csv,2015-07-18 06:00:00,1
MR-00917,40,comp4,2015-07-18 06:00:00,2015-07-18 06:00:00,observed_replacement_demand,LOT-00062,1,completed,assumption:synthetic_operations_v1;demand=PdM_maint.csv,2015-07-18 06:00:00,1
MR-00918,52,comp4,2015-07-18 06:00:00,2015-07-18 06:00:00,observed_replacement_demand,LOT-00062,1,completed,assumption:synthetic_operations_v1;demand=PdM_maint.csv,2015-07-18 06:00:00,1
MR-00919,66,comp3,2015-07-18 06:00:00,2015-07-18 06:00:00,observed_replacement_demand,LOT-00070,1,completed,assumption:synthetic_operations_v1;demand=PdM_maint.csv,2015-07-18 06:00:00,1
MR-00920,1,comp1,2015-07-19 06:00:00,2015-07-19 06:00:00,observed_replacement_demand,LOT-00072,1,completed,assumption:synthetic_operations_v1;demand=PdM_maint.csv,2015-07-19 06:00:00,1
MR-00921,23,comp2,2015-07-19 06:00:00,2015-07-19 06:00:00,observed_replacement_demand,LOT-00065,1,completed,assumption:synthetic_operations_v1;demand=PdM_maint.csv,2015-07-19 06:00:00,1
MR-00922,59,comp1,2015-07-19 06:00:00,2015-07-19 06:00:00,observed_replacement_demand,LOT-00072,1,completed,assumption:synthetic_operations_v1;demand=PdM_maint.csv,2015-07-19 06:00:00,1
MR-00923,64,comp1,2015-07-19 06:00:00,2015-07-19 06:00:00,observed_replacement_demand,LOT-00072,1,completed,assumption:synthetic_operations_v1;demand=PdM_maint.csv,2015-07-19 06:00:00,1
MR-00924,64,comp4,2015-07-19 06:00:00,2015-07-19 06:00:00,observed_replacement_demand,LOT-00062,1,completed,assumption:synthetic_operations_v1;demand=PdM_maint.csv,2015-07-19 06:00:00,1
MR-00925,69,comp1,2015-07-19 06:00:00,2015-07-19 06:00:00,observed_replacement_demand,LOT-00072,1,completed,assumption:synthetic_operations_v1;demand=PdM_maint.csv,2015-07-19 06:00:00,1
MR-00926,84,comp3,2015-07-19 06:00:00,2015-07-19 06:00:00,observed_replacement_demand,LOT-00070,1,completed,assumption:synthetic_operations_v1;demand=PdM_maint.csv,2015-07-19 06:00:00,1
MR-00927,90,comp2,2015-07-19 06:00:00,2015-07-19 06:00:00,observed_replacement_demand,LOT-00065,1,completed,assumption:synthetic_operations_v1;demand=PdM_maint.csv,2015-07-19 06:00:00,1
MR-00928,92,comp4,2015-07-19 06:00:00,2015-07-19 06:00:00,observed_replacement_demand,LOT-00062,1,completed,assumption:synthetic_operations_v1;demand=PdM_maint.csv,2015-07-19 06:00:00,1
MR-00929,95,comp3,2015-07-19 06:00:00,2015-07-19 06:00:00,observed_replacement_demand,LOT-00070,1,completed,assumption:synthetic_operations_v1;demand=PdM_maint.csv,2015-07-19 06:00:00,1
MR-00930,8,comp3,2015-07-20 06:00:00,2015-07-20 06:00:00,observed_replacement_demand,LOT-00070,1,completed,assumption:synthetic_operations_v1;demand=PdM_maint.csv,2015-07-20 06:00:00,1
MR-00931,26,comp4,2015-07-20 06:00:00,2015-07-20 06:00:00,observed_replacement_demand,LOT-00062,1,completed,assumption:synthetic_operations_v1;demand=PdM_maint.csv,2015-07-20 06:00:00,1
MR-00932,35,comp2,2015-07-20 06:00:00,2015-07-20 06:00:00,observed_replacement_demand,LOT-00065,1,completed,assumption:synthetic_operations_v1;demand=PdM_maint.csv,2015-07-20 06:00:00,1
MR-00933,35,comp4,2015-07-20 06:00:00,2015-07-20 06:00:00,observed_replacement_demand,LOT-00062,1,completed,assumption:synthetic_operations_v1;demand=PdM_maint.csv,2015-07-20 06:00:00,1
MR-00934,42,comp4,2015-07-20 06:00:00,2015-07-20 06:00:00,observed_replacement_demand,LOT-00062,1,completed,assumption:synthetic_operations_v1;demand=PdM_maint.csv,2015-07-20 06:00:00,1
MR-00935,43,comp1,2015-07-20 06:00:00,2015-07-20 06:00:00,observed_replacement_demand,LOT-00072,1,completed,assumption:synthetic_operations_v1;demand=PdM_maint.csv,2015-07-20 06:00:00,1
MR-00936,55,comp3,2015-07-20 06:00:00,2015-07-20 06:00:00,observed_replacement_demand,LOT-00070,1,completed,assumption:synthetic_operations_v1;demand=PdM_maint.csv,2015-07-20 06:00:00,1
MR-00937,78,comp1,2015-07-20 06:00:00,2015-07-20 06:00:00,observed_replacement_demand,LOT-00072,1,completed,assumption:synthetic_operations_v1;demand=PdM_maint.csv,2015-07-20 06:00:00,1
MR-00938,78,comp4,2015-07-20 06:00:00,2015-07-20 06:00:00,observed_replacement_demand,LOT-00062,1,completed,assumption:synthetic_operations_v1;demand=PdM_maint.csv,2015-07-20 06:00:00,1
MR-00939,3,comp2,2015-07-21 06:00:00,2015-07-21 06:00:00,observed_replacement_demand,LOT-00065,1,completed,assumption:synthetic_operations_v1;demand=PdM_maint.csv,2015-07-21 06:00:00,1
MR-00940,6,comp2,2015-07-21 06:00:00,2015-07-21 06:00:00,observed_replacement_demand,LOT-00065,1,completed,assumption:synthetic_operations_v1;demand=PdM_maint.csv,2015-07-21 06:00:00,1
MR-00941,6,comp3,2015-07-21 06:00:00,2015-07-21 06:00:00,observed_replacement_demand,LOT-00070,1,completed,assumption:synthetic_operations_v1;demand=PdM_maint.csv,2015-07-21 06:00:00,1
MR-00942,12,comp4,2015-07-21 06:00:00,2015-07-21 06:00:00,observed_replacement_demand,LOT-00062,1,completed,assumption:synthetic_operations_v1;demand=PdM_maint.csv,2015-07-21 06:00:00,1
MR-00943,31,comp2,2015-07-21 06:00:00,2015-07-21 06:00:00,observed_replacement_demand,LOT-00065,1,completed,assumption:synthetic_operations_v1;demand=PdM_maint.csv,2015-07-21 06:00:00,1
MR-00944,36,comp3,2015-07-21 06:00:00,2015-07-21 06:00:00,observed_replacement_demand,LOT-00070,1,completed,assumption:synthetic_operations_v1;demand=PdM_maint.csv,2015-07-21 06:00:00,1
MR-00945,45,comp3,2015-07-21 06:00:00,2015-07-21 06:00:00,observed_replacement_demand,LOT-00070,1,completed,assumption:synthetic_operations_v1;demand=PdM_maint.csv,2015-07-21 06:00:00,1
MR-00946,45,comp4,2015-07-21 06:00:00,2015-07-21 06:00:00,observed_replacement_demand,LOT-00062,1,completed,assumption:synthetic_operations_v1;demand=PdM_maint.csv,2015-07-21 06:00:00,1
MR-00947,75,comp2,2015-07-21 06:00:00,2015-07-21 06:00:00,observed_replacement_demand,LOT-00065,1,completed,assumption:synthetic_operations_v1;demand=PdM_maint.csv,2015-07-21 06:00:00,1
MR-00948,46,comp2,2015-07-22 06:00:00,2015-07-22 06:00:00,observed_replacement_demand,LOT-00065,1,completed,assumption:synthetic_operations_v1;demand=PdM_maint.csv,2015-07-22 06:00:00,1
MR-00949,57,comp3,2015-07-22 06:00:00,2015-07-22 06:00:00,observed_replacement_demand,LOT-00070,1,completed,assumption:synthetic_operations_v1;demand=PdM_maint.csv,2015-07-22 06:00:00,1
MR-00950,57,comp4,2015-07-22 06:00:00,2015-07-22 06:00:00,observed_replacement_demand,LOT-00062,1,completed,assumption:synthetic_operations_v1;demand=PdM_maint.csv,2015-07-22 06:00:00,1
MR-00951,72,comp1,2015-07-22 06:00:00,2015-07-22 06:00:00,observed_replacement_demand,LOT-00072,1,completed,assumption:synthetic_operations_v1;demand=PdM_maint.csv,2015-07-22 06:00:00,1
MR-00952,74,comp2,2015-07-22 06:00:00,2015-07-22 06:00:00,observed_replacement_demand,LOT-00065,1,completed,assumption:synthetic_operations_v1;demand=PdM_maint.csv,2015-07-22 06:00:00,1
MR-00953,74,comp3,2015-07-22 06:00:00,2015-07-22 06:00:00,observed_replacement_demand,LOT-00070,1,completed,assumption:synthetic_operations_v1;demand=PdM_maint.csv,2015-07-22 06:00:00,1
MR-00954,86,comp4,2015-07-22 06:00:00,2015-07-22 06:00:00,observed_replacement_demand,LOT-00062,1,completed,assumption:synthetic_operations_v1;demand=PdM_maint.csv,2015-07-22 06:00:00,1
MR-00955,89,comp2,2015-07-22 06:00:00,2015-07-22 06:00:00,observed_replacement_demand,LOT-00065,1,completed,assumption:synthetic_operations_v1;demand=PdM_maint.csv,2015-07-22 06:00:00,1
MR-00956,94,comp2,2015-07-22 06:00:00,2015-07-22 06:00:00,observed_replacement_demand,LOT-00065,1,completed,assumption:synthetic_operations_v1;demand=PdM_maint.csv,2015-07-22 06:00:00,1
MR-00957,5,comp2,2015-07-23 06:00:00,2015-07-23 06:00:00,observed_replacement_demand,LOT-00065,1,completed,assumption:synthetic_operations_v1;demand=PdM_maint.csv,2015-07-23 06:00:00,1
MR-00958,7,comp2,2015-07-23 06:00:00,2015-07-23 06:00:00,observed_replacement_demand,LOT-00065,1,completed,assumption:synthetic_operations_v1;demand=PdM_maint.csv,2015-07-23 06:00:00,1
MR-00959,7,comp3,2015-07-23 06:00:00,2015-07-23 06:00:00,observed_replacement_demand,LOT-00070,1,completed,assumption:synthetic_operations_v1;demand=PdM_maint.csv,2015-07-23 06:00:00,1
MR-00960,47,comp4,2015-07-23 06:00:00,2015-07-23 06:00:00,observed_replacement_demand,LOT-00062,1,completed,assumption:synthetic_operations_v1;demand=PdM_maint.csv,2015-07-23 06:00:00,1
MR-00961,97,comp1,2015-07-23 06:00:00,2015-07-23 06:00:00,observed_replacement_demand,LOT-00072,1,completed,assumption:synthetic_operations_v1;demand=PdM_maint.csv,2015-07-23 06:00:00,1
MR-00962,97,comp4,2015-07-23 06:00:00,2015-07-23 06:00:00,observed_replacement_demand,LOT-00062,1,completed,assumption:synthetic_operations_v1;demand=PdM_maint.csv,2015-07-23 06:00:00,1
MR-00963,32,comp2,2015-07-24 06:00:00,2015-07-24 06:00:00,observed_replacement_demand,LOT-00065,1,completed,assumption:synthetic_operations_v1;demand=PdM_maint.csv,2015-07-24 06:00:00,1
MR-00964,13,comp4,2015-07-25 06:00:00,2015-07-25 06:00:00,observed_replacement_demand,LOT-00066,1,completed,assumption:synthetic_operations_v1;demand=PdM_maint.csv,2015-07-25 06:00:00,1
MR-00965,48,comp1,2015-07-25 06:00:00,2015-07-25 06:00:00,observed_replacement_demand,LOT-00072,1,completed,assumption:synthetic_operations_v1;demand=PdM_maint.csv,2015-07-25 06:00:00,1
MR-00966,48,comp2,2015-07-25 06:00:00,2015-07-25 06:00:00,observed_replacement_demand,LOT-00065,1,completed,assumption:synthetic_operations_v1;demand=PdM_maint.csv,2015-07-25 06:00:00,1
MR-00967,71,comp4,2015-07-25 06:00:00,2015-07-25 06:00:00,observed_replacement_demand,LOT-00066,1,completed,assumption:synthetic_operations_v1;demand=PdM_maint.csv,2015-07-25 06:00:00,1
MR-00968,77,comp3,2015-07-25 06:00:00,2015-07-25 06:00:00,observed_replacement_demand,LOT-00070,1,completed,assumption:synthetic_operations_v1;demand=PdM_maint.csv,2015-07-25 06:00:00,1
MR-00969,77,comp4,2015-07-25 06:00:00,2015-07-25 06:00:00,observed_replacement_demand,LOT-00066,1,completed,assumption:synthetic_operations_v1;demand=PdM_maint.csv,2015-07-25 06:00:00,1
MR-00970,87,comp2,2015-07-26 06:00:00,2015-07-26 06:00:00,observed_replacement_demand,LOT-00065,1,completed,assumption:synthetic_operations_v1;demand=PdM_maint.csv,2015-07-26 06:00:00,1
MR-00971,87,comp4,2015-07-26 06:00:00,2015-07-26 06:00:00,observed_replacement_demand,LOT-00066,1,completed,assumption:synthetic_operations_v1;demand=PdM_maint.csv,2015-07-26 06:00:00,1
MR-00972,19,comp3,2015-07-27 06:00:00,2015-07-27 06:00:00,observed_replacement_demand,LOT-00070,1,completed,assumption:synthetic_operations_v1;demand=PdM_maint.csv,2015-07-27 06:00:00,1
MR-00973,53,comp4,2015-07-27 06:00:00,2015-07-27 06:00:00,observed_replacement_demand,LOT-00066,1,completed,assumption:synthetic_operations_v1;demand=PdM_maint.csv,2015-07-27 06:00:00,1
MR-00974,61,comp3,2015-07-27 06:00:00,2015-07-27 06:00:00,observed_replacement_demand,LOT-00070,1,completed,assumption:synthetic_operations_v1;demand=PdM_maint.csv,2015-07-27 06:00:00,1
MR-00975,62,comp4,2015-07-27 06:00:00,2015-07-27 06:00:00,observed_replacement_demand,LOT-00066,1,completed,assumption:synthetic_operations_v1;demand=PdM_maint.csv,2015-07-27 06:00:00,1
MR-00976,63,comp4,2015-07-27 06:00:00,2015-07-27 06:00:00,observed_replacement_demand,LOT-00066,1,completed,assumption:synthetic_operations_v1;demand=PdM_maint.csv,2015-07-27 06:00:00,1
MR-00977,70,comp3,2015-07-27 06:00:00,2015-07-27 06:00:00,observed_replacement_demand,LOT-00070,1,completed,assumption:synthetic_operations_v1;demand=PdM_maint.csv,2015-07-27 06:00:00,1
MR-00978,80,comp3,2015-07-27 06:00:00,2015-07-27 06:00:00,observed_replacement_demand,LOT-00070,1,completed,assumption:synthetic_operations_v1;demand=PdM_maint.csv,2015-07-27 06:00:00,1
MR-00979,80,comp4,2015-07-27 06:00:00,2015-07-27 06:00:00,observed_replacement_demand,LOT-00066,1,completed,assumption:synthetic_operations_v1;demand=PdM_maint.csv,2015-07-27 06:00:00,1
MR-00980,82,comp1,2015-07-27 06:00:00,2015-07-27 06:00:00,observed_replacement_demand,LOT-00072,1,completed,assumption:synthetic_operations_v1;demand=PdM_maint.csv,2015-07-27 06:00:00,1
MR-00981,100,comp1,2015-07-27 06:00:00,2015-07-27 06:00:00,observed_replacement_demand,LOT-00072,1,completed,assumption:synthetic_operations_v1;demand=PdM_maint.csv,2015-07-27 06:00:00,1
MR-00982,100,comp2,2015-07-27 06:00:00,2015-07-27 06:00:00,observed_replacement_demand,LOT-00065,1,completed,assumption:synthetic_operations_v1;demand=PdM_maint.csv,2015-07-27 06:00:00,1
MR-00983,18,comp2,2015-07-29 06:00:00,2015-07-29 06:00:00,observed_replacement_demand,LOT-00068,1,completed,assumption:synthetic_operations_v1;demand=PdM_maint.csv,2015-07-29 06:00:00,1
MR-00984,18,comp3,2015-07-29 06:00:00,2015-07-29 06:00:00,observed_replacement_demand,LOT-00070,1,completed,assumption:synthetic_operations_v1;demand=PdM_maint.csv,2015-07-29 06:00:00,1
MR-00985,44,comp2,2015-07-29 06:00:00,2015-07-29 06:00:00,observed_replacement_demand,LOT-00068,1,completed,assumption:synthetic_operations_v1;demand=PdM_maint.csv,2015-07-29 06:00:00,1
MR-00986,44,comp4,2015-07-29 06:00:00,2015-07-29 06:00:00,observed_replacement_demand,LOT-00066,1,completed,assumption:synthetic_operations_v1;demand=PdM_maint.csv,2015-07-29 06:00:00,1
MR-00987,49,comp1,2015-07-29 06:00:00,2015-07-29 06:00:00,observed_replacement_demand,LOT-00072,1,completed,assumption:synthetic_operations_v1;demand=PdM_maint.csv,2015-07-29 06:00:00,1
MR-00988,49,comp3,2015-07-29 06:00:00,2015-08-05 06:00:00,observed_replacement_demand,LOT-00079,1,completed,assumption:synthetic_operations_v1;demand=PdM_maint.csv,2015-07-29 06:00:00,1
MR-00989,50,comp3,2015-07-29 06:00:00,2015-08-05 06:00:00,observed_replacement_demand,LOT-00079,1,completed,assumption:synthetic_operations_v1;demand=PdM_maint.csv,2015-07-29 06:00:00,1
MR-00990,54,comp2,2015-07-29 06:00:00,2015-07-29 06:00:00,observed_replacement_demand,LOT-00068,1,completed,assumption:synthetic_operations_v1;demand=PdM_maint.csv,2015-07-29 06:00:00,1
MR-00991,54,comp3,2015-07-29 06:00:00,2015-08-05 06:00:00,observed_replacement_demand,LOT-00079,1,completed,assumption:synthetic_operations_v1;demand=PdM_maint.csv,2015-07-29 06:00:00,1
MR-00992,60,comp2,2015-07-29 06:00:00,2015-07-29 06:00:00,observed_replacement_demand,LOT-00068,1,completed,assumption:synthetic_operations_v1;demand=PdM_maint.csv,2015-07-29 06:00:00,1
MR-00993,60,comp3,2015-07-29 06:00:00,2015-08-05 06:00:00,observed_replacement_demand,LOT-00079,1,completed,assumption:synthetic_operations_v1;demand=PdM_maint.csv,2015-07-29 06:00:00,1
MR-00994,85,comp2,2015-07-29 06:00:00,2015-07-29 06:00:00,observed_replacement_demand,LOT-00068,1,completed,assumption:synthetic_operations_v1;demand=PdM_maint.csv,2015-07-29 06:00:00,1
MR-00995,85,comp3,2015-07-29 06:00:00,2015-08-05 06:00:00,observed_replacement_demand,LOT-00079,1,completed,assumption:synthetic_operations_v1;demand=PdM_maint.csv,2015-07-29 06:00:00,1
MR-00996,98,comp2,2015-07-29 06:00:00,2015-07-29 06:00:00,observed_replacement_demand,LOT-00068,1,completed,assumption:synthetic_operations_v1;demand=PdM_maint.csv,2015-07-29 06:00:00,1
MR-00997,98,comp3,2015-07-29 06:00:00,2015-08-05 06:00:00,observed_replacement_demand,LOT-00079,1,completed,assumption:synthetic_operations_v1;demand=PdM_maint.csv,2015-07-29 06:00:00,1
MR-00998,14,comp2,2015-07-30 06:00:00,2015-07-30 06:00:00,observed_replacement_demand,LOT-00068,1,completed,assumption:synthetic_operations_v1;demand=PdM_maint.csv,2015-07-30 06:00:00,1
MR-00999,14,comp3,2015-07-30 06:00:00,2015-08-05 06:00:00,observed_replacement_demand,LOT-00079,1,completed,assumption:synthetic_operations_v1;demand=PdM_maint.csv,2015-07-30 06:00:00,1
MR-01000,17,comp1,2015-07-30 06:00:00,2015-07-30 06:00:00,observed_replacement_demand,LOT-00072,1,completed,assumption:synthetic_operations_v1;demand=PdM_maint.csv,2015-07-30 06:00:00,1
MR-01001,17,comp2,2015-07-30 06:00:00,2015-07-30 06:00:00,observed_replacement_demand,LOT-00068,1,completed,assumption:synthetic_operations_v1;demand=PdM_maint.csv,2015-07-30 06:00:00,1
MR-01002,28,comp4,2015-07-30 06:00:00,2015-07-30 06:00:00,observed_replacement_demand,LOT-00066,1,completed,assumption:synthetic_operations_v1;demand=PdM_maint.csv,2015-07-30 06:00:00,1
MR-01003,33,comp1,2015-07-30 06:00:00,2015-07-30 06:00:00,observed_replacement_demand,LOT-00072,1,completed,assumption:synthetic_operations_v1;demand=PdM_maint.csv,2015-07-30 06:00:00,1
MR-01004,34,comp1,2015-07-30 06:00:00,2015-07-30 06:00:00,observed_replacement_demand,LOT-00072,1,completed,assumption:synthetic_operations_v1;demand=PdM_maint.csv,2015-07-30 06:00:00,1
MR-01005,34,comp2,2015-07-30 06:00:00,2015-07-30 06:00:00,observed_replacement_demand,LOT-00068,1,completed,assumption:synthetic_operations_v1;demand=PdM_maint.csv,2015-07-30 06:00:00,1
MR-01006,39,comp1,2015-07-30 06:00:00,2015-07-30 06:00:00,observed_replacement_demand,LOT-00074,1,completed,assumption:synthetic_operations_v1;demand=PdM_maint.csv,2015-07-30 06:00:00,1
MR-01007,39,comp3,2015-07-30 06:00:00,2015-08-05 06:00:00,observed_replacement_demand,LOT-00079,1,completed,assumption:synthetic_operations_v1;demand=PdM_maint.csv,2015-07-30 06:00:00,1
MR-01008,51,comp2,2015-07-30 06:00:00,2015-07-30 06:00:00,observed_replacement_demand,LOT-00068,1,completed,assumption:synthetic_operations_v1;demand=PdM_maint.csv,2015-07-30 06:00:00,1
MR-01009,58,comp2,2015-07-30 06:00:00,2015-07-30 06:00:00,observed_replacement_demand,LOT-00068,1,completed,assumption:synthetic_operations_v1;demand=PdM_maint.csv,2015-07-30 06:00:00,1
MR-01010,58,comp3,2015-07-30 06:00:00,2015-08-05 06:00:00,observed_replacement_demand,LOT-00079,1,completed,assumption:synthetic_operations_v1;demand=PdM_maint.csv,2015-07-30 06:00:00,1
MR-01011,65,comp3,2015-07-30 06:00:00,2015-08-05 06:00:00,observed_replacement_demand,LOT-00079,1,completed,assumption:synthetic_operations_v1;demand=PdM_maint.csv,2015-07-30 06:00:00,1
MR-01012,67,comp2,2015-07-30 06:00:00,2015-07-30 06:00:00,observed_replacement_demand,LOT-00068,1,completed,assumption:synthetic_operations_v1;demand=PdM_maint.csv,2015-07-30 06:00:00,1
MR-01013,83,comp4,2015-07-30 06:00:00,2015-07-30 06:00:00,observed_replacement_demand,LOT-00066,1,completed,assumption:synthetic_operations_v1;demand=PdM_maint.csv,2015-07-30 06:00:00,1
MR-01014,93,comp1,2015-07-30 06:00:00,2015-07-30 06:00:00,observed_replacement_demand,LOT-00074,1,completed,assumption:synthetic_operations_v1;demand=PdM_maint.csv,2015-07-30 06:00:00,1
MR-01015,4,comp4,2015-07-31 06:00:00,2015-07-31 06:00:00,observed_replacement_demand,LOT-00066,1,completed,assumption:synthetic_operations_v1;demand=PdM_maint.csv,2015-07-31 06:00:00,1
MR-01016,24,comp3,2015-07-31 06:00:00,2015-08-05 06:00:00,observed_replacement_demand,LOT-00079,1,completed,assumption:synthetic_operations_v1;demand=PdM_maint.csv,2015-07-31 06:00:00,1
MR-01017,24,comp4,2015-07-31 06:00:00,2015-07-31 06:00:00,observed_replacement_demand,LOT-00066,1,completed,assumption:synthetic_operations_v1;demand=PdM_maint.csv,2015-07-31 06:00:00,1
MR-01018,29,comp3,2015-07-31 06:00:00,2015-08-05 06:00:00,observed_replacement_demand,LOT-00079,1,completed,assumption:synthetic_operations_v1;demand=PdM_maint.csv,2015-07-31 06:00:00,1
MR-01019,29,comp4,2015-07-31 06:00:00,2015-07-31 06:00:00,observed_replacement_demand,LOT-00066,1,completed,assumption:synthetic_operations_v1;demand=PdM_maint.csv,2015-07-31 06:00:00,1
MR-01020,38,comp2,2015-07-31 06:00:00,2015-07-31 06:00:00,observed_replacement_demand,LOT-00068,1,completed,assumption:synthetic_operations_v1;demand=PdM_maint.csv,2015-07-31 06:00:00,1
MR-01021,41,comp3,2015-07-31 06:00:00,2015-08-05 06:00:00,observed_replacement_demand,LOT-00079,1,completed,assumption:synthetic_operations_v1;demand=PdM_maint.csv,2015-07-31 06:00:00,1
MR-01022,41,comp4,2015-07-31 06:00:00,2015-07-31 06:00:00,observed_replacement_demand,LOT-00066,1,completed,assumption:synthetic_operations_v1;demand=PdM_maint.csv,2015-07-31 06:00:00,1
MR-01023,68,comp3,2015-07-31 06:00:00,2015-08-05 06:00:00,observed_replacement_demand,LOT-00079,1,completed,assumption:synthetic_operations_v1;demand=PdM_maint.csv,2015-07-31 06:00:00,1
MR-01024,68,comp4,2015-07-31 06:00:00,2015-07-31 06:00:00,observed_replacement_demand,LOT-00069,1,completed,assumption:synthetic_operations_v1;demand=PdM_maint.csv,2015-07-31 06:00:00,1
MR-01025,73,comp1,2015-07-31 06:00:00,2015-07-31 06:00:00,observed_replacement_demand,LOT-00074,1,completed,assumption:synthetic_operations_v1;demand=PdM_maint.csv,2015-07-31 06:00:00,1
MR-01026,79,comp1,2015-07-31 06:00:00,2015-07-31 06:00:00,observed_replacement_demand,LOT-00074,1,completed,assumption:synthetic_operations_v1;demand=PdM_maint.csv,2015-07-31 06:00:00,1
MR-01027,2,comp4,2015-08-01 06:00:00,2015-08-01 06:00:00,observed_replacement_demand,LOT-00069,1,completed,assumption:synthetic_operations_v1;demand=PdM_maint.csv,2015-08-01 06:00:00,1
MR-01028,9,comp1,2015-08-01 06:00:00,2015-08-01 06:00:00,observed_replacement_demand,LOT-00074,1,completed,assumption:synthetic_operations_v1;demand=PdM_maint.csv,2015-08-01 06:00:00,1
MR-01029,76,comp1,2015-08-01 06:00:00,2015-08-01 06:00:00,observed_replacement_demand,LOT-00074,1,completed,assumption:synthetic_operations_v1;demand=PdM_maint.csv,2015-08-01 06:00:00,1
MR-01030,76,comp2,2015-08-01 06:00:00,2015-08-01 06:00:00,observed_replacement_demand,LOT-00068,1,completed,assumption:synthetic_operations_v1;demand=PdM_maint.csv,2015-08-01 06:00:00,1
MR-01031,96,comp2,2015-08-01 06:00:00,2015-08-01 06:00:00,observed_replacement_demand,LOT-00073,1,completed,assumption:synthetic_operations_v1;demand=PdM_maint.csv,2015-08-01 06:00:00,1
MR-01032,99,comp1,2015-08-01 06:00:00,2015-08-01 06:00:00,observed_replacement_demand,LOT-00074,1,completed,assumption:synthetic_operations_v1;demand=PdM_maint.csv,2015-08-01 06:00:00,1
MR-01033,99,comp2,2015-08-01 06:00:00,2015-08-01 06:00:00,observed_replacement_demand,LOT-00073,1,completed,assumption:synthetic_operations_v1;demand=PdM_maint.csv,2015-08-01 06:00:00,1
MR-01034,10,comp2,2015-08-02 06:00:00,2015-08-02 06:00:00,observed_replacement_demand,LOT-00073,1,completed,assumption:synthetic_operations_v1;demand=PdM_maint.csv,2015-08-02 06:00:00,1
MR-01035,20,comp1,2015-08-02 06:00:00,2015-08-02 06:00:00,observed_replacement_demand,LOT-00074,1,completed,assumption:synthetic_operations_v1;demand=PdM_maint.csv,2015-08-02 06:00:00,1
MR-01036,20,comp2,2015-08-02 06:00:00,2015-08-02 06:00:00,observed_replacement_demand,LOT-00073,1,completed,assumption:synthetic_operations_v1;demand=PdM_maint.csv,2015-08-02 06:00:00,1
MR-01037,25,comp1,2015-08-02 06:00:00,2015-08-02 06:00:00,observed_replacement_demand,LOT-00074,1,completed,assumption:synthetic_operations_v1;demand=PdM_maint.csv,2015-08-02 06:00:00,1
MR-01038,37,comp3,2015-08-02 06:00:00,2015-08-05 06:00:00,observed_replacement_demand,LOT-00079,1,completed,assumption:synthetic_operations_v1;demand=PdM_maint.csv,2015-08-02 06:00:00,1
MR-01039,40,comp4,2015-08-02 06:00:00,2015-08-02 06:00:00,observed_replacement_demand,LOT-00069,1,completed,assumption:synthetic_operations_v1;demand=PdM_maint.csv,2015-08-02 06:00:00,1
MR-01040,52,comp1,2015-08-02 06:00:00,2015-08-02 06:00:00,observed_replacement_demand,LOT-00078,1,completed,assumption:synthetic_operations_v1;demand=PdM_maint.csv,2015-08-02 06:00:00,1
MR-01041,52,comp2,2015-08-02 06:00:00,2015-08-02 06:00:00,observed_replacement_demand,LOT-00073,1,completed,assumption:synthetic_operations_v1;demand=PdM_maint.csv,2015-08-02 06:00:00,1
MR-01042,66,comp4,2015-08-02 06:00:00,2015-08-02 06:00:00,observed_replacement_demand,LOT-00069,1,completed,assumption:synthetic_operations_v1;demand=PdM_maint.csv,2015-08-02 06:00:00,1
MR-01043,88,comp3,2015-08-02 06:00:00,2015-08-05 06:00:00,observed_replacement_demand,LOT-00079,1,completed,assumption:synthetic_operations_v1;demand=PdM_maint.csv,2015-08-02 06:00:00,1
MR-01044,1,comp1,2015-08-03 06:00:00,2015-08-03 06:00:00,observed_replacement_demand,LOT-00078,1,completed,assumption:synthetic_operations_v1;demand=PdM_maint.csv,2015-08-03 06:00:00,1
MR-01045,11,comp1,2015-08-03 06:00:00,2015-08-03 06:00:00,observed_replacement_demand,LOT-00078,1,completed,assumption:synthetic_operations_v1;demand=PdM_maint.csv,2015-08-03 06:00:00,1
MR-01046,15,comp1,2015-08-03 06:00:00,2015-08-03 06:00:00,observed_replacement_demand,LOT-00078,1,completed,assumption:synthetic_operations_v1;demand=PdM_maint.csv,2015-08-03 06:00:00,1
MR-01047,15,comp2,2015-08-03 06:00:00,2015-08-03 06:00:00,observed_replacement_demand,LOT-00073,1,completed,assumption:synthetic_operations_v1;demand=PdM_maint.csv,2015-08-03 06:00:00,1
MR-01048,23,comp3,2015-08-03 06:00:00,2015-08-05 06:00:00,observed_replacement_demand,LOT-00079,1,completed,assumption:synthetic_operations_v1;demand=PdM_maint.csv,2015-08-03 06:00:00,1
MR-01049,59,comp2,2015-08-03 06:00:00,2015-08-03 06:00:00,observed_replacement_demand,LOT-00073,1,completed,assumption:synthetic_operations_v1;demand=PdM_maint.csv,2015-08-03 06:00:00,1
MR-01050,64,comp2,2015-08-03 06:00:00,2015-08-03 06:00:00,observed_replacement_demand,LOT-00073,1,completed,assumption:synthetic_operations_v1;demand=PdM_maint.csv,2015-08-03 06:00:00,1
MR-01051,69,comp1,2015-08-03 06:00:00,2015-08-03 06:00:00,observed_replacement_demand,LOT-00078,1,completed,assumption:synthetic_operations_v1;demand=PdM_maint.csv,2015-08-03 06:00:00,1
MR-01052,69,comp3,2015-08-03 06:00:00,2015-08-07 06:00:00,observed_replacement_demand,LOT-00081,1,completed,assumption:synthetic_operations_v1;demand=PdM_maint.csv,2015-08-03 06:00:00,1
MR-01053,84,comp2,2015-08-03 06:00:00,2015-08-03 06:00:00,observed_replacement_demand,LOT-00073,1,completed,assumption:synthetic_operations_v1;demand=PdM_maint.csv,2015-08-03 06:00:00,1
MR-01054,90,comp2,2015-08-03 06:00:00,2015-08-03 06:00:00,observed_replacement_demand,LOT-00073,1,completed,assumption:synthetic_operations_v1;demand=PdM_maint.csv,2015-08-03 06:00:00,1
MR-01055,90,comp4,2015-08-03 06:00:00,2015-08-03 06:00:00,observed_replacement_demand,LOT-00069,1,completed,assumption:synthetic_operations_v1;demand=PdM_maint.csv,2015-08-03 06:00:00,1
MR-01056,92,comp1,2015-08-03 06:00:00,2015-08-03 06:00:00,observed_replacement_demand,LOT-00078,1,completed,assumption:synthetic_operations_v1;demand=PdM_maint.csv,2015-08-03 06:00:00,1
MR-01057,95,comp2,2015-08-03 06:00:00,2015-08-03 06:00:00,observed_replacement_demand,LOT-00073,1,completed,assumption:synthetic_operations_v1;demand=PdM_maint.csv,2015-08-03 06:00:00,1
MR-01058,8,comp4,2015-08-04 06:00:00,2015-08-04 06:00:00,observed_replacement_demand,LOT-00069,1,completed,assumption:synthetic_operations_v1;demand=PdM_maint.csv,2015-08-04 06:00:00,1
MR-01059,26,comp4,2015-08-04 06:00:00,2015-08-04 06:00:00,observed_replacement_demand,LOT-00069,1,completed,assumption:synthetic_operations_v1;demand=PdM_maint.csv,2015-08-04 06:00:00,1
MR-01060,35,comp1,2015-08-04 06:00:00,2015-08-04 06:00:00,observed_replacement_demand,LOT-00078,1,completed,assumption:synthetic_operations_v1;demand=PdM_maint.csv,2015-08-04 06:00:00,1
MR-01061,35,comp4,2015-08-04 06:00:00,2015-08-04 06:00:00,observed_replacement_demand,LOT-00069,1,completed,assumption:synthetic_operations_v1;demand=PdM_maint.csv,2015-08-04 06:00:00,1
MR-01062,42,comp4,2015-08-04 06:00:00,2015-08-04 06:00:00,observed_replacement_demand,LOT-00069,1,completed,assumption:synthetic_operations_v1;demand=PdM_maint.csv,2015-08-04 06:00:00,1
MR-01063,43,comp2,2015-08-04 06:00:00,2015-08-04 06:00:00,observed_replacement_demand,LOT-00073,1,completed,assumption:synthetic_operations_v1;demand=PdM_maint.csv,2015-08-04 06:00:00,1
MR-01064,55,comp1,2015-08-04 06:00:00,2015-08-04 06:00:00,observed_replacement_demand,LOT-00078,1,completed,assumption:synthetic_operations_v1;demand=PdM_maint.csv,2015-08-04 06:00:00,1
MR-01065,78,comp3,2015-08-04 06:00:00,2015-08-07 06:00:00,observed_replacement_demand,LOT-00081,1,completed,assumption:synthetic_operations_v1;demand=PdM_maint.csv,2015-08-04 06:00:00,1
MR-01066,3,comp2,2015-08-05 06:00:00,2015-08-05 06:00:00,observed_replacement_demand,LOT-00073,1,completed,assumption:synthetic_operations_v1;demand=PdM_maint.csv,2015-08-05 06:00:00,1
MR-01067,6,comp4,2015-08-05 06:00:00,2015-08-05 06:00:00,observed_replacement_demand,LOT-00069,1,completed,assumption:synthetic_operations_v1;demand=PdM_maint.csv,2015-08-05 06:00:00,1
MR-01068,12,comp4,2015-08-05 06:00:00,2015-08-05 06:00:00,observed_replacement_demand,LOT-00069,1,completed,assumption:synthetic_operations_v1;demand=PdM_maint.csv,2015-08-05 06:00:00,1
MR-01069,22,comp4,2015-08-05 06:00:00,2015-08-05 06:00:00,observed_replacement_demand,LOT-00069,1,completed,assumption:synthetic_operations_v1;demand=PdM_maint.csv,2015-08-05 06:00:00,1
MR-01070,31,comp1,2015-08-05 06:00:00,2015-08-05 06:00:00,observed_replacement_demand,LOT-00078,1,completed,assumption:synthetic_operations_v1;demand=PdM_maint.csv,2015-08-05 06:00:00,1
MR-01071,36,comp3,2015-08-05 06:00:00,2015-08-07 06:00:00,observed_replacement_demand,LOT-00081,1,completed,assumption:synthetic_operations_v1;demand=PdM_maint.csv,2015-08-05 06:00:00,1
MR-01072,45,comp4,2015-08-05 06:00:00,2015-08-05 06:00:00,observed_replacement_demand,LOT-00075,1,completed,assumption:synthetic_operations_v1;demand=PdM_maint.csv,2015-08-05 06:00:00,1
MR-01073,75,comp1,2015-08-05 06:00:00,2015-08-05 06:00:00,observed_replacement_demand,LOT-00078,1,completed,assumption:synthetic_operations_v1;demand=PdM_maint.csv,2015-08-05 06:00:00,1
MR-01074,21,comp2,2015-08-06 06:00:00,2015-08-06 06:00:00,observed_replacement_demand,LOT-00073,1,completed,assumption:synthetic_operations_v1;demand=PdM_maint.csv,2015-08-06 06:00:00,1
MR-01075,21,comp4,2015-08-06 06:00:00,2015-08-06 06:00:00,observed_replacement_demand,LOT-00075,1,completed,assumption:synthetic_operations_v1;demand=PdM_maint.csv,2015-08-06 06:00:00,1
MR-01076,46,comp4,2015-08-06 06:00:00,2015-08-06 06:00:00,observed_replacement_demand,LOT-00075,1,completed,assumption:synthetic_operations_v1;demand=PdM_maint.csv,2015-08-06 06:00:00,1
MR-01077,57,comp1,2015-08-06 06:00:00,2015-08-06 06:00:00,observed_replacement_demand,LOT-00078,1,completed,assumption:synthetic_operations_v1;demand=PdM_maint.csv,2015-08-06 06:00:00,1
MR-01078,57,comp3,2015-08-06 06:00:00,2015-08-07 06:00:00,observed_replacement_demand,LOT-00081,1,completed,assumption:synthetic_operations_v1;demand=PdM_maint.csv,2015-08-06 06:00:00,1
MR-01079,72,comp2,2015-08-06 06:00:00,2015-08-06 06:00:00,observed_replacement_demand,LOT-00073,1,completed,assumption:synthetic_operations_v1;demand=PdM_maint.csv,2015-08-06 06:00:00,1
MR-01080,74,comp2,2015-08-06 06:00:00,2015-08-06 06:00:00,observed_replacement_demand,LOT-00073,1,completed,assumption:synthetic_operations_v1;demand=PdM_maint.csv,2015-08-06 06:00:00,1
MR-01081,86,comp2,2015-08-06 06:00:00,2015-08-06 06:00:00,observed_replacement_demand,LOT-00073,1,completed,assumption:synthetic_operations_v1;demand=PdM_maint.csv,2015-08-06 06:00:00,1
MR-01082,89,comp3,2015-08-06 06:00:00,2015-08-07 06:00:00,observed_replacement_demand,LOT-00081,1,completed,assumption:synthetic_operations_v1;demand=PdM_maint.csv,2015-08-06 06:00:00,1
MR-01083,94,comp1,2015-08-06 06:00:00,2015-08-06 06:00:00,observed_replacement_demand,LOT-00078,1,completed,assumption:synthetic_operations_v1;demand=PdM_maint.csv,2015-08-06 06:00:00,1
MR-01084,5,comp2,2015-08-07 06:00:00,2015-08-07 06:00:00,observed_replacement_demand,LOT-00073,1,completed,assumption:synthetic_operations_v1;demand=PdM_maint.csv,2015-08-07 06:00:00,1
MR-01085,5,comp3,2015-08-07 06:00:00,2015-08-07 06:00:00,observed_replacement_demand,LOT-00081,1,completed,assumption:synthetic_operations_v1;demand=PdM_maint.csv,2015-08-07 06:00:00,1
MR-01086,30,comp2,2015-08-07 06:00:00,2015-08-07 06:00:00,observed_replacement_demand,LOT-00076,1,completed,assumption:synthetic_operations_v1;demand=PdM_maint.csv,2015-08-07 06:00:00,1
MR-01087,30,comp4,2015-08-07 06:00:00,2015-08-07 06:00:00,observed_replacement_demand,LOT-00075,1,completed,assumption:synthetic_operations_v1;demand=PdM_maint.csv,2015-08-07 06:00:00,1
MR-01088,47,comp1,2015-08-07 06:00:00,2015-08-07 06:00:00,observed_replacement_demand,LOT-00078,1,completed,assumption:synthetic_operations_v1;demand=PdM_maint.csv,2015-08-07 06:00:00,1
MR-01089,27,comp1,2015-08-08 06:00:00,2015-08-08 06:00:00,observed_replacement_demand,LOT-00078,1,completed,assumption:synthetic_operations_v1;demand=PdM_maint.csv,2015-08-08 06:00:00,1
MR-01090,27,comp4,2015-08-08 06:00:00,2015-08-08 06:00:00,observed_replacement_demand,LOT-00075,1,completed,assumption:synthetic_operations_v1;demand=PdM_maint.csv,2015-08-08 06:00:00,1
MR-01091,32,comp1,2015-08-08 06:00:00,2015-08-08 06:00:00,observed_replacement_demand,LOT-00078,1,completed,assumption:synthetic_operations_v1;demand=PdM_maint.csv,2015-08-08 06:00:00,1
MR-01092,13,comp2,2015-08-09 06:00:00,2015-08-09 06:00:00,observed_replacement_demand,LOT-00076,1,completed,assumption:synthetic_operations_v1;demand=PdM_maint.csv,2015-08-09 06:00:00,1
MR-01093,48,comp3,2015-08-09 06:00:00,2015-08-09 06:00:00,observed_replacement_demand,LOT-00081,1,completed,assumption:synthetic_operations_v1;demand=PdM_maint.csv,2015-08-09 06:00:00,1
MR-01094,71,comp1,2015-08-09 06:00:00,2015-08-09 06:00:00,observed_replacement_demand,LOT-00078,1,completed,assumption:synthetic_operations_v1;demand=PdM_maint.csv,2015-08-09 06:00:00,1
MR-01095,77,comp2,2015-08-09 06:00:00,2015-08-09 06:00:00,observed_replacement_demand,LOT-00076,1,completed,assumption:synthetic_operations_v1;demand=PdM_maint.csv,2015-08-09 06:00:00,1
MR-01096,87,comp1,2015-08-10 06:00:00,2015-08-10 06:00:00,observed_replacement_demand,LOT-00078,1,completed,assumption:synthetic_operations_v1;demand=PdM_maint.csv,2015-08-10 06:00:00,1
MR-01097,19,comp1,2015-08-11 06:00:00,2015-08-11 06:00:00,observed_replacement_demand,LOT-00078,1,completed,assumption:synthetic_operations_v1;demand=PdM_maint.csv,2015-08-11 06:00:00,1
MR-01098,19,comp3,2015-08-11 06:00:00,2015-08-11 06:00:00,observed_replacement_demand,LOT-00081,1,completed,assumption:synthetic_operations_v1;demand=PdM_maint.csv,2015-08-11 06:00:00,1
MR-01099,53,comp1,2015-08-11 06:00:00,2015-08-11 06:00:00,observed_replacement_demand,LOT-00078,1,completed,assumption:synthetic_operations_v1;demand=PdM_maint.csv,2015-08-11 06:00:00,1
MR-01100,61,comp2,2015-08-11 06:00:00,2015-08-11 06:00:00,observed_replacement_demand,LOT-00076,1,completed,assumption:synthetic_operations_v1;demand=PdM_maint.csv,2015-08-11 06:00:00,1
MR-01101,61,comp4,2015-08-11 06:00:00,2015-08-11 06:00:00,observed_replacement_demand,LOT-00075,1,completed,assumption:synthetic_operations_v1;demand=PdM_maint.csv,2015-08-11 06:00:00,1
MR-01102,62,comp1,2015-08-11 06:00:00,2015-08-11 06:00:00,observed_replacement_demand,LOT-00083,1,completed,assumption:synthetic_operations_v1;demand=PdM_maint.csv,2015-08-11 06:00:00,1
MR-01103,62,comp4,2015-08-11 06:00:00,2015-08-11 06:00:00,observed_replacement_demand,LOT-00075,1,completed,assumption:synthetic_operations_v1;demand=PdM_maint.csv,2015-08-11 06:00:00,1
MR-01104,63,comp4,2015-08-11 06:00:00,2015-08-11 06:00:00,observed_replacement_demand,LOT-00075,1,completed,assumption:synthetic_operations_v1;demand=PdM_maint.csv,2015-08-11 06:00:00,1
MR-01105,70,comp1,2015-08-11 06:00:00,2015-08-11 06:00:00,observed_replacement_demand,LOT-00083,1,completed,assumption:synthetic_operations_v1;demand=PdM_maint.csv,2015-08-11 06:00:00,1
MR-01106,80,comp1,2015-08-11 06:00:00,2015-08-11 06:00:00,observed_replacement_demand,LOT-00083,1,completed,assumption:synthetic_operations_v1;demand=PdM_maint.csv,2015-08-11 06:00:00,1
MR-01107,82,comp1,2015-08-11 06:00:00,2015-08-11 06:00:00,observed_replacement_demand,LOT-00083,1,completed,assumption:synthetic_operations_v1;demand=PdM_maint.csv,2015-08-11 06:00:00,1
MR-01108,100,comp3,2015-08-11 06:00:00,2015-08-11 06:00:00,observed_replacement_demand,LOT-00081,1,completed,assumption:synthetic_operations_v1;demand=PdM_maint.csv,2015-08-11 06:00:00,1
MR-01109,18,comp1,2015-08-13 06:00:00,2015-08-13 06:00:00,observed_replacement_demand,LOT-00083,1,completed,assumption:synthetic_operations_v1;demand=PdM_maint.csv,2015-08-13 06:00:00,1
MR-01110,18,comp2,2015-08-13 06:00:00,2015-08-13 06:00:00,observed_replacement_demand,LOT-00076,1,completed,assumption:synthetic_operations_v1;demand=PdM_maint.csv,2015-08-13 06:00:00,1
MR-01111,44,comp3,2015-08-13 06:00:00,2015-08-13 06:00:00,observed_replacement_demand,LOT-00081,1,completed,assumption:synthetic_operations_v1;demand=PdM_maint.csv,2015-08-13 06:00:00,1
MR-01112,50,comp1,2015-08-13 06:00:00,2015-08-13 06:00:00,observed_replacement_demand,LOT-00086,1,completed,assumption:synthetic_operations_v1;demand=PdM_maint.csv,2015-08-13 06:00:00,1
MR-01113,54,comp3,2015-08-13 06:00:00,2015-08-13 06:00:00,observed_replacement_demand,LOT-00081,1,completed,assumption:synthetic_operations_v1;demand=PdM_maint.csv,2015-08-13 06:00:00,1
MR-01114,54,comp4,2015-08-13 06:00:00,2015-08-13 06:00:00,observed_replacement_demand,LOT-00077,1,completed,assumption:synthetic_operations_v1;demand=PdM_maint.csv,2015-08-13 06:00:00,1
MR-01115,60,comp4,2015-08-13 06:00:00,2015-08-13 06:00:00,observed_replacement_demand,LOT-00077,1,completed,assumption:synthetic_operations_v1;demand=PdM_maint.csv,2015-08-13 06:00:00,1
MR-01116,85,comp2,2015-08-13 06:00:00,2015-08-13 06:00:00,observed_replacement_demand,LOT-00076,1,completed,assumption:synthetic_operations_v1;demand=PdM_maint.csv,2015-08-13 06:00:00,1
MR-01117,98,comp1,2015-08-13 06:00:00,2015-08-13 06:00:00,observed_replacement_demand,LOT-00086,1,completed,assumption:synthetic_operations_v1;demand=PdM_maint.csv,2015-08-13 06:00:00,1
MR-01118,98,comp4,2015-08-13 06:00:00,2015-08-13 06:00:00,observed_replacement_demand,LOT-00077,1,completed,assumption:synthetic_operations_v1;demand=PdM_maint.csv,2015-08-13 06:00:00,1
MR-01119,14,comp1,2015-08-14 06:00:00,2015-08-14 06:00:00,observed_replacement_demand,LOT-00086,1,completed,assumption:synthetic_operations_v1;demand=PdM_maint.csv,2015-08-14 06:00:00,1
MR-01120,17,comp2,2015-08-14 06:00:00,2015-08-14 06:00:00,observed_replacement_demand,LOT-00076,1,completed,assumption:synthetic_operations_v1;demand=PdM_maint.csv,2015-08-14 06:00:00,1
MR-01121,28,comp1,2015-08-14 06:00:00,2015-08-14 06:00:00,observed_replacement_demand,LOT-00086,1,completed,assumption:synthetic_operations_v1;demand=PdM_maint.csv,2015-08-14 06:00:00,1
MR-01122,28,comp3,2015-08-14 06:00:00,2015-08-14 06:00:00,observed_replacement_demand,LOT-00081,1,completed,assumption:synthetic_operations_v1;demand=PdM_maint.csv,2015-08-14 06:00:00,1
MR-01123,34,comp1,2015-08-14 06:00:00,2015-08-14 06:00:00,observed_replacement_demand,LOT-00086,1,completed,assumption:synthetic_operations_v1;demand=PdM_maint.csv,2015-08-14 06:00:00,1
MR-01124,34,comp3,2015-08-14 06:00:00,2015-08-14 06:00:00,observed_replacement_demand,LOT-00081,1,completed,assumption:synthetic_operations_v1;demand=PdM_maint.csv,2015-08-14 06:00:00,1
MR-01125,39,comp3,2015-08-14 06:00:00,2015-08-14 06:00:00,observed_replacement_demand,LOT-00081,1,completed,assumption:synthetic_operations_v1;demand=PdM_maint.csv,2015-08-14 06:00:00,1
MR-01126,51,comp2,2015-08-14 06:00:00,2015-08-14 06:00:00,observed_replacement_demand,LOT-00076,1,completed,assumption:synthetic_operations_v1;demand=PdM_maint.csv,2015-08-14 06:00:00,1
MR-01127,65,comp1,2015-08-14 06:00:00,2015-08-14 06:00:00,observed_replacement_demand,LOT-00086,1,completed,assumption:synthetic_operations_v1;demand=PdM_maint.csv,2015-08-14 06:00:00,1
MR-01128,65,comp2,2015-08-14 06:00:00,2015-08-14 06:00:00,observed_replacement_demand,LOT-00076,1,completed,assumption:synthetic_operations_v1;demand=PdM_maint.csv,2015-08-14 06:00:00,1
MR-01129,67,comp2,2015-08-14 06:00:00,2015-08-14 06:00:00,observed_replacement_demand,LOT-00076,1,completed,assumption:synthetic_operations_v1;demand=PdM_maint.csv,2015-08-14 06:00:00,1
MR-01130,67,comp3,2015-08-14 06:00:00,2015-08-14 06:00:00,observed_replacement_demand,LOT-00081,1,completed,assumption:synthetic_operations_v1;demand=PdM_maint.csv,2015-08-14 06:00:00,1
MR-01131,83,comp2,2015-08-14 06:00:00,2015-08-14 06:00:00,observed_replacement_demand,LOT-00076,1,completed,assumption:synthetic_operations_v1;demand=PdM_maint.csv,2015-08-14 06:00:00,1
MR-01132,83,comp4,2015-08-14 06:00:00,2015-08-14 06:00:00,observed_replacement_demand,LOT-00077,1,completed,assumption:synthetic_operations_v1;demand=PdM_maint.csv,2015-08-14 06:00:00,1
MR-01133,93,comp1,2015-08-14 06:00:00,2015-08-14 06:00:00,observed_replacement_demand,LOT-00086,1,completed,assumption:synthetic_operations_v1;demand=PdM_maint.csv,2015-08-14 06:00:00,1
MR-01134,93,comp3,2015-08-14 06:00:00,2015-08-14 06:00:00,observed_replacement_demand,LOT-00082,1,completed,assumption:synthetic_operations_v1;demand=PdM_maint.csv,2015-08-14 06:00:00,1
MR-01135,16,comp1,2015-08-15 06:00:00,2015-08-15 06:00:00,observed_replacement_demand,LOT-00086,1,completed,assumption:synthetic_operations_v1;demand=PdM_maint.csv,2015-08-15 06:00:00,1
MR-01136,16,comp3,2015-08-15 06:00:00,2015-08-15 06:00:00,observed_replacement_demand,LOT-00082,1,completed,assumption:synthetic_operations_v1;demand=PdM_maint.csv,2015-08-15 06:00:00,1
MR-01137,24,comp2,2015-08-15 06:00:00,2015-08-15 06:00:00,observed_replacement_demand,LOT-00076,1,completed,assumption:synthetic_operations_v1;demand=PdM_maint.csv,2015-08-15 06:00:00,1
MR-01138,24,comp3,2015-08-15 06:00:00,2015-08-15 06:00:00,observed_replacement_demand,LOT-00082,1,completed,assumption:synthetic_operations_v1;demand=PdM_maint.csv,2015-08-15 06:00:00,1
MR-01139,29,comp2,2015-08-15 06:00:00,2015-08-15 06:00:00,observed_replacement_demand,LOT-00076,1,completed,assumption:synthetic_operations_v1;demand=PdM_maint.csv,2015-08-15 06:00:00,1
MR-01140,41,comp1,2015-08-15 06:00:00,2015-08-15 06:00:00,observed_replacement_demand,LOT-00086,1,completed,assumption:synthetic_operations_v1;demand=PdM_maint.csv,2015-08-15 06:00:00,1
MR-01141,68,comp2,2015-08-15 06:00:00,2015-08-15 06:00:00,observed_replacement_demand,LOT-00076,1,completed,assumption:synthetic_operations_v1;demand=PdM_maint.csv,2015-08-15 06:00:00,1
MR-01142,68,comp3,2015-08-15 06:00:00,2015-08-15 06:00:00,observed_replacement_demand,LOT-00082,1,completed,assumption:synthetic_operations_v1;demand=PdM_maint.csv,2015-08-15 06:00:00,1
MR-01143,79,comp1,2015-08-15 06:00:00,2015-08-15 06:00:00,observed_replacement_demand,LOT-00086,1,completed,assumption:synthetic_operations_v1;demand=PdM_maint.csv,2015-08-15 06:00:00,1
MR-01144,79,comp2,2015-08-15 06:00:00,2015-08-15 06:00:00,observed_replacement_demand,LOT-00076,1,completed,assumption:synthetic_operations_v1;demand=PdM_maint.csv,2015-08-15 06:00:00,1
MR-01145,81,comp1,2015-08-15 06:00:00,2015-08-15 06:00:00,observed_replacement_demand,LOT-00086,1,completed,assumption:synthetic_operations_v1;demand=PdM_maint.csv,2015-08-15 06:00:00,1
MR-01146,91,comp3,2015-08-15 06:00:00,2015-08-15 06:00:00,observed_replacement_demand,LOT-00082,1,completed,assumption:synthetic_operations_v1;demand=PdM_maint.csv,2015-08-15 06:00:00,1
MR-01147,2,comp2,2015-08-16 06:00:00,2015-08-16 06:00:00,observed_replacement_demand,LOT-00076,1,completed,assumption:synthetic_operations_v1;demand=PdM_maint.csv,2015-08-16 06:00:00,1
MR-01148,9,comp4,2015-08-16 06:00:00,2015-08-16 06:00:00,observed_replacement_demand,LOT-00077,1,completed,assumption:synthetic_operations_v1;demand=PdM_maint.csv,2015-08-16 06:00:00,1
MR-01149,76,comp3,2015-08-16 06:00:00,2015-08-16 06:00:00,observed_replacement_demand,LOT-00082,1,completed,assumption:synthetic_operations_v1;demand=PdM_maint.csv,2015-08-16 06:00:00,1
MR-01150,96,comp4,2015-08-16 06:00:00,2015-08-16 06:00:00,observed_replacement_demand,LOT-00077,1,completed,assumption:synthetic_operations_v1;demand=PdM_maint.csv,2015-08-16 06:00:00,1
MR-01151,99,comp2,2015-08-16 06:00:00,2015-08-16 06:00:00,observed_replacement_demand,LOT-00076,1,completed,assumption:synthetic_operations_v1;demand=PdM_maint.csv,2015-08-16 06:00:00,1
MR-01152,10,comp4,2015-08-17 06:00:00,2015-08-17 06:00:00,observed_replacement_demand,LOT-00077,1,completed,assumption:synthetic_operations_v1;demand=PdM_maint.csv,2015-08-17 06:00:00,1
MR-01153,20,comp4,2015-08-17 06:00:00,2015-08-17 06:00:00,observed_replacement_demand,LOT-00077,1,completed,assumption:synthetic_operations_v1;demand=PdM_maint.csv,2015-08-17 06:00:00,1
MR-01154,25,comp2,2015-08-17 06:00:00,2015-08-17 06:00:00,observed_replacement_demand,LOT-00076,1,completed,assumption:synthetic_operations_v1;demand=PdM_maint.csv,2015-08-17 06:00:00,1
MR-01155,25,comp4,2015-08-17 06:00:00,2015-08-17 06:00:00,observed_replacement_demand,LOT-00077,1,completed,assumption:synthetic_operations_v1;demand=PdM_maint.csv,2015-08-17 06:00:00,1
MR-01156,37,comp2,2015-08-17 06:00:00,2015-08-17 06:00:00,observed_replacement_demand,LOT-00076,1,completed,assumption:synthetic_operations_v1;demand=PdM_maint.csv,2015-08-17 06:00:00,1
MR-01157,40,comp2,2015-08-17 06:00:00,2015-08-17 06:00:00,observed_replacement_demand,LOT-00076,1,completed,assumption:synthetic_operations_v1;demand=PdM_maint.csv,2015-08-17 06:00:00,1
MR-01158,40,comp4,2015-08-17 06:00:00,2015-08-17 06:00:00,observed_replacement_demand,LOT-00077,1,completed,assumption:synthetic_operations_v1;demand=PdM_maint.csv,2015-08-17 06:00:00,1
MR-01159,52,comp3,2015-08-17 06:00:00,2015-08-17 06:00:00,observed_replacement_demand,LOT-00082,1,completed,assumption:synthetic_operations_v1;demand=PdM_maint.csv,2015-08-17 06:00:00,1
MR-01160,66,comp2,2015-08-17 06:00:00,2015-08-17 06:00:00,observed_replacement_demand,LOT-00076,1,completed,assumption:synthetic_operations_v1;demand=PdM_maint.csv,2015-08-17 06:00:00,1
MR-01161,66,comp3,2015-08-17 06:00:00,2015-08-17 06:00:00,observed_replacement_demand,LOT-00082,1,completed,assumption:synthetic_operations_v1;demand=PdM_maint.csv,2015-08-17 06:00:00,1
MR-01162,11,comp1,2015-08-18 06:00:00,2015-08-18 06:00:00,observed_replacement_demand,LOT-00086,1,completed,assumption:synthetic_operations_v1;demand=PdM_maint.csv,2015-08-18 06:00:00,1
MR-01163,11,comp2,2015-08-18 06:00:00,2015-08-18 06:00:00,observed_replacement_demand,LOT-00080,1,completed,assumption:synthetic_operations_v1;demand=PdM_maint.csv,2015-08-18 06:00:00,1
MR-01164,15,comp3,2015-08-18 06:00:00,2015-08-18 06:00:00,observed_replacement_demand,LOT-00082,1,completed,assumption:synthetic_operations_v1;demand=PdM_maint.csv,2015-08-18 06:00:00,1
MR-01165,23,comp1,2015-08-18 06:00:00,2015-08-18 06:00:00,observed_replacement_demand,LOT-00086,1,completed,assumption:synthetic_operations_v1;demand=PdM_maint.csv,2015-08-18 06:00:00,1
MR-01166,23,comp3,2015-08-18 06:00:00,2015-08-18 06:00:00,observed_replacement_demand,LOT-00082,1,completed,assumption:synthetic_operations_v1;demand=PdM_maint.csv,2015-08-18 06:00:00,1
MR-01167,59,comp4,2015-08-18 06:00:00,2015-08-18 06:00:00,observed_replacement_demand,LOT-00084,1,completed,assumption:synthetic_operations_v1;demand=PdM_maint.csv,2015-08-18 06:00:00,1
MR-01168,64,comp3,2015-08-18 06:00:00,2015-08-18 06:00:00,observed_replacement_demand,LOT-00082,1,completed,assumption:synthetic_operations_v1;demand=PdM_maint.csv,2015-08-18 06:00:00,1
MR-01169,69,comp2,2015-08-18 06:00:00,2015-08-18 06:00:00,observed_replacement_demand,LOT-00080,1,completed,assumption:synthetic_operations_v1;demand=PdM_maint.csv,2015-08-18 06:00:00,1
MR-01170,69,comp3,2015-08-18 06:00:00,2015-08-18 06:00:00,observed_replacement_demand,LOT-00082,1,completed,assumption:synthetic_operations_v1;demand=PdM_maint.csv,2015-08-18 06:00:00,1
MR-01171,84,comp3,2015-08-18 06:00:00,2015-08-18 06:00:00,observed_replacement_demand,LOT-00082,1,completed,assumption:synthetic_operations_v1;demand=PdM_maint.csv,2015-08-18 06:00:00,1
MR-01172,84,comp4,2015-08-18 06:00:00,2015-08-18 06:00:00,observed_replacement_demand,LOT-00084,1,completed,assumption:synthetic_operations_v1;demand=PdM_maint.csv,2015-08-18 06:00:00,1
MR-01173,90,comp1,2015-08-18 06:00:00,2015-08-18 06:00:00,observed_replacement_demand,LOT-00086,1,completed,assumption:synthetic_operations_v1;demand=PdM_maint.csv,2015-08-18 06:00:00,1
MR-01174,90,comp3,2015-08-18 06:00:00,2015-08-18 06:00:00,observed_replacement_demand,LOT-00082,1,completed,assumption:synthetic_operations_v1;demand=PdM_maint.csv,2015-08-18 06:00:00,1
MR-01175,92,comp3,2015-08-18 06:00:00,2015-08-18 06:00:00,observed_replacement_demand,LOT-00082,1,completed,assumption:synthetic_operations_v1;demand=PdM_maint.csv,2015-08-18 06:00:00,1
MR-01176,92,comp4,2015-08-18 06:00:00,2015-08-18 06:00:00,observed_replacement_demand,LOT-00084,1,completed,assumption:synthetic_operations_v1;demand=PdM_maint.csv,2015-08-18 06:00:00,1
MR-01177,95,comp1,2015-08-18 06:00:00,2015-08-18 06:00:00,observed_replacement_demand,LOT-00086,1,completed,assumption:synthetic_operations_v1;demand=PdM_maint.csv,2015-08-18 06:00:00,1
MR-01178,95,comp4,2015-08-18 06:00:00,2015-08-18 06:00:00,observed_replacement_demand,LOT-00084,1,completed,assumption:synthetic_operations_v1;demand=PdM_maint.csv,2015-08-18 06:00:00,1
MR-01179,8,comp2,2015-08-19 06:00:00,2015-08-19 06:00:00,observed_replacement_demand,LOT-00080,1,completed,assumption:synthetic_operations_v1;demand=PdM_maint.csv,2015-08-19 06:00:00,1
MR-01180,26,comp2,2015-08-19 06:00:00,2015-08-19 06:00:00,observed_replacement_demand,LOT-00080,1,completed,assumption:synthetic_operations_v1;demand=PdM_maint.csv,2015-08-19 06:00:00,1
MR-01181,26,comp4,2015-08-19 06:00:00,2015-08-19 06:00:00,observed_replacement_demand,LOT-00084,1,completed,assumption:synthetic_operations_v1;demand=PdM_maint.csv,2015-08-19 06:00:00,1
MR-01182,35,comp2,2015-08-19 06:00:00,2015-08-19 06:00:00,observed_replacement_demand,LOT-00080,1,completed,assumption:synthetic_operations_v1;demand=PdM_maint.csv,2015-08-19 06:00:00,1
MR-01183,42,comp2,2015-08-19 06:00:00,2015-08-19 06:00:00,observed_replacement_demand,LOT-00080,1,completed,assumption:synthetic_operations_v1;demand=PdM_maint.csv,2015-08-19 06:00:00,1
MR-01184,43,comp3,2015-08-19 06:00:00,2015-08-19 06:00:00,observed_replacement_demand,LOT-00085,1,completed,assumption:synthetic_operations_v1;demand=PdM_maint.csv,2015-08-19 06:00:00,1
MR-01185,55,comp4,2015-08-19 06:00:00,2015-08-19 06:00:00,observed_replacement_demand,LOT-00084,1,completed,assumption:synthetic_operations_v1;demand=PdM_maint.csv,2015-08-19 06:00:00,1
MR-01186,78,comp1,2015-08-19 06:00:00,2015-08-19 06:00:00,observed_replacement_demand,LOT-00086,1,completed,assumption:synthetic_operations_v1;demand=PdM_maint.csv,2015-08-19 06:00:00,1
MR-01187,3,comp1,2015-08-20 06:00:00,2015-08-20 06:00:00,observed_replacement_demand,LOT-00086,1,completed,assumption:synthetic_operations_v1;demand=PdM_maint.csv,2015-08-20 06:00:00,1
MR-01188,6,comp1,2015-08-20 06:00:00,2015-08-20 06:00:00,observed_replacement_demand,LOT-00086,1,completed,assumption:synthetic_operations_v1;demand=PdM_maint.csv,2015-08-20 06:00:00,1
MR-01189,6,comp3,2015-08-20 06:00:00,2015-08-20 06:00:00,observed_replacement_demand,LOT-00085,1,completed,assumption:synthetic_operations_v1;demand=PdM_maint.csv,2015-08-20 06:00:00,1
MR-01190,12,comp2,2015-08-20 06:00:00,2015-08-20 06:00:00,observed_replacement_demand,LOT-00080,1,completed,assumption:synthetic_operations_v1;demand=PdM_maint.csv,2015-08-20 06:00:00,1
MR-01191,22,comp3,2015-08-20 06:00:00,2015-08-20 06:00:00,observed_replacement_demand,LOT-00085,1,completed,assumption:synthetic_operations_v1;demand=PdM_maint.csv,2015-08-20 06:00:00,1
MR-01192,31,comp2,2015-08-20 06:00:00,2015-08-20 06:00:00,observed_replacement_demand,LOT-00080,1,completed,assumption:synthetic_operations_v1;demand=PdM_maint.csv,2015-08-20 06:00:00,1
MR-01193,31,comp4,2015-08-20 06:00:00,2015-08-20 06:00:00,observed_replacement_demand,LOT-00084,1,completed,assumption:synthetic_operations_v1;demand=PdM_maint.csv,2015-08-20 06:00:00,1
MR-01194,36,comp4,2015-08-20 06:00:00,2015-08-20 06:00:00,observed_replacement_demand,LOT-00084,1,completed,assumption:synthetic_operations_v1;demand=PdM_maint.csv,2015-08-20 06:00:00,1
MR-01195,45,comp3,2015-08-20 06:00:00,2015-08-20 06:00:00,observed_replacement_demand,LOT-00085,1,completed,assumption:synthetic_operations_v1;demand=PdM_maint.csv,2015-08-20 06:00:00,1
MR-01196,75,comp2,2015-08-20 06:00:00,2015-08-20 06:00:00,observed_replacement_demand,LOT-00080,1,completed,assumption:synthetic_operations_v1;demand=PdM_maint.csv,2015-08-20 06:00:00,1
MR-01197,21,comp2,2015-08-21 06:00:00,2015-08-21 06:00:00,observed_replacement_demand,LOT-00080,1,completed,assumption:synthetic_operations_v1;demand=PdM_maint.csv,2015-08-21 06:00:00,1
MR-01198,46,comp4,2015-08-21 06:00:00,2015-08-21 06:00:00,observed_replacement_demand,LOT-00084,1,completed,assumption:synthetic_operations_v1;demand=PdM_maint.csv,2015-08-21 06:00:00,1
MR-01199,57,comp4,2015-08-21 06:00:00,2015-08-21 06:00:00,observed_replacement_demand,LOT-00084,1,completed,assumption:synthetic_operations_v1;demand=PdM_maint.csv,2015-08-21 06:00:00,1
MR-01200,72,comp3,2015-08-21 06:00:00,2015-08-21 06:00:00,observed_replacement_demand,LOT-00085,1,completed,assumption:synthetic_operations_v1;demand=PdM_maint.csv,2015-08-21 06:00:00,1
MR-01201,74,comp1,2015-08-21 06:00:00,2015-08-21 06:00:00,observed_replacement_demand,LOT-00086,1,completed,assumption:synthetic_operations_v1;demand=PdM_maint.csv,2015-08-21 06:00:00,1
MR-01202,74,comp4,2015-08-21 06:00:00,2015-08-21 06:00:00,observed_replacement_demand,LOT-00084,1,completed,assumption:synthetic_operations_v1;demand=PdM_maint.csv,2015-08-21 06:00:00,1
MR-01203,86,comp3,2015-08-21 06:00:00,2015-08-21 06:00:00,observed_replacement_demand,LOT-00085,1,completed,assumption:synthetic_operations_v1;demand=PdM_maint.csv,2015-08-21 06:00:00,1
MR-01204,89,comp2,2015-08-21 06:00:00,2015-08-21 06:00:00,observed_replacement_demand,LOT-00080,1,completed,assumption:synthetic_operations_v1;demand=PdM_maint.csv,2015-08-21 06:00:00,1
MR-01205,89,comp3,2015-08-21 06:00:00,2015-08-21 06:00:00,observed_replacement_demand,LOT-00085,1,completed,assumption:synthetic_operations_v1;demand=PdM_maint.csv,2015-08-21 06:00:00,1
MR-01206,94,comp4,2015-08-21 06:00:00,2015-08-21 06:00:00,observed_replacement_demand,LOT-00084,1,completed,assumption:synthetic_operations_v1;demand=PdM_maint.csv,2015-08-21 06:00:00,1
MR-01207,5,comp3,2015-08-22 06:00:00,2015-08-22 06:00:00,observed_replacement_demand,LOT-00085,1,completed,assumption:synthetic_operations_v1;demand=PdM_maint.csv,2015-08-22 06:00:00,1
MR-01208,7,comp2,2015-08-22 06:00:00,2015-08-22 06:00:00,observed_replacement_demand,LOT-00080,1,completed,assumption:synthetic_operations_v1;demand=PdM_maint.csv,2015-08-22 06:00:00,1
MR-01209,30,comp4,2015-08-22 06:00:00,2015-08-22 06:00:00,observed_replacement_demand,LOT-00084,1,completed,assumption:synthetic_operations_v1;demand=PdM_maint.csv,2015-08-22 06:00:00,1
MR-01210,47,comp1,2015-08-22 06:00:00,2015-08-22 06:00:00,observed_replacement_demand,LOT-00086,1,completed,assumption:synthetic_operations_v1;demand=PdM_maint.csv,2015-08-22 06:00:00,1
MR-01211,47,comp4,2015-08-22 06:00:00,2015-08-22 06:00:00,observed_replacement_demand,LOT-00084,1,completed,assumption:synthetic_operations_v1;demand=PdM_maint.csv,2015-08-22 06:00:00,1
MR-01212,97,comp4,2015-08-22 06:00:00,2015-08-22 06:00:00,observed_replacement_demand,LOT-00084,1,completed,assumption:synthetic_operations_v1;demand=PdM_maint.csv,2015-08-22 06:00:00,1
MR-01213,27,comp3,2015-08-23 06:00:00,2015-08-23 06:00:00,observed_replacement_demand,LOT-00085,1,completed,assumption:synthetic_operations_v1;demand=PdM_maint.csv,2015-08-23 06:00:00,1
MR-01214,32,comp2,2015-08-23 06:00:00,2015-08-23 06:00:00,observed_replacement_demand,LOT-00080,1,completed,assumption:synthetic_operations_v1;demand=PdM_maint.csv,2015-08-23 06:00:00,1
MR-01215,13,comp1,2015-08-24 06:00:00,2015-08-24 06:00:00,observed_replacement_demand,LOT-00086,1,completed,assumption:synthetic_operations_v1;demand=PdM_maint.csv,2015-08-24 06:00:00,1
MR-01216,13,comp3,2015-08-24 06:00:00,2015-08-24 06:00:00,observed_replacement_demand,LOT-00085,1,completed,assumption:synthetic_operations_v1;demand=PdM_maint.csv,2015-08-24 06:00:00,1
MR-01217,48,comp2,2015-08-24 06:00:00,2015-08-24 06:00:00,observed_replacement_demand,LOT-00080,1,completed,assumption:synthetic_operations_v1;demand=PdM_maint.csv,2015-08-24 06:00:00,1
MR-01218,48,comp4,2015-08-24 06:00:00,2015-08-24 06:00:00,observed_replacement_demand,LOT-00084,1,completed,assumption:synthetic_operations_v1;demand=PdM_maint.csv,2015-08-24 06:00:00,1
MR-01219,71,comp2,2015-08-24 06:00:00,2015-08-24 06:00:00,observed_replacement_demand,LOT-00080,1,completed,assumption:synthetic_operations_v1;demand=PdM_maint.csv,2015-08-24 06:00:00,1
MR-01220,71,comp4,2015-08-24 06:00:00,2015-08-24 06:00:00,observed_replacement_demand,LOT-00084,1,completed,assumption:synthetic_operations_v1;demand=PdM_maint.csv,2015-08-24 06:00:00,1
MR-01221,77,comp1,2015-08-24 06:00:00,2015-08-24 06:00:00,observed_replacement_demand,LOT-00086,1,completed,assumption:synthetic_operations_v1;demand=PdM_maint.csv,2015-08-24 06:00:00,1
MR-01222,87,comp3,2015-08-25 06:00:00,2015-08-25 06:00:00,observed_replacement_demand,LOT-00085,1,completed,assumption:synthetic_operations_v1;demand=PdM_maint.csv,2015-08-25 06:00:00,1
MR-01223,19,comp3,2015-08-26 06:00:00,2015-08-26 06:00:00,observed_replacement_demand,LOT-00085,1,completed,assumption:synthetic_operations_v1;demand=PdM_maint.csv,2015-08-26 06:00:00,1
MR-01224,53,comp3,2015-08-26 06:00:00,2015-08-26 06:00:00,observed_replacement_demand,LOT-00085,1,completed,assumption:synthetic_operations_v1;demand=PdM_maint.csv,2015-08-26 06:00:00,1
MR-01225,61,comp1,2015-08-26 06:00:00,2015-08-26 06:00:00,observed_replacement_demand,LOT-00086,1,completed,assumption:synthetic_operations_v1;demand=PdM_maint.csv,2015-08-26 06:00:00,1
MR-01226,61,comp3,2015-08-26 06:00:00,2015-08-26 06:00:00,observed_replacement_demand,LOT-00085,1,completed,assumption:synthetic_operations_v1;demand=PdM_maint.csv,2015-08-26 06:00:00,1
MR-01227,63,comp2,2015-08-26 06:00:00,2015-08-26 06:00:00,observed_replacement_demand,LOT-00080,1,completed,assumption:synthetic_operations_v1;demand=PdM_maint.csv,2015-08-26 06:00:00,1
MR-01228,63,comp3,2015-08-26 06:00:00,2015-08-26 06:00:00,observed_replacement_demand,LOT-00085,1,completed,assumption:synthetic_operations_v1;demand=PdM_maint.csv,2015-08-26 06:00:00,1
MR-01229,70,comp1,2015-08-26 06:00:00,2015-08-26 06:00:00,observed_replacement_demand,LOT-00086,1,completed,assumption:synthetic_operations_v1;demand=PdM_maint.csv,2015-08-26 06:00:00,1
MR-01230,82,comp3,2015-08-26 06:00:00,2015-08-26 06:00:00,observed_replacement_demand,LOT-00085,1,completed,assumption:synthetic_operations_v1;demand=PdM_maint.csv,2015-08-26 06:00:00,1
MR-01231,82,comp4,2015-08-26 06:00:00,2015-08-26 06:00:00,observed_replacement_demand,LOT-00084,1,completed,assumption:synthetic_operations_v1;demand=PdM_maint.csv,2015-08-26 06:00:00,1
MR-01232,100,comp4,2015-08-26 06:00:00,2015-08-26 06:00:00,observed_replacement_demand,LOT-00084,1,completed,assumption:synthetic_operations_v1;demand=PdM_maint.csv,2015-08-26 06:00:00,1
MR-01233,56,comp4,2015-08-27 06:00:00,2015-08-27 06:00:00,observed_replacement_demand,LOT-00087,1,completed,assumption:synthetic_operations_v1;demand=PdM_maint.csv,2015-08-27 06:00:00,1
MR-01234,18,comp4,2015-08-28 06:00:00,2015-08-28 06:00:00,observed_replacement_demand,LOT-00087,1,completed,assumption:synthetic_operations_v1;demand=PdM_maint.csv,2015-08-28 06:00:00,1
MR-01235,44,comp1,2015-08-28 06:00:00,2015-08-28 06:00:00,observed_replacement_demand,LOT-00091,1,completed,assumption:synthetic_operations_v1;demand=PdM_maint.csv,2015-08-28 06:00:00,1
MR-01236,44,comp4,2015-08-28 06:00:00,2015-08-28 06:00:00,observed_replacement_demand,LOT-00087,1,completed,assumption:synthetic_operations_v1;demand=PdM_maint.csv,2015-08-28 06:00:00,1
MR-01237,50,comp1,2015-08-28 06:00:00,2015-08-28 06:00:00,observed_replacement_demand,LOT-00091,1,completed,assumption:synthetic_operations_v1;demand=PdM_maint.csv,2015-08-28 06:00:00,1
MR-01238,50,comp3,2015-08-28 06:00:00,2015-08-28 06:00:00,observed_replacement_demand,LOT-00090,1,completed,assumption:synthetic_operations_v1;demand=PdM_maint.csv,2015-08-28 06:00:00,1
MR-01239,54,comp2,2015-08-28 06:00:00,2015-08-28 06:00:00,observed_replacement_demand,LOT-00088,1,completed,assumption:synthetic_operations_v1;demand=PdM_maint.csv,2015-08-28 06:00:00,1
MR-01240,60,comp1,2015-08-28 06:00:00,2015-08-28 06:00:00,observed_replacement_demand,LOT-00091,1,completed,assumption:synthetic_operations_v1;demand=PdM_maint.csv,2015-08-28 06:00:00,1
MR-01241,85,comp2,2015-08-28 06:00:00,2015-08-28 06:00:00,observed_replacement_demand,LOT-00088,1,completed,assumption:synthetic_operations_v1;demand=PdM_maint.csv,2015-08-28 06:00:00,1
MR-01242,85,comp4,2015-08-28 06:00:00,2015-08-28 06:00:00,observed_replacement_demand,LOT-00087,1,completed,assumption:synthetic_operations_v1;demand=PdM_maint.csv,2015-08-28 06:00:00,1
MR-01243,98,comp2,2015-08-28 06:00:00,2015-08-28 06:00:00,observed_replacement_demand,LOT-00088,1,completed,assumption:synthetic_operations_v1;demand=PdM_maint.csv,2015-08-28 06:00:00,1
MR-01244,98,comp4,2015-08-28 06:00:00,2015-08-28 06:00:00,observed_replacement_demand,LOT-00087,1,completed,assumption:synthetic_operations_v1;demand=PdM_maint.csv,2015-08-28 06:00:00,1
MR-01245,14,comp1,2015-08-29 06:00:00,2015-08-29 06:00:00,observed_replacement_demand,LOT-00091,1,completed,assumption:synthetic_operations_v1;demand=PdM_maint.csv,2015-08-29 06:00:00,1
MR-01246,14,comp2,2015-08-29 06:00:00,2015-08-29 06:00:00,observed_replacement_demand,LOT-00088,1,completed,assumption:synthetic_operations_v1;demand=PdM_maint.csv,2015-08-29 06:00:00,1
MR-01247,17,comp4,2015-08-29 06:00:00,2015-08-29 06:00:00,observed_replacement_demand,LOT-00087,1,completed,assumption:synthetic_operations_v1;demand=PdM_maint.csv,2015-08-29 06:00:00,1
MR-01248,33,comp3,2015-08-29 06:00:00,2015-08-29 06:00:00,observed_replacement_demand,LOT-00090,1,completed,assumption:synthetic_operations_v1;demand=PdM_maint.csv,2015-08-29 06:00:00,1
MR-01249,33,comp4,2015-08-29 06:00:00,2015-08-29 06:00:00,observed_replacement_demand,LOT-00087,1,completed,assumption:synthetic_operations_v1;demand=PdM_maint.csv,2015-08-29 06:00:00,1
MR-01250,34,comp3,2015-08-29 06:00:00,2015-08-29 06:00:00,observed_replacement_demand,LOT-00090,1,completed,assumption:synthetic_operations_v1;demand=PdM_maint.csv,2015-08-29 06:00:00,1
MR-01251,34,comp4,2015-08-29 06:00:00,2015-08-29 06:00:00,observed_replacement_demand,LOT-00087,1,completed,assumption:synthetic_operations_v1;demand=PdM_maint.csv,2015-08-29 06:00:00,1
MR-01252,39,comp1,2015-08-29 06:00:00,2015-08-29 06:00:00,observed_replacement_demand,LOT-00091,1,completed,assumption:synthetic_operations_v1;demand=PdM_maint.csv,2015-08-29 06:00:00,1
MR-01253,51,comp3,2015-08-29 06:00:00,2015-08-29 06:00:00,observed_replacement_demand,LOT-00090,1,completed,assumption:synthetic_operations_v1;demand=PdM_maint.csv,2015-08-29 06:00:00,1
MR-01254,58,comp1,2015-08-29 06:00:00,2015-08-29 06:00:00,observed_replacement_demand,LOT-00091,1,completed,assumption:synthetic_operations_v1;demand=PdM_maint.csv,2015-08-29 06:00:00,1
MR-01255,65,comp1,2015-08-29 06:00:00,2015-08-29 06:00:00,observed_replacement_demand,LOT-00091,1,completed,assumption:synthetic_operations_v1;demand=PdM_maint.csv,2015-08-29 06:00:00,1
MR-01256,65,comp3,2015-08-29 06:00:00,2015-08-29 06:00:00,observed_replacement_demand,LOT-00090,1,completed,assumption:synthetic_operations_v1;demand=PdM_maint.csv,2015-08-29 06:00:00,1
MR-01257,67,comp3,2015-08-29 06:00:00,2015-08-29 06:00:00,observed_replacement_demand,LOT-00090,1,completed,assumption:synthetic_operations_v1;demand=PdM_maint.csv,2015-08-29 06:00:00,1
MR-01258,67,comp4,2015-08-29 06:00:00,2015-08-29 06:00:00,observed_replacement_demand,LOT-00089,1,completed,assumption:synthetic_operations_v1;demand=PdM_maint.csv,2015-08-29 06:00:00,1
MR-01259,83,comp1,2015-08-29 06:00:00,2015-08-29 06:00:00,observed_replacement_demand,LOT-00091,1,completed,assumption:synthetic_operations_v1;demand=PdM_maint.csv,2015-08-29 06:00:00,1
MR-01260,93,comp1,2015-08-29 06:00:00,2015-08-29 06:00:00,observed_replacement_demand,LOT-00091,1,completed,assumption:synthetic_operations_v1;demand=PdM_maint.csv,2015-08-29 06:00:00,1
MR-01261,4,comp1,2015-08-30 06:00:00,2015-08-30 06:00:00,observed_replacement_demand,LOT-00091,1,completed,assumption:synthetic_operations_v1;demand=PdM_maint.csv,2015-08-30 06:00:00,1
MR-01262,24,comp2,2015-08-30 06:00:00,2015-08-30 06:00:00,observed_replacement_demand,LOT-00088,1,completed,assumption:synthetic_operations_v1;demand=PdM_maint.csv,2015-08-30 06:00:00,1
MR-01263,24,comp4,2015-08-30 06:00:00,2015-08-30 06:00:00,observed_replacement_demand,LOT-00089,1,completed,assumption:synthetic_operations_v1;demand=PdM_maint.csv,2015-08-30 06:00:00,1
MR-01264,29,comp2,2015-08-30 06:00:00,2015-08-30 06:00:00,observed_replacement_demand,LOT-00088,1,completed,assumption:synthetic_operations_v1;demand=PdM_maint.csv,2015-08-30 06:00:00,1
MR-01265,38,comp4,2015-08-30 06:00:00,2015-08-30 06:00:00,observed_replacement_demand,LOT-00089,1,completed,assumption:synthetic_operations_v1;demand=PdM_maint.csv,2015-08-30 06:00:00,1
MR-01266,41,comp3,2015-08-30 06:00:00,2015-08-30 06:00:00,observed_replacement_demand,LOT-00090,1,completed,assumption:synthetic_operations_v1;demand=PdM_maint.csv,2015-08-30 06:00:00,1
MR-01267,68,comp4,2015-08-30 06:00:00,2015-08-30 06:00:00,observed_replacement_demand,LOT-00089,1,completed,assumption:synthetic_operations_v1;demand=PdM_maint.csv,2015-08-30 06:00:00,1
MR-01268,73,comp3,2015-08-30 06:00:00,2015-08-30 06:00:00,observed_replacement_demand,LOT-00090,1,completed,assumption:synthetic_operations_v1;demand=PdM_maint.csv,2015-08-30 06:00:00,1
MR-01269,79,comp1,2015-08-30 06:00:00,2015-08-30 06:00:00,observed_replacement_demand,LOT-00091,1,completed,assumption:synthetic_operations_v1;demand=PdM_maint.csv,2015-08-30 06:00:00,1
MR-01270,81,comp1,2015-08-30 06:00:00,2015-08-30 06:00:00,observed_replacement_demand,LOT-00091,1,completed,assumption:synthetic_operations_v1;demand=PdM_maint.csv,2015-08-30 06:00:00,1
MR-01271,2,comp2,2015-08-31 06:00:00,2015-08-31 06:00:00,observed_replacement_demand,LOT-00088,1,completed,assumption:synthetic_operations_v1;demand=PdM_maint.csv,2015-08-31 06:00:00,1
MR-01272,2,comp4,2015-08-31 06:00:00,2015-08-31 06:00:00,observed_replacement_demand,LOT-00089,1,completed,assumption:synthetic_operations_v1;demand=PdM_maint.csv,2015-08-31 06:00:00,1
MR-01273,9,comp2,2015-08-31 06:00:00,2015-08-31 06:00:00,observed_replacement_demand,LOT-00088,1,completed,assumption:synthetic_operations_v1;demand=PdM_maint.csv,2015-08-31 06:00:00,1
MR-01274,9,comp4,2015-08-31 06:00:00,2015-08-31 06:00:00,observed_replacement_demand,LOT-00089,1,completed,assumption:synthetic_operations_v1;demand=PdM_maint.csv,2015-08-31 06:00:00,1
MR-01275,76,comp2,2015-08-31 06:00:00,2015-08-31 06:00:00,observed_replacement_demand,LOT-00088,1,completed,assumption:synthetic_operations_v1;demand=PdM_maint.csv,2015-08-31 06:00:00,1
MR-01276,96,comp3,2015-08-31 06:00:00,2015-08-31 06:00:00,observed_replacement_demand,LOT-00090,1,completed,assumption:synthetic_operations_v1;demand=PdM_maint.csv,2015-08-31 06:00:00,1
MR-01277,99,comp2,2015-08-31 06:00:00,2015-08-31 06:00:00,observed_replacement_demand,LOT-00088,1,completed,assumption:synthetic_operations_v1;demand=PdM_maint.csv,2015-08-31 06:00:00,1
MR-01278,99,comp3,2015-08-31 06:00:00,2015-08-31 06:00:00,observed_replacement_demand,LOT-00090,1,completed,assumption:synthetic_operations_v1;demand=PdM_maint.csv,2015-08-31 06:00:00,1
MR-01279,10,comp1,2015-09-01 06:00:00,2015-09-01 06:00:00,observed_replacement_demand,LOT-00091,1,completed,assumption:synthetic_operations_v1;demand=PdM_maint.csv,2015-09-01 06:00:00,1
MR-01280,10,comp3,2015-09-01 06:00:00,2015-09-01 06:00:00,observed_replacement_demand,LOT-00090,1,completed,assumption:synthetic_operations_v1;demand=PdM_maint.csv,2015-09-01 06:00:00,1
MR-01281,20,comp4,2015-09-01 06:00:00,2015-09-01 06:00:00,observed_replacement_demand,LOT-00089,1,completed,assumption:synthetic_operations_v1;demand=PdM_maint.csv,2015-09-01 06:00:00,1
MR-01282,25,comp3,2015-09-01 06:00:00,2015-09-01 06:00:00,observed_replacement_demand,LOT-00090,1,completed,assumption:synthetic_operations_v1;demand=PdM_maint.csv,2015-09-01 06:00:00,1
MR-01283,37,comp3,2015-09-01 06:00:00,2015-09-01 06:00:00,observed_replacement_demand,LOT-00090,1,completed,assumption:synthetic_operations_v1;demand=PdM_maint.csv,2015-09-01 06:00:00,1
MR-01284,40,comp4,2015-09-01 06:00:00,2015-09-01 06:00:00,observed_replacement_demand,LOT-00089,1,completed,assumption:synthetic_operations_v1;demand=PdM_maint.csv,2015-09-01 06:00:00,1
MR-01285,52,comp1,2015-09-01 06:00:00,2015-09-01 06:00:00,observed_replacement_demand,LOT-00095,1,completed,assumption:synthetic_operations_v1;demand=PdM_maint.csv,2015-09-01 06:00:00,1
MR-01286,66,comp4,2015-09-01 06:00:00,2015-09-01 06:00:00,observed_replacement_demand,LOT-00089,1,completed,assumption:synthetic_operations_v1;demand=PdM_maint.csv,2015-09-01 06:00:00,1
MR-01287,88,comp2,2015-09-01 06:00:00,2015-09-01 06:00:00,observed_replacement_demand,LOT-00088,1,completed,assumption:synthetic_operations_v1;demand=PdM_maint.csv,2015-09-01 06:00:00,1
MR-01288,88,comp4,2015-09-01 06:00:00,2015-09-01 06:00:00,observed_replacement_demand,LOT-00089,1,completed,assumption:synthetic_operations_v1;demand=PdM_maint.csv,2015-09-01 06:00:00,1
MR-01289,1,comp1,2015-09-02 06:00:00,2015-09-02 06:00:00,observed_replacement_demand,LOT-00095,1,completed,assumption:synthetic_operations_v1;demand=PdM_maint.csv,2015-09-02 06:00:00,1
MR-01290,1,comp4,2015-09-02 06:00:00,2015-09-02 06:00:00,observed_replacement_demand,LOT-00089,1,completed,assumption:synthetic_operations_v1;demand=PdM_maint.csv,2015-09-02 06:00:00,1
MR-01291,11,comp4,2015-09-02 06:00:00,2015-09-02 06:00:00,observed_replacement_demand,LOT-00089,1,completed,assumption:synthetic_operations_v1;demand=PdM_maint.csv,2015-09-02 06:00:00,1
MR-01292,15,comp3,2015-09-02 06:00:00,2015-09-02 06:00:00,observed_replacement_demand,LOT-00094,1,completed,assumption:synthetic_operations_v1;demand=PdM_maint.csv,2015-09-02 06:00:00,1
MR-01293,23,comp1,2015-09-02 06:00:00,2015-09-02 06:00:00,observed_replacement_demand,LOT-00095,1,completed,assumption:synthetic_operations_v1;demand=PdM_maint.csv,2015-09-02 06:00:00,1
MR-01294,23,comp2,2015-09-02 06:00:00,2015-09-02 06:00:00,observed_replacement_demand,LOT-00088,1,completed,assumption:synthetic_operations_v1;demand=PdM_maint.csv,2015-09-02 06:00:00,1
MR-01295,59,comp4,2015-09-02 06:00:00,2015-09-02 06:00:00,observed_replacement_demand,LOT-00093,1,completed,assumption:synthetic_operations_v1;demand=PdM_maint.csv,2015-09-02 06:00:00,1
MR-01296,64,comp3,2015-09-02 06:00:00,2015-09-02 06:00:00,observed_replacement_demand,LOT-00094,1,completed,assumption:synthetic_operations_v1;demand=PdM_maint.csv,2015-09-02 06:00:00,1
MR-01297,69,comp1,2015-09-02 06:00:00,2015-09-02 06:00:00,observed_replacement_demand,LOT-00095,1,completed,assumption:synthetic_operations_v1;demand=PdM_maint.csv,2015-09-02 06:00:00,1
MR-01298,69,comp4,2015-09-02 06:00:00,2015-09-02 06:00:00,observed_replacement_demand,LOT-00093,1,completed,assumption:synthetic_operations_v1;demand=PdM_maint.csv,2015-09-02 06:00:00,1
MR-01299,84,comp2,2015-09-02 06:00:00,2015-09-02 06:00:00,observed_replacement_demand,LOT-00092,1,completed,assumption:synthetic_operations_v1;demand=PdM_maint.csv,2015-09-02 06:00:00,1
MR-01300,84,comp4,2015-09-02 06:00:00,2015-09-02 06:00:00,observed_replacement_demand,LOT-00093,1,completed,assumption:synthetic_operations_v1;demand=PdM_maint.csv,2015-09-02 06:00:00,1
MR-01301,90,comp2,2015-09-02 06:00:00,2015-09-02 06:00:00,observed_replacement_demand,LOT-00092,1,completed,assumption:synthetic_operations_v1;demand=PdM_maint.csv,2015-09-02 06:00:00,1
MR-01302,92,comp1,2015-09-02 06:00:00,2015-09-02 06:00:00,observed_replacement_demand,LOT-00095,1,completed,assumption:synthetic_operations_v1;demand=PdM_maint.csv,2015-09-02 06:00:00,1
MR-01303,92,comp2,2015-09-02 06:00:00,2015-09-02 06:00:00,observed_replacement_demand,LOT-00092,1,completed,assumption:synthetic_operations_v1;demand=PdM_maint.csv,2015-09-02 06:00:00,1
MR-01304,95,comp4,2015-09-02 06:00:00,2015-09-02 06:00:00,observed_replacement_demand,LOT-00093,1,completed,assumption:synthetic_operations_v1;demand=PdM_maint.csv,2015-09-02 06:00:00,1
MR-01305,8,comp1,2015-09-03 06:00:00,2015-09-03 06:00:00,observed_replacement_demand,LOT-00095,1,completed,assumption:synthetic_operations_v1;demand=PdM_maint.csv,2015-09-03 06:00:00,1
MR-01306,26,comp1,2015-09-03 06:00:00,2015-09-03 06:00:00,observed_replacement_demand,LOT-00095,1,completed,assumption:synthetic_operations_v1;demand=PdM_maint.csv,2015-09-03 06:00:00,1
MR-01307,42,comp1,2015-09-03 06:00:00,2015-09-03 06:00:00,observed_replacement_demand,LOT-00095,1,completed,assumption:synthetic_operations_v1;demand=PdM_maint.csv,2015-09-03 06:00:00,1
MR-01308,42,comp2,2015-09-03 06:00:00,2015-09-03 06:00:00,observed_replacement_demand,LOT-00092,1,completed,assumption:synthetic_operations_v1;demand=PdM_maint.csv,2015-09-03 06:00:00,1
MR-01309,55,comp2,2015-09-03 06:00:00,2015-09-03 06:00:00,observed_replacement_demand,LOT-00092,1,completed,assumption:synthetic_operations_v1;demand=PdM_maint.csv,2015-09-03 06:00:00,1
MR-01310,78,comp4,2015-09-03 06:00:00,2015-09-03 06:00:00,observed_replacement_demand,LOT-00093,1,completed,assumption:synthetic_operations_v1;demand=PdM_maint.csv,2015-09-03 06:00:00,1
MR-01311,3,comp1,2015-09-04 06:00:00,2015-09-04 06:00:00,observed_replacement_demand,LOT-00095,1,completed,assumption:synthetic_operations_v1;demand=PdM_maint.csv,2015-09-04 06:00:00,1
MR-01312,3,comp4,2015-09-04 06:00:00,2015-09-04 06:00:00,observed_replacement_demand,LOT-00093,1,completed,assumption:synthetic_operations_v1;demand=PdM_maint.csv,2015-09-04 06:00:00,1
MR-01313,12,comp1,2015-09-04 06:00:00,2015-09-04 06:00:00,observed_replacement_demand,LOT-00095,1,completed,assumption:synthetic_operations_v1;demand=PdM_maint.csv,2015-09-04 06:00:00,1
MR-01314,22,comp1,2015-09-04 06:00:00,2015-09-04 06:00:00,observed_replacement_demand,LOT-00095,1,completed,assumption:synthetic_operations_v1;demand=PdM_maint.csv,2015-09-04 06:00:00,1
MR-01315,31,comp3,2015-09-04 06:00:00,2015-09-04 06:00:00,observed_replacement_demand,LOT-00094,1,completed,assumption:synthetic_operations_v1;demand=PdM_maint.csv,2015-09-04 06:00:00,1
MR-01316,36,comp2,2015-09-04 06:00:00,2015-09-04 06:00:00,observed_replacement_demand,LOT-00092,1,completed,assumption:synthetic_operations_v1;demand=PdM_maint.csv,2015-09-04 06:00:00,1
MR-01317,36,comp3,2015-09-04 06:00:00,2015-09-04 06:00:00,observed_replacement_demand,LOT-00094,1,completed,assumption:synthetic_operations_v1;demand=PdM_maint.csv,2015-09-04 06:00:00,1
MR-01318,45,comp1,2015-09-04 06:00:00,2015-09-04 06:00:00,observed_replacement_demand,LOT-00095,1,completed,assumption:synthetic_operations_v1;demand=PdM_maint.csv,2015-09-04 06:00:00,1
MR-01319,75,comp4,2015-09-04 06:00:00,2015-09-04 06:00:00,observed_replacement_demand,LOT-00093,1,completed,assumption:synthetic_operations_v1;demand=PdM_maint.csv,2015-09-04 06:00:00,1
MR-01320,21,comp3,2015-09-05 06:00:00,2015-09-05 06:00:00,observed_replacement_demand,LOT-00094,1,completed,assumption:synthetic_operations_v1;demand=PdM_maint.csv,2015-09-05 06:00:00,1
MR-01321,46,comp1,2015-09-05 06:00:00,2015-09-05 06:00:00,observed_replacement_demand,LOT-00095,1,completed,assumption:synthetic_operations_v1;demand=PdM_maint.csv,2015-09-05 06:00:00,1
MR-01322,57,comp1,2015-09-05 06:00:00,2015-09-05 06:00:00,observed_replacement_demand,LOT-00095,1,completed,assumption:synthetic_operations_v1;demand=PdM_maint.csv,2015-09-05 06:00:00,1
MR-01323,72,comp1,2015-09-05 06:00:00,2015-09-05 06:00:00,observed_replacement_demand,LOT-00095,1,completed,assumption:synthetic_operations_v1;demand=PdM_maint.csv,2015-09-05 06:00:00,1
MR-01324,74,comp1,2015-09-05 06:00:00,2015-09-05 06:00:00,observed_replacement_demand,LOT-00095,1,completed,assumption:synthetic_operations_v1;demand=PdM_maint.csv,2015-09-05 06:00:00,1
MR-01325,86,comp1,2015-09-05 06:00:00,2015-09-05 06:00:00,observed_replacement_demand,LOT-00095,1,completed,assumption:synthetic_operations_v1;demand=PdM_maint.csv,2015-09-05 06:00:00,1
MR-01326,89,comp2,2015-09-05 06:00:00,2015-09-05 06:00:00,observed_replacement_demand,LOT-00092,1,completed,assumption:synthetic_operations_v1;demand=PdM_maint.csv,2015-09-05 06:00:00,1
MR-01327,94,comp2,2015-09-05 06:00:00,2015-09-05 06:00:00,observed_replacement_demand,LOT-00092,1,completed,assumption:synthetic_operations_v1;demand=PdM_maint.csv,2015-09-05 06:00:00,1
MR-01328,94,comp4,2015-09-05 06:00:00,2015-09-05 06:00:00,observed_replacement_demand,LOT-00093,1,completed,assumption:synthetic_operations_v1;demand=PdM_maint.csv,2015-09-05 06:00:00,1
MR-01329,5,comp1,2015-09-06 06:00:00,2015-09-06 06:00:00,observed_replacement_demand,LOT-00098,1,completed,assumption:synthetic_operations_v1;demand=PdM_maint.csv,2015-09-06 06:00:00,1
MR-01330,5,comp2,2015-09-06 06:00:00,2015-09-06 06:00:00,observed_replacement_demand,LOT-00092,1,completed,assumption:synthetic_operations_v1;demand=PdM_maint.csv,2015-09-06 06:00:00,1
MR-01331,7,comp1,2015-09-06 06:00:00,2015-09-06 06:00:00,observed_replacement_demand,LOT-00098,1,completed,assumption:synthetic_operations_v1;demand=PdM_maint.csv,2015-09-06 06:00:00,1
MR-01332,30,comp2,2015-09-06 06:00:00,2015-09-06 06:00:00,observed_replacement_demand,LOT-00092,1,completed,assumption:synthetic_operations_v1;demand=PdM_maint.csv,2015-09-06 06:00:00,1
MR-01333,30,comp4,2015-09-06 06:00:00,2015-09-06 06:00:00,observed_replacement_demand,LOT-00093,1,completed,assumption:synthetic_operations_v1;demand=PdM_maint.csv,2015-09-06 06:00:00,1
MR-01334,47,comp4,2015-09-06 06:00:00,2015-09-06 06:00:00,observed_replacement_demand,LOT-00093,1,completed,assumption:synthetic_operations_v1;demand=PdM_maint.csv,2015-09-06 06:00:00,1
MR-01335,97,comp2,2015-09-06 06:00:00,2015-09-06 06:00:00,observed_replacement_demand,LOT-00092,1,completed,assumption:synthetic_operations_v1;demand=PdM_maint.csv,2015-09-06 06:00:00,1
MR-01336,97,comp3,2015-09-06 06:00:00,2015-09-06 06:00:00,observed_replacement_demand,LOT-00097,1,completed,assumption:synthetic_operations_v1;demand=PdM_maint.csv,2015-09-06 06:00:00,1
MR-01337,27,comp1,2015-09-07 06:00:00,2015-09-07 06:00:00,observed_replacement_demand,LOT-00098,1,completed,assumption:synthetic_operations_v1;demand=PdM_maint.csv,2015-09-07 06:00:00,1
MR-01338,32,comp2,2015-09-07 06:00:00,2015-09-07 06:00:00,observed_replacement_demand,LOT-00092,1,completed,assumption:synthetic_operations_v1;demand=PdM_maint.csv,2015-09-07 06:00:00,1
MR-01339,32,comp3,2015-09-07 06:00:00,2015-09-07 06:00:00,observed_replacement_demand,LOT-00097,1,completed,assumption:synthetic_operations_v1;demand=PdM_maint.csv,2015-09-07 06:00:00,1
MR-01340,13,comp2,2015-09-08 06:00:00,2015-09-08 06:00:00,observed_replacement_demand,LOT-00092,1,completed,assumption:synthetic_operations_v1;demand=PdM_maint.csv,2015-09-08 06:00:00,1
MR-01341,48,comp1,2015-09-08 06:00:00,2015-09-08 06:00:00,observed_replacement_demand,LOT-00098,1,completed,assumption:synthetic_operations_v1;demand=PdM_maint.csv,2015-09-08 06:00:00,1
MR-01342,48,comp2,2015-09-08 06:00:00,2015-09-08 06:00:00,observed_replacement_demand,LOT-00092,1,completed,assumption:synthetic_operations_v1;demand=PdM_maint.csv,2015-09-08 06:00:00,1
MR-01343,71,comp1,2015-09-08 06:00:00,2015-09-08 06:00:00,observed_replacement_demand,LOT-00098,1,completed,assumption:synthetic_operations_v1;demand=PdM_maint.csv,2015-09-08 06:00:00,1
MR-01344,87,comp2,2015-09-09 06:00:00,2015-09-09 06:00:00,observed_replacement_demand,LOT-00092,1,completed,assumption:synthetic_operations_v1;demand=PdM_maint.csv,2015-09-09 06:00:00,1
MR-01345,19,comp4,2015-09-10 06:00:00,2015-09-10 06:00:00,observed_replacement_demand,LOT-00093,1,completed,assumption:synthetic_operations_v1;demand=PdM_maint.csv,2015-09-10 06:00:00,1
MR-01346,62,comp2,2015-09-10 06:00:00,2015-09-10 06:00:00,observed_replacement_demand,LOT-00092,1,completed,assumption:synthetic_operations_v1;demand=PdM_maint.csv,2015-09-10 06:00:00,1
MR-01347,62,comp4,2015-09-10 06:00:00,2015-09-10 06:00:00,observed_replacement_demand,LOT-00093,1,completed,assumption:synthetic_operations_v1;demand=PdM_maint.csv,2015-09-10 06:00:00,1
MR-01348,63,comp1,2015-09-10 06:00:00,2015-09-10 06:00:00,observed_replacement_demand,LOT-00098,1,completed,assumption:synthetic_operations_v1;demand=PdM_maint.csv,2015-09-10 06:00:00,1
MR-01349,70,comp2,2015-09-10 06:00:00,2015-09-10 06:00:00,observed_replacement_demand,LOT-00092,1,completed,assumption:synthetic_operations_v1;demand=PdM_maint.csv,2015-09-10 06:00:00,1
MR-01350,70,comp3,2015-09-10 06:00:00,2015-09-10 06:00:00,observed_replacement_demand,LOT-00097,1,completed,assumption:synthetic_operations_v1;demand=PdM_maint.csv,2015-09-10 06:00:00,1
MR-01351,80,comp2,2015-09-10 06:00:00,2015-09-10 06:00:00,observed_replacement_demand,LOT-00092,1,completed,assumption:synthetic_operations_v1;demand=PdM_maint.csv,2015-09-10 06:00:00,1
MR-01352,82,comp1,2015-09-10 06:00:00,2015-09-10 06:00:00,observed_replacement_demand,LOT-00098,1,completed,assumption:synthetic_operations_v1;demand=PdM_maint.csv,2015-09-10 06:00:00,1
MR-01353,82,comp4,2015-09-10 06:00:00,2015-09-10 06:00:00,observed_replacement_demand,LOT-00093,1,completed,assumption:synthetic_operations_v1;demand=PdM_maint.csv,2015-09-10 06:00:00,1
MR-01354,100,comp1,2015-09-10 06:00:00,2015-09-10 06:00:00,observed_replacement_demand,LOT-00103,1,completed,assumption:synthetic_operations_v1;demand=PdM_maint.csv,2015-09-10 06:00:00,1
MR-01355,56,comp1,2015-09-11 06:00:00,2015-09-11 06:00:00,observed_replacement_demand,LOT-00103,1,completed,assumption:synthetic_operations_v1;demand=PdM_maint.csv,2015-09-11 06:00:00,1
MR-01356,18,comp2,2015-09-12 06:00:00,2015-09-12 06:00:00,observed_replacement_demand,LOT-00092,1,completed,assumption:synthetic_operations_v1;demand=PdM_maint.csv,2015-09-12 06:00:00,1
MR-01357,18,comp4,2015-09-12 06:00:00,2015-09-12 06:00:00,observed_replacement_demand,LOT-00093,1,completed,assumption:synthetic_operations_v1;demand=PdM_maint.csv,2015-09-12 06:00:00,1
MR-01358,44,comp1,2015-09-12 06:00:00,2015-09-12 06:00:00,observed_replacement_demand,LOT-00103,1,completed,assumption:synthetic_operations_v1;demand=PdM_maint.csv,2015-09-12 06:00:00,1
MR-01359,44,comp2,2015-09-12 06:00:00,2015-09-12 06:00:00,observed_replacement_demand,LOT-00092,1,completed,assumption:synthetic_operations_v1;demand=PdM_maint.csv,2015-09-12 06:00:00,1
MR-01360,49,comp2,2015-09-12 06:00:00,2015-09-12 06:00:00,observed_replacement_demand,LOT-00092,1,completed,assumption:synthetic_operations_v1;demand=PdM_maint.csv,2015-09-12 06:00:00,1
MR-01361,49,comp3,2015-09-12 06:00:00,2015-09-12 06:00:00,observed_replacement_demand,LOT-00097,1,completed,assumption:synthetic_operations_v1;demand=PdM_maint.csv,2015-09-12 06:00:00,1
MR-01362,50,comp2,2015-09-12 06:00:00,2015-09-12 06:00:00,observed_replacement_demand,LOT-00092,1,completed,assumption:synthetic_operations_v1;demand=PdM_maint.csv,2015-09-12 06:00:00,1
MR-01363,54,comp3,2015-09-12 06:00:00,2015-09-12 06:00:00,observed_replacement_demand,LOT-00097,1,completed,assumption:synthetic_operations_v1;demand=PdM_maint.csv,2015-09-12 06:00:00,1
MR-01364,60,comp2,2015-09-12 06:00:00,2015-09-12 06:00:00,observed_replacement_demand,LOT-00092,1,completed,assumption:synthetic_operations_v1;demand=PdM_maint.csv,2015-09-12 06:00:00,1
MR-01365,60,comp4,2015-09-12 06:00:00,2015-09-12 06:00:00,observed_replacement_demand,LOT-00093,1,completed,assumption:synthetic_operations_v1;demand=PdM_maint.csv,2015-09-12 06:00:00,1
MR-01366,85,comp3,2015-09-12 06:00:00,2015-09-12 06:00:00,observed_replacement_demand,LOT-00097,1,completed,assumption:synthetic_operations_v1;demand=PdM_maint.csv,2015-09-12 06:00:00,1
MR-01367,85,comp4,2015-09-12 06:00:00,2015-09-12 06:00:00,observed_replacement_demand,LOT-00093,1,completed,assumption:synthetic_operations_v1;demand=PdM_maint.csv,2015-09-12 06:00:00,1
MR-01368,98,comp2,2015-09-12 06:00:00,2015-09-12 06:00:00,observed_replacement_demand,LOT-00092,1,completed,assumption:synthetic_operations_v1;demand=PdM_maint.csv,2015-09-12 06:00:00,1
MR-01369,98,comp4,2015-09-12 06:00:00,2015-09-12 06:00:00,observed_replacement_demand,LOT-00093,1,completed,assumption:synthetic_operations_v1;demand=PdM_maint.csv,2015-09-12 06:00:00,1
MR-01370,14,comp2,2015-09-13 06:00:00,2015-09-13 06:00:00,observed_replacement_demand,LOT-00092,1,completed,assumption:synthetic_operations_v1;demand=PdM_maint.csv,2015-09-13 06:00:00,1
MR-01371,17,comp2,2015-09-13 06:00:00,2015-09-13 06:00:00,observed_replacement_demand,LOT-00092,1,completed,assumption:synthetic_operations_v1;demand=PdM_maint.csv,2015-09-13 06:00:00,1
MR-01372,28,comp4,2015-09-13 06:00:00,2015-09-13 06:00:00,observed_replacement_demand,LOT-00093,1,completed,assumption:synthetic_operations_v1;demand=PdM_maint.csv,2015-09-13 06:00:00,1
MR-01373,33,comp3,2015-09-13 06:00:00,2015-09-13 06:00:00,observed_replacement_demand,LOT-00097,1,completed,assumption:synthetic_operations_v1;demand=PdM_maint.csv,2015-09-13 06:00:00,1
MR-01374,34,comp3,2015-09-13 06:00:00,2015-09-13 06:00:00,observed_replacement_demand,LOT-00097,1,completed,assumption:synthetic_operations_v1;demand=PdM_maint.csv,2015-09-13 06:00:00,1
MR-01375,39,comp2,2015-09-13 06:00:00,2015-09-13 06:00:00,observed_replacement_demand,LOT-00092,1,completed,assumption:synthetic_operations_v1;demand=PdM_maint.csv,2015-09-13 06:00:00,1
MR-01376,39,comp4,2015-09-13 06:00:00,2015-09-13 06:00:00,observed_replacement_demand,LOT-00100,1,completed,assumption:synthetic_operations_v1;demand=PdM_maint.csv,2015-09-13 06:00:00,1
MR-01377,51,comp2,2015-09-13 06:00:00,2015-09-13 06:00:00,observed_replacement_demand,LOT-00092,1,completed,assumption:synthetic_operations_v1;demand=PdM_maint.csv,2015-09-13 06:00:00,1
MR-01378,58,comp4,2015-09-13 06:00:00,2015-09-13 06:00:00,observed_replacement_demand,LOT-00100,1,completed,assumption:synthetic_operations_v1;demand=PdM_maint.csv,2015-09-13 06:00:00,1
MR-01379,65,comp4,2015-09-13 06:00:00,2015-09-13 06:00:00,observed_replacement_demand,LOT-00100,1,completed,assumption:synthetic_operations_v1;demand=PdM_maint.csv,2015-09-13 06:00:00,1
MR-01380,67,comp2,2015-09-13 06:00:00,2015-09-13 06:00:00,observed_replacement_demand,LOT-00092,1,completed,assumption:synthetic_operations_v1;demand=PdM_maint.csv,2015-09-13 06:00:00,1
MR-01381,83,comp2,2015-09-13 06:00:00,2015-09-13 06:00:00,observed_replacement_demand,LOT-00092,1,completed,assumption:synthetic_operations_v1;demand=PdM_maint.csv,2015-09-13 06:00:00,1
MR-01382,93,comp2,2015-09-13 06:00:00,2015-09-13 06:00:00,observed_replacement_demand,LOT-00092,1,completed,assumption:synthetic_operations_v1;demand=PdM_maint.csv,2015-09-13 06:00:00,1
MR-01383,4,comp3,2015-09-14 06:00:00,2015-09-14 06:00:00,observed_replacement_demand,LOT-00097,1,completed,assumption:synthetic_operations_v1;demand=PdM_maint.csv,2015-09-14 06:00:00,1
MR-01384,4,comp4,2015-09-14 06:00:00,2015-09-14 06:00:00,observed_replacement_demand,LOT-00100,1,completed,assumption:synthetic_operations_v1;demand=PdM_maint.csv,2015-09-14 06:00:00,1
MR-01385,16,comp1,2015-09-14 06:00:00,2015-09-14 06:00:00,observed_replacement_demand,LOT-00103,1,completed,assumption:synthetic_operations_v1;demand=PdM_maint.csv,2015-09-14 06:00:00,1
MR-01386,16,comp4,2015-09-14 06:00:00,2015-09-14 06:00:00,observed_replacement_demand,LOT-00100,1,completed,assumption:synthetic_operations_v1;demand=PdM_maint.csv,2015-09-14 06:00:00,1
MR-01387,24,comp2,2015-09-14 06:00:00,2015-09-14 06:00:00,observed_replacement_demand,LOT-00092,1,completed,assumption:synthetic_operations_v1;demand=PdM_maint.csv,2015-09-14 06:00:00,1
MR-01388,38,comp3,2015-09-14 06:00:00,2015-09-14 06:00:00,observed_replacement_demand,LOT-00097,1,completed,assumption:synthetic_operations_v1;demand=PdM_maint.csv,2015-09-14 06:00:00,1
MR-01389,41,comp1,2015-09-14 06:00:00,2015-09-14 06:00:00,observed_replacement_demand,LOT-00103,1,completed,assumption:synthetic_operations_v1;demand=PdM_maint.csv,2015-09-14 06:00:00,1
MR-01390,41,comp3,2015-09-14 06:00:00,2015-09-14 06:00:00,observed_replacement_demand,LOT-00097,1,completed,assumption:synthetic_operations_v1;demand=PdM_maint.csv,2015-09-14 06:00:00,1
MR-01391,68,comp2,2015-09-14 06:00:00,2015-09-14 06:00:00,observed_replacement_demand,LOT-00092,1,completed,assumption:synthetic_operations_v1;demand=PdM_maint.csv,2015-09-14 06:00:00,1
MR-01392,68,comp4,2015-09-14 06:00:00,2015-09-14 06:00:00,observed_replacement_demand,LOT-00102,1,completed,assumption:synthetic_operations_v1;demand=PdM_maint.csv,2015-09-14 06:00:00,1
MR-01393,73,comp4,2015-09-14 06:00:00,2015-09-14 06:00:00,observed_replacement_demand,LOT-00102,1,completed,assumption:synthetic_operations_v1;demand=PdM_maint.csv,2015-09-14 06:00:00,1
MR-01394,79,comp2,2015-09-14 06:00:00,2015-09-14 06:00:00,observed_replacement_demand,LOT-00096,1,completed,assumption:synthetic_operations_v1;demand=PdM_maint.csv,2015-09-14 06:00:00,1
MR-01395,81,comp1,2015-09-14 06:00:00,2015-09-14 06:00:00,observed_replacement_demand,LOT-00103,1,completed,assumption:synthetic_operations_v1;demand=PdM_maint.csv,2015-09-14 06:00:00,1
MR-01396,91,comp1,2015-09-14 06:00:00,2015-09-14 06:00:00,observed_replacement_demand,LOT-00103,1,completed,assumption:synthetic_operations_v1;demand=PdM_maint.csv,2015-09-14 06:00:00,1
MR-01397,9,comp1,2015-09-15 06:00:00,2015-09-15 06:00:00,observed_replacement_demand,LOT-00103,1,completed,assumption:synthetic_operations_v1;demand=PdM_maint.csv,2015-09-15 06:00:00,1
MR-01398,9,comp4,2015-09-15 06:00:00,2015-09-15 06:00:00,observed_replacement_demand,LOT-00102,1,completed,assumption:synthetic_operations_v1;demand=PdM_maint.csv,2015-09-15 06:00:00,1
MR-01399,76,comp2,2015-09-15 06:00:00,2015-09-15 06:00:00,observed_replacement_demand,LOT-00096,1,completed,assumption:synthetic_operations_v1;demand=PdM_maint.csv,2015-09-15 06:00:00,1
MR-01400,76,comp4,2015-09-15 06:00:00,2015-09-15 06:00:00,observed_replacement_demand,LOT-00102,1,completed,assumption:synthetic_operations_v1;demand=PdM_maint.csv,2015-09-15 06:00:00,1
MR-01401,96,comp3,2015-09-15 06:00:00,2015-09-15 06:00:00,observed_replacement_demand,LOT-00097,1,completed,assumption:synthetic_operations_v1;demand=PdM_maint.csv,2015-09-15 06:00:00,1
MR-01402,99,comp1,2015-09-15 06:00:00,2015-09-15 06:00:00,observed_replacement_demand,LOT-00103,1,completed,assumption:synthetic_operations_v1;demand=PdM_maint.csv,2015-09-15 06:00:00,1
MR-01403,99,comp3,2015-09-15 06:00:00,2015-09-15 06:00:00,observed_replacement_demand,LOT-00097,1,completed,assumption:synthetic_operations_v1;demand=PdM_maint.csv,2015-09-15 06:00:00,1
MR-01404,10,comp1,2015-09-16 06:00:00,2015-09-16 06:00:00,observed_replacement_demand,LOT-00103,1,completed,assumption:synthetic_operations_v1;demand=PdM_maint.csv,2015-09-16 06:00:00,1
MR-01405,10,comp2,2015-09-16 06:00:00,2015-09-16 06:00:00,observed_replacement_demand,LOT-00096,1,completed,assumption:synthetic_operations_v1;demand=PdM_maint.csv,2015-09-16 06:00:00,1
MR-01406,20,comp1,2015-09-16 06:00:00,2015-09-16 06:00:00,observed_replacement_demand,LOT-00103,1,completed,assumption:synthetic_operations_v1;demand=PdM_maint.csv,2015-09-16 06:00:00,1
MR-01407,25,comp1,2015-09-16 06:00:00,2015-09-16 06:00:00,observed_replacement_demand,LOT-00103,1,completed,assumption:synthetic_operations_v1;demand=PdM_maint.csv,2015-09-16 06:00:00,1
MR-01408,25,comp3,2015-09-16 06:00:00,2015-09-16 06:00:00,observed_replacement_demand,LOT-00097,1,completed,assumption:synthetic_operations_v1;demand=PdM_maint.csv,2015-09-16 06:00:00,1
MR-01409,37,comp2,2015-09-16 06:00:00,2015-09-16 06:00:00,observed_replacement_demand,LOT-00096,1,completed,assumption:synthetic_operations_v1;demand=PdM_maint.csv,2015-09-16 06:00:00,1
MR-01410,37,comp3,2015-09-16 06:00:00,2015-09-16 06:00:00,observed_replacement_demand,LOT-00097,1,completed,assumption:synthetic_operations_v1;demand=PdM_maint.csv,2015-09-16 06:00:00,1
MR-01411,40,comp1,2015-09-16 06:00:00,2015-09-16 06:00:00,observed_replacement_demand,LOT-00103,1,completed,assumption:synthetic_operations_v1;demand=PdM_maint.csv,2015-09-16 06:00:00,1
MR-01412,40,comp4,2015-09-16 06:00:00,2015-09-16 06:00:00,observed_replacement_demand,LOT-00102,1,completed,assumption:synthetic_operations_v1;demand=PdM_maint.csv,2015-09-16 06:00:00,1
MR-01413,52,comp3,2015-09-16 06:00:00,2015-09-16 06:00:00,observed_replacement_demand,LOT-00097,1,completed,assumption:synthetic_operations_v1;demand=PdM_maint.csv,2015-09-16 06:00:00,1
MR-01414,66,comp4,2015-09-16 06:00:00,2015-09-16 06:00:00,observed_replacement_demand,LOT-00102,1,completed,assumption:synthetic_operations_v1;demand=PdM_maint.csv,2015-09-16 06:00:00,1
MR-01415,88,comp1,2015-09-16 06:00:00,2015-09-16 06:00:00,observed_replacement_demand,LOT-00103,1,completed,assumption:synthetic_operations_v1;demand=PdM_maint.csv,2015-09-16 06:00:00,1
MR-01416,1,comp2,2015-09-17 06:00:00,2015-09-17 06:00:00,observed_replacement_demand,LOT-00096,1,completed,assumption:synthetic_operations_v1;demand=PdM_maint.csv,2015-09-17 06:00:00,1
MR-01417,11,comp2,2015-09-17 06:00:00,2015-09-17 06:00:00,observed_replacement_demand,LOT-00096,1,completed,assumption:synthetic_operations_v1;demand=PdM_maint.csv,2015-09-17 06:00:00,1
MR-01418,15,comp1,2015-09-17 06:00:00,2015-09-17 06:00:00,observed_replacement_demand,LOT-00103,1,completed,assumption:synthetic_operations_v1;demand=PdM_maint.csv,2015-09-17 06:00:00,1
MR-01419,59,comp2,2015-09-17 06:00:00,2015-09-17 06:00:00,observed_replacement_demand,LOT-00096,1,completed,assumption:synthetic_operations_v1;demand=PdM_maint.csv,2015-09-17 06:00:00,1
MR-01420,64,comp1,2015-09-17 06:00:00,2015-09-17 06:00:00,observed_replacement_demand,LOT-00103,1,completed,assumption:synthetic_operations_v1;demand=PdM_maint.csv,2015-09-17 06:00:00,1
MR-01421,64,comp4,2015-09-17 06:00:00,2015-09-17 06:00:00,observed_replacement_demand,LOT-00102,1,completed,assumption:synthetic_operations_v1;demand=PdM_maint.csv,2015-09-17 06:00:00,1
MR-01422,84,comp2,2015-09-17 06:00:00,2015-09-17 06:00:00,observed_replacement_demand,LOT-00096,1,completed,assumption:synthetic_operations_v1;demand=PdM_maint.csv,2015-09-17 06:00:00,1
MR-01423,90,comp4,2015-09-17 06:00:00,2015-09-17 06:00:00,observed_replacement_demand,LOT-00102,1,completed,assumption:synthetic_operations_v1;demand=PdM_maint.csv,2015-09-17 06:00:00,1
MR-01424,92,comp1,2015-09-17 06:00:00,2015-09-17 06:00:00,observed_replacement_demand,LOT-00103,1,completed,assumption:synthetic_operations_v1;demand=PdM_maint.csv,2015-09-17 06:00:00,1
MR-01425,95,comp1,2015-09-17 06:00:00,2015-09-17 06:00:00,observed_replacement_demand,LOT-00103,1,completed,assumption:synthetic_operations_v1;demand=PdM_maint.csv,2015-09-17 06:00:00,1
MR-01426,95,comp3,2015-09-17 06:00:00,2015-09-17 06:00:00,observed_replacement_demand,LOT-00097,1,completed,assumption:synthetic_operations_v1;demand=PdM_maint.csv,2015-09-17 06:00:00,1
MR-01427,8,comp1,2015-09-18 06:00:00,2015-09-18 06:00:00,observed_replacement_demand,LOT-00106,1,completed,assumption:synthetic_operations_v1;demand=PdM_maint.csv,2015-09-18 06:00:00,1
MR-01428,26,comp3,2015-09-18 06:00:00,2015-09-18 06:00:00,observed_replacement_demand,LOT-00097,1,completed,assumption:synthetic_operations_v1;demand=PdM_maint.csv,2015-09-18 06:00:00,1
MR-01429,35,comp1,2015-09-18 06:00:00,2015-09-18 06:00:00,observed_replacement_demand,LOT-00106,1,completed,assumption:synthetic_operations_v1;demand=PdM_maint.csv,2015-09-18 06:00:00,1
MR-01430,35,comp4,2015-09-18 06:00:00,2015-09-18 06:00:00,observed_replacement_demand,LOT-00102,1,completed,assumption:synthetic_operations_v1;demand=PdM_maint.csv,2015-09-18 06:00:00,1
MR-01431,42,comp3,2015-09-18 06:00:00,2015-09-18 06:00:00,observed_replacement_demand,LOT-00097,1,completed,assumption:synthetic_operations_v1;demand=PdM_maint.csv,2015-09-18 06:00:00,1
MR-01432,42,comp4,2015-09-18 06:00:00,2015-09-18 06:00:00,observed_replacement_demand,LOT-00102,1,completed,assumption:synthetic_operations_v1;demand=PdM_maint.csv,2015-09-18 06:00:00,1
MR-01433,43,comp2,2015-09-18 06:00:00,2015-09-18 06:00:00,observed_replacement_demand,LOT-00096,1,completed,assumption:synthetic_operations_v1;demand=PdM_maint.csv,2015-09-18 06:00:00,1
MR-01434,55,comp3,2015-09-18 06:00:00,2015-09-18 06:00:00,observed_replacement_demand,LOT-00097,1,completed,assumption:synthetic_operations_v1;demand=PdM_maint.csv,2015-09-18 06:00:00,1
MR-01435,78,comp1,2015-09-18 06:00:00,2015-09-18 06:00:00,observed_replacement_demand,LOT-00106,1,completed,assumption:synthetic_operations_v1;demand=PdM_maint.csv,2015-09-18 06:00:00,1
MR-01436,3,comp1,2015-09-19 06:00:00,2015-09-19 06:00:00,observed_replacement_demand,LOT-00106,1,completed,assumption:synthetic_operations_v1;demand=PdM_maint.csv,2015-09-19 06:00:00,1
MR-01437,3,comp3,2015-09-19 06:00:00,2015-09-19 06:00:00,observed_replacement_demand,LOT-00097,1,completed,assumption:synthetic_operations_v1;demand=PdM_maint.csv,2015-09-19 06:00:00,1
MR-01438,6,comp3,2015-09-19 06:00:00,2015-09-19 06:00:00,observed_replacement_demand,LOT-00097,1,completed,assumption:synthetic_operations_v1;demand=PdM_maint.csv,2015-09-19 06:00:00,1
MR-01439,12,comp1,2015-09-19 06:00:00,2015-09-19 06:00:00,observed_replacement_demand,LOT-00106,1,completed,assumption:synthetic_operations_v1;demand=PdM_maint.csv,2015-09-19 06:00:00,1
MR-01440,22,comp2,2015-09-19 06:00:00,2015-09-19 06:00:00,observed_replacement_demand,LOT-00096,1,completed,assumption:synthetic_operations_v1;demand=PdM_maint.csv,2015-09-19 06:00:00,1
MR-01441,31,comp4,2015-09-19 06:00:00,2015-09-19 06:00:00,observed_replacement_demand,LOT-00102,1,completed,assumption:synthetic_operations_v1;demand=PdM_maint.csv,2015-09-19 06:00:00,1
MR-01442,36,comp4,2015-09-19 06:00:00,2015-09-19 06:00:00,observed_replacement_demand,LOT-00102,1,completed,assumption:synthetic_operations_v1;demand=PdM_maint.csv,2015-09-19 06:00:00,1
MR-01443,45,comp2,2015-09-19 06:00:00,2015-09-19 06:00:00,observed_replacement_demand,LOT-00096,1,completed,assumption:synthetic_operations_v1;demand=PdM_maint.csv,2015-09-19 06:00:00,1
MR-01444,75,comp4,2015-09-19 06:00:00,2015-09-19 06:00:00,observed_replacement_demand,LOT-00102,1,completed,assumption:synthetic_operations_v1;demand=PdM_maint.csv,2015-09-19 06:00:00,1
MR-01445,21,comp4,2015-09-20 06:00:00,2015-09-20 06:00:00,observed_replacement_demand,LOT-00102,1,completed,assumption:synthetic_operations_v1;demand=PdM_maint.csv,2015-09-20 06:00:00,1
MR-01446,46,comp1,2015-09-20 06:00:00,2015-09-20 06:00:00,observed_replacement_demand,LOT-00106,1,completed,assumption:synthetic_operations_v1;demand=PdM_maint.csv,2015-09-20 06:00:00,1
MR-01447,57,comp1,2015-09-20 06:00:00,2015-09-20 06:00:00,observed_replacement_demand,LOT-00106,1,completed,assumption:synthetic_operations_v1;demand=PdM_maint.csv,2015-09-20 06:00:00,1
MR-01448,72,comp1,2015-09-20 06:00:00,2015-09-20 06:00:00,observed_replacement_demand,LOT-00106,1,completed,assumption:synthetic_operations_v1;demand=PdM_maint.csv,2015-09-20 06:00:00,1
MR-01449,86,comp4,2015-09-20 06:00:00,2015-09-20 06:00:00,observed_replacement_demand,LOT-00102,1,completed,assumption:synthetic_operations_v1;demand=PdM_maint.csv,2015-09-20 06:00:00,1
MR-01450,89,comp2,2015-09-20 06:00:00,2015-09-20 06:00:00,observed_replacement_demand,LOT-00096,1,completed,assumption:synthetic_operations_v1;demand=PdM_maint.csv,2015-09-20 06:00:00,1
MR-01451,94,comp2,2015-09-20 06:00:00,2015-09-20 06:00:00,observed_replacement_demand,LOT-00096,1,completed,assumption:synthetic_operations_v1;demand=PdM_maint.csv,2015-09-20 06:00:00,1
MR-01452,94,comp4,2015-09-20 06:00:00,2015-09-20 06:00:00,observed_replacement_demand,LOT-00102,1,completed,assumption:synthetic_operations_v1;demand=PdM_maint.csv,2015-09-20 06:00:00,1
MR-01453,5,comp1,2015-09-21 06:00:00,2015-09-21 06:00:00,observed_replacement_demand,LOT-00106,1,completed,assumption:synthetic_operations_v1;demand=PdM_maint.csv,2015-09-21 06:00:00,1
MR-01454,5,comp4,2015-09-21 06:00:00,2015-09-21 06:00:00,observed_replacement_demand,LOT-00105,1,completed,assumption:synthetic_operations_v1;demand=PdM_maint.csv,2015-09-21 06:00:00,1
MR-01455,7,comp1,2015-09-21 06:00:00,2015-09-21 06:00:00,observed_replacement_demand,LOT-00106,1,completed,assumption:synthetic_operations_v1;demand=PdM_maint.csv,2015-09-21 06:00:00,1
MR-01456,7,comp4,2015-09-21 06:00:00,2015-09-21 06:00:00,observed_replacement_demand,LOT-00105,1,completed,assumption:synthetic_operations_v1;demand=PdM_maint.csv,2015-09-21 06:00:00,1
MR-01457,30,comp4,2015-09-21 06:00:00,2015-09-21 06:00:00,observed_replacement_demand,LOT-00105,1,completed,assumption:synthetic_operations_v1;demand=PdM_maint.csv,2015-09-21 06:00:00,1
MR-01458,47,comp3,2015-09-21 06:00:00,2015-09-21 06:00:00,observed_replacement_demand,LOT-00097,1,completed,assumption:synthetic_operations_v1;demand=PdM_maint.csv,2015-09-21 06:00:00,1
MR-01459,97,comp1,2015-09-21 06:00:00,2015-09-21 06:00:00,observed_replacement_demand,LOT-00106,1,completed,assumption:synthetic_operations_v1;demand=PdM_maint.csv,2015-09-21 06:00:00,1
MR-01460,27,comp2,2015-09-22 06:00:00,2015-09-22 06:00:00,observed_replacement_demand,LOT-00096,1,completed,assumption:synthetic_operations_v1;demand=PdM_maint.csv,2015-09-22 06:00:00,1
MR-01461,27,comp3,2015-09-22 06:00:00,2015-09-22 06:00:00,observed_replacement_demand,LOT-00097,1,completed,assumption:synthetic_operations_v1;demand=PdM_maint.csv,2015-09-22 06:00:00,1
MR-01462,32,comp3,2015-09-22 06:00:00,2015-09-22 06:00:00,observed_replacement_demand,LOT-00107,1,completed,assumption:synthetic_operations_v1;demand=PdM_maint.csv,2015-09-22 06:00:00,1
MR-01463,32,comp4,2015-09-22 06:00:00,2015-09-22 06:00:00,observed_replacement_demand,LOT-00105,1,completed,assumption:synthetic_operations_v1;demand=PdM_maint.csv,2015-09-22 06:00:00,1
MR-01464,13,comp3,2015-09-23 06:00:00,2015-09-23 06:00:00,observed_replacement_demand,LOT-00107,1,completed,assumption:synthetic_operations_v1;demand=PdM_maint.csv,2015-09-23 06:00:00,1
MR-01465,13,comp4,2015-09-23 06:00:00,2015-09-23 06:00:00,observed_replacement_demand,LOT-00105,1,completed,assumption:synthetic_operations_v1;demand=PdM_maint.csv,2015-09-23 06:00:00,1
MR-01466,48,comp2,2015-09-23 06:00:00,2015-09-23 06:00:00,observed_replacement_demand,LOT-00096,1,completed,assumption:synthetic_operations_v1;demand=PdM_maint.csv,2015-09-23 06:00:00,1
MR-01467,71,comp2,2015-09-23 06:00:00,2015-09-23 06:00:00,observed_replacement_demand,LOT-00096,1,completed,assumption:synthetic_operations_v1;demand=PdM_maint.csv,2015-09-23 06:00:00,1
MR-01468,71,comp3,2015-09-23 06:00:00,2015-09-23 06:00:00,observed_replacement_demand,LOT-00107,1,completed,assumption:synthetic_operations_v1;demand=PdM_maint.csv,2015-09-23 06:00:00,1
MR-01469,77,comp2,2015-09-23 06:00:00,2015-09-23 06:00:00,observed_replacement_demand,LOT-00096,1,completed,assumption:synthetic_operations_v1;demand=PdM_maint.csv,2015-09-23 06:00:00,1
MR-01470,87,comp2,2015-09-24 06:00:00,2015-09-24 06:00:00,observed_replacement_demand,LOT-00099,1,completed,assumption:synthetic_operations_v1;demand=PdM_maint.csv,2015-09-24 06:00:00,1
MR-01471,19,comp2,2015-09-25 06:00:00,2015-09-25 06:00:00,observed_replacement_demand,LOT-00099,1,completed,assumption:synthetic_operations_v1;demand=PdM_maint.csv,2015-09-25 06:00:00,1
MR-01472,61,comp3,2015-09-25 06:00:00,2015-09-25 06:00:00,observed_replacement_demand,LOT-00107,1,completed,assumption:synthetic_operations_v1;demand=PdM_maint.csv,2015-09-25 06:00:00,1
MR-01473,62,comp4,2015-09-25 06:00:00,2015-09-25 06:00:00,observed_replacement_demand,LOT-00105,1,completed,assumption:synthetic_operations_v1;demand=PdM_maint.csv,2015-09-25 06:00:00,1
MR-01474,70,comp2,2015-09-25 06:00:00,2015-09-25 06:00:00,observed_replacement_demand,LOT-00099,1,completed,assumption:synthetic_operations_v1;demand=PdM_maint.csv,2015-09-25 06:00:00,1
MR-01475,80,comp2,2015-09-25 06:00:00,2015-09-25 06:00:00,observed_replacement_demand,LOT-00099,1,completed,assumption:synthetic_operations_v1;demand=PdM_maint.csv,2015-09-25 06:00:00,1
MR-01476,80,comp3,2015-09-25 06:00:00,2015-09-25 06:00:00,observed_replacement_demand,LOT-00107,1,completed,assumption:synthetic_operations_v1;demand=PdM_maint.csv,2015-09-25 06:00:00,1
MR-01477,82,comp3,2015-09-25 06:00:00,2015-09-25 06:00:00,observed_replacement_demand,LOT-00107,1,completed,assumption:synthetic_operations_v1;demand=PdM_maint.csv,2015-09-25 06:00:00,1
MR-01478,100,comp1,2015-09-25 06:00:00,2015-09-25 06:00:00,observed_replacement_demand,LOT-00106,1,completed,assumption:synthetic_operations_v1;demand=PdM_maint.csv,2015-09-25 06:00:00,1
MR-01479,56,comp2,2015-09-26 06:00:00,2015-09-26 06:00:00,observed_replacement_demand,LOT-00099,1,completed,assumption:synthetic_operations_v1;demand=PdM_maint.csv,2015-09-26 06:00:00,1
MR-01480,56,comp3,2015-09-26 06:00:00,2015-09-26 06:00:00,observed_replacement_demand,LOT-00107,1,completed,assumption:synthetic_operations_v1;demand=PdM_maint.csv,2015-09-26 06:00:00,1
MR-01481,44,comp2,2015-09-27 06:00:00,2015-09-27 06:00:00,observed_replacement_demand,LOT-00099,1,completed,assumption:synthetic_operations_v1;demand=PdM_maint.csv,2015-09-27 06:00:00,1
MR-01482,50,comp1,2015-09-27 06:00:00,2015-09-27 06:00:00,observed_replacement_demand,LOT-00106,1,completed,assumption:synthetic_operations_v1;demand=PdM_maint.csv,2015-09-27 06:00:00,1
MR-01483,54,comp2,2015-09-27 06:00:00,2015-09-27 06:00:00,observed_replacement_demand,LOT-00099,1,completed,assumption:synthetic_operations_v1;demand=PdM_maint.csv,2015-09-27 06:00:00,1
MR-01484,54,comp4,2015-09-27 06:00:00,2015-09-27 06:00:00,observed_replacement_demand,LOT-00105,1,completed,assumption:synthetic_operations_v1;demand=PdM_maint.csv,2015-09-27 06:00:00,1
MR-01485,60,comp2,2015-09-27 06:00:00,2015-09-27 06:00:00,observed_replacement_demand,LOT-00099,1,completed,assumption:synthetic_operations_v1;demand=PdM_maint.csv,2015-09-27 06:00:00,1
MR-01486,98,comp1,2015-09-27 06:00:00,2015-09-27 06:00:00,observed_replacement_demand,LOT-00106,1,completed,assumption:synthetic_operations_v1;demand=PdM_maint.csv,2015-09-27 06:00:00,1
MR-01487,98,comp4,2015-09-27 06:00:00,2015-09-27 06:00:00,observed_replacement_demand,LOT-00105,1,completed,assumption:synthetic_operations_v1;demand=PdM_maint.csv,2015-09-27 06:00:00,1
MR-01488,14,comp2,2015-09-28 06:00:00,2015-09-28 06:00:00,observed_replacement_demand,LOT-00099,1,completed,assumption:synthetic_operations_v1;demand=PdM_maint.csv,2015-09-28 06:00:00,1
MR-01489,14,comp3,2015-09-28 06:00:00,2015-09-28 06:00:00,observed_replacement_demand,LOT-00107,1,completed,assumption:synthetic_operations_v1;demand=PdM_maint.csv,2015-09-28 06:00:00,1
MR-01490,28,comp4,2015-09-28 06:00:00,2015-09-28 06:00:00,observed_replacement_demand,LOT-00105,1,completed,assumption:synthetic_operations_v1;demand=PdM_maint.csv,2015-09-28 06:00:00,1
MR-01491,33,comp2,2015-09-28 06:00:00,2015-09-28 06:00:00,observed_replacement_demand,LOT-00099,1,completed,assumption:synthetic_operations_v1;demand=PdM_maint.csv,2015-09-28 06:00:00,1
MR-01492,34,comp1,2015-09-28 06:00:00,2015-09-28 06:00:00,observed_replacement_demand,LOT-00106,1,completed,assumption:synthetic_operations_v1;demand=PdM_maint.csv,2015-09-28 06:00:00,1
MR-01493,51,comp4,2015-09-28 06:00:00,2015-09-28 06:00:00,observed_replacement_demand,LOT-00105,1,completed,assumption:synthetic_operations_v1;demand=PdM_maint.csv,2015-09-28 06:00:00,1
MR-01494,58,comp3,2015-09-28 06:00:00,2015-09-28 06:00:00,observed_replacement_demand,LOT-00107,1,completed,assumption:synthetic_operations_v1;demand=PdM_maint.csv,2015-09-28 06:00:00,1
MR-01495,58,comp4,2015-09-28 06:00:00,2015-09-28 06:00:00,observed_replacement_demand,LOT-00105,1,completed,assumption:synthetic_operations_v1;demand=PdM_maint.csv,2015-09-28 06:00:00,1
MR-01496,65,comp4,2015-09-28 06:00:00,2015-09-28 06:00:00,observed_replacement_demand,LOT-00105,1,completed,assumption:synthetic_operations_v1;demand=PdM_maint.csv,2015-09-28 06:00:00,1
MR-01497,67,comp1,2015-09-28 06:00:00,2015-09-28 06:00:00,observed_replacement_demand,LOT-00106,1,completed,assumption:synthetic_operations_v1;demand=PdM_maint.csv,2015-09-28 06:00:00,1
MR-01498,83,comp3,2015-09-28 06:00:00,2015-09-28 06:00:00,observed_replacement_demand,LOT-00107,1,completed,assumption:synthetic_operations_v1;demand=PdM_maint.csv,2015-09-28 06:00:00,1
MR-01499,93,comp2,2015-09-28 06:00:00,2015-09-28 06:00:00,observed_replacement_demand,LOT-00099,1,completed,assumption:synthetic_operations_v1;demand=PdM_maint.csv,2015-09-28 06:00:00,1
MR-01500,4,comp3,2015-09-29 06:00:00,2015-09-29 06:00:00,observed_replacement_demand,LOT-00107,1,completed,assumption:synthetic_operations_v1;demand=PdM_maint.csv,2015-09-29 06:00:00,1
MR-01501,24,comp1,2015-09-29 06:00:00,2015-09-29 06:00:00,observed_replacement_demand,LOT-00106,1,completed,assumption:synthetic_operations_v1;demand=PdM_maint.csv,2015-09-29 06:00:00,1
MR-01502,29,comp2,2015-09-29 06:00:00,2015-09-29 06:00:00,observed_replacement_demand,LOT-00101,1,completed,assumption:synthetic_operations_v1;demand=PdM_maint.csv,2015-09-29 06:00:00,1
MR-01503,38,comp4,2015-09-29 06:00:00,2015-09-29 06:00:00,observed_replacement_demand,LOT-00105,1,completed,assumption:synthetic_operations_v1;demand=PdM_maint.csv,2015-09-29 06:00:00,1
MR-01504,41,comp3,2015-09-29 06:00:00,2015-09-29 06:00:00,observed_replacement_demand,LOT-00107,1,completed,assumption:synthetic_operations_v1;demand=PdM_maint.csv,2015-09-29 06:00:00,1
MR-01505,41,comp4,2015-09-29 06:00:00,2015-09-29 06:00:00,observed_replacement_demand,LOT-00111,1,completed,assumption:synthetic_operations_v1;demand=PdM_maint.csv,2015-09-29 06:00:00,1
MR-01506,68,comp3,2015-09-29 06:00:00,2015-09-29 06:00:00,observed_replacement_demand,LOT-00107,1,completed,assumption:synthetic_operations_v1;demand=PdM_maint.csv,2015-09-29 06:00:00,1
MR-01507,73,comp3,2015-09-29 06:00:00,2015-09-29 06:00:00,observed_replacement_demand,LOT-00107,1,completed,assumption:synthetic_operations_v1;demand=PdM_maint.csv,2015-09-29 06:00:00,1
MR-01508,79,comp4,2015-09-29 06:00:00,2015-09-29 06:00:00,observed_replacement_demand,LOT-00111,1,completed,assumption:synthetic_operations_v1;demand=PdM_maint.csv,2015-09-29 06:00:00,1
MR-01509,81,comp3,2015-09-29 06:00:00,2015-09-29 06:00:00,observed_replacement_demand,LOT-00107,1,completed,assumption:synthetic_operations_v1;demand=PdM_maint.csv,2015-09-29 06:00:00,1
MR-01510,91,comp2,2015-09-29 06:00:00,2015-09-29 06:00:00,observed_replacement_demand,LOT-00101,1,completed,assumption:synthetic_operations_v1;demand=PdM_maint.csv,2015-09-29 06:00:00,1
MR-01511,91,comp3,2015-09-29 06:00:00,2015-09-29 06:00:00,observed_replacement_demand,LOT-00108,1,completed,assumption:synthetic_operations_v1;demand=PdM_maint.csv,2015-09-29 06:00:00,1
MR-01512,9,comp4,2015-09-30 06:00:00,2015-09-30 06:00:00,observed_replacement_demand,LOT-00111,1,completed,assumption:synthetic_operations_v1;demand=PdM_maint.csv,2015-09-30 06:00:00,1
MR-01513,76,comp1,2015-09-30 06:00:00,2015-09-30 06:00:00,observed_replacement_demand,LOT-00106,1,completed,assumption:synthetic_operations_v1;demand=PdM_maint.csv,2015-09-30 06:00:00,1
MR-01514,76,comp3,2015-09-30 06:00:00,2015-09-30 06:00:00,observed_replacement_demand,LOT-00108,1,completed,assumption:synthetic_operations_v1;demand=PdM_maint.csv,2015-09-30 06:00:00,1
MR-01515,96,comp4,2015-09-30 06:00:00,2015-09-30 06:00:00,observed_replacement_demand,LOT-00111,1,completed,assumption:synthetic_operations_v1;demand=PdM_maint.csv,2015-09-30 06:00:00,1
MR-01516,99,comp3,2015-09-30 06:00:00,2015-09-30 06:00:00,observed_replacement_demand,LOT-00108,1,completed,assumption:synthetic_operations_v1;demand=PdM_maint.csv,2015-09-30 06:00:00,1
MR-01517,10,comp2,2015-10-01 06:00:00,2015-10-01 06:00:00,observed_replacement_demand,LOT-00101,1,completed,assumption:synthetic_operations_v1;demand=PdM_maint.csv,2015-10-01 06:00:00,1
MR-01518,20,comp2,2015-10-01 06:00:00,2015-10-01 06:00:00,observed_replacement_demand,LOT-00101,1,completed,assumption:synthetic_operations_v1;demand=PdM_maint.csv,2015-10-01 06:00:00,1
MR-01519,25,comp1,2015-10-01 06:00:00,2015-10-01 06:00:00,observed_replacement_demand,LOT-00112,1,completed,assumption:synthetic_operations_v1;demand=PdM_maint.csv,2015-10-01 06:00:00,1
MR-01520,37,comp2,2015-10-01 06:00:00,2015-10-01 06:00:00,observed_replacement_demand,LOT-00101,1,completed,assumption:synthetic_operations_v1;demand=PdM_maint.csv,2015-10-01 06:00:00,1
MR-01521,37,comp4,2015-10-01 06:00:00,2015-10-01 06:00:00,observed_replacement_demand,LOT-00111,1,completed,assumption:synthetic_operations_v1;demand=PdM_maint.csv,2015-10-01 06:00:00,1
MR-01522,52,comp3,2015-10-01 06:00:00,2015-10-01 06:00:00,observed_replacement_demand,LOT-00108,1,completed,assumption:synthetic_operations_v1;demand=PdM_maint.csv,2015-10-01 06:00:00,1
MR-01523,66,comp1,2015-10-01 06:00:00,2015-10-01 06:00:00,observed_replacement_demand,LOT-00112,1,completed,assumption:synthetic_operations_v1;demand=PdM_maint.csv,2015-10-01 06:00:00,1
MR-01524,66,comp4,2015-10-01 06:00:00,2015-10-01 06:00:00,observed_replacement_demand,LOT-00111,1,completed,assumption:synthetic_operations_v1;demand=PdM_maint.csv,2015-10-01 06:00:00,1
MR-01525,88,comp1,2015-10-01 06:00:00,2015-10-01 06:00:00,observed_replacement_demand,LOT-00112,1,completed,assumption:synthetic_operations_v1;demand=PdM_maint.csv,2015-10-01 06:00:00,1
MR-01526,88,comp3,2015-10-01 06:00:00,2015-10-01 06:00:00,observed_replacement_demand,LOT-00108,1,completed,assumption:synthetic_operations_v1;demand=PdM_maint.csv,2015-10-01 06:00:00,1
MR-01527,1,comp1,2015-10-02 06:00:00,2015-10-02 06:00:00,observed_replacement_demand,LOT-00112,1,completed,assumption:synthetic_operations_v1;demand=PdM_maint.csv,2015-10-02 06:00:00,1
MR-01528,1,comp4,2015-10-02 06:00:00,2015-10-02 06:00:00,observed_replacement_demand,LOT-00111,1,completed,assumption:synthetic_operations_v1;demand=PdM_maint.csv,2015-10-02 06:00:00,1
MR-01529,11,comp3,2015-10-02 06:00:00,2015-10-02 06:00:00,observed_replacement_demand,LOT-00108,1,completed,assumption:synthetic_operations_v1;demand=PdM_maint.csv,2015-10-02 06:00:00,1
MR-01530,15,comp2,2015-10-02 06:00:00,2015-10-02 06:00:00,observed_replacement_demand,LOT-00101,1,completed,assumption:synthetic_operations_v1;demand=PdM_maint.csv,2015-10-02 06:00:00,1
MR-01531,23,comp1,2015-10-02 06:00:00,2015-10-02 06:00:00,observed_replacement_demand,LOT-00112,1,completed,assumption:synthetic_operations_v1;demand=PdM_maint.csv,2015-10-02 06:00:00,1
MR-01532,23,comp3,2015-10-02 06:00:00,2015-10-02 06:00:00,observed_replacement_demand,LOT-00108,1,completed,assumption:synthetic_operations_v1;demand=PdM_maint.csv,2015-10-02 06:00:00,1
MR-01533,59,comp3,2015-10-02 06:00:00,2015-10-02 06:00:00,observed_replacement_demand,LOT-00108,1,completed,assumption:synthetic_operations_v1;demand=PdM_maint.csv,2015-10-02 06:00:00,1
MR-01534,59,comp4,2015-10-02 06:00:00,2015-10-02 06:00:00,observed_replacement_demand,LOT-00111,1,completed,assumption:synthetic_operations_v1;demand=PdM_maint.csv,2015-10-02 06:00:00,1
MR-01535,69,comp1,2015-10-02 06:00:00,2015-10-02 06:00:00,observed_replacement_demand,LOT-00112,1,completed,assumption:synthetic_operations_v1;demand=PdM_maint.csv,2015-10-02 06:00:00,1
MR-01536,84,comp1,2015-10-02 06:00:00,2015-10-02 06:00:00,observed_replacement_demand,LOT-00112,1,completed,assumption:synthetic_operations_v1;demand=PdM_maint.csv,2015-10-02 06:00:00,1
MR-01537,84,comp2,2015-10-02 06:00:00,2015-10-02 06:00:00,observed_replacement_demand,LOT-00101,1,completed,assumption:synthetic_operations_v1;demand=PdM_maint.csv,2015-10-02 06:00:00,1
MR-01538,90,comp1,2015-10-02 06:00:00,2015-10-02 06:00:00,observed_replacement_demand,LOT-00112,1,completed,assumption:synthetic_operations_v1;demand=PdM_maint.csv,2015-10-02 06:00:00,1
MR-01539,92,comp2,2015-10-02 06:00:00,2015-10-02 06:00:00,observed_replacement_demand,LOT-00101,1,completed,assumption:synthetic_operations_v1;demand=PdM_maint.csv,2015-10-02 06:00:00,1
MR-01540,95,comp1,2015-10-02 06:00:00,2015-10-02 06:00:00,observed_replacement_demand,LOT-00112,1,completed,assumption:synthetic_operations_v1;demand=PdM_maint.csv,2015-10-02 06:00:00,1
MR-01541,95,comp3,2015-10-02 06:00:00,2015-10-02 06:00:00,observed_replacement_demand,LOT-00108,1,completed,assumption:synthetic_operations_v1;demand=PdM_maint.csv,2015-10-02 06:00:00,1
MR-01542,8,comp1,2015-10-03 06:00:00,2015-10-03 06:00:00,observed_replacement_demand,LOT-00112,1,completed,assumption:synthetic_operations_v1;demand=PdM_maint.csv,2015-10-03 06:00:00,1
MR-01543,26,comp3,2015-10-03 06:00:00,2015-10-03 06:00:00,observed_replacement_demand,LOT-00108,1,completed,assumption:synthetic_operations_v1;demand=PdM_maint.csv,2015-10-03 06:00:00,1
MR-01544,35,comp4,2015-10-03 06:00:00,2015-10-03 06:00:00,observed_replacement_demand,LOT-00111,1,completed,assumption:synthetic_operations_v1;demand=PdM_maint.csv,2015-10-03 06:00:00,1
MR-01545,42,comp1,2015-10-03 06:00:00,2015-10-03 06:00:00,observed_replacement_demand,LOT-00112,1,completed,assumption:synthetic_operations_v1;demand=PdM_maint.csv,2015-10-03 06:00:00,1
MR-01546,42,comp4,2015-10-03 06:00:00,2015-10-03 06:00:00,observed_replacement_demand,LOT-00111,1,completed,assumption:synthetic_operations_v1;demand=PdM_maint.csv,2015-10-03 06:00:00,1
MR-01547,43,comp4,2015-10-03 06:00:00,2015-10-03 06:00:00,observed_replacement_demand,LOT-00111,1,completed,assumption:synthetic_operations_v1;demand=PdM_maint.csv,2015-10-03 06:00:00,1
MR-01548,78,comp1,2015-10-03 06:00:00,2015-10-03 06:00:00,observed_replacement_demand,LOT-00112,1,completed,assumption:synthetic_operations_v1;demand=PdM_maint.csv,2015-10-03 06:00:00,1
MR-01549,3,comp2,2015-10-04 06:00:00,2015-10-04 06:00:00,observed_replacement_demand,LOT-00101,1,completed,assumption:synthetic_operations_v1;demand=PdM_maint.csv,2015-10-04 06:00:00,1
MR-01550,12,comp2,2015-10-04 06:00:00,2015-10-04 06:00:00,observed_replacement_demand,LOT-00101,1,completed,assumption:synthetic_operations_v1;demand=PdM_maint.csv,2015-10-04 06:00:00,1
MR-01551,22,comp2,2015-10-04 06:00:00,2015-10-04 06:00:00,observed_replacement_demand,LOT-00101,1,completed,assumption:synthetic_operations_v1;demand=PdM_maint.csv,2015-10-04 06:00:00,1
MR-01552,36,comp3,2015-10-04 06:00:00,2015-10-04 06:00:00,observed_replacement_demand,LOT-00108,1,completed,assumption:synthetic_operations_v1;demand=PdM_maint.csv,2015-10-04 06:00:00,1
MR-01553,36,comp4,2015-10-04 06:00:00,2015-10-04 06:00:00,observed_replacement_demand,LOT-00111,1,completed,assumption:synthetic_operations_v1;demand=PdM_maint.csv,2015-10-04 06:00:00,1
MR-01554,75,comp3,2015-10-04 06:00:00,2015-10-04 06:00:00,observed_replacement_demand,LOT-00108,1,completed,assumption:synthetic_operations_v1;demand=PdM_maint.csv,2015-10-04 06:00:00,1
MR-01555,21,comp2,2015-10-05 06:00:00,2015-10-05 06:00:00,observed_replacement_demand,LOT-00101,1,completed,assumption:synthetic_operations_v1;demand=PdM_maint.csv,2015-10-05 06:00:00,1
MR-01556,21,comp3,2015-10-05 06:00:00,2015-10-05 06:00:00,observed_replacement_demand,LOT-00108,1,completed,assumption:synthetic_operations_v1;demand=PdM_maint.csv,2015-10-05 06:00:00,1
MR-01557,46,comp3,2015-10-05 06:00:00,2015-10-05 06:00:00,observed_replacement_demand,LOT-00108,1,completed,assumption:synthetic_operations_v1;demand=PdM_maint.csv,2015-10-05 06:00:00,1
MR-01558,46,comp4,2015-10-05 06:00:00,2015-10-05 06:00:00,observed_replacement_demand,LOT-00111,1,completed,assumption:synthetic_operations_v1;demand=PdM_maint.csv,2015-10-05 06:00:00,1
MR-01559,57,comp3,2015-10-05 06:00:00,2015-10-05 06:00:00,observed_replacement_demand,LOT-00108,1,completed,assumption:synthetic_operations_v1;demand=PdM_maint.csv,2015-10-05 06:00:00,1
MR-01560,74,comp1,2015-10-05 06:00:00,2015-10-05 06:00:00,observed_replacement_demand,LOT-00112,1,completed,assumption:synthetic_operations_v1;demand=PdM_maint.csv,2015-10-05 06:00:00,1
MR-01561,86,comp4,2015-10-05 06:00:00,2015-10-05 06:00:00,observed_replacement_demand,LOT-00111,1,completed,assumption:synthetic_operations_v1;demand=PdM_maint.csv,2015-10-05 06:00:00,1
MR-01562,94,comp4,2015-10-05 06:00:00,2015-10-05 06:00:00,observed_replacement_demand,LOT-00111,1,completed,assumption:synthetic_operations_v1;demand=PdM_maint.csv,2015-10-05 06:00:00,1
MR-01563,5,comp1,2015-10-06 06:00:00,2015-10-06 06:00:00,observed_replacement_demand,LOT-00112,1,completed,assumption:synthetic_operations_v1;demand=PdM_maint.csv,2015-10-06 06:00:00,1
MR-01564,5,comp2,2015-10-06 06:00:00,2015-10-06 06:00:00,observed_replacement_demand,LOT-00101,1,completed,assumption:synthetic_operations_v1;demand=PdM_maint.csv,2015-10-06 06:00:00,1
MR-01565,7,comp3,2015-10-06 06:00:00,2015-10-06 06:00:00,observed_replacement_demand,LOT-00108,1,completed,assumption:synthetic_operations_v1;demand=PdM_maint.csv,2015-10-06 06:00:00,1
MR-01566,30,comp3,2015-10-06 06:00:00,2015-10-06 06:00:00,observed_replacement_demand,LOT-00108,1,completed,assumption:synthetic_operations_v1;demand=PdM_maint.csv,2015-10-06 06:00:00,1
MR-01567,30,comp4,2015-10-06 06:00:00,2015-10-06 06:00:00,observed_replacement_demand,LOT-00111,1,completed,assumption:synthetic_operations_v1;demand=PdM_maint.csv,2015-10-06 06:00:00,1
MR-01568,47,comp4,2015-10-06 06:00:00,2015-10-06 06:00:00,observed_replacement_demand,LOT-00111,1,completed,assumption:synthetic_operations_v1;demand=PdM_maint.csv,2015-10-06 06:00:00,1
MR-01569,97,comp1,2015-10-06 06:00:00,2015-10-06 06:00:00,observed_replacement_demand,LOT-00112,1,completed,assumption:synthetic_operations_v1;demand=PdM_maint.csv,2015-10-06 06:00:00,1
MR-01570,27,comp2,2015-10-07 06:00:00,2015-10-07 06:00:00,observed_replacement_demand,LOT-00101,1,completed,assumption:synthetic_operations_v1;demand=PdM_maint.csv,2015-10-07 06:00:00,1
MR-01571,32,comp4,2015-10-07 06:00:00,2015-10-07 06:00:00,observed_replacement_demand,LOT-00111,1,completed,assumption:synthetic_operations_v1;demand=PdM_maint.csv,2015-10-07 06:00:00,1
MR-01572,13,comp3,2015-10-08 06:00:00,2015-10-08 06:00:00,observed_replacement_demand,LOT-00110,1,completed,assumption:synthetic_operations_v1;demand=PdM_maint.csv,2015-10-08 06:00:00,1
MR-01573,48,comp1,2015-10-08 06:00:00,2015-10-08 06:00:00,observed_replacement_demand,LOT-00112,1,completed,assumption:synthetic_operations_v1;demand=PdM_maint.csv,2015-10-08 06:00:00,1
MR-01574,48,comp4,2015-10-08 06:00:00,2015-10-08 06:00:00,observed_replacement_demand,LOT-00111,1,completed,assumption:synthetic_operations_v1;demand=PdM_maint.csv,2015-10-08 06:00:00,1
MR-01575,71,comp4,2015-10-08 06:00:00,2015-10-08 06:00:00,observed_replacement_demand,LOT-00111,1,completed,assumption:synthetic_operations_v1;demand=PdM_maint.csv,2015-10-08 06:00:00,1
MR-01576,77,comp2,2015-10-08 06:00:00,2015-10-08 06:00:00,observed_replacement_demand,LOT-00101,1,completed,assumption:synthetic_operations_v1;demand=PdM_maint.csv,2015-10-08 06:00:00,1
MR-01577,87,comp2,2015-10-09 06:00:00,2015-10-09 06:00:00,observed_replacement_demand,LOT-00101,1,completed,assumption:synthetic_operations_v1;demand=PdM_maint.csv,2015-10-09 06:00:00,1
MR-01578,19,comp2,2015-10-10 06:00:00,2015-10-10 06:00:00,observed_replacement_demand,LOT-00104,1,completed,assumption:synthetic_operations_v1;demand=PdM_maint.csv,2015-10-10 06:00:00,1
MR-01579,19,comp3,2015-10-10 06:00:00,2015-10-10 06:00:00,observed_replacement_demand,LOT-00110,1,completed,assumption:synthetic_operations_v1;demand=PdM_maint.csv,2015-10-10 06:00:00,1
MR-01580,53,comp1,2015-10-10 06:00:00,2015-10-10 06:00:00,observed_replacement_demand,LOT-00118,1,completed,assumption:synthetic_operations_v1;demand=PdM_maint.csv,2015-10-10 06:00:00,1
MR-01581,61,comp3,2015-10-10 06:00:00,2015-10-10 06:00:00,observed_replacement_demand,LOT-00110,1,completed,assumption:synthetic_operations_v1;demand=PdM_maint.csv,2015-10-10 06:00:00,1
MR-01582,62,comp2,2015-10-10 06:00:00,2015-10-10 06:00:00,observed_replacement_demand,LOT-00104,1,completed,assumption:synthetic_operations_v1;demand=PdM_maint.csv,2015-10-10 06:00:00,1
MR-01583,62,comp3,2015-10-10 06:00:00,2015-10-10 06:00:00,observed_replacement_demand,LOT-00114,1,completed,assumption:synthetic_operations_v1;demand=PdM_maint.csv,2015-10-10 06:00:00,1
MR-01584,63,comp1,2015-10-10 06:00:00,2015-10-10 06:00:00,observed_replacement_demand,LOT-00118,1,completed,assumption:synthetic_operations_v1;demand=PdM_maint.csv,2015-10-10 06:00:00,1
MR-01585,70,comp3,2015-10-10 06:00:00,2015-10-10 06:00:00,observed_replacement_demand,LOT-00114,1,completed,assumption:synthetic_operations_v1;demand=PdM_maint.csv,2015-10-10 06:00:00,1
MR-01586,80,comp3,2015-10-10 06:00:00,2015-10-10 06:00:00,observed_replacement_demand,LOT-00114,1,completed,assumption:synthetic_operations_v1;demand=PdM_maint.csv,2015-10-10 06:00:00,1
MR-01587,80,comp4,2015-10-10 06:00:00,2015-10-10 06:00:00,observed_replacement_demand,LOT-00111,1,completed,assumption:synthetic_operations_v1;demand=PdM_maint.csv,2015-10-10 06:00:00,1
MR-01588,82,comp1,2015-10-10 06:00:00,2015-10-10 06:00:00,observed_replacement_demand,LOT-00118,1,completed,assumption:synthetic_operations_v1;demand=PdM_maint.csv,2015-10-10 06:00:00,1
MR-01589,82,comp3,2015-10-10 06:00:00,2015-10-10 06:00:00,observed_replacement_demand,LOT-00114,1,completed,assumption:synthetic_operations_v1;demand=PdM_maint.csv,2015-10-10 06:00:00,1
MR-01590,100,comp1,2015-10-10 06:00:00,2015-10-10 06:00:00,observed_replacement_demand,LOT-00118,1,completed,assumption:synthetic_operations_v1;demand=PdM_maint.csv,2015-10-10 06:00:00,1
MR-01591,100,comp3,2015-10-10 06:00:00,2015-10-10 06:00:00,observed_replacement_demand,LOT-00114,1,completed,assumption:synthetic_operations_v1;demand=PdM_maint.csv,2015-10-10 06:00:00,1
MR-01592,56,comp4,2015-10-11 06:00:00,2015-10-11 06:00:00,observed_replacement_demand,LOT-00111,1,completed,assumption:synthetic_operations_v1;demand=PdM_maint.csv,2015-10-11 06:00:00,1
MR-01593,18,comp1,2015-10-12 06:00:00,2015-10-12 06:00:00,observed_replacement_demand,LOT-00118,1,completed,assumption:synthetic_operations_v1;demand=PdM_maint.csv,2015-10-12 06:00:00,1
MR-01594,44,comp3,2015-10-12 06:00:00,2015-10-12 06:00:00,observed_replacement_demand,LOT-00114,1,completed,assumption:synthetic_operations_v1;demand=PdM_maint.csv,2015-10-12 06:00:00,1
MR-01595,49,comp4,2015-10-12 06:00:00,2015-10-12 06:00:00,observed_replacement_demand,LOT-00111,1,completed,assumption:synthetic_operations_v1;demand=PdM_maint.csv,2015-10-12 06:00:00,1
MR-01596,50,comp2,2015-10-12 06:00:00,2015-10-12 06:00:00,observed_replacement_demand,LOT-00104,1,completed,assumption:synthetic_operations_v1;demand=PdM_maint.csv,2015-10-12 06:00:00,1
MR-01597,50,comp3,2015-10-12 06:00:00,2015-10-12 06:00:00,observed_replacement_demand,LOT-00114,1,completed,assumption:synthetic_operations_v1;demand=PdM_maint.csv,2015-10-12 06:00:00,1
MR-01598,54,comp4,2015-10-12 06:00:00,2015-10-12 06:00:00,observed_replacement_demand,LOT-00111,1,completed,assumption:synthetic_operations_v1;demand=PdM_maint.csv,2015-10-12 06:00:00,1
MR-01599,60,comp4,2015-10-12 06:00:00,2015-10-12 06:00:00,observed_replacement_demand,LOT-00111,1,completed,assumption:synthetic_operations_v1;demand=PdM_maint.csv,2015-10-12 06:00:00,1
MR-01600,85,comp2,2015-10-12 06:00:00,2015-10-12 06:00:00,observed_replacement_demand,LOT-00104,1,completed,assumption:synthetic_operations_v1;demand=PdM_maint.csv,2015-10-12 06:00:00,1
MR-01601,98,comp4,2015-10-12 06:00:00,2015-10-12 06:00:00,observed_replacement_demand,LOT-00115,1,completed,assumption:synthetic_operations_v1;demand=PdM_maint.csv,2015-10-12 06:00:00,1
MR-01602,14,comp1,2015-10-13 06:00:00,2015-10-13 06:00:00,observed_replacement_demand,LOT-00118,1,completed,assumption:synthetic_operations_v1;demand=PdM_maint.csv,2015-10-13 06:00:00,1
MR-01603,28,comp1,2015-10-13 06:00:00,2015-10-13 06:00:00,observed_replacement_demand,LOT-00118,1,completed,assumption:synthetic_operations_v1;demand=PdM_maint.csv,2015-10-13 06:00:00,1
MR-01604,33,comp2,2015-10-13 06:00:00,2015-10-13 06:00:00,observed_replacement_demand,LOT-00109,1,completed,assumption:synthetic_operations_v1;demand=PdM_maint.csv,2015-10-13 06:00:00,1
MR-01605,39,comp1,2015-10-13 06:00:00,2015-10-13 06:00:00,observed_replacement_demand,LOT-00118,1,completed,assumption:synthetic_operations_v1;demand=PdM_maint.csv,2015-10-13 06:00:00,1
MR-01606,39,comp2,2015-10-13 06:00:00,2015-10-13 06:00:00,observed_replacement_demand,LOT-00109,1,completed,assumption:synthetic_operations_v1;demand=PdM_maint.csv,2015-10-13 06:00:00,1
MR-01607,51,comp4,2015-10-13 06:00:00,2015-10-13 06:00:00,observed_replacement_demand,LOT-00115,1,completed,assumption:synthetic_operations_v1;demand=PdM_maint.csv,2015-10-13 06:00:00,1
MR-01608,58,comp1,2015-10-13 06:00:00,2015-10-13 06:00:00,observed_replacement_demand,LOT-00118,1,completed,assumption:synthetic_operations_v1;demand=PdM_maint.csv,2015-10-13 06:00:00,1
MR-01609,65,comp3,2015-10-13 06:00:00,2015-10-13 06:00:00,observed_replacement_demand,LOT-00114,1,completed,assumption:synthetic_operations_v1;demand=PdM_maint.csv,2015-10-13 06:00:00,1
MR-01610,67,comp2,2015-10-13 06:00:00,2015-10-13 06:00:00,observed_replacement_demand,LOT-00109,1,completed,assumption:synthetic_operations_v1;demand=PdM_maint.csv,2015-10-13 06:00:00,1
MR-01611,83,comp1,2015-10-13 06:00:00,2015-10-13 06:00:00,observed_replacement_demand,LOT-00118,1,completed,assumption:synthetic_operations_v1;demand=PdM_maint.csv,2015-10-13 06:00:00,1
MR-01612,93,comp3,2015-10-13 06:00:00,2015-10-13 06:00:00,observed_replacement_demand,LOT-00114,1,completed,assumption:synthetic_operations_v1;demand=PdM_maint.csv,2015-10-13 06:00:00,1
MR-01613,4,comp2,2015-10-14 06:00:00,2015-10-14 06:00:00,observed_replacement_demand,LOT-00109,1,completed,assumption:synthetic_operations_v1;demand=PdM_maint.csv,2015-10-14 06:00:00,1
MR-01614,16,comp3,2015-10-14 06:00:00,2015-10-14 06:00:00,observed_replacement_demand,LOT-00114,1,completed,assumption:synthetic_operations_v1;demand=PdM_maint.csv,2015-10-14 06:00:00,1
MR-01615,24,comp3,2015-10-14 06:00:00,2015-10-14 06:00:00,observed_replacement_demand,LOT-00114,1,completed,assumption:synthetic_operations_v1;demand=PdM_maint.csv,2015-10-14 06:00:00,1
MR-01616,29,comp3,2015-10-14 06:00:00,2015-10-14 06:00:00,observed_replacement_demand,LOT-00114,1,completed,assumption:synthetic_operations_v1;demand=PdM_maint.csv,2015-10-14 06:00:00,1
MR-01617,29,comp4,2015-10-14 06:00:00,2015-10-14 06:00:00,observed_replacement_demand,LOT-00117,1,completed,assumption:synthetic_operations_v1;demand=PdM_maint.csv,2015-10-14 06:00:00,1
MR-01618,38,comp3,2015-10-14 06:00:00,2015-10-14 06:00:00,observed_replacement_demand,LOT-00114,1,completed,assumption:synthetic_operations_v1;demand=PdM_maint.csv,2015-10-14 06:00:00,1
MR-01619,38,comp4,2015-10-14 06:00:00,2015-10-14 06:00:00,observed_replacement_demand,LOT-00117,1,completed,assumption:synthetic_operations_v1;demand=PdM_maint.csv,2015-10-14 06:00:00,1
MR-01620,68,comp2,2015-10-14 06:00:00,2015-10-14 06:00:00,observed_replacement_demand,LOT-00109,1,completed,assumption:synthetic_operations_v1;demand=PdM_maint.csv,2015-10-14 06:00:00,1
MR-01621,68,comp4,2015-10-14 06:00:00,2015-10-14 06:00:00,observed_replacement_demand,LOT-00117,1,completed,assumption:synthetic_operations_v1;demand=PdM_maint.csv,2015-10-14 06:00:00,1
MR-01622,73,comp2,2015-10-14 06:00:00,2015-10-14 06:00:00,observed_replacement_demand,LOT-00109,1,completed,assumption:synthetic_operations_v1;demand=PdM_maint.csv,2015-10-14 06:00:00,1
MR-01623,73,comp4,2015-10-14 06:00:00,2015-10-14 06:00:00,observed_replacement_demand,LOT-00117,1,completed,assumption:synthetic_operations_v1;demand=PdM_maint.csv,2015-10-14 06:00:00,1
MR-01624,79,comp3,2015-10-14 06:00:00,2015-10-14 06:00:00,observed_replacement_demand,LOT-00114,1,completed,assumption:synthetic_operations_v1;demand=PdM_maint.csv,2015-10-14 06:00:00,1
MR-01625,81,comp1,2015-10-14 06:00:00,2015-10-14 06:00:00,observed_replacement_demand,LOT-00118,1,completed,assumption:synthetic_operations_v1;demand=PdM_maint.csv,2015-10-14 06:00:00,1
MR-01626,81,comp2,2015-10-14 06:00:00,2015-10-14 06:00:00,observed_replacement_demand,LOT-00109,1,completed,assumption:synthetic_operations_v1;demand=PdM_maint.csv,2015-10-14 06:00:00,1
MR-01627,91,comp3,2015-10-14 06:00:00,2015-10-14 06:00:00,observed_replacement_demand,LOT-00119,1,completed,assumption:synthetic_operations_v1;demand=PdM_maint.csv,2015-10-14 06:00:00,1
MR-01628,2,comp4,2015-10-15 06:00:00,2015-10-15 06:00:00,observed_replacement_demand,LOT-00117,1,completed,assumption:synthetic_operations_v1;demand=PdM_maint.csv,2015-10-15 06:00:00,1
MR-01629,9,comp2,2015-10-15 06:00:00,2015-10-15 06:00:00,observed_replacement_demand,LOT-00109,1,completed,assumption:synthetic_operations_v1;demand=PdM_maint.csv,2015-10-15 06:00:00,1
MR-01630,9,comp4,2015-10-15 06:00:00,2015-10-15 06:00:00,observed_replacement_demand,LOT-00117,1,completed,assumption:synthetic_operations_v1;demand=PdM_maint.csv,2015-10-15 06:00:00,1
MR-01631,76,comp4,2015-10-15 06:00:00,2015-10-15 06:00:00,observed_replacement_demand,LOT-00117,1,completed,assumption:synthetic_operations_v1;demand=PdM_maint.csv,2015-10-15 06:00:00,1
MR-01632,96,comp1,2015-10-15 06:00:00,2015-10-15 06:00:00,observed_replacement_demand,LOT-00118,1,completed,assumption:synthetic_operations_v1;demand=PdM_maint.csv,2015-10-15 06:00:00,1
MR-01633,99,comp2,2015-10-15 06:00:00,2015-10-15 06:00:00,observed_replacement_demand,LOT-00109,1,completed,assumption:synthetic_operations_v1;demand=PdM_maint.csv,2015-10-15 06:00:00,1
MR-01634,10,comp1,2015-10-16 06:00:00,2015-10-16 06:00:00,observed_replacement_demand,LOT-00118,1,completed,assumption:synthetic_operations_v1;demand=PdM_maint.csv,2015-10-16 06:00:00,1
MR-01635,10,comp2,2015-10-16 06:00:00,2015-10-16 06:00:00,observed_replacement_demand,LOT-00109,1,completed,assumption:synthetic_operations_v1;demand=PdM_maint.csv,2015-10-16 06:00:00,1
MR-01636,20,comp1,2015-10-16 06:00:00,2015-10-16 06:00:00,observed_replacement_demand,LOT-00118,1,completed,assumption:synthetic_operations_v1;demand=PdM_maint.csv,2015-10-16 06:00:00,1
MR-01637,52,comp3,2015-10-16 06:00:00,2015-10-16 06:00:00,observed_replacement_demand,LOT-00119,1,completed,assumption:synthetic_operations_v1;demand=PdM_maint.csv,2015-10-16 06:00:00,1
MR-01638,66,comp1,2015-10-16 06:00:00,2015-10-16 06:00:00,observed_replacement_demand,LOT-00118,1,completed,assumption:synthetic_operations_v1;demand=PdM_maint.csv,2015-10-16 06:00:00,1
MR-01639,66,comp4,2015-10-16 06:00:00,2015-10-16 06:00:00,observed_replacement_demand,LOT-00117,1,completed,assumption:synthetic_operations_v1;demand=PdM_maint.csv,2015-10-16 06:00:00,1
MR-01640,88,comp1,2015-10-16 06:00:00,2015-10-16 06:00:00,observed_replacement_demand,LOT-00118,1,completed,assumption:synthetic_operations_v1;demand=PdM_maint.csv,2015-10-16 06:00:00,1
MR-01641,88,comp2,2015-10-16 06:00:00,2015-10-16 06:00:00,observed_replacement_demand,LOT-00109,1,completed,assumption:synthetic_operations_v1;demand=PdM_maint.csv,2015-10-16 06:00:00,1
MR-01642,1,comp2,2015-10-17 06:00:00,2015-10-17 06:00:00,observed_replacement_demand,LOT-00109,1,completed,assumption:synthetic_operations_v1;demand=PdM_maint.csv,2015-10-17 06:00:00,1
MR-01643,1,comp4,2015-10-17 06:00:00,2015-10-17 06:00:00,observed_replacement_demand,LOT-00117,1,completed,assumption:synthetic_operations_v1;demand=PdM_maint.csv,2015-10-17 06:00:00,1
MR-01644,11,comp4,2015-10-17 06:00:00,2015-10-17 06:00:00,observed_replacement_demand,LOT-00117,1,completed,assumption:synthetic_operations_v1;demand=PdM_maint.csv,2015-10-17 06:00:00,1
MR-01645,23,comp4,2015-10-17 06:00:00,2015-10-17 06:00:00,observed_replacement_demand,LOT-00117,1,completed,assumption:synthetic_operations_v1;demand=PdM_maint.csv,2015-10-17 06:00:00,1
MR-01646,59,comp1,2015-10-17 06:00:00,2015-10-17 06:00:00,observed_replacement_demand,LOT-00120,1,completed,assumption:synthetic_operations_v1;demand=PdM_maint.csv,2015-10-17 06:00:00,1
MR-01647,59,comp2,2015-10-17 06:00:00,2015-10-17 06:00:00,observed_replacement_demand,LOT-00109,1,completed,assumption:synthetic_operations_v1;demand=PdM_maint.csv,2015-10-17 06:00:00,1
MR-01648,64,comp2,2015-10-17 06:00:00,2015-10-17 06:00:00,observed_replacement_demand,LOT-00109,1,completed,assumption:synthetic_operations_v1;demand=PdM_maint.csv,2015-10-17 06:00:00,1
MR-01649,69,comp4,2015-10-17 06:00:00,2015-10-17 06:00:00,observed_replacement_demand,LOT-00117,1,completed,assumption:synthetic_operations_v1;demand=PdM_maint.csv,2015-10-17 06:00:00,1
MR-01650,84,comp3,2015-10-17 06:00:00,2015-10-17 06:00:00,observed_replacement_demand,LOT-00119,1,completed,assumption:synthetic_operations_v1;demand=PdM_maint.csv,2015-10-17 06:00:00,1
MR-01651,90,comp2,2015-10-17 06:00:00,2015-10-17 06:00:00,observed_replacement_demand,LOT-00109,1,completed,assumption:synthetic_operations_v1;demand=PdM_maint.csv,2015-10-17 06:00:00,1
MR-01652,95,comp1,2015-10-17 06:00:00,2015-10-17 06:00:00,observed_replacement_demand,LOT-00120,1,completed,assumption:synthetic_operations_v1;demand=PdM_maint.csv,2015-10-17 06:00:00,1
MR-01653,95,comp4,2015-10-17 06:00:00,2015-10-17 06:00:00,observed_replacement_demand,LOT-00117,1,completed,assumption:synthetic_operations_v1;demand=PdM_maint.csv,2015-10-17 06:00:00,1
MR-01654,8,comp4,2015-10-18 06:00:00,2015-10-18 06:00:00,observed_replacement_demand,LOT-00117,1,completed,assumption:synthetic_operations_v1;demand=PdM_maint.csv,2015-10-18 06:00:00,1
MR-01655,26,comp2,2015-10-18 06:00:00,2015-10-18 06:00:00,observed_replacement_demand,LOT-00109,1,completed,assumption:synthetic_operations_v1;demand=PdM_maint.csv,2015-10-18 06:00:00,1
MR-01656,26,comp3,2015-10-18 06:00:00,2015-10-18 06:00:00,observed_replacement_demand,LOT-00119,1,completed,assumption:synthetic_operations_v1;demand=PdM_maint.csv,2015-10-18 06:00:00,1
MR-01657,42,comp3,2015-10-18 06:00:00,2015-10-18 06:00:00,observed_replacement_demand,LOT-00119,1,completed,assumption:synthetic_operations_v1;demand=PdM_maint.csv,2015-10-18 06:00:00,1
MR-01658,43,comp4,2015-10-18 06:00:00,2015-10-18 06:00:00,observed_replacement_demand,LOT-00117,1,completed,assumption:synthetic_operations_v1;demand=PdM_maint.csv,2015-10-18 06:00:00,1
MR-01659,55,comp2,2015-10-18 06:00:00,2015-10-18 06:00:00,observed_replacement_demand,LOT-00109,1,completed,assumption:synthetic_operations_v1;demand=PdM_maint.csv,2015-10-18 06:00:00,1
MR-01660,55,comp3,2015-10-18 06:00:00,2015-10-18 06:00:00,observed_replacement_demand,LOT-00119,1,completed,assumption:synthetic_operations_v1;demand=PdM_maint.csv,2015-10-18 06:00:00,1
MR-01661,78,comp3,2015-10-18 06:00:00,2015-10-18 06:00:00,observed_replacement_demand,LOT-00119,1,completed,assumption:synthetic_operations_v1;demand=PdM_maint.csv,2015-10-18 06:00:00,1
MR-01662,3,comp2,2015-10-19 06:00:00,2015-10-19 06:00:00,observed_replacement_demand,LOT-00109,1,completed,assumption:synthetic_operations_v1;demand=PdM_maint.csv,2015-10-19 06:00:00,1
MR-01663,3,comp4,2015-10-19 06:00:00,2015-10-19 06:00:00,observed_replacement_demand,LOT-00117,1,completed,assumption:synthetic_operations_v1;demand=PdM_maint.csv,2015-10-19 06:00:00,1
MR-01664,12,comp1,2015-10-19 06:00:00,2015-10-19 06:00:00,observed_replacement_demand,LOT-00120,1,completed,assumption:synthetic_operations_v1;demand=PdM_maint.csv,2015-10-19 06:00:00,1
MR-01665,12,comp2,2015-10-19 06:00:00,2015-10-19 06:00:00,observed_replacement_demand,LOT-00109,1,completed,assumption:synthetic_operations_v1;demand=PdM_maint.csv,2015-10-19 06:00:00,1
MR-01666,22,comp2,2015-10-19 06:00:00,2015-10-19 06:00:00,observed_replacement_demand,LOT-00109,1,completed,assumption:synthetic_operations_v1;demand=PdM_maint.csv,2015-10-19 06:00:00,1
MR-01667,31,comp2,2015-10-19 06:00:00,2015-10-19 06:00:00,observed_replacement_demand,LOT-00109,1,completed,assumption:synthetic_operations_v1;demand=PdM_maint.csv,2015-10-19 06:00:00,1
MR-01668,36,comp3,2015-10-19 06:00:00,2015-10-19 06:00:00,observed_replacement_demand,LOT-00119,1,completed,assumption:synthetic_operations_v1;demand=PdM_maint.csv,2015-10-19 06:00:00,1
MR-01669,45,comp4,2015-10-19 06:00:00,2015-10-19 06:00:00,observed_replacement_demand,LOT-00117,1,completed,assumption:synthetic_operations_v1;demand=PdM_maint.csv,2015-10-19 06:00:00,1
MR-01670,75,comp2,2015-10-19 06:00:00,2015-10-19 06:00:00,observed_replacement_demand,LOT-00109,1,completed,assumption:synthetic_operations_v1;demand=PdM_maint.csv,2015-10-19 06:00:00,1
MR-01671,21,comp1,2015-10-20 06:00:00,2015-10-20 06:00:00,observed_replacement_demand,LOT-00120,1,completed,assumption:synthetic_operations_v1;demand=PdM_maint.csv,2015-10-20 06:00:00,1
MR-01672,46,comp1,2015-10-20 06:00:00,2015-10-20 06:00:00,observed_replacement_demand,LOT-00120,1,completed,assumption:synthetic_operations_v1;demand=PdM_maint.csv,2015-10-20 06:00:00,1
MR-01673,46,comp4,2015-10-20 06:00:00,2015-10-20 06:00:00,observed_replacement_demand,LOT-00117,1,completed,assumption:synthetic_operations_v1;demand=PdM_maint.csv,2015-10-20 06:00:00,1
MR-01674,57,comp4,2015-10-20 06:00:00,2015-10-20 06:00:00,observed_replacement_demand,LOT-00117,1,completed,assumption:synthetic_operations_v1;demand=PdM_maint.csv,2015-10-20 06:00:00,1
MR-01675,72,comp1,2015-10-20 06:00:00,2015-10-29 06:00:00,observed_replacement_demand,LOT-00127,1,completed,assumption:synthetic_operations_v1;demand=PdM_maint.csv,2015-10-20 06:00:00,1
MR-01676,72,comp3,2015-10-20 06:00:00,2015-10-20 06:00:00,observed_replacement_demand,LOT-00119,1,completed,assumption:synthetic_operations_v1;demand=PdM_maint.csv,2015-10-20 06:00:00,1
MR-01677,74,comp2,2015-10-20 06:00:00,2015-10-20 06:00:00,observed_replacement_demand,LOT-00109,1,completed,assumption:synthetic_operations_v1;demand=PdM_maint.csv,2015-10-20 06:00:00,1
MR-01678,86,comp2,2015-10-20 06:00:00,2015-10-20 06:00:00,observed_replacement_demand,LOT-00109,1,completed,assumption:synthetic_operations_v1;demand=PdM_maint.csv,2015-10-20 06:00:00,1
MR-01679,94,comp3,2015-10-20 06:00:00,2015-10-20 06:00:00,observed_replacement_demand,LOT-00122,1,completed,assumption:synthetic_operations_v1;demand=PdM_maint.csv,2015-10-20 06:00:00,1
MR-01680,5,comp3,2015-10-21 06:00:00,2015-10-21 06:00:00,observed_replacement_demand,LOT-00122,1,completed,assumption:synthetic_operations_v1;demand=PdM_maint.csv,2015-10-21 06:00:00,1
MR-01681,7,comp2,2015-10-21 06:00:00,2015-10-21 06:00:00,observed_replacement_demand,LOT-00109,1,completed,assumption:synthetic_operations_v1;demand=PdM_maint.csv,2015-10-21 06:00:00,1
MR-01682,7,comp4,2015-10-21 06:00:00,2015-10-21 06:00:00,observed_replacement_demand,LOT-00117,1,completed,assumption:synthetic_operations_v1;demand=PdM_maint.csv,2015-10-21 06:00:00,1
MR-01683,30,comp3,2015-10-21 06:00:00,2015-10-21 06:00:00,observed_replacement_demand,LOT-00122,1,completed,assumption:synthetic_operations_v1;demand=PdM_maint.csv,2015-10-21 06:00:00,1
MR-01684,47,comp2,2015-10-21 06:00:00,2015-10-21 06:00:00,observed_replacement_demand,LOT-00109,1,completed,assumption:synthetic_operations_v1;demand=PdM_maint.csv,2015-10-21 06:00:00,1
MR-01685,47,comp4,2015-10-21 06:00:00,2015-10-21 06:00:00,observed_replacement_demand,LOT-00117,1,completed,assumption:synthetic_operations_v1;demand=PdM_maint.csv,2015-10-21 06:00:00,1
MR-01686,97,comp1,2015-10-21 06:00:00,2015-10-29 06:00:00,observed_replacement_demand,LOT-00127,1,completed,assumption:synthetic_operations_v1;demand=PdM_maint.csv,2015-10-21 06:00:00,1
MR-01687,97,comp2,2015-10-21 06:00:00,2015-10-21 06:00:00,observed_replacement_demand,LOT-00109,1,completed,assumption:synthetic_operations_v1;demand=PdM_maint.csv,2015-10-21 06:00:00,1
MR-01688,27,comp1,2015-10-22 06:00:00,2015-10-29 06:00:00,observed_replacement_demand,LOT-00127,1,completed,assumption:synthetic_operations_v1;demand=PdM_maint.csv,2015-10-22 06:00:00,1
MR-01689,27,comp4,2015-10-22 06:00:00,2015-10-22 06:00:00,observed_replacement_demand,LOT-00121,1,completed,assumption:synthetic_operations_v1;demand=PdM_maint.csv,2015-10-22 06:00:00,1
MR-01690,13,comp1,2015-10-23 06:00:00,2015-10-29 06:00:00,observed_replacement_demand,LOT-00127,1,completed,assumption:synthetic_operations_v1;demand=PdM_maint.csv,2015-10-23 06:00:00,1
MR-01691,48,comp3,2015-10-23 06:00:00,2015-10-23 06:00:00,observed_replacement_demand,LOT-00122,1,completed,assumption:synthetic_operations_v1;demand=PdM_maint.csv,2015-10-23 06:00:00,1
MR-01692,71,comp3,2015-10-23 06:00:00,2015-10-23 06:00:00,observed_replacement_demand,LOT-00122,1,completed,assumption:synthetic_operations_v1;demand=PdM_maint.csv,2015-10-23 06:00:00,1
MR-01693,77,comp2,2015-10-23 06:00:00,2015-10-23 06:00:00,observed_replacement_demand,LOT-00113,1,completed,assumption:synthetic_operations_v1;demand=PdM_maint.csv,2015-10-23 06:00:00,1
MR-01694,87,comp3,2015-10-24 06:00:00,2015-10-24 06:00:00,observed_replacement_demand,LOT-00122,1,completed,assumption:synthetic_operations_v1;demand=PdM_maint.csv,2015-10-24 06:00:00,1
MR-01695,19,comp2,2015-10-25 06:00:00,2015-10-25 06:00:00,observed_replacement_demand,LOT-00113,1,completed,assumption:synthetic_operations_v1;demand=PdM_maint.csv,2015-10-25 06:00:00,1
MR-01696,53,comp1,2015-10-25 06:00:00,2015-10-29 06:00:00,observed_replacement_demand,LOT-00127,1,completed,assumption:synthetic_operations_v1;demand=PdM_maint.csv,2015-10-25 06:00:00,1
MR-01697,61,comp1,2015-10-25 06:00:00,2015-10-29 06:00:00,observed_replacement_demand,LOT-00127,1,completed,assumption:synthetic_operations_v1;demand=PdM_maint.csv,2015-10-25 06:00:00,1
MR-01698,61,comp3,2015-10-25 06:00:00,2015-10-25 06:00:00,observed_replacement_demand,LOT-00122,1,completed,assumption:synthetic_operations_v1;demand=PdM_maint.csv,2015-10-25 06:00:00,1
MR-01699,62,comp1,2015-10-25 06:00:00,2015-10-29 06:00:00,observed_replacement_demand,LOT-00127,1,completed,assumption:synthetic_operations_v1;demand=PdM_maint.csv,2015-10-25 06:00:00,1
MR-01700,62,comp2,2015-10-25 06:00:00,2015-10-25 06:00:00,observed_replacement_demand,LOT-00113,1,completed,assumption:synthetic_operations_v1;demand=PdM_maint.csv,2015-10-25 06:00:00,1
MR-01701,63,comp3,2015-10-25 06:00:00,2015-10-25 06:00:00,observed_replacement_demand,LOT-00122,1,completed,assumption:synthetic_operations_v1;demand=PdM_maint.csv,2015-10-25 06:00:00,1
MR-01702,63,comp4,2015-10-25 06:00:00,2015-10-25 06:00:00,observed_replacement_demand,LOT-00121,1,completed,assumption:synthetic_operations_v1;demand=PdM_maint.csv,2015-10-25 06:00:00,1
MR-01703,70,comp3,2015-10-25 06:00:00,2015-10-25 06:00:00,observed_replacement_demand,LOT-00122,1,completed,assumption:synthetic_operations_v1;demand=PdM_maint.csv,2015-10-25 06:00:00,1
MR-01704,100,comp4,2015-10-25 06:00:00,2015-10-25 06:00:00,observed_replacement_demand,LOT-00121,1,completed,assumption:synthetic_operations_v1;demand=PdM_maint.csv,2015-10-25 06:00:00,1
MR-01705,56,comp3,2015-10-26 06:00:00,2015-10-26 06:00:00,observed_replacement_demand,LOT-00122,1,completed,assumption:synthetic_operations_v1;demand=PdM_maint.csv,2015-10-26 06:00:00,1
MR-01706,18,comp4,2015-10-27 06:00:00,2015-10-27 06:00:00,observed_replacement_demand,LOT-00121,1,completed,assumption:synthetic_operations_v1;demand=PdM_maint.csv,2015-10-27 06:00:00,1
MR-01707,44,comp2,2015-10-27 06:00:00,2015-10-27 06:00:00,observed_replacement_demand,LOT-00113,1,completed,assumption:synthetic_operations_v1;demand=PdM_maint.csv,2015-10-27 06:00:00,1
MR-01708,54,comp1,2015-10-27 06:00:00,2015-10-29 06:00:00,observed_replacement_demand,LOT-00127,1,completed,assumption:synthetic_operations_v1;demand=PdM_maint.csv,2015-10-27 06:00:00,1
MR-01709,54,comp2,2015-10-27 06:00:00,2015-10-27 06:00:00,observed_replacement_demand,LOT-00113,1,completed,assumption:synthetic_operations_v1;demand=PdM_maint.csv,2015-10-27 06:00:00,1
MR-01710,60,comp3,2015-10-27 06:00:00,2015-10-27 06:00:00,observed_replacement_demand,LOT-00122,1,completed,assumption:synthetic_operations_v1;demand=PdM_maint.csv,2015-10-27 06:00:00,1
MR-01711,98,comp2,2015-10-27 06:00:00,2015-10-27 06:00:00,observed_replacement_demand,LOT-00113,1,completed,assumption:synthetic_operations_v1;demand=PdM_maint.csv,2015-10-27 06:00:00,1
MR-01712,14,comp3,2015-10-28 06:00:00,2015-10-28 06:00:00,observed_replacement_demand,LOT-00122,1,completed,assumption:synthetic_operations_v1;demand=PdM_maint.csv,2015-10-28 06:00:00,1
MR-01713,17,comp3,2015-10-28 06:00:00,2015-10-28 06:00:00,observed_replacement_demand,LOT-00122,1,completed,assumption:synthetic_operations_v1;demand=PdM_maint.csv,2015-10-28 06:00:00,1
MR-01714,17,comp4,2015-10-28 06:00:00,2015-10-28 06:00:00,observed_replacement_demand,LOT-00121,1,completed,assumption:synthetic_operations_v1;demand=PdM_maint.csv,2015-10-28 06:00:00,1
MR-01715,28,comp4,2015-10-28 06:00:00,2015-10-28 06:00:00,observed_replacement_demand,LOT-00121,1,completed,assumption:synthetic_operations_v1;demand=PdM_maint.csv,2015-10-28 06:00:00,1
MR-01716,34,comp2,2015-10-28 06:00:00,2015-10-28 06:00:00,observed_replacement_demand,LOT-00113,1,completed,assumption:synthetic_operations_v1;demand=PdM_maint.csv,2015-10-28 06:00:00,1
MR-01717,51,comp1,2015-10-28 06:00:00,2015-10-29 06:00:00,observed_replacement_demand,LOT-00127,1,completed,assumption:synthetic_operations_v1;demand=PdM_maint.csv,2015-10-28 06:00:00,1
MR-01718,58,comp3,2015-10-28 06:00:00,2015-10-28 06:00:00,observed_replacement_demand,LOT-00122,1,completed,assumption:synthetic_operations_v1;demand=PdM_maint.csv,2015-10-28 06:00:00,1
MR-01719,58,comp4,2015-10-28 06:00:00,2015-10-28 06:00:00,observed_replacement_demand,LOT-00121,1,completed,assumption:synthetic_operations_v1;demand=PdM_maint.csv,2015-10-28 06:00:00,1
MR-01720,65,comp3,2015-10-28 06:00:00,2015-10-28 06:00:00,observed_replacement_demand,LOT-00125,1,completed,assumption:synthetic_operations_v1;demand=PdM_maint.csv,2015-10-28 06:00:00,1
MR-01721,67,comp2,2015-10-28 06:00:00,2015-10-28 06:00:00,observed_replacement_demand,LOT-00113,1,completed,assumption:synthetic_operations_v1;demand=PdM_maint.csv,2015-10-28 06:00:00,1
MR-01722,83,comp2,2015-10-28 06:00:00,2015-10-28 06:00:00,observed_replacement_demand,LOT-00113,1,completed,assumption:synthetic_operations_v1;demand=PdM_maint.csv,2015-10-28 06:00:00,1
MR-01723,83,comp3,2015-10-28 06:00:00,2015-10-28 06:00:00,observed_replacement_demand,LOT-00125,1,completed,assumption:synthetic_operations_v1;demand=PdM_maint.csv,2015-10-28 06:00:00,1
MR-01724,4,comp2,2015-10-29 06:00:00,2015-10-29 06:00:00,observed_replacement_demand,LOT-00116,1,completed,assumption:synthetic_operations_v1;demand=PdM_maint.csv,2015-10-29 06:00:00,1
MR-01725,4,comp3,2015-10-29 06:00:00,2015-10-29 06:00:00,observed_replacement_demand,LOT-00125,1,completed,assumption:synthetic_operations_v1;demand=PdM_maint.csv,2015-10-29 06:00:00,1
MR-01726,16,comp4,2015-10-29 06:00:00,2015-10-29 06:00:00,observed_replacement_demand,LOT-00121,1,completed,assumption:synthetic_operations_v1;demand=PdM_maint.csv,2015-10-29 06:00:00,1
MR-01727,24,comp2,2015-10-29 06:00:00,2015-10-29 06:00:00,observed_replacement_demand,LOT-00116,1,completed,assumption:synthetic_operations_v1;demand=PdM_maint.csv,2015-10-29 06:00:00,1
MR-01728,29,comp1,2015-10-29 06:00:00,2015-10-29 06:00:00,observed_replacement_demand,LOT-00127,1,completed,assumption:synthetic_operations_v1;demand=PdM_maint.csv,2015-10-29 06:00:00,1
MR-01729,38,comp1,2015-10-29 06:00:00,2015-10-29 06:00:00,observed_replacement_demand,LOT-00127,1,completed,assumption:synthetic_operations_v1;demand=PdM_maint.csv,2015-10-29 06:00:00,1
MR-01730,41,comp1,2015-10-29 06:00:00,2015-10-29 06:00:00,observed_replacement_demand,LOT-00127,1,completed,assumption:synthetic_operations_v1;demand=PdM_maint.csv,2015-10-29 06:00:00,1
MR-01731,41,comp4,2015-10-29 06:00:00,2015-10-29 06:00:00,observed_replacement_demand,LOT-00121,1,completed,assumption:synthetic_operations_v1;demand=PdM_maint.csv,2015-10-29 06:00:00,1
MR-01732,68,comp4,2015-10-29 06:00:00,2015-10-29 06:00:00,observed_replacement_demand,LOT-00121,1,completed,assumption:synthetic_operations_v1;demand=PdM_maint.csv,2015-10-29 06:00:00,1
MR-01733,73,comp2,2015-10-29 06:00:00,2015-10-29 06:00:00,observed_replacement_demand,LOT-00116,1,completed,assumption:synthetic_operations_v1;demand=PdM_maint.csv,2015-10-29 06:00:00,1
MR-01734,73,comp4,2015-10-29 06:00:00,2015-10-29 06:00:00,observed_replacement_demand,LOT-00121,1,completed,assumption:synthetic_operations_v1;demand=PdM_maint.csv,2015-10-29 06:00:00,1
MR-01735,79,comp3,2015-10-29 06:00:00,2015-10-29 06:00:00,observed_replacement_demand,LOT-00125,1,completed,assumption:synthetic_operations_v1;demand=PdM_maint.csv,2015-10-29 06:00:00,1
MR-01736,81,comp3,2015-10-29 06:00:00,2015-10-29 06:00:00,observed_replacement_demand,LOT-00125,1,completed,assumption:synthetic_operations_v1;demand=PdM_maint.csv,2015-10-29 06:00:00,1
MR-01737,91,comp4,2015-10-29 06:00:00,2015-10-29 06:00:00,observed_replacement_demand,LOT-00121,1,completed,assumption:synthetic_operations_v1;demand=PdM_maint.csv,2015-10-29 06:00:00,1
MR-01738,2,comp1,2015-10-30 06:00:00,2015-10-30 06:00:00,observed_replacement_demand,LOT-00127,1,completed,assumption:synthetic_operations_v1;demand=PdM_maint.csv,2015-10-30 06:00:00,1
MR-01739,2,comp4,2015-10-30 06:00:00,2015-10-30 06:00:00,observed_replacement_demand,LOT-00121,1,completed,assumption:synthetic_operations_v1;demand=PdM_maint.csv,2015-10-30 06:00:00,1
MR-01740,9,comp2,2015-10-30 06:00:00,2015-10-30 06:00:00,observed_replacement_demand,LOT-00116,1,completed,assumption:synthetic_operations_v1;demand=PdM_maint.csv,2015-10-30 06:00:00,1
MR-01741,76,comp1,2015-10-30 06:00:00,2015-10-30 06:00:00,observed_replacement_demand,LOT-00127,1,completed,assumption:synthetic_operations_v1;demand=PdM_maint.csv,2015-10-30 06:00:00,1
MR-01742,96,comp1,2015-10-30 06:00:00,2015-10-30 06:00:00,observed_replacement_demand,LOT-00130,1,completed,assumption:synthetic_operations_v1;demand=PdM_maint.csv,2015-10-30 06:00:00,1
MR-01743,99,comp4,2015-10-30 06:00:00,2015-10-30 06:00:00,observed_replacement_demand,LOT-00121,1,completed,assumption:synthetic_operations_v1;demand=PdM_maint.csv,2015-10-30 06:00:00,1
MR-01744,10,comp2,2015-10-31 06:00:00,2015-10-31 06:00:00,observed_replacement_demand,LOT-00116,1,completed,assumption:synthetic_operations_v1;demand=PdM_maint.csv,2015-10-31 06:00:00,1
MR-01745,10,comp3,2015-10-31 06:00:00,2015-10-31 06:00:00,observed_replacement_demand,LOT-00125,1,completed,assumption:synthetic_operations_v1;demand=PdM_maint.csv,2015-10-31 06:00:00,1
MR-01746,20,comp3,2015-10-31 06:00:00,2015-10-31 06:00:00,observed_replacement_demand,LOT-00125,1,completed,assumption:synthetic_operations_v1;demand=PdM_maint.csv,2015-10-31 06:00:00,1
MR-01747,25,comp2,2015-10-31 06:00:00,2015-10-31 06:00:00,observed_replacement_demand,LOT-00116,1,completed,assumption:synthetic_operations_v1;demand=PdM_maint.csv,2015-10-31 06:00:00,1
MR-01748,25,comp3,2015-10-31 06:00:00,2015-10-31 06:00:00,observed_replacement_demand,LOT-00125,1,completed,assumption:synthetic_operations_v1;demand=PdM_maint.csv,2015-10-31 06:00:00,1
MR-01749,40,comp2,2015-10-31 06:00:00,2015-10-31 06:00:00,observed_replacement_demand,LOT-00116,1,completed,assumption:synthetic_operations_v1;demand=PdM_maint.csv,2015-10-31 06:00:00,1
MR-01750,52,comp1,2015-10-31 06:00:00,2015-10-31 06:00:00,observed_replacement_demand,LOT-00130,1,completed,assumption:synthetic_operations_v1;demand=PdM_maint.csv,2015-10-31 06:00:00,1
MR-01751,52,comp4,2015-10-31 06:00:00,2015-10-31 06:00:00,observed_replacement_demand,LOT-00121,1,completed,assumption:synthetic_operations_v1;demand=PdM_maint.csv,2015-10-31 06:00:00,1
MR-01752,66,comp1,2015-10-31 06:00:00,2015-10-31 06:00:00,observed_replacement_demand,LOT-00130,1,completed,assumption:synthetic_operations_v1;demand=PdM_maint.csv,2015-10-31 06:00:00,1
MR-01753,88,comp1,2015-10-31 06:00:00,2015-10-31 06:00:00,observed_replacement_demand,LOT-00130,1,completed,assumption:synthetic_operations_v1;demand=PdM_maint.csv,2015-10-31 06:00:00,1
MR-01754,88,comp2,2015-10-31 06:00:00,2015-10-31 06:00:00,observed_replacement_demand,LOT-00116,1,completed,assumption:synthetic_operations_v1;demand=PdM_maint.csv,2015-10-31 06:00:00,1
MR-01755,1,comp2,2015-11-01 06:00:00,2015-11-01 06:00:00,observed_replacement_demand,LOT-00116,1,completed,assumption:synthetic_operations_v1;demand=PdM_maint.csv,2015-11-01 06:00:00,1
MR-01756,1,comp4,2015-11-01 06:00:00,2015-11-01 06:00:00,observed_replacement_demand,LOT-00126,1,completed,assumption:synthetic_operations_v1;demand=PdM_maint.csv,2015-11-01 06:00:00,1
MR-01757,15,comp2,2015-11-01 06:00:00,2015-11-01 06:00:00,observed_replacement_demand,LOT-00116,1,completed,assumption:synthetic_operations_v1;demand=PdM_maint.csv,2015-11-01 06:00:00,1
MR-01758,15,comp4,2015-11-01 06:00:00,2015-11-01 06:00:00,observed_replacement_demand,LOT-00126,1,completed,assumption:synthetic_operations_v1;demand=PdM_maint.csv,2015-11-01 06:00:00,1
MR-01759,23,comp2,2015-11-01 06:00:00,2015-11-01 06:00:00,observed_replacement_demand,LOT-00116,1,completed,assumption:synthetic_operations_v1;demand=PdM_maint.csv,2015-11-01 06:00:00,1
MR-01760,59,comp1,2015-11-01 06:00:00,2015-11-01 06:00:00,observed_replacement_demand,LOT-00130,1,completed,assumption:synthetic_operations_v1;demand=PdM_maint.csv,2015-11-01 06:00:00,1
MR-01761,59,comp2,2015-11-01 06:00:00,2015-11-01 06:00:00,observed_replacement_demand,LOT-00116,1,completed,assumption:synthetic_operations_v1;demand=PdM_maint.csv,2015-11-01 06:00:00,1
MR-01762,64,comp2,2015-11-01 06:00:00,2015-11-01 06:00:00,observed_replacement_demand,LOT-00116,1,completed,assumption:synthetic_operations_v1;demand=PdM_maint.csv,2015-11-01 06:00:00,1
MR-01763,69,comp3,2015-11-01 06:00:00,2015-11-01 06:00:00,observed_replacement_demand,LOT-00125,1,completed,assumption:synthetic_operations_v1;demand=PdM_maint.csv,2015-11-01 06:00:00,1
MR-01764,84,comp1,2015-11-01 06:00:00,2015-11-01 06:00:00,observed_replacement_demand,LOT-00130,1,completed,assumption:synthetic_operations_v1;demand=PdM_maint.csv,2015-11-01 06:00:00,1
MR-01765,90,comp3,2015-11-01 06:00:00,2015-11-01 06:00:00,observed_replacement_demand,LOT-00125,1,completed,assumption:synthetic_operations_v1;demand=PdM_maint.csv,2015-11-01 06:00:00,1
MR-01766,90,comp4,2015-11-01 06:00:00,2015-11-01 06:00:00,observed_replacement_demand,LOT-00126,1,completed,assumption:synthetic_operations_v1;demand=PdM_maint.csv,2015-11-01 06:00:00,1
MR-01767,95,comp3,2015-11-01 06:00:00,2015-11-01 06:00:00,observed_replacement_demand,LOT-00125,1,completed,assumption:synthetic_operations_v1;demand=PdM_maint.csv,2015-11-01 06:00:00,1
MR-01768,95,comp4,2015-11-01 06:00:00,2015-11-01 06:00:00,observed_replacement_demand,LOT-00126,1,completed,assumption:synthetic_operations_v1;demand=PdM_maint.csv,2015-11-01 06:00:00,1
MR-01769,8,comp4,2015-11-02 06:00:00,2015-11-02 06:00:00,observed_replacement_demand,LOT-00126,1,completed,assumption:synthetic_operations_v1;demand=PdM_maint.csv,2015-11-02 06:00:00,1
MR-01770,26,comp1,2015-11-02 06:00:00,2015-11-02 06:00:00,observed_replacement_demand,LOT-00130,1,completed,assumption:synthetic_operations_v1;demand=PdM_maint.csv,2015-11-02 06:00:00,1
MR-01771,26,comp4,2015-11-02 06:00:00,2015-11-02 06:00:00,observed_replacement_demand,LOT-00126,1,completed,assumption:synthetic_operations_v1;demand=PdM_maint.csv,2015-11-02 06:00:00,1
MR-01772,35,comp4,2015-11-02 06:00:00,2015-11-02 06:00:00,observed_replacement_demand,LOT-00126,1,completed,assumption:synthetic_operations_v1;demand=PdM_maint.csv,2015-11-02 06:00:00,1
MR-01773,42,comp1,2015-11-02 06:00:00,2015-11-02 06:00:00,observed_replacement_demand,LOT-00130,1,completed,assumption:synthetic_operations_v1;demand=PdM_maint.csv,2015-11-02 06:00:00,1
MR-01774,43,comp1,2015-11-02 06:00:00,2015-11-02 06:00:00,observed_replacement_demand,LOT-00130,1,completed,assumption:synthetic_operations_v1;demand=PdM_maint.csv,2015-11-02 06:00:00,1
MR-01775,43,comp4,2015-11-02 06:00:00,2015-11-02 06:00:00,observed_replacement_demand,LOT-00126,1,completed,assumption:synthetic_operations_v1;demand=PdM_maint.csv,2015-11-02 06:00:00,1
MR-01776,78,comp3,2015-11-02 06:00:00,2015-11-02 06:00:00,observed_replacement_demand,LOT-00125,1,completed,assumption:synthetic_operations_v1;demand=PdM_maint.csv,2015-11-02 06:00:00,1
MR-01777,78,comp4,2015-11-02 06:00:00,2015-11-02 06:00:00,observed_replacement_demand,LOT-00126,1,completed,assumption:synthetic_operations_v1;demand=PdM_maint.csv,2015-11-02 06:00:00,1
MR-01778,3,comp1,2015-11-03 06:00:00,2015-11-03 06:00:00,observed_replacement_demand,LOT-00130,1,completed,assumption:synthetic_operations_v1;demand=PdM_maint.csv,2015-11-03 06:00:00,1
MR-01779,3,comp2,2015-11-03 06:00:00,2015-11-03 06:00:00,observed_replacement_demand,LOT-00123,1,completed,assumption:synthetic_operations_v1;demand=PdM_maint.csv,2015-11-03 06:00:00,1
MR-01780,6,comp2,2015-11-03 06:00:00,2015-11-03 06:00:00,observed_replacement_demand,LOT-00123,1,completed,assumption:synthetic_operations_v1;demand=PdM_maint.csv,2015-11-03 06:00:00,1
MR-01781,6,comp4,2015-11-03 06:00:00,2015-11-03 06:00:00,observed_replacement_demand,LOT-00126,1,completed,assumption:synthetic_operations_v1;demand=PdM_maint.csv,2015-11-03 06:00:00,1
MR-01782,22,comp2,2015-11-03 06:00:00,2015-11-03 06:00:00,observed_replacement_demand,LOT-00123,1,completed,assumption:synthetic_operations_v1;demand=PdM_maint.csv,2015-11-03 06:00:00,1
MR-01783,22,comp3,2015-11-03 06:00:00,2015-11-03 06:00:00,observed_replacement_demand,LOT-00125,1,completed,assumption:synthetic_operations_v1;demand=PdM_maint.csv,2015-11-03 06:00:00,1
MR-01784,31,comp2,2015-11-03 06:00:00,2015-11-03 06:00:00,observed_replacement_demand,LOT-00123,1,completed,assumption:synthetic_operations_v1;demand=PdM_maint.csv,2015-11-03 06:00:00,1
MR-01785,31,comp4,2015-11-03 06:00:00,2015-11-03 06:00:00,observed_replacement_demand,LOT-00126,1,completed,assumption:synthetic_operations_v1;demand=PdM_maint.csv,2015-11-03 06:00:00,1
MR-01786,45,comp1,2015-11-03 06:00:00,2015-11-03 06:00:00,observed_replacement_demand,LOT-00130,1,completed,assumption:synthetic_operations_v1;demand=PdM_maint.csv,2015-11-03 06:00:00,1
MR-01787,45,comp3,2015-11-03 06:00:00,2015-11-03 06:00:00,observed_replacement_demand,LOT-00125,1,completed,assumption:synthetic_operations_v1;demand=PdM_maint.csv,2015-11-03 06:00:00,1
MR-01788,75,comp3,2015-11-03 06:00:00,2015-11-03 06:00:00,observed_replacement_demand,LOT-00129,1,completed,assumption:synthetic_operations_v1;demand=PdM_maint.csv,2015-11-03 06:00:00,1
MR-01789,21,comp4,2015-11-04 06:00:00,2015-11-04 06:00:00,observed_replacement_demand,LOT-00126,1,completed,assumption:synthetic_operations_v1;demand=PdM_maint.csv,2015-11-04 06:00:00,1
MR-01790,46,comp1,2015-11-04 06:00:00,2015-11-04 06:00:00,observed_replacement_demand,LOT-00131,1,completed,assumption:synthetic_operations_v1;demand=PdM_maint.csv,2015-11-04 06:00:00,1
MR-01791,57,comp1,2015-11-04 06:00:00,2015-11-04 06:00:00,observed_replacement_demand,LOT-00131,1,completed,assumption:synthetic_operations_v1;demand=PdM_maint.csv,2015-11-04 06:00:00,1
MR-01792,72,comp1,2015-11-04 06:00:00,2015-11-04 06:00:00,observed_replacement_demand,LOT-00131,1,completed,assumption:synthetic_operations_v1;demand=PdM_maint.csv,2015-11-04 06:00:00,1
MR-01793,74,comp3,2015-11-04 06:00:00,2015-11-04 06:00:00,observed_replacement_demand,LOT-00129,1,completed,assumption:synthetic_operations_v1;demand=PdM_maint.csv,2015-11-04 06:00:00,1
MR-01794,86,comp1,2015-11-04 06:00:00,2015-11-04 06:00:00,observed_replacement_demand,LOT-00131,1,completed,assumption:synthetic_operations_v1;demand=PdM_maint.csv,2015-11-04 06:00:00,1
MR-01795,89,comp1,2015-11-04 06:00:00,2015-11-04 06:00:00,observed_replacement_demand,LOT-00131,1,completed,assumption:synthetic_operations_v1;demand=PdM_maint.csv,2015-11-04 06:00:00,1
MR-01796,94,comp3,2015-11-04 06:00:00,2015-11-04 06:00:00,observed_replacement_demand,LOT-00129,1,completed,assumption:synthetic_operations_v1;demand=PdM_maint.csv,2015-11-04 06:00:00,1
MR-01797,5,comp3,2015-11-05 06:00:00,2015-11-05 06:00:00,observed_replacement_demand,LOT-00129,1,completed,assumption:synthetic_operations_v1;demand=PdM_maint.csv,2015-11-05 06:00:00,1
MR-01798,5,comp4,2015-11-05 06:00:00,2015-11-05 06:00:00,observed_replacement_demand,LOT-00126,1,completed,assumption:synthetic_operations_v1;demand=PdM_maint.csv,2015-11-05 06:00:00,1
MR-01799,7,comp2,2015-11-05 06:00:00,2015-11-05 06:00:00,observed_replacement_demand,LOT-00123,1,completed,assumption:synthetic_operations_v1;demand=PdM_maint.csv,2015-11-05 06:00:00,1
MR-01800,7,comp4,2015-11-05 06:00:00,2015-11-05 06:00:00,observed_replacement_demand,LOT-00128,1,completed,assumption:synthetic_operations_v1;demand=PdM_maint.csv,2015-11-05 06:00:00,1
MR-01801,30,comp1,2015-11-05 06:00:00,2015-11-05 06:00:00,observed_replacement_demand,LOT-00131,1,completed,assumption:synthetic_operations_v1;demand=PdM_maint.csv,2015-11-05 06:00:00,1
MR-01802,47,comp4,2015-11-05 06:00:00,2015-11-05 06:00:00,observed_replacement_demand,LOT-00128,1,completed,assumption:synthetic_operations_v1;demand=PdM_maint.csv,2015-11-05 06:00:00,1
MR-01803,97,comp2,2015-11-05 06:00:00,2015-11-05 06:00:00,observed_replacement_demand,LOT-00123,1,completed,assumption:synthetic_operations_v1;demand=PdM_maint.csv,2015-11-05 06:00:00,1
MR-01804,27,comp1,2015-11-06 06:00:00,2015-11-06 06:00:00,observed_replacement_demand,LOT-00131,1,completed,assumption:synthetic_operations_v1;demand=PdM_maint.csv,2015-11-06 06:00:00,1
MR-01805,27,comp3,2015-11-06 06:00:00,2015-11-06 06:00:00,observed_replacement_demand,LOT-00129,1,completed,assumption:synthetic_operations_v1;demand=PdM_maint.csv,2015-11-06 06:00:00,1
MR-01806,32,comp1,2015-11-06 06:00:00,2015-11-06 06:00:00,observed_replacement_demand,LOT-00131,1,completed,assumption:synthetic_operations_v1;demand=PdM_maint.csv,2015-11-06 06:00:00,1
MR-01807,13,comp2,2015-11-07 06:00:00,2015-11-07 06:00:00,observed_replacement_demand,LOT-00123,1,completed,assumption:synthetic_operations_v1;demand=PdM_maint.csv,2015-11-07 06:00:00,1
MR-01808,13,comp3,2015-11-07 06:00:00,2015-11-07 06:00:00,observed_replacement_demand,LOT-00129,1,completed,assumption:synthetic_operations_v1;demand=PdM_maint.csv,2015-11-07 06:00:00,1
MR-01809,48,comp1,2015-11-07 06:00:00,2015-11-07 06:00:00,observed_replacement_demand,LOT-00131,1,completed,assumption:synthetic_operations_v1;demand=PdM_maint.csv,2015-11-07 06:00:00,1
MR-01810,48,comp2,2015-11-07 06:00:00,2015-11-07 06:00:00,observed_replacement_demand,LOT-00123,1,completed,assumption:synthetic_operations_v1;demand=PdM_maint.csv,2015-11-07 06:00:00,1
MR-01811,71,comp1,2015-11-07 06:00:00,2015-11-07 06:00:00,observed_replacement_demand,LOT-00131,1,completed,assumption:synthetic_operations_v1;demand=PdM_maint.csv,2015-11-07 06:00:00,1
MR-01812,77,comp3,2015-11-07 06:00:00,2015-11-07 06:00:00,observed_replacement_demand,LOT-00129,1,completed,assumption:synthetic_operations_v1;demand=PdM_maint.csv,2015-11-07 06:00:00,1
MR-01813,87,comp4,2015-11-08 06:00:00,2015-11-08 06:00:00,observed_replacement_demand,LOT-00128,1,completed,assumption:synthetic_operations_v1;demand=PdM_maint.csv,2015-11-08 06:00:00,1
MR-01814,53,comp2,2015-11-09 06:00:00,2015-11-09 06:00:00,observed_replacement_demand,LOT-00123,1,completed,assumption:synthetic_operations_v1;demand=PdM_maint.csv,2015-11-09 06:00:00,1
MR-01815,62,comp2,2015-11-09 06:00:00,2015-11-09 06:00:00,observed_replacement_demand,LOT-00124,1,completed,assumption:synthetic_operations_v1;demand=PdM_maint.csv,2015-11-09 06:00:00,1
MR-01816,63,comp1,2015-11-09 06:00:00,2015-11-09 06:00:00,observed_replacement_demand,LOT-00131,1,completed,assumption:synthetic_operations_v1;demand=PdM_maint.csv,2015-11-09 06:00:00,1
MR-01817,63,comp2,2015-11-09 06:00:00,2015-11-09 06:00:00,observed_replacement_demand,LOT-00124,1,completed,assumption:synthetic_operations_v1;demand=PdM_maint.csv,2015-11-09 06:00:00,1
MR-01818,70,comp1,2015-11-09 06:00:00,2015-11-09 06:00:00,observed_replacement_demand,LOT-00131,1,completed,assumption:synthetic_operations_v1;demand=PdM_maint.csv,2015-11-09 06:00:00,1
MR-01819,70,comp3,2015-11-09 06:00:00,2015-11-09 06:00:00,observed_replacement_demand,LOT-00129,1,completed,assumption:synthetic_operations_v1;demand=PdM_maint.csv,2015-11-09 06:00:00,1
MR-01820,80,comp2,2015-11-09 06:00:00,2015-11-09 06:00:00,observed_replacement_demand,LOT-00124,1,completed,assumption:synthetic_operations_v1;demand=PdM_maint.csv,2015-11-09 06:00:00,1
MR-01821,82,comp1,2015-11-09 06:00:00,2015-11-09 06:00:00,observed_replacement_demand,LOT-00131,1,completed,assumption:synthetic_operations_v1;demand=PdM_maint.csv,2015-11-09 06:00:00,1
MR-01822,100,comp4,2015-11-09 06:00:00,2015-11-09 06:00:00,observed_replacement_demand,LOT-00128,1,completed,assumption:synthetic_operations_v1;demand=PdM_maint.csv,2015-11-09 06:00:00,1
MR-01823,56,comp1,2015-11-10 06:00:00,2015-11-10 06:00:00,observed_replacement_demand,LOT-00134,1,completed,assumption:synthetic_operations_v1;demand=PdM_maint.csv,2015-11-10 06:00:00,1
MR-01824,18,comp3,2015-11-11 06:00:00,2015-11-11 06:00:00,observed_replacement_demand,LOT-00129,1,completed,assumption:synthetic_operations_v1;demand=PdM_maint.csv,2015-11-11 06:00:00,1
MR-01825,49,comp3,2015-11-11 06:00:00,2015-11-11 06:00:00,observed_replacement_demand,LOT-00129,1,completed,assumption:synthetic_operations_v1;demand=PdM_maint.csv,2015-11-11 06:00:00,1
MR-01826,50,comp4,2015-11-11 06:00:00,2015-11-11 06:00:00,observed_replacement_demand,LOT-00128,1,completed,assumption:synthetic_operations_v1;demand=PdM_maint.csv,2015-11-11 06:00:00,1
MR-01827,54,comp1,2015-11-11 06:00:00,2015-11-11 06:00:00,observed_replacement_demand,LOT-00134,1,completed,assumption:synthetic_operations_v1;demand=PdM_maint.csv,2015-11-11 06:00:00,1
MR-01828,54,comp2,2015-11-11 06:00:00,2015-11-11 06:00:00,observed_replacement_demand,LOT-00124,1,completed,assumption:synthetic_operations_v1;demand=PdM_maint.csv,2015-11-11 06:00:00,1
MR-01829,60,comp4,2015-11-11 06:00:00,2015-11-11 06:00:00,observed_replacement_demand,LOT-00128,1,completed,assumption:synthetic_operations_v1;demand=PdM_maint.csv,2015-11-11 06:00:00,1
MR-01830,85,comp1,2015-11-11 06:00:00,2015-11-11 06:00:00,observed_replacement_demand,LOT-00134,1,completed,assumption:synthetic_operations_v1;demand=PdM_maint.csv,2015-11-11 06:00:00,1
MR-01831,85,comp2,2015-11-11 06:00:00,2015-11-11 06:00:00,observed_replacement_demand,LOT-00124,1,completed,assumption:synthetic_operations_v1;demand=PdM_maint.csv,2015-11-11 06:00:00,1
MR-01832,98,comp4,2015-11-11 06:00:00,2015-11-11 06:00:00,observed_replacement_demand,LOT-00128,1,completed,assumption:synthetic_operations_v1;demand=PdM_maint.csv,2015-11-11 06:00:00,1
MR-01833,14,comp2,2015-11-12 06:00:00,2015-11-12 06:00:00,observed_replacement_demand,LOT-00124,1,completed,assumption:synthetic_operations_v1;demand=PdM_maint.csv,2015-11-12 06:00:00,1
MR-01834,14,comp4,2015-11-12 06:00:00,2015-11-12 06:00:00,observed_replacement_demand,LOT-00128,1,completed,assumption:synthetic_operations_v1;demand=PdM_maint.csv,2015-11-12 06:00:00,1
MR-01835,17,comp3,2015-11-12 06:00:00,2015-11-12 06:00:00,observed_replacement_demand,LOT-00129,1,completed,assumption:synthetic_operations_v1;demand=PdM_maint.csv,2015-11-12 06:00:00,1
MR-01836,33,comp2,2015-11-12 06:00:00,2015-11-12 06:00:00,observed_replacement_demand,LOT-00124,1,completed,assumption:synthetic_operations_v1;demand=PdM_maint.csv,2015-11-12 06:00:00,1
MR-01837,33,comp3,2015-11-12 06:00:00,2015-11-12 06:00:00,observed_replacement_demand,LOT-00129,1,completed,assumption:synthetic_operations_v1;demand=PdM_maint.csv,2015-11-12 06:00:00,1
MR-01838,34,comp1,2015-11-12 06:00:00,2015-11-12 06:00:00,observed_replacement_demand,LOT-00134,1,completed,assumption:synthetic_operations_v1;demand=PdM_maint.csv,2015-11-12 06:00:00,1
MR-01839,34,comp3,2015-11-12 06:00:00,2015-11-12 06:00:00,observed_replacement_demand,LOT-00129,1,completed,assumption:synthetic_operations_v1;demand=PdM_maint.csv,2015-11-12 06:00:00,1
MR-01840,39,comp1,2015-11-12 06:00:00,2015-11-12 06:00:00,observed_replacement_demand,LOT-00134,1,completed,assumption:synthetic_operations_v1;demand=PdM_maint.csv,2015-11-12 06:00:00,1
MR-01841,39,comp3,2015-11-12 06:00:00,2015-11-12 06:00:00,observed_replacement_demand,LOT-00129,1,completed,assumption:synthetic_operations_v1;demand=PdM_maint.csv,2015-11-12 06:00:00,1
MR-01842,51,comp3,2015-11-12 06:00:00,2015-11-12 06:00:00,observed_replacement_demand,LOT-00129,1,completed,assumption:synthetic_operations_v1;demand=PdM_maint.csv,2015-11-12 06:00:00,1
MR-01843,65,comp3,2015-11-12 06:00:00,2015-11-12 06:00:00,observed_replacement_demand,LOT-00129,1,completed,assumption:synthetic_operations_v1;demand=PdM_maint.csv,2015-11-12 06:00:00,1
MR-01844,67,comp2,2015-11-12 06:00:00,2015-11-12 06:00:00,observed_replacement_demand,LOT-00124,1,completed,assumption:synthetic_operations_v1;demand=PdM_maint.csv,2015-11-12 06:00:00,1
MR-01845,93,comp2,2015-11-12 06:00:00,2015-11-12 06:00:00,observed_replacement_demand,LOT-00124,1,completed,assumption:synthetic_operations_v1;demand=PdM_maint.csv,2015-11-12 06:00:00,1
MR-01846,93,comp3,2015-11-12 06:00:00,2015-11-12 06:00:00,observed_replacement_demand,LOT-00129,1,completed,assumption:synthetic_operations_v1;demand=PdM_maint.csv,2015-11-12 06:00:00,1
MR-01847,4,comp2,2015-11-13 06:00:00,2015-11-13 06:00:00,observed_replacement_demand,LOT-00124,1,completed,assumption:synthetic_operations_v1;demand=PdM_maint.csv,2015-11-13 06:00:00,1
MR-01848,4,comp4,2015-11-13 06:00:00,2015-11-13 06:00:00,observed_replacement_demand,LOT-00128,1,completed,assumption:synthetic_operations_v1;demand=PdM_maint.csv,2015-11-13 06:00:00,1
MR-01849,16,comp1,2015-11-13 06:00:00,2015-11-13 06:00:00,observed_replacement_demand,LOT-00134,1,completed,assumption:synthetic_operations_v1;demand=PdM_maint.csv,2015-11-13 06:00:00,1
MR-01850,16,comp4,2015-11-13 06:00:00,2015-11-13 06:00:00,observed_replacement_demand,LOT-00128,1,completed,assumption:synthetic_operations_v1;demand=PdM_maint.csv,2015-11-13 06:00:00,1
MR-01851,24,comp1,2015-11-13 06:00:00,2015-11-13 06:00:00,observed_replacement_demand,LOT-00134,1,completed,assumption:synthetic_operations_v1;demand=PdM_maint.csv,2015-11-13 06:00:00,1
MR-01852,24,comp4,2015-11-13 06:00:00,2015-11-13 06:00:00,observed_replacement_demand,LOT-00128,1,completed,assumption:synthetic_operations_v1;demand=PdM_maint.csv,2015-11-13 06:00:00,1
MR-01853,29,comp3,2015-11-13 06:00:00,2015-11-13 06:00:00,observed_replacement_demand,LOT-00129,1,completed,assumption:synthetic_operations_v1;demand=PdM_maint.csv,2015-11-13 06:00:00,1
MR-01854,41,comp1,2015-11-13 06:00:00,2015-11-14 06:00:00,observed_replacement_demand,LOT-00138,1,completed,assumption:synthetic_operations_v1;demand=PdM_maint.csv,2015-11-13 06:00:00,1
MR-01855,41,comp3,2015-11-13 06:00:00,2015-11-13 06:00:00,observed_replacement_demand,LOT-00133,1,completed,assumption:synthetic_operations_v1;demand=PdM_maint.csv,2015-11-13 06:00:00,1
MR-01856,68,comp4,2015-11-13 06:00:00,2015-11-13 06:00:00,observed_replacement_demand,LOT-00128,1,completed,assumption:synthetic_operations_v1;demand=PdM_maint.csv,2015-11-13 06:00:00,1
MR-01857,73,comp3,2015-11-13 06:00:00,2015-11-13 06:00:00,observed_replacement_demand,LOT-00133,1,completed,assumption:synthetic_operations_v1;demand=PdM_maint.csv,2015-11-13 06:00:00,1
MR-01858,73,comp4,2015-11-13 06:00:00,2015-11-13 06:00:00,observed_replacement_demand,LOT-00128,1,completed,assumption:synthetic_operations_v1;demand=PdM_maint.csv,2015-11-13 06:00:00,1
MR-01859,79,comp1,2015-11-13 06:00:00,2015-11-14 06:00:00,observed_replacement_demand,LOT-00138,1,completed,assumption:synthetic_operations_v1;demand=PdM_maint.csv,2015-11-13 06:00:00,1
MR-01860,79,comp3,2015-11-13 06:00:00,2015-11-13 06:00:00,observed_replacement_demand,LOT-00133,1,completed,assumption:synthetic_operations_v1;demand=PdM_maint.csv,2015-11-13 06:00:00,1
MR-01861,81,comp1,2015-11-13 06:00:00,2015-11-14 06:00:00,observed_replacement_demand,LOT-00138,1,completed,assumption:synthetic_operations_v1;demand=PdM_maint.csv,2015-11-13 06:00:00,1
MR-01862,91,comp3,2015-11-13 06:00:00,2015-11-13 06:00:00,observed_replacement_demand,LOT-00133,1,completed,assumption:synthetic_operations_v1;demand=PdM_maint.csv,2015-11-13 06:00:00,1
MR-01863,2,comp1,2015-11-14 06:00:00,2015-11-14 06:00:00,observed_replacement_demand,LOT-00138,1,completed,assumption:synthetic_operations_v1;demand=PdM_maint.csv,2015-11-14 06:00:00,1
MR-01864,9,comp1,2015-11-14 06:00:00,2015-11-14 06:00:00,observed_replacement_demand,LOT-00138,1,completed,assumption:synthetic_operations_v1;demand=PdM_maint.csv,2015-11-14 06:00:00,1
MR-01865,9,comp2,2015-11-14 06:00:00,2015-11-14 06:00:00,observed_replacement_demand,LOT-00124,1,completed,assumption:synthetic_operations_v1;demand=PdM_maint.csv,2015-11-14 06:00:00,1
MR-01866,96,comp1,2015-11-14 06:00:00,2015-11-14 06:00:00,observed_replacement_demand,LOT-00138,1,completed,assumption:synthetic_operations_v1;demand=PdM_maint.csv,2015-11-14 06:00:00,1
MR-01867,99,comp2,2015-11-14 06:00:00,2015-11-14 06:00:00,observed_replacement_demand,LOT-00124,1,completed,assumption:synthetic_operations_v1;demand=PdM_maint.csv,2015-11-14 06:00:00,1
MR-01868,10,comp3,2015-11-15 06:00:00,2015-11-15 06:00:00,observed_replacement_demand,LOT-00133,1,completed,assumption:synthetic_operations_v1;demand=PdM_maint.csv,2015-11-15 06:00:00,1
MR-01869,10,comp4,2015-11-15 06:00:00,2015-11-15 06:00:00,observed_replacement_demand,LOT-00128,1,completed,assumption:synthetic_operations_v1;demand=PdM_maint.csv,2015-11-15 06:00:00,1
MR-01870,20,comp2,2015-11-15 06:00:00,2015-11-15 06:00:00,observed_replacement_demand,LOT-00124,1,completed,assumption:synthetic_operations_v1;demand=PdM_maint.csv,2015-11-15 06:00:00,1
MR-01871,20,comp3,2015-11-15 06:00:00,2015-11-15 06:00:00,observed_replacement_demand,LOT-00133,1,completed,assumption:synthetic_operations_v1;demand=PdM_maint.csv,2015-11-15 06:00:00,1
MR-01872,37,comp2,2015-11-15 06:00:00,2015-11-15 06:00:00,observed_replacement_demand,LOT-00124,1,completed,assumption:synthetic_operations_v1;demand=PdM_maint.csv,2015-11-15 06:00:00,1
MR-01873,40,comp2,2015-11-15 06:00:00,2015-11-15 06:00:00,observed_replacement_demand,LOT-00124,1,completed,assumption:synthetic_operations_v1;demand=PdM_maint.csv,2015-11-15 06:00:00,1
MR-01874,52,comp1,2015-11-15 06:00:00,2015-11-15 06:00:00,observed_replacement_demand,LOT-00138,1,completed,assumption:synthetic_operations_v1;demand=PdM_maint.csv,2015-11-15 06:00:00,1
MR-01875,66,comp2,2015-11-15 06:00:00,2015-11-15 06:00:00,observed_replacement_demand,LOT-00124,1,completed,assumption:synthetic_operations_v1;demand=PdM_maint.csv,2015-11-15 06:00:00,1
MR-01876,66,comp3,2015-11-15 06:00:00,2015-11-15 06:00:00,observed_replacement_demand,LOT-00133,1,completed,assumption:synthetic_operations_v1;demand=PdM_maint.csv,2015-11-15 06:00:00,1
MR-01877,1,comp2,2015-11-16 06:00:00,2015-11-16 06:00:00,observed_replacement_demand,LOT-00124,1,completed,assumption:synthetic_operations_v1;demand=PdM_maint.csv,2015-11-16 06:00:00,1
MR-01878,11,comp4,2015-11-16 06:00:00,2015-11-16 06:00:00,observed_replacement_demand,LOT-00128,1,completed,assumption:synthetic_operations_v1;demand=PdM_maint.csv,2015-11-16 06:00:00,1
MR-01879,23,comp1,2015-11-16 06:00:00,2015-11-16 06:00:00,observed_replacement_demand,LOT-00138,1,completed,assumption:synthetic_operations_v1;demand=PdM_maint.csv,2015-11-16 06:00:00,1
MR-01880,23,comp3,2015-11-16 06:00:00,2015-11-16 06:00:00,observed_replacement_demand,LOT-00133,1,completed,assumption:synthetic_operations_v1;demand=PdM_maint.csv,2015-11-16 06:00:00,1
MR-01881,64,comp2,2015-11-16 06:00:00,2015-11-16 06:00:00,observed_replacement_demand,LOT-00124,1,completed,assumption:synthetic_operations_v1;demand=PdM_maint.csv,2015-11-16 06:00:00,1
MR-01882,69,comp3,2015-11-16 06:00:00,2015-11-16 06:00:00,observed_replacement_demand,LOT-00133,1,completed,assumption:synthetic_operations_v1;demand=PdM_maint.csv,2015-11-16 06:00:00,1
MR-01883,69,comp4,2015-11-16 06:00:00,2015-11-16 06:00:00,observed_replacement_demand,LOT-00132,1,completed,assumption:synthetic_operations_v1;demand=PdM_maint.csv,2015-11-16 06:00:00,1
MR-01884,84,comp4,2015-11-16 06:00:00,2015-11-16 06:00:00,observed_replacement_demand,LOT-00132,1,completed,assumption:synthetic_operations_v1;demand=PdM_maint.csv,2015-11-16 06:00:00,1
MR-01885,90,comp1,2015-11-16 06:00:00,2015-11-16 06:00:00,observed_replacement_demand,LOT-00138,1,completed,assumption:synthetic_operations_v1;demand=PdM_maint.csv,2015-11-16 06:00:00,1
MR-01886,90,comp3,2015-11-16 06:00:00,2015-11-23 06:00:00,observed_replacement_demand,LOT-00142,1,completed,assumption:synthetic_operations_v1;demand=PdM_maint.csv,2015-11-16 06:00:00,1
MR-01887,92,comp4,2015-11-16 06:00:00,2015-11-16 06:00:00,observed_replacement_demand,LOT-00132,1,completed,assumption:synthetic_operations_v1;demand=PdM_maint.csv,2015-11-16 06:00:00,1
MR-01888,95,comp3,2015-11-16 06:00:00,2015-11-23 06:00:00,observed_replacement_demand,LOT-00142,1,completed,assumption:synthetic_operations_v1;demand=PdM_maint.csv,2015-11-16 06:00:00,1
MR-01889,8,comp3,2015-11-17 06:00:00,2015-11-23 06:00:00,observed_replacement_demand,LOT-00142,1,completed,assumption:synthetic_operations_v1;demand=PdM_maint.csv,2015-11-17 06:00:00,1
MR-01890,26,comp2,2015-11-17 06:00:00,2015-11-17 06:00:00,observed_replacement_demand,LOT-00124,1,completed,assumption:synthetic_operations_v1;demand=PdM_maint.csv,2015-11-17 06:00:00,1
MR-01891,26,comp4,2015-11-17 06:00:00,2015-11-17 06:00:00,observed_replacement_demand,LOT-00132,1,completed,assumption:synthetic_operations_v1;demand=PdM_maint.csv,2015-11-17 06:00:00,1
MR-01892,35,comp4,2015-11-17 06:00:00,2015-11-17 06:00:00,observed_replacement_demand,LOT-00132,1,completed,assumption:synthetic_operations_v1;demand=PdM_maint.csv,2015-11-17 06:00:00,1
MR-01893,42,comp2,2015-11-17 06:00:00,2015-11-17 06:00:00,observed_replacement_demand,LOT-00124,1,completed,assumption:synthetic_operations_v1;demand=PdM_maint.csv,2015-11-17 06:00:00,1
MR-01894,43,comp2,2015-11-17 06:00:00,2015-11-17 06:00:00,observed_replacement_demand,LOT-00124,1,completed,assumption:synthetic_operations_v1;demand=PdM_maint.csv,2015-11-17 06:00:00,1
MR-01895,55,comp2,2015-11-17 06:00:00,2015-11-17 06:00:00,observed_replacement_demand,LOT-00124,1,completed,assumption:synthetic_operations_v1;demand=PdM_maint.csv,2015-11-17 06:00:00,1
MR-01896,78,comp3,2015-11-17 06:00:00,2015-11-23 06:00:00,observed_replacement_demand,LOT-00142,1,completed,assumption:synthetic_operations_v1;demand=PdM_maint.csv,2015-11-17 06:00:00,1
MR-01897,3,comp1,2015-11-18 06:00:00,2015-11-18 06:00:00,observed_replacement_demand,LOT-00138,1,completed,assumption:synthetic_operations_v1;demand=PdM_maint.csv,2015-11-18 06:00:00,1
MR-01898,3,comp4,2015-11-18 06:00:00,2015-11-18 06:00:00,observed_replacement_demand,LOT-00132,1,completed,assumption:synthetic_operations_v1;demand=PdM_maint.csv,2015-11-18 06:00:00,1
MR-01899,6,comp2,2015-11-18 06:00:00,2015-11-18 06:00:00,observed_replacement_demand,LOT-00124,1,completed,assumption:synthetic_operations_v1;demand=PdM_maint.csv,2015-11-18 06:00:00,1
MR-01900,6,comp4,2015-11-18 06:00:00,2015-11-18 06:00:00,observed_replacement_demand,LOT-00132,1,completed,assumption:synthetic_operations_v1;demand=PdM_maint.csv,2015-11-18 06:00:00,1
MR-01901,12,comp1,2015-11-18 06:00:00,2015-11-18 06:00:00,observed_replacement_demand,LOT-00138,1,completed,assumption:synthetic_operations_v1;demand=PdM_maint.csv,2015-11-18 06:00:00,1
MR-01902,12,comp4,2015-11-18 06:00:00,2015-11-18 06:00:00,observed_replacement_demand,LOT-00132,1,completed,assumption:synthetic_operations_v1;demand=PdM_maint.csv,2015-11-18 06:00:00,1
MR-01903,22,comp1,2015-11-18 06:00:00,2015-11-18 06:00:00,observed_replacement_demand,LOT-00138,1,completed,assumption:synthetic_operations_v1;demand=PdM_maint.csv,2015-11-18 06:00:00,1
MR-01904,22,comp4,2015-11-18 06:00:00,2015-11-18 06:00:00,observed_replacement_demand,LOT-00132,1,completed,assumption:synthetic_operations_v1;demand=PdM_maint.csv,2015-11-18 06:00:00,1
MR-01905,31,comp1,2015-11-18 06:00:00,2015-11-18 06:00:00,observed_replacement_demand,LOT-00138,1,completed,assumption:synthetic_operations_v1;demand=PdM_maint.csv,2015-11-18 06:00:00,1
MR-01906,31,comp3,2015-11-18 06:00:00,2015-11-23 06:00:00,observed_replacement_demand,LOT-00142,1,completed,assumption:synthetic_operations_v1;demand=PdM_maint.csv,2015-11-18 06:00:00,1
MR-01907,36,comp2,2015-11-18 06:00:00,2015-11-18 06:00:00,observed_replacement_demand,LOT-00124,1,completed,assumption:synthetic_operations_v1;demand=PdM_maint.csv,2015-11-18 06:00:00,1
MR-01908,36,comp4,2015-11-18 06:00:00,2015-11-18 06:00:00,observed_replacement_demand,LOT-00132,1,completed,assumption:synthetic_operations_v1;demand=PdM_maint.csv,2015-11-18 06:00:00,1
MR-01909,45,comp1,2015-11-18 06:00:00,2015-11-18 06:00:00,observed_replacement_demand,LOT-00138,1,completed,assumption:synthetic_operations_v1;demand=PdM_maint.csv,2015-11-18 06:00:00,1
MR-01910,75,comp3,2015-11-18 06:00:00,2015-11-23 06:00:00,observed_replacement_demand,LOT-00142,1,completed,assumption:synthetic_operations_v1;demand=PdM_maint.csv,2015-11-18 06:00:00,1
MR-01911,21,comp4,2015-11-19 06:00:00,2015-11-19 06:00:00,observed_replacement_demand,LOT-00132,1,completed,assumption:synthetic_operations_v1;demand=PdM_maint.csv,2015-11-19 06:00:00,1
MR-01912,46,comp2,2015-11-19 06:00:00,2015-11-19 06:00:00,observed_replacement_demand,LOT-00124,1,completed,assumption:synthetic_operations_v1;demand=PdM_maint.csv,2015-11-19 06:00:00,1
MR-01913,46,comp4,2015-11-19 06:00:00,2015-11-19 06:00:00,observed_replacement_demand,LOT-00132,1,completed,assumption:synthetic_operations_v1;demand=PdM_maint.csv,2015-11-19 06:00:00,1
MR-01914,57,comp4,2015-11-19 06:00:00,2015-11-19 06:00:00,observed_replacement_demand,LOT-00132,1,completed,assumption:synthetic_operations_v1;demand=PdM_maint.csv,2015-11-19 06:00:00,1
MR-01915,86,comp2,2015-11-19 06:00:00,2015-11-19 06:00:00,observed_replacement_demand,LOT-00124,1,completed,assumption:synthetic_operations_v1;demand=PdM_maint.csv,2015-11-19 06:00:00,1
MR-01916,89,comp2,2015-11-19 06:00:00,2015-11-19 06:00:00,observed_replacement_demand,LOT-00124,1,completed,assumption:synthetic_operations_v1;demand=PdM_maint.csv,2015-11-19 06:00:00,1
MR-01917,94,comp2,2015-11-19 06:00:00,2015-11-19 06:00:00,observed_replacement_demand,LOT-00135,1,completed,assumption:synthetic_operations_v1;demand=PdM_maint.csv,2015-11-19 06:00:00,1
MR-01918,94,comp4,2015-11-19 06:00:00,2015-11-19 06:00:00,observed_replacement_demand,LOT-00132,1,completed,assumption:synthetic_operations_v1;demand=PdM_maint.csv,2015-11-19 06:00:00,1
MR-01919,5,comp1,2015-11-20 06:00:00,2015-11-20 06:00:00,observed_replacement_demand,LOT-00138,1,completed,assumption:synthetic_operations_v1;demand=PdM_maint.csv,2015-11-20 06:00:00,1
MR-01920,7,comp3,2015-11-20 06:00:00,2015-11-23 06:00:00,observed_replacement_demand,LOT-00142,1,completed,assumption:synthetic_operations_v1;demand=PdM_maint.csv,2015-11-20 06:00:00,1
MR-01921,30,comp3,2015-11-20 06:00:00,2015-11-23 06:00:00,observed_replacement_demand,LOT-00142,1,completed,assumption:synthetic_operations_v1;demand=PdM_maint.csv,2015-11-20 06:00:00,1
MR-01922,47,comp2,2015-11-20 06:00:00,2015-11-20 06:00:00,observed_replacement_demand,LOT-00135,1,completed,assumption:synthetic_operations_v1;demand=PdM_maint.csv,2015-11-20 06:00:00,1
MR-01923,97,comp2,2015-11-20 06:00:00,2015-11-20 06:00:00,observed_replacement_demand,LOT-00135,1,completed,assumption:synthetic_operations_v1;demand=PdM_maint.csv,2015-11-20 06:00:00,1
MR-01924,97,comp4,2015-11-20 06:00:00,2015-11-20 06:00:00,observed_replacement_demand,LOT-00132,1,completed,assumption:synthetic_operations_v1;demand=PdM_maint.csv,2015-11-20 06:00:00,1
MR-01925,27,comp4,2015-11-21 06:00:00,2015-11-21 06:00:00,observed_replacement_demand,LOT-00137,1,completed,assumption:synthetic_operations_v1;demand=PdM_maint.csv,2015-11-21 06:00:00,1
MR-01926,32,comp1,2015-11-21 06:00:00,2015-11-21 06:00:00,observed_replacement_demand,LOT-00138,1,completed,assumption:synthetic_operations_v1;demand=PdM_maint.csv,2015-11-21 06:00:00,1
MR-01927,13,comp3,2015-11-22 06:00:00,2015-11-23 06:00:00,observed_replacement_demand,LOT-00142,1,completed,assumption:synthetic_operations_v1;demand=PdM_maint.csv,2015-11-22 06:00:00,1
MR-01928,48,comp3,2015-11-22 06:00:00,2015-11-23 06:00:00,observed_replacement_demand,LOT-00142,1,completed,assumption:synthetic_operations_v1;demand=PdM_maint.csv,2015-11-22 06:00:00,1
MR-01929,71,comp3,2015-11-22 06:00:00,2015-11-23 06:00:00,observed_replacement_demand,LOT-00142,1,completed,assumption:synthetic_operations_v1;demand=PdM_maint.csv,2015-11-22 06:00:00,1
MR-01930,87,comp4,2015-11-23 06:00:00,2015-11-23 06:00:00,observed_replacement_demand,LOT-00137,1,completed,assumption:synthetic_operations_v1;demand=PdM_maint.csv,2015-11-23 06:00:00,1
MR-01931,19,comp4,2015-11-24 06:00:00,2015-11-24 06:00:00,observed_replacement_demand,LOT-00137,1,completed,assumption:synthetic_operations_v1;demand=PdM_maint.csv,2015-11-24 06:00:00,1
MR-01932,61,comp2,2015-11-24 06:00:00,2015-11-24 06:00:00,observed_replacement_demand,LOT-00135,1,completed,assumption:synthetic_operations_v1;demand=PdM_maint.csv,2015-11-24 06:00:00,1
MR-01933,62,comp2,2015-11-24 06:00:00,2015-11-24 06:00:00,observed_replacement_demand,LOT-00135,1,completed,assumption:synthetic_operations_v1;demand=PdM_maint.csv,2015-11-24 06:00:00,1
MR-01934,63,comp4,2015-11-24 06:00:00,2015-11-24 06:00:00,observed_replacement_demand,LOT-00137,1,completed,assumption:synthetic_operations_v1;demand=PdM_maint.csv,2015-11-24 06:00:00,1
MR-01935,70,comp3,2015-11-24 06:00:00,2015-11-24 06:00:00,observed_replacement_demand,LOT-00142,1,completed,assumption:synthetic_operations_v1;demand=PdM_maint.csv,2015-11-24 06:00:00,1
MR-01936,80,comp3,2015-11-24 06:00:00,2015-11-24 06:00:00,observed_replacement_demand,LOT-00142,1,completed,assumption:synthetic_operations_v1;demand=PdM_maint.csv,2015-11-24 06:00:00,1
MR-01937,82,comp1,2015-11-24 06:00:00,2015-11-24 06:00:00,observed_replacement_demand,LOT-00138,1,completed,assumption:synthetic_operations_v1;demand=PdM_maint.csv,2015-11-24 06:00:00,1
MR-01938,82,comp3,2015-11-24 06:00:00,2015-11-24 06:00:00,observed_replacement_demand,LOT-00142,1,completed,assumption:synthetic_operations_v1;demand=PdM_maint.csv,2015-11-24 06:00:00,1
MR-01939,56,comp2,2015-11-25 06:00:00,2015-11-25 06:00:00,observed_replacement_demand,LOT-00135,1,completed,assumption:synthetic_operations_v1;demand=PdM_maint.csv,2015-11-25 06:00:00,1
MR-01940,18,comp3,2015-11-26 06:00:00,2015-11-26 06:00:00,observed_replacement_demand,LOT-00142,1,completed,assumption:synthetic_operations_v1;demand=PdM_maint.csv,2015-11-26 06:00:00,1
MR-01941,44,comp3,2015-11-26 06:00:00,2015-11-26 06:00:00,observed_replacement_demand,LOT-00142,1,completed,assumption:synthetic_operations_v1;demand=PdM_maint.csv,2015-11-26 06:00:00,1
MR-01942,49,comp2,2015-11-26 06:00:00,2015-11-26 06:00:00,observed_replacement_demand,LOT-00135,1,completed,assumption:synthetic_operations_v1;demand=PdM_maint.csv,2015-11-26 06:00:00,1
MR-01943,50,comp3,2015-11-26 06:00:00,2015-11-27 06:00:00,observed_replacement_demand,LOT-00144,1,completed,assumption:synthetic_operations_v1;demand=PdM_maint.csv,2015-11-26 06:00:00,1
MR-01944,54,comp1,2015-11-26 06:00:00,2015-11-26 06:00:00,observed_replacement_demand,LOT-00138,1,completed,assumption:synthetic_operations_v1;demand=PdM_maint.csv,2015-11-26 06:00:00,1
MR-01945,60,comp3,2015-11-26 06:00:00,2015-11-27 06:00:00,observed_replacement_demand,LOT-00144,1,completed,assumption:synthetic_operations_v1;demand=PdM_maint.csv,2015-11-26 06:00:00,1
MR-01946,85,comp2,2015-11-26 06:00:00,2015-11-26 06:00:00,observed_replacement_demand,LOT-00135,1,completed,assumption:synthetic_operations_v1;demand=PdM_maint.csv,2015-11-26 06:00:00,1
MR-01947,98,comp2,2015-11-26 06:00:00,2015-11-26 06:00:00,observed_replacement_demand,LOT-00135,1,completed,assumption:synthetic_operations_v1;demand=PdM_maint.csv,2015-11-26 06:00:00,1
MR-01948,98,comp3,2015-11-26 06:00:00,2015-11-27 06:00:00,observed_replacement_demand,LOT-00144,1,completed,assumption:synthetic_operations_v1;demand=PdM_maint.csv,2015-11-26 06:00:00,1
MR-01949,14,comp2,2015-11-27 06:00:00,2015-11-27 06:00:00,observed_replacement_demand,LOT-00136,1,completed,assumption:synthetic_operations_v1;demand=PdM_maint.csv,2015-11-27 06:00:00,1
MR-01950,14,comp3,2015-11-27 06:00:00,2015-11-27 06:00:00,observed_replacement_demand,LOT-00144,1,completed,assumption:synthetic_operations_v1;demand=PdM_maint.csv,2015-11-27 06:00:00,1
MR-01951,17,comp2,2015-11-27 06:00:00,2015-11-27 06:00:00,observed_replacement_demand,LOT-00136,1,completed,assumption:synthetic_operations_v1;demand=PdM_maint.csv,2015-11-27 06:00:00,1
MR-01952,17,comp3,2015-11-27 06:00:00,2015-11-27 06:00:00,observed_replacement_demand,LOT-00144,1,completed,assumption:synthetic_operations_v1;demand=PdM_maint.csv,2015-11-27 06:00:00,1
MR-01953,28,comp3,2015-11-27 06:00:00,2015-11-27 06:00:00,observed_replacement_demand,LOT-00144,1,completed,assumption:synthetic_operations_v1;demand=PdM_maint.csv,2015-11-27 06:00:00,1
MR-01954,28,comp4,2015-11-27 06:00:00,2015-11-27 06:00:00,observed_replacement_demand,LOT-00137,1,completed,assumption:synthetic_operations_v1;demand=PdM_maint.csv,2015-11-27 06:00:00,1
MR-01955,33,comp1,2015-11-27 06:00:00,2015-11-27 06:00:00,observed_replacement_demand,LOT-00138,1,completed,assumption:synthetic_operations_v1;demand=PdM_maint.csv,2015-11-27 06:00:00,1
MR-01956,33,comp2,2015-11-27 06:00:00,2015-11-27 06:00:00,observed_replacement_demand,LOT-00136,1,completed,assumption:synthetic_operations_v1;demand=PdM_maint.csv,2015-11-27 06:00:00,1
MR-01957,34,comp4,2015-11-27 06:00:00,2015-11-27 06:00:00,observed_replacement_demand,LOT-00137,1,completed,assumption:synthetic_operations_v1;demand=PdM_maint.csv,2015-11-27 06:00:00,1
MR-01958,39,comp2,2015-11-27 06:00:00,2015-11-27 06:00:00,observed_replacement_demand,LOT-00136,1,completed,assumption:synthetic_operations_v1;demand=PdM_maint.csv,2015-11-27 06:00:00,1
MR-01959,39,comp3,2015-11-27 06:00:00,2015-11-27 06:00:00,observed_replacement_demand,LOT-00144,1,completed,assumption:synthetic_operations_v1;demand=PdM_maint.csv,2015-11-27 06:00:00,1
MR-01960,51,comp4,2015-11-27 06:00:00,2015-11-27 06:00:00,observed_replacement_demand,LOT-00137,1,completed,assumption:synthetic_operations_v1;demand=PdM_maint.csv,2015-11-27 06:00:00,1
MR-01961,58,comp3,2015-11-27 06:00:00,2015-11-27 06:00:00,observed_replacement_demand,LOT-00144,1,completed,assumption:synthetic_operations_v1;demand=PdM_maint.csv,2015-11-27 06:00:00,1
MR-01962,58,comp4,2015-11-27 06:00:00,2015-11-27 06:00:00,observed_replacement_demand,LOT-00137,1,completed,assumption:synthetic_operations_v1;demand=PdM_maint.csv,2015-11-27 06:00:00,1
MR-01963,65,comp3,2015-11-27 06:00:00,2015-11-27 06:00:00,observed_replacement_demand,LOT-00144,1,completed,assumption:synthetic_operations_v1;demand=PdM_maint.csv,2015-11-27 06:00:00,1
MR-01964,67,comp3,2015-11-27 06:00:00,2015-11-27 06:00:00,observed_replacement_demand,LOT-00144,1,completed,assumption:synthetic_operations_v1;demand=PdM_maint.csv,2015-11-27 06:00:00,1
MR-01965,83,comp4,2015-11-27 06:00:00,2015-11-27 06:00:00,observed_replacement_demand,LOT-00137,1,completed,assumption:synthetic_operations_v1;demand=PdM_maint.csv,2015-11-27 06:00:00,1
MR-01966,93,comp3,2015-11-27 06:00:00,2015-11-27 06:00:00,observed_replacement_demand,LOT-00144,1,completed,assumption:synthetic_operations_v1;demand=PdM_maint.csv,2015-11-27 06:00:00,1
MR-01967,4,comp1,2015-11-28 06:00:00,2015-11-28 06:00:00,observed_replacement_demand,LOT-00138,1,completed,assumption:synthetic_operations_v1;demand=PdM_maint.csv,2015-11-28 06:00:00,1
MR-01968,4,comp4,2015-11-28 06:00:00,2015-11-28 06:00:00,observed_replacement_demand,LOT-00137,1,completed,assumption:synthetic_operations_v1;demand=PdM_maint.csv,2015-11-28 06:00:00,1
MR-01969,16,comp2,2015-11-28 06:00:00,2015-11-28 06:00:00,observed_replacement_demand,LOT-00139,1,completed,assumption:synthetic_operations_v1;demand=PdM_maint.csv,2015-11-28 06:00:00,1
MR-01970,24,comp1,2015-11-28 06:00:00,2015-11-28 06:00:00,observed_replacement_demand,LOT-00138,1,completed,assumption:synthetic_operations_v1;demand=PdM_maint.csv,2015-11-28 06:00:00,1
MR-01971,24,comp3,2015-11-28 06:00:00,2015-11-28 06:00:00,observed_replacement_demand,LOT-00144,1,completed,assumption:synthetic_operations_v1;demand=PdM_maint.csv,2015-11-28 06:00:00,1
MR-01972,29,comp2,2015-11-28 06:00:00,2015-11-28 06:00:00,observed_replacement_demand,LOT-00139,1,completed,assumption:synthetic_operations_v1;demand=PdM_maint.csv,2015-11-28 06:00:00,1
MR-01973,29,comp3,2015-11-28 06:00:00,2015-11-28 06:00:00,observed_replacement_demand,LOT-00144,1,completed,assumption:synthetic_operations_v1;demand=PdM_maint.csv,2015-11-28 06:00:00,1
MR-01974,41,comp4,2015-11-28 06:00:00,2015-11-28 06:00:00,observed_replacement_demand,LOT-00137,1,completed,assumption:synthetic_operations_v1;demand=PdM_maint.csv,2015-11-28 06:00:00,1
MR-01975,68,comp1,2015-11-28 06:00:00,2015-11-28 06:00:00,observed_replacement_demand,LOT-00146,1,completed,assumption:synthetic_operations_v1;demand=PdM_maint.csv,2015-11-28 06:00:00,1
MR-01976,68,comp4,2015-11-28 06:00:00,2015-11-28 06:00:00,observed_replacement_demand,LOT-00137,1,completed,assumption:synthetic_operations_v1;demand=PdM_maint.csv,2015-11-28 06:00:00,1
MR-01977,73,comp1,2015-11-28 06:00:00,2015-11-28 06:00:00,observed_replacement_demand,LOT-00146,1,completed,assumption:synthetic_operations_v1;demand=PdM_maint.csv,2015-11-28 06:00:00,1
MR-01978,79,comp1,2015-11-28 06:00:00,2015-11-28 06:00:00,observed_replacement_demand,LOT-00146,1,completed,assumption:synthetic_operations_v1;demand=PdM_maint.csv,2015-11-28 06:00:00,1
MR-01979,81,comp4,2015-11-28 06:00:00,2015-11-28 06:00:00,observed_replacement_demand,LOT-00137,1,completed,assumption:synthetic_operations_v1;demand=PdM_maint.csv,2015-11-28 06:00:00,1
MR-01980,91,comp1,2015-11-28 06:00:00,2015-11-28 06:00:00,observed_replacement_demand,LOT-00146,1,completed,assumption:synthetic_operations_v1;demand=PdM_maint.csv,2015-11-28 06:00:00,1
MR-01981,2,comp1,2015-11-29 06:00:00,2015-11-29 06:00:00,observed_replacement_demand,LOT-00146,1,completed,assumption:synthetic_operations_v1;demand=PdM_maint.csv,2015-11-29 06:00:00,1
MR-01982,2,comp3,2015-11-29 06:00:00,2015-11-29 06:00:00,observed_replacement_demand,LOT-00145,1,completed,assumption:synthetic_operations_v1;demand=PdM_maint.csv,2015-11-29 06:00:00,1
MR-01983,76,comp1,2015-11-29 06:00:00,2015-11-29 06:00:00,observed_replacement_demand,LOT-00146,1,completed,assumption:synthetic_operations_v1;demand=PdM_maint.csv,2015-11-29 06:00:00,1
MR-01984,76,comp3,2015-11-29 06:00:00,2015-11-29 06:00:00,observed_replacement_demand,LOT-00145,1,completed,assumption:synthetic_operations_v1;demand=PdM_maint.csv,2015-11-29 06:00:00,1
MR-01985,96,comp1,2015-11-29 06:00:00,2015-11-29 06:00:00,observed_replacement_demand,LOT-00146,1,completed,assumption:synthetic_operations_v1;demand=PdM_maint.csv,2015-11-29 06:00:00,1
MR-01986,99,comp3,2015-11-29 06:00:00,2015-11-29 06:00:00,observed_replacement_demand,LOT-00145,1,completed,assumption:synthetic_operations_v1;demand=PdM_maint.csv,2015-11-29 06:00:00,1
MR-01987,10,comp4,2015-11-30 06:00:00,2015-11-30 06:00:00,observed_replacement_demand,LOT-00137,1,completed,assumption:synthetic_operations_v1;demand=PdM_maint.csv,2015-11-30 06:00:00,1
MR-01988,20,comp3,2015-11-30 06:00:00,2015-11-30 06:00:00,observed_replacement_demand,LOT-00145,1,completed,assumption:synthetic_operations_v1;demand=PdM_maint.csv,2015-11-30 06:00:00,1
MR-01989,25,comp4,2015-11-30 06:00:00,2015-11-30 06:00:00,observed_replacement_demand,LOT-00137,1,completed,assumption:synthetic_operations_v1;demand=PdM_maint.csv,2015-11-30 06:00:00,1
MR-01990,37,comp3,2015-11-30 06:00:00,2015-11-30 06:00:00,observed_replacement_demand,LOT-00145,1,completed,assumption:synthetic_operations_v1;demand=PdM_maint.csv,2015-11-30 06:00:00,1
MR-01991,40,comp1,2015-11-30 06:00:00,2015-11-30 06:00:00,observed_replacement_demand,LOT-00146,1,completed,assumption:synthetic_operations_v1;demand=PdM_maint.csv,2015-11-30 06:00:00,1
MR-01992,52,comp3,2015-11-30 06:00:00,2015-11-30 06:00:00,observed_replacement_demand,LOT-00145,1,completed,assumption:synthetic_operations_v1;demand=PdM_maint.csv,2015-11-30 06:00:00,1
MR-01993,66,comp3,2015-11-30 06:00:00,2015-11-30 06:00:00,observed_replacement_demand,LOT-00145,1,completed,assumption:synthetic_operations_v1;demand=PdM_maint.csv,2015-11-30 06:00:00,1
MR-01994,88,comp2,2015-11-30 06:00:00,2015-11-30 06:00:00,observed_replacement_demand,LOT-00139,1,completed,assumption:synthetic_operations_v1;demand=PdM_maint.csv,2015-11-30 06:00:00,1
MR-01995,88,comp4,2015-11-30 06:00:00,2015-11-30 06:00:00,observed_replacement_demand,LOT-00137,1,completed,assumption:synthetic_operations_v1;demand=PdM_maint.csv,2015-11-30 06:00:00,1
MR-01996,1,comp3,2015-12-01 06:00:00,2015-12-04 06:00:00,observed_replacement_demand,LOT-00150,1,completed,assumption:synthetic_operations_v1;demand=PdM_maint.csv,2015-12-01 06:00:00,1
MR-01997,11,comp1,2015-12-01 06:00:00,2015-12-01 06:00:00,observed_replacement_demand,LOT-00146,1,completed,assumption:synthetic_operations_v1;demand=PdM_maint.csv,2015-12-01 06:00:00,1
MR-01998,23,comp1,2015-12-01 06:00:00,2015-12-01 06:00:00,observed_replacement_demand,LOT-00146,1,completed,assumption:synthetic_operations_v1;demand=PdM_maint.csv,2015-12-01 06:00:00,1
MR-01999,59,comp1,2015-12-01 06:00:00,2015-12-01 06:00:00,observed_replacement_demand,LOT-00146,1,completed,assumption:synthetic_operations_v1;demand=PdM_maint.csv,2015-12-01 06:00:00,1
MR-02000,64,comp2,2015-12-01 06:00:00,2015-12-01 06:00:00,observed_replacement_demand,LOT-00139,1,completed,assumption:synthetic_operations_v1;demand=PdM_maint.csv,2015-12-01 06:00:00,1
MR-02001,69,comp3,2015-12-01 06:00:00,2015-12-04 06:00:00,observed_replacement_demand,LOT-00150,1,completed,assumption:synthetic_operations_v1;demand=PdM_maint.csv,2015-12-01 06:00:00,1
MR-02002,69,comp4,2015-12-01 06:00:00,2015-12-01 06:00:00,observed_replacement_demand,LOT-00137,1,completed,assumption:synthetic_operations_v1;demand=PdM_maint.csv,2015-12-01 06:00:00,1
MR-02003,84,comp4,2015-12-01 06:00:00,2015-12-01 06:00:00,observed_replacement_demand,LOT-00141,1,completed,assumption:synthetic_operations_v1;demand=PdM_maint.csv,2015-12-01 06:00:00,1
MR-02004,90,comp2,2015-12-01 06:00:00,2015-12-01 06:00:00,observed_replacement_demand,LOT-00139,1,completed,assumption:synthetic_operations_v1;demand=PdM_maint.csv,2015-12-01 06:00:00,1
MR-02005,92,comp3,2015-12-01 06:00:00,2015-12-04 06:00:00,observed_replacement_demand,LOT-00150,1,completed,assumption:synthetic_operations_v1;demand=PdM_maint.csv,2015-12-01 06:00:00,1
MR-02006,95,comp4,2015-12-01 06:00:00,2015-12-01 06:00:00,observed_replacement_demand,LOT-00141,1,completed,assumption:synthetic_operations_v1;demand=PdM_maint.csv,2015-12-01 06:00:00,1
MR-02007,8,comp3,2015-12-02 06:00:00,2015-12-04 06:00:00,observed_replacement_demand,LOT-00150,1,completed,assumption:synthetic_operations_v1;demand=PdM_maint.csv,2015-12-02 06:00:00,1
MR-02008,26,comp2,2015-12-02 06:00:00,2015-12-02 06:00:00,observed_replacement_demand,LOT-00139,1,completed,assumption:synthetic_operations_v1;demand=PdM_maint.csv,2015-12-02 06:00:00,1
MR-02009,35,comp2,2015-12-02 06:00:00,2015-12-02 06:00:00,observed_replacement_demand,LOT-00139,1,completed,assumption:synthetic_operations_v1;demand=PdM_maint.csv,2015-12-02 06:00:00,1
MR-02010,42,comp1,2015-12-02 06:00:00,2015-12-02 06:00:00,observed_replacement_demand,LOT-00146,1,completed,assumption:synthetic_operations_v1;demand=PdM_maint.csv,2015-12-02 06:00:00,1
MR-02011,43,comp1,2015-12-02 06:00:00,2015-12-02 06:00:00,observed_replacement_demand,LOT-00146,1,completed,assumption:synthetic_operations_v1;demand=PdM_maint.csv,2015-12-02 06:00:00,1
MR-02012,55,comp1,2015-12-02 06:00:00,2015-12-02 06:00:00,observed_replacement_demand,LOT-00146,1,completed,assumption:synthetic_operations_v1;demand=PdM_maint.csv,2015-12-02 06:00:00,1
MR-02013,55,comp2,2015-12-02 06:00:00,2015-12-02 06:00:00,observed_replacement_demand,LOT-00139,1,completed,assumption:synthetic_operations_v1;demand=PdM_maint.csv,2015-12-02 06:00:00,1
MR-02014,78,comp4,2015-12-02 06:00:00,2015-12-02 06:00:00,observed_replacement_demand,LOT-00141,1,completed,assumption:synthetic_operations_v1;demand=PdM_maint.csv,2015-12-02 06:00:00,1
MR-02015,3,comp2,2015-12-03 06:00:00,2015-12-03 06:00:00,observed_replacement_demand,LOT-00139,1,completed,assumption:synthetic_operations_v1;demand=PdM_maint.csv,2015-12-03 06:00:00,1
MR-02016,6,comp2,2015-12-03 06:00:00,2015-12-03 06:00:00,observed_replacement_demand,LOT-00139,1,completed,assumption:synthetic_operations_v1;demand=PdM_maint.csv,2015-12-03 06:00:00,1
MR-02017,6,comp3,2015-12-03 06:00:00,2015-12-04 06:00:00,observed_replacement_demand,LOT-00150,1,completed,assumption:synthetic_operations_v1;demand=PdM_maint.csv,2015-12-03 06:00:00,1
MR-02018,12,comp1,2015-12-03 06:00:00,2015-12-03 06:00:00,observed_replacement_demand,LOT-00146,1,completed,assumption:synthetic_operations_v1;demand=PdM_maint.csv,2015-12-03 06:00:00,1
MR-02019,22,comp3,2015-12-03 06:00:00,2015-12-04 06:00:00,observed_replacement_demand,LOT-00150,1,completed,assumption:synthetic_operations_v1;demand=PdM_maint.csv,2015-12-03 06:00:00,1
MR-02020,36,comp4,2015-12-03 06:00:00,2015-12-03 06:00:00,observed_replacement_demand,LOT-00141,1,completed,assumption:synthetic_operations_v1;demand=PdM_maint.csv,2015-12-03 06:00:00,1
MR-02021,45,comp3,2015-12-03 06:00:00,2015-12-04 06:00:00,observed_replacement_demand,LOT-00150,1,completed,assumption:synthetic_operations_v1;demand=PdM_maint.csv,2015-12-03 06:00:00,1
MR-02022,75,comp2,2015-12-03 06:00:00,2015-12-03 06:00:00,observed_replacement_demand,LOT-00139,1,completed,assumption:synthetic_operations_v1;demand=PdM_maint.csv,2015-12-03 06:00:00,1
MR-02023,21,comp2,2015-12-04 06:00:00,2015-12-04 06:00:00,observed_replacement_demand,LOT-00139,1,completed,assumption:synthetic_operations_v1;demand=PdM_maint.csv,2015-12-04 06:00:00,1
MR-02024,21,comp4,2015-12-04 06:00:00,2015-12-04 06:00:00,observed_replacement_demand,LOT-00141,1,completed,assumption:synthetic_operations_v1;demand=PdM_maint.csv,2015-12-04 06:00:00,1
MR-02025,46,comp1,2015-12-04 06:00:00,2015-12-04 06:00:00,observed_replacement_demand,LOT-00146,1,completed,assumption:synthetic_operations_v1;demand=PdM_maint.csv,2015-12-04 06:00:00,1
MR-02026,46,comp4,2015-12-04 06:00:00,2015-12-04 06:00:00,observed_replacement_demand,LOT-00147,1,completed,assumption:synthetic_operations_v1;demand=PdM_maint.csv,2015-12-04 06:00:00,1
MR-02027,57,comp1,2015-12-04 06:00:00,2015-12-04 06:00:00,observed_replacement_demand,LOT-00146,1,completed,assumption:synthetic_operations_v1;demand=PdM_maint.csv,2015-12-04 06:00:00,1
MR-02028,72,comp4,2015-12-04 06:00:00,2015-12-04 06:00:00,observed_replacement_demand,LOT-00147,1,completed,assumption:synthetic_operations_v1;demand=PdM_maint.csv,2015-12-04 06:00:00,1
MR-02029,74,comp2,2015-12-04 06:00:00,2015-12-04 06:00:00,observed_replacement_demand,LOT-00140,1,completed,assumption:synthetic_operations_v1;demand=PdM_maint.csv,2015-12-04 06:00:00,1
MR-02030,74,comp4,2015-12-04 06:00:00,2015-12-04 06:00:00,observed_replacement_demand,LOT-00147,1,completed,assumption:synthetic_operations_v1;demand=PdM_maint.csv,2015-12-04 06:00:00,1
MR-02031,86,comp3,2015-12-04 06:00:00,2015-12-04 06:00:00,observed_replacement_demand,LOT-00150,1,completed,assumption:synthetic_operations_v1;demand=PdM_maint.csv,2015-12-04 06:00:00,1
MR-02032,89,comp1,2015-12-04 06:00:00,2015-12-04 06:00:00,observed_replacement_demand,LOT-00146,1,completed,assumption:synthetic_operations_v1;demand=PdM_maint.csv,2015-12-04 06:00:00,1
MR-02033,94,comp1,2015-12-04 06:00:00,2015-12-04 06:00:00,observed_replacement_demand,LOT-00146,1,completed,assumption:synthetic_operations_v1;demand=PdM_maint.csv,2015-12-04 06:00:00,1
MR-02034,5,comp1,2015-12-05 06:00:00,2015-12-05 06:00:00,observed_replacement_demand,LOT-00146,1,completed,assumption:synthetic_operations_v1;demand=PdM_maint.csv,2015-12-05 06:00:00,1
MR-02035,7,comp4,2015-12-05 06:00:00,2015-12-05 06:00:00,observed_replacement_demand,LOT-00147,1,completed,assumption:synthetic_operations_v1;demand=PdM_maint.csv,2015-12-05 06:00:00,1
MR-02036,30,comp2,2015-12-05 06:00:00,2015-12-05 06:00:00,observed_replacement_demand,LOT-00140,1,completed,assumption:synthetic_operations_v1;demand=PdM_maint.csv,2015-12-05 06:00:00,1
MR-02037,30,comp4,2015-12-05 06:00:00,2015-12-05 06:00:00,observed_replacement_demand,LOT-00147,1,completed,assumption:synthetic_operations_v1;demand=PdM_maint.csv,2015-12-05 06:00:00,1
MR-02038,97,comp1,2015-12-05 06:00:00,2015-12-05 06:00:00,observed_replacement_demand,LOT-00146,1,completed,assumption:synthetic_operations_v1;demand=PdM_maint.csv,2015-12-05 06:00:00,1
MR-02039,97,comp2,2015-12-05 06:00:00,2015-12-05 06:00:00,observed_replacement_demand,LOT-00140,1,completed,assumption:synthetic_operations_v1;demand=PdM_maint.csv,2015-12-05 06:00:00,1
MR-02040,27,comp3,2015-12-06 06:00:00,2015-12-06 06:00:00,observed_replacement_demand,LOT-00150,1,completed,assumption:synthetic_operations_v1;demand=PdM_maint.csv,2015-12-06 06:00:00,1
MR-02041,27,comp4,2015-12-06 06:00:00,2015-12-06 06:00:00,observed_replacement_demand,LOT-00147,1,completed,assumption:synthetic_operations_v1;demand=PdM_maint.csv,2015-12-06 06:00:00,1
MR-02042,32,comp3,2015-12-06 06:00:00,2015-12-06 06:00:00,observed_replacement_demand,LOT-00150,1,completed,assumption:synthetic_operations_v1;demand=PdM_maint.csv,2015-12-06 06:00:00,1
MR-02043,13,comp4,2015-12-07 06:00:00,2015-12-07 06:00:00,observed_replacement_demand,LOT-00147,1,completed,assumption:synthetic_operations_v1;demand=PdM_maint.csv,2015-12-07 06:00:00,1
MR-02044,48,comp3,2015-12-07 06:00:00,2015-12-07 06:00:00,observed_replacement_demand,LOT-00150,1,completed,assumption:synthetic_operations_v1;demand=PdM_maint.csv,2015-12-07 06:00:00,1
MR-02045,71,comp3,2015-12-07 06:00:00,2015-12-07 06:00:00,observed_replacement_demand,LOT-00150,1,completed,assumption:synthetic_operations_v1;demand=PdM_maint.csv,2015-12-07 06:00:00,1
MR-02046,77,comp2,2015-12-07 06:00:00,2015-12-07 06:00:00,observed_replacement_demand,LOT-00140,1,completed,assumption:synthetic_operations_v1;demand=PdM_maint.csv,2015-12-07 06:00:00,1
MR-02047,77,comp3,2015-12-07 06:00:00,2015-12-07 06:00:00,observed_replacement_demand,LOT-00150,1,completed,assumption:synthetic_operations_v1;demand=PdM_maint.csv,2015-12-07 06:00:00,1
MR-02048,87,comp1,2015-12-08 06:00:00,2015-12-08 06:00:00,observed_replacement_demand,LOT-00146,1,completed,assumption:synthetic_operations_v1;demand=PdM_maint.csv,2015-12-08 06:00:00,1
MR-02049,19,comp1,2015-12-09 06:00:00,2015-12-09 06:00:00,observed_replacement_demand,LOT-00146,1,completed,assumption:synthetic_operations_v1;demand=PdM_maint.csv,2015-12-09 06:00:00,1
MR-02050,53,comp2,2015-12-09 06:00:00,2015-12-09 06:00:00,observed_replacement_demand,LOT-00140,1,completed,assumption:synthetic_operations_v1;demand=PdM_maint.csv,2015-12-09 06:00:00,1
MR-02051,61,comp4,2015-12-09 06:00:00,2015-12-09 06:00:00,observed_replacement_demand,LOT-00147,1,completed,assumption:synthetic_operations_v1;demand=PdM_maint.csv,2015-12-09 06:00:00,1
MR-02052,62,comp4,2015-12-09 06:00:00,2015-12-09 06:00:00,observed_replacement_demand,LOT-00147,1,completed,assumption:synthetic_operations_v1;demand=PdM_maint.csv,2015-12-09 06:00:00,1
MR-02053,63,comp2,2015-12-09 06:00:00,2015-12-09 06:00:00,observed_replacement_demand,LOT-00140,1,completed,assumption:synthetic_operations_v1;demand=PdM_maint.csv,2015-12-09 06:00:00,1
MR-02054,70,comp1,2015-12-09 06:00:00,2015-12-09 06:00:00,observed_replacement_demand,LOT-00146,1,completed,assumption:synthetic_operations_v1;demand=PdM_maint.csv,2015-12-09 06:00:00,1
MR-02055,70,comp2,2015-12-09 06:00:00,2015-12-09 06:00:00,observed_replacement_demand,LOT-00140,1,completed,assumption:synthetic_operations_v1;demand=PdM_maint.csv,2015-12-09 06:00:00,1
MR-02056,80,comp2,2015-12-09 06:00:00,2015-12-09 06:00:00,observed_replacement_demand,LOT-00140,1,completed,assumption:synthetic_operations_v1;demand=PdM_maint.csv,2015-12-09 06:00:00,1
MR-02057,80,comp4,2015-12-09 06:00:00,2015-12-09 06:00:00,observed_replacement_demand,LOT-00147,1,completed,assumption:synthetic_operations_v1;demand=PdM_maint.csv,2015-12-09 06:00:00,1
MR-02058,82,comp2,2015-12-09 06:00:00,2015-12-09 06:00:00,observed_replacement_demand,LOT-00140,1,completed,assumption:synthetic_operations_v1;demand=PdM_maint.csv,2015-12-09 06:00:00,1
MR-02059,82,comp3,2015-12-09 06:00:00,2015-12-09 06:00:00,observed_replacement_demand,LOT-00150,1,completed,assumption:synthetic_operations_v1;demand=PdM_maint.csv,2015-12-09 06:00:00,1
MR-02060,100,comp2,2015-12-09 06:00:00,2015-12-09 06:00:00,observed_replacement_demand,LOT-00140,1,completed,assumption:synthetic_operations_v1;demand=PdM_maint.csv,2015-12-09 06:00:00,1
MR-02061,56,comp2,2015-12-10 06:00:00,2015-12-10 06:00:00,observed_replacement_demand,LOT-00140,1,completed,assumption:synthetic_operations_v1;demand=PdM_maint.csv,2015-12-10 06:00:00,1
MR-02062,44,comp2,2015-12-11 06:00:00,2015-12-11 06:00:00,observed_replacement_demand,LOT-00140,1,completed,assumption:synthetic_operations_v1;demand=PdM_maint.csv,2015-12-11 06:00:00,1
MR-02063,44,comp3,2015-12-11 06:00:00,2015-12-11 06:00:00,observed_replacement_demand,LOT-00150,1,completed,assumption:synthetic_operations_v1;demand=PdM_maint.csv,2015-12-11 06:00:00,1
MR-02064,49,comp1,2015-12-11 06:00:00,2015-12-11 06:00:00,observed_replacement_demand,LOT-00146,1,completed,assumption:synthetic_operations_v1;demand=PdM_maint.csv,2015-12-11 06:00:00,1
MR-02065,50,comp3,2015-12-11 06:00:00,2015-12-11 06:00:00,observed_replacement_demand,LOT-00150,1,completed,assumption:synthetic_operations_v1;demand=PdM_maint.csv,2015-12-11 06:00:00,1
MR-02066,54,comp4,2015-12-11 06:00:00,2015-12-11 06:00:00,observed_replacement_demand,LOT-00147,1,completed,assumption:synthetic_operations_v1;demand=PdM_maint.csv,2015-12-11 06:00:00,1
MR-02067,60,comp4,2015-12-11 06:00:00,2015-12-11 06:00:00,observed_replacement_demand,LOT-00147,1,completed,assumption:synthetic_operations_v1;demand=PdM_maint.csv,2015-12-11 06:00:00,1
MR-02068,85,comp3,2015-12-11 06:00:00,2015-12-11 06:00:00,observed_replacement_demand,LOT-00150,1,completed,assumption:synthetic_operations_v1;demand=PdM_maint.csv,2015-12-11 06:00:00,1
MR-02069,98,comp2,2015-12-11 06:00:00,2015-12-11 06:00:00,observed_replacement_demand,LOT-00140,1,completed,assumption:synthetic_operations_v1;demand=PdM_maint.csv,2015-12-11 06:00:00,1
MR-02070,14,comp2,2015-12-12 06:00:00,2015-12-12 06:00:00,observed_replacement_demand,LOT-00140,1,completed,assumption:synthetic_operations_v1;demand=PdM_maint.csv,2015-12-12 06:00:00,1
MR-02071,17,comp3,2015-12-12 06:00:00,2015-12-12 06:00:00,observed_replacement_demand,LOT-00150,1,completed,assumption:synthetic_operations_v1;demand=PdM_maint.csv,2015-12-12 06:00:00,1
MR-02072,28,comp4,2015-12-12 06:00:00,2015-12-12 06:00:00,observed_replacement_demand,LOT-00147,1,completed,assumption:synthetic_operations_v1;demand=PdM_maint.csv,2015-12-12 06:00:00,1
MR-02073,33,comp2,2015-12-12 06:00:00,2015-12-12 06:00:00,observed_replacement_demand,LOT-00140,1,completed,assumption:synthetic_operations_v1;demand=PdM_maint.csv,2015-12-12 06:00:00,1
MR-02074,33,comp3,2015-12-12 06:00:00,2015-12-12 06:00:00,observed_replacement_demand,LOT-00150,1,completed,assumption:synthetic_operations_v1;demand=PdM_maint.csv,2015-12-12 06:00:00,1
MR-02075,34,comp2,2015-12-12 06:00:00,2015-12-12 06:00:00,observed_replacement_demand,LOT-00140,1,completed,assumption:synthetic_operations_v1;demand=PdM_maint.csv,2015-12-12 06:00:00,1
MR-02076,39,comp1,2015-12-12 06:00:00,2015-12-12 06:00:00,observed_replacement_demand,LOT-00146,1,completed,assumption:synthetic_operations_v1;demand=PdM_maint.csv,2015-12-12 06:00:00,1
MR-02077,51,comp2,2015-12-12 06:00:00,2015-12-12 06:00:00,observed_replacement_demand,LOT-00140,1,completed,assumption:synthetic_operations_v1;demand=PdM_maint.csv,2015-12-12 06:00:00,1
MR-02078,51,comp4,2015-12-12 06:00:00,2015-12-12 06:00:00,observed_replacement_demand,LOT-00147,1,completed,assumption:synthetic_operations_v1;demand=PdM_maint.csv,2015-12-12 06:00:00,1
MR-02079,58,comp2,2015-12-12 06:00:00,2015-12-12 06:00:00,observed_replacement_demand,LOT-00143,1,completed,assumption:synthetic_operations_v1;demand=PdM_maint.csv,2015-12-12 06:00:00,1
MR-02080,65,comp1,2015-12-12 06:00:00,2015-12-12 06:00:00,observed_replacement_demand,LOT-00146,1,completed,assumption:synthetic_operations_v1;demand=PdM_maint.csv,2015-12-12 06:00:00,1
MR-02081,65,comp2,2015-12-12 06:00:00,2015-12-12 06:00:00,observed_replacement_demand,LOT-00143,1,completed,assumption:synthetic_operations_v1;demand=PdM_maint.csv,2015-12-12 06:00:00,1
MR-02082,4,comp1,2015-12-13 06:00:00,2015-12-13 06:00:00,observed_replacement_demand,LOT-00146,1,completed,assumption:synthetic_operations_v1;demand=PdM_maint.csv,2015-12-13 06:00:00,1
MR-02083,4,comp4,2015-12-13 06:00:00,2015-12-13 06:00:00,observed_replacement_demand,LOT-00147,1,completed,assumption:synthetic_operations_v1;demand=PdM_maint.csv,2015-12-13 06:00:00,1
MR-02084,16,comp1,2015-12-13 06:00:00,2015-12-13 06:00:00,observed_replacement_demand,LOT-00146,1,completed,assumption:synthetic_operations_v1;demand=PdM_maint.csv,2015-12-13 06:00:00,1
MR-02085,24,comp3,2015-12-13 06:00:00,2015-12-13 06:00:00,observed_replacement_demand,LOT-00150,1,completed,assumption:synthetic_operations_v1;demand=PdM_maint.csv,2015-12-13 06:00:00,1
MR-02086,29,comp2,2015-12-13 06:00:00,2015-12-13 06:00:00,observed_replacement_demand,LOT-00143,1,completed,assumption:synthetic_operations_v1;demand=PdM_maint.csv,2015-12-13 06:00:00,1
MR-02087,29,comp4,2015-12-13 06:00:00,2015-12-13 06:00:00,observed_replacement_demand,LOT-00147,1,completed,assumption:synthetic_operations_v1;demand=PdM_maint.csv,2015-12-13 06:00:00,1
MR-02088,38,comp1,2015-12-13 06:00:00,2015-12-13 06:00:00,observed_replacement_demand,LOT-00146,1,completed,assumption:synthetic_operations_v1;demand=PdM_maint.csv,2015-12-13 06:00:00,1
MR-02089,38,comp4,2015-12-13 06:00:00,2015-12-13 06:00:00,observed_replacement_demand,LOT-00147,1,completed,assumption:synthetic_operations_v1;demand=PdM_maint.csv,2015-12-13 06:00:00,1
MR-02090,68,comp2,2015-12-13 06:00:00,2015-12-13 06:00:00,observed_replacement_demand,LOT-00143,1,completed,assumption:synthetic_operations_v1;demand=PdM_maint.csv,2015-12-13 06:00:00,1
MR-02091,73,comp3,2015-12-13 06:00:00,2015-12-13 06:00:00,observed_replacement_demand,LOT-00150,1,completed,assumption:synthetic_operations_v1;demand=PdM_maint.csv,2015-12-13 06:00:00,1
MR-02092,79,comp4,2015-12-13 06:00:00,2015-12-13 06:00:00,observed_replacement_demand,LOT-00147,1,completed,assumption:synthetic_operations_v1;demand=PdM_maint.csv,2015-12-13 06:00:00,1
MR-02093,81,comp2,2015-12-13 06:00:00,2015-12-13 06:00:00,observed_replacement_demand,LOT-00143,1,completed,assumption:synthetic_operations_v1;demand=PdM_maint.csv,2015-12-13 06:00:00,1
MR-02094,81,comp3,2015-12-13 06:00:00,2015-12-13 06:00:00,observed_replacement_demand,LOT-00150,1,completed,assumption:synthetic_operations_v1;demand=PdM_maint.csv,2015-12-13 06:00:00,1
MR-02095,2,comp1,2015-12-14 06:00:00,2015-12-14 06:00:00,observed_replacement_demand,LOT-00146,1,completed,assumption:synthetic_operations_v1;demand=PdM_maint.csv,2015-12-14 06:00:00,1
MR-02096,9,comp2,2015-12-14 06:00:00,2015-12-14 06:00:00,observed_replacement_demand,LOT-00143,1,completed,assumption:synthetic_operations_v1;demand=PdM_maint.csv,2015-12-14 06:00:00,1
MR-02097,76,comp3,2015-12-14 06:00:00,2015-12-14 06:00:00,observed_replacement_demand,LOT-00150,1,completed,assumption:synthetic_operations_v1;demand=PdM_maint.csv,2015-12-14 06:00:00,1
MR-02098,96,comp4,2015-12-14 06:00:00,2015-12-14 06:00:00,observed_replacement_demand,LOT-00147,1,completed,assumption:synthetic_operations_v1;demand=PdM_maint.csv,2015-12-14 06:00:00,1
MR-02099,99,comp4,2015-12-14 06:00:00,2015-12-14 06:00:00,observed_replacement_demand,LOT-00147,1,completed,assumption:synthetic_operations_v1;demand=PdM_maint.csv,2015-12-14 06:00:00,1
MR-02100,10,comp3,2015-12-15 06:00:00,2015-12-15 06:00:00,observed_replacement_demand,LOT-00153,1,completed,assumption:synthetic_operations_v1;demand=PdM_maint.csv,2015-12-15 06:00:00,1
MR-02101,20,comp1,2015-12-15 06:00:00,2015-12-15 06:00:00,observed_replacement_demand,LOT-00146,1,completed,assumption:synthetic_operations_v1;demand=PdM_maint.csv,2015-12-15 06:00:00,1
MR-02102,37,comp4,2015-12-15 06:00:00,2015-12-15 06:00:00,observed_replacement_demand,LOT-00147,1,completed,assumption:synthetic_operations_v1;demand=PdM_maint.csv,2015-12-15 06:00:00,1
MR-02103,40,comp3,2015-12-15 06:00:00,2015-12-15 06:00:00,observed_replacement_demand,LOT-00153,1,completed,assumption:synthetic_operations_v1;demand=PdM_maint.csv,2015-12-15 06:00:00,1
MR-02104,52,comp1,2015-12-15 06:00:00,2015-12-15 06:00:00,observed_replacement_demand,LOT-00154,1,completed,assumption:synthetic_operations_v1;demand=PdM_maint.csv,2015-12-15 06:00:00,1
MR-02105,52,comp2,2015-12-15 06:00:00,2015-12-15 06:00:00,observed_replacement_demand,LOT-00143,1,completed,assumption:synthetic_operations_v1;demand=PdM_maint.csv,2015-12-15 06:00:00,1
MR-02106,66,comp1,2015-12-15 06:00:00,2015-12-15 06:00:00,observed_replacement_demand,LOT-00154,1,completed,assumption:synthetic_operations_v1;demand=PdM_maint.csv,2015-12-15 06:00:00,1
MR-02107,66,comp2,2015-12-15 06:00:00,2015-12-15 06:00:00,observed_replacement_demand,LOT-00143,1,completed,assumption:synthetic_operations_v1;demand=PdM_maint.csv,2015-12-15 06:00:00,1
MR-02108,1,comp4,2015-12-16 06:00:00,2015-12-16 06:00:00,observed_replacement_demand,LOT-00149,1,completed,assumption:synthetic_operations_v1;demand=PdM_maint.csv,2015-12-16 06:00:00,1
MR-02109,11,comp3,2015-12-16 06:00:00,2015-12-16 06:00:00,observed_replacement_demand,LOT-00153,1,completed,assumption:synthetic_operations_v1;demand=PdM_maint.csv,2015-12-16 06:00:00,1
MR-02110,15,comp2,2015-12-16 06:00:00,2015-12-16 06:00:00,observed_replacement_demand,LOT-00143,1,completed,assumption:synthetic_operations_v1;demand=PdM_maint.csv,2015-12-16 06:00:00,1
MR-02111,23,comp4,2015-12-16 06:00:00,2015-12-16 06:00:00,observed_replacement_demand,LOT-00149,1,completed,assumption:synthetic_operations_v1;demand=PdM_maint.csv,2015-12-16 06:00:00,1
MR-02112,59,comp1,2015-12-16 06:00:00,2015-12-16 06:00:00,observed_replacement_demand,LOT-00154,1,completed,assumption:synthetic_operations_v1;demand=PdM_maint.csv,2015-12-16 06:00:00,1
MR-02113,59,comp3,2015-12-16 06:00:00,2015-12-16 06:00:00,observed_replacement_demand,LOT-00153,1,completed,assumption:synthetic_operations_v1;demand=PdM_maint.csv,2015-12-16 06:00:00,1
MR-02114,69,comp1,2015-12-16 06:00:00,2015-12-16 06:00:00,observed_replacement_demand,LOT-00154,1,completed,assumption:synthetic_operations_v1;demand=PdM_maint.csv,2015-12-16 06:00:00,1
MR-02115,84,comp3,2015-12-16 06:00:00,2015-12-16 06:00:00,observed_replacement_demand,LOT-00153,1,completed,assumption:synthetic_operations_v1;demand=PdM_maint.csv,2015-12-16 06:00:00,1
MR-02116,84,comp4,2015-12-16 06:00:00,2015-12-16 06:00:00,observed_replacement_demand,LOT-00149,1,completed,assumption:synthetic_operations_v1;demand=PdM_maint.csv,2015-12-16 06:00:00,1
MR-02117,92,comp4,2015-12-16 06:00:00,2015-12-16 06:00:00,observed_replacement_demand,LOT-00149,1,completed,assumption:synthetic_operations_v1;demand=PdM_maint.csv,2015-12-16 06:00:00,1
MR-02118,95,comp2,2015-12-16 06:00:00,2015-12-16 06:00:00,observed_replacement_demand,LOT-00143,1,completed,assumption:synthetic_operations_v1;demand=PdM_maint.csv,2015-12-16 06:00:00,1
MR-02119,8,comp2,2015-12-17 06:00:00,2015-12-17 06:00:00,observed_replacement_demand,LOT-00143,1,completed,assumption:synthetic_operations_v1;demand=PdM_maint.csv,2015-12-17 06:00:00,1
MR-02120,8,comp3,2015-12-17 06:00:00,2015-12-17 06:00:00,observed_replacement_demand,LOT-00153,1,completed,assumption:synthetic_operations_v1;demand=PdM_maint.csv,2015-12-17 06:00:00,1
MR-02121,26,comp4,2015-12-17 06:00:00,2015-12-17 06:00:00,observed_replacement_demand,LOT-00149,1,completed,assumption:synthetic_operations_v1;demand=PdM_maint.csv,2015-12-17 06:00:00,1
MR-02122,35,comp2,2015-12-17 06:00:00,2015-12-17 06:00:00,observed_replacement_demand,LOT-00143,1,completed,assumption:synthetic_operations_v1;demand=PdM_maint.csv,2015-12-17 06:00:00,1
MR-02123,35,comp4,2015-12-17 06:00:00,2015-12-17 06:00:00,observed_replacement_demand,LOT-00149,1,completed,assumption:synthetic_operations_v1;demand=PdM_maint.csv,2015-12-17 06:00:00,1
MR-02124,42,comp3,2015-12-17 06:00:00,2015-12-18 06:00:00,observed_replacement_demand,LOT-00157,1,completed,assumption:synthetic_operations_v1;demand=PdM_maint.csv,2015-12-17 06:00:00,1
MR-02125,43,comp2,2015-12-17 06:00:00,2015-12-17 06:00:00,observed_replacement_demand,LOT-00143,1,completed,assumption:synthetic_operations_v1;demand=PdM_maint.csv,2015-12-17 06:00:00,1
MR-02126,55,comp1,2015-12-17 06:00:00,2015-12-17 06:00:00,observed_replacement_demand,LOT-00154,1,completed,assumption:synthetic_operations_v1;demand=PdM_maint.csv,2015-12-17 06:00:00,1
MR-02127,78,comp2,2015-12-17 06:00:00,2015-12-17 06:00:00,observed_replacement_demand,LOT-00143,1,completed,assumption:synthetic_operations_v1;demand=PdM_maint.csv,2015-12-17 06:00:00,1
MR-02128,78,comp4,2015-12-17 06:00:00,2015-12-17 06:00:00,observed_replacement_demand,LOT-00149,1,completed,assumption:synthetic_operations_v1;demand=PdM_maint.csv,2015-12-17 06:00:00,1
MR-02129,3,comp2,2015-12-18 06:00:00,2015-12-18 06:00:00,observed_replacement_demand,LOT-00143,1,completed,assumption:synthetic_operations_v1;demand=PdM_maint.csv,2015-12-18 06:00:00,1
MR-02130,6,comp2,2015-12-18 06:00:00,2015-12-18 06:00:00,observed_replacement_demand,LOT-00143,1,completed,assumption:synthetic_operations_v1;demand=PdM_maint.csv,2015-12-18 06:00:00,1
MR-02131,12,comp3,2015-12-18 06:00:00,2015-12-18 06:00:00,observed_replacement_demand,LOT-00157,1,completed,assumption:synthetic_operations_v1;demand=PdM_maint.csv,2015-12-18 06:00:00,1
MR-02132,31,comp1,2015-12-18 06:00:00,2015-12-18 06:00:00,observed_replacement_demand,LOT-00154,1,completed,assumption:synthetic_operations_v1;demand=PdM_maint.csv,2015-12-18 06:00:00,1
MR-02133,36,comp4,2015-12-18 06:00:00,2015-12-18 06:00:00,observed_replacement_demand,LOT-00149,1,completed,assumption:synthetic_operations_v1;demand=PdM_maint.csv,2015-12-18 06:00:00,1
MR-02134,45,comp1,2015-12-18 06:00:00,2015-12-18 06:00:00,observed_replacement_demand,LOT-00154,1,completed,assumption:synthetic_operations_v1;demand=PdM_maint.csv,2015-12-18 06:00:00,1
MR-02135,45,comp3,2015-12-18 06:00:00,2015-12-18 06:00:00,observed_replacement_demand,LOT-00157,1,completed,assumption:synthetic_operations_v1;demand=PdM_maint.csv,2015-12-18 06:00:00,1
MR-02136,75,comp2,2015-12-18 06:00:00,2015-12-18 06:00:00,observed_replacement_demand,LOT-00143,1,completed,assumption:synthetic_operations_v1;demand=PdM_maint.csv,2015-12-18 06:00:00,1
MR-02137,21,comp2,2015-12-19 06:00:00,2015-12-19 06:00:00,observed_replacement_demand,LOT-00143,1,completed,assumption:synthetic_operations_v1;demand=PdM_maint.csv,2015-12-19 06:00:00,1
MR-02138,21,comp3,2015-12-19 06:00:00,2015-12-19 06:00:00,observed_replacement_demand,LOT-00157,1,completed,assumption:synthetic_operations_v1;demand=PdM_maint.csv,2015-12-19 06:00:00,1
MR-02139,46,comp1,2015-12-19 06:00:00,2015-12-19 06:00:00,observed_replacement_demand,LOT-00154,1,completed,assumption:synthetic_operations_v1;demand=PdM_maint.csv,2015-12-19 06:00:00,1
MR-02140,57,comp3,2015-12-19 06:00:00,2015-12-19 06:00:00,observed_replacement_demand,LOT-00157,1,completed,assumption:synthetic_operations_v1;demand=PdM_maint.csv,2015-12-19 06:00:00,1
MR-02141,72,comp4,2015-12-19 06:00:00,2015-12-19 06:00:00,observed_replacement_demand,LOT-00152,1,completed,assumption:synthetic_operations_v1;demand=PdM_maint.csv,2015-12-19 06:00:00,1
MR-02142,74,comp4,2015-12-19 06:00:00,2015-12-19 06:00:00,observed_replacement_demand,LOT-00152,1,completed,assumption:synthetic_operations_v1;demand=PdM_maint.csv,2015-12-19 06:00:00,1
MR-02143,86,comp2,2015-12-19 06:00:00,2015-12-19 06:00:00,observed_replacement_demand,LOT-00143,1,completed,assumption:synthetic_operations_v1;demand=PdM_maint.csv,2015-12-19 06:00:00,1
MR-02144,86,comp4,2015-12-19 06:00:00,2015-12-19 06:00:00,observed_replacement_demand,LOT-00152,1,completed,assumption:synthetic_operations_v1;demand=PdM_maint.csv,2015-12-19 06:00:00,1
MR-02145,89,comp3,2015-12-19 06:00:00,2015-12-19 06:00:00,observed_replacement_demand,LOT-00157,1,completed,assumption:synthetic_operations_v1;demand=PdM_maint.csv,2015-12-19 06:00:00,1
MR-02146,94,comp2,2015-12-19 06:00:00,2015-12-19 06:00:00,observed_replacement_demand,LOT-00143,1,completed,assumption:synthetic_operations_v1;demand=PdM_maint.csv,2015-12-19 06:00:00,1
MR-02147,5,comp3,2015-12-20 06:00:00,2015-12-20 06:00:00,observed_replacement_demand,LOT-00157,1,completed,assumption:synthetic_operations_v1;demand=PdM_maint.csv,2015-12-20 06:00:00,1
MR-02148,7,comp1,2015-12-20 06:00:00,2015-12-20 06:00:00,observed_replacement_demand,LOT-00154,1,completed,assumption:synthetic_operations_v1;demand=PdM_maint.csv,2015-12-20 06:00:00,1
MR-02149,30,comp2,2015-12-20 06:00:00,2015-12-20 06:00:00,observed_replacement_demand,LOT-00143,1,completed,assumption:synthetic_operations_v1;demand=PdM_maint.csv,2015-12-20 06:00:00,1
MR-02150,30,comp4,2015-12-20 06:00:00,2015-12-20 06:00:00,observed_replacement_demand,LOT-00152,1,completed,assumption:synthetic_operations_v1;demand=PdM_maint.csv,2015-12-20 06:00:00,1
MR-02151,47,comp2,2015-12-20 06:00:00,2015-12-20 06:00:00,observed_replacement_demand,LOT-00143,1,completed,assumption:synthetic_operations_v1;demand=PdM_maint.csv,2015-12-20 06:00:00,1
MR-02152,97,comp4,2015-12-20 06:00:00,2015-12-20 06:00:00,observed_replacement_demand,LOT-00152,1,completed,assumption:synthetic_operations_v1;demand=PdM_maint.csv,2015-12-20 06:00:00,1
MR-02153,27,comp4,2015-12-21 06:00:00,2015-12-21 06:00:00,observed_replacement_demand,LOT-00152,1,completed,assumption:synthetic_operations_v1;demand=PdM_maint.csv,2015-12-21 06:00:00,1
MR-02154,32,comp1,2015-12-21 06:00:00,2015-12-21 06:00:00,observed_replacement_demand,LOT-00154,1,completed,assumption:synthetic_operations_v1;demand=PdM_maint.csv,2015-12-21 06:00:00,1
MR-02155,32,comp3,2015-12-21 06:00:00,2015-12-21 06:00:00,observed_replacement_demand,LOT-00157,1,completed,assumption:synthetic_operations_v1;demand=PdM_maint.csv,2015-12-21 06:00:00,1
MR-02156,13,comp1,2015-12-22 06:00:00,2015-12-22 06:00:00,observed_replacement_demand,LOT-00154,1,completed,assumption:synthetic_operations_v1;demand=PdM_maint.csv,2015-12-22 06:00:00,1
MR-02157,13,comp2,2015-12-22 06:00:00,2015-12-22 06:00:00,observed_replacement_demand,LOT-00148,1,completed,assumption:synthetic_operations_v1;demand=PdM_maint.csv,2015-12-22 06:00:00,1
MR-02158,48,comp2,2015-12-22 06:00:00,2015-12-22 06:00:00,observed_replacement_demand,LOT-00148,1,completed,assumption:synthetic_operations_v1;demand=PdM_maint.csv,2015-12-22 06:00:00,1
MR-02159,71,comp3,2015-12-22 06:00:00,2015-12-22 06:00:00,observed_replacement_demand,LOT-00157,1,completed,assumption:synthetic_operations_v1;demand=PdM_maint.csv,2015-12-22 06:00:00,1
MR-02160,77,comp3,2015-12-22 06:00:00,2015-12-22 06:00:00,observed_replacement_demand,LOT-00157,1,completed,assumption:synthetic_operations_v1;demand=PdM_maint.csv,2015-12-22 06:00:00,1
MR-02161,77,comp4,2015-12-22 06:00:00,2015-12-22 06:00:00,observed_replacement_demand,LOT-00152,1,completed,assumption:synthetic_operations_v1;demand=PdM_maint.csv,2015-12-22 06:00:00,1
MR-02162,87,comp3,2015-12-23 06:00:00,2015-12-23 06:00:00,observed_replacement_demand,LOT-00157,1,completed,assumption:synthetic_operations_v1;demand=PdM_maint.csv,2015-12-23 06:00:00,1
MR-02163,19,comp1,2015-12-24 06:00:00,2015-12-24 06:00:00,observed_replacement_demand,LOT-00154,1,completed,assumption:synthetic_operations_v1;demand=PdM_maint.csv,2015-12-24 06:00:00,1
MR-02164,53,comp1,2015-12-24 06:00:00,2015-12-24 06:00:00,observed_replacement_demand,LOT-00154,1,completed,assumption:synthetic_operations_v1;demand=PdM_maint.csv,2015-12-24 06:00:00,1
MR-02165,61,comp4,2015-12-24 06:00:00,2015-12-24 06:00:00,observed_replacement_demand,LOT-00152,1,completed,assumption:synthetic_operations_v1;demand=PdM_maint.csv,2015-12-24 06:00:00,1
MR-02166,62,comp2,2015-12-24 06:00:00,2015-12-24 06:00:00,observed_replacement_demand,LOT-00148,1,completed,assumption:synthetic_operations_v1;demand=PdM_maint.csv,2015-12-24 06:00:00,1
MR-02167,63,comp3,2015-12-24 06:00:00,2015-12-24 06:00:00,observed_replacement_demand,LOT-00157,1,completed,assumption:synthetic_operations_v1;demand=PdM_maint.csv,2015-12-24 06:00:00,1
MR-02168,70,comp4,2015-12-24 06:00:00,2015-12-24 06:00:00,observed_replacement_demand,LOT-00152,1,completed,assumption:synthetic_operations_v1;demand=PdM_maint.csv,2015-12-24 06:00:00,1
MR-02169,80,comp1,2015-12-24 06:00:00,2015-12-24 06:00:00,observed_replacement_demand,LOT-00154,1,completed,assumption:synthetic_operations_v1;demand=PdM_maint.csv,2015-12-24 06:00:00,1
MR-02170,80,comp2,2015-12-24 06:00:00,2015-12-24 06:00:00,observed_replacement_demand,LOT-00148,1,completed,assumption:synthetic_operations_v1;demand=PdM_maint.csv,2015-12-24 06:00:00,1
MR-02171,82,comp1,2015-12-24 06:00:00,2015-12-24 06:00:00,observed_replacement_demand,LOT-00154,1,completed,assumption:synthetic_operations_v1;demand=PdM_maint.csv,2015-12-24 06:00:00,1
MR-02172,100,comp2,2015-12-24 06:00:00,2015-12-24 06:00:00,observed_replacement_demand,LOT-00148,1,completed,assumption:synthetic_operations_v1;demand=PdM_maint.csv,2015-12-24 06:00:00,1
MR-02173,56,comp1,2015-12-25 06:00:00,2015-12-25 06:00:00,observed_replacement_demand,LOT-00154,1,completed,assumption:synthetic_operations_v1;demand=PdM_maint.csv,2015-12-25 06:00:00,1
MR-02174,18,comp1,2015-12-26 06:00:00,2015-12-26 06:00:00,observed_replacement_demand,LOT-00154,1,completed,assumption:synthetic_operations_v1;demand=PdM_maint.csv,2015-12-26 06:00:00,1
MR-02175,44,comp3,2015-12-26 06:00:00,2015-12-26 06:00:00,observed_replacement_demand,LOT-00157,1,completed,assumption:synthetic_operations_v1;demand=PdM_maint.csv,2015-12-26 06:00:00,1
MR-02176,44,comp4,2015-12-26 06:00:00,2015-12-26 06:00:00,observed_replacement_demand,LOT-00152,1,completed,assumption:synthetic_operations_v1;demand=PdM_maint.csv,2015-12-26 06:00:00,1
MR-02177,49,comp1,2015-12-26 06:00:00,2015-12-26 06:00:00,observed_replacement_demand,LOT-00158,1,completed,assumption:synthetic_operations_v1;demand=PdM_maint.csv,2015-12-26 06:00:00,1
MR-02178,49,comp4,2015-12-26 06:00:00,2015-12-26 06:00:00,observed_replacement_demand,LOT-00152,1,completed,assumption:synthetic_operations_v1;demand=PdM_maint.csv,2015-12-26 06:00:00,1
MR-02179,54,comp2,2015-12-26 06:00:00,2015-12-26 06:00:00,observed_replacement_demand,LOT-00148,1,completed,assumption:synthetic_operations_v1;demand=PdM_maint.csv,2015-12-26 06:00:00,1
MR-02180,85,comp4,2015-12-26 06:00:00,2015-12-26 06:00:00,observed_replacement_demand,LOT-00152,1,completed,assumption:synthetic_operations_v1;demand=PdM_maint.csv,2015-12-26 06:00:00,1
MR-02181,98,comp2,2015-12-26 06:00:00,2015-12-26 06:00:00,observed_replacement_demand,LOT-00148,1,completed,assumption:synthetic_operations_v1;demand=PdM_maint.csv,2015-12-26 06:00:00,1
MR-02182,14,comp4,2015-12-27 06:00:00,2015-12-27 06:00:00,observed_replacement_demand,LOT-00152,1,completed,assumption:synthetic_operations_v1;demand=PdM_maint.csv,2015-12-27 06:00:00,1
MR-02183,17,comp1,2015-12-27 06:00:00,2015-12-27 06:00:00,observed_replacement_demand,LOT-00158,1,completed,assumption:synthetic_operations_v1;demand=PdM_maint.csv,2015-12-27 06:00:00,1
MR-02184,28,comp1,2015-12-27 06:00:00,2015-12-27 06:00:00,observed_replacement_demand,LOT-00158,1,completed,assumption:synthetic_operations_v1;demand=PdM_maint.csv,2015-12-27 06:00:00,1
MR-02185,28,comp4,2015-12-27 06:00:00,2015-12-27 06:00:00,observed_replacement_demand,LOT-00152,1,completed,assumption:synthetic_operations_v1;demand=PdM_maint.csv,2015-12-27 06:00:00,1
MR-02186,33,comp2,2015-12-27 06:00:00,2015-12-27 06:00:00,observed_replacement_demand,LOT-00151,1,completed,assumption:synthetic_operations_v1;demand=PdM_maint.csv,2015-12-27 06:00:00,1
MR-02187,34,comp2,2015-12-27 06:00:00,2015-12-27 06:00:00,observed_replacement_demand,LOT-00151,1,completed,assumption:synthetic_operations_v1;demand=PdM_maint.csv,2015-12-27 06:00:00,1
MR-02188,39,comp1,2015-12-27 06:00:00,2015-12-27 06:00:00,observed_replacement_demand,LOT-00158,1,completed,assumption:synthetic_operations_v1;demand=PdM_maint.csv,2015-12-27 06:00:00,1
MR-02189,39,comp2,2015-12-27 06:00:00,2015-12-27 06:00:00,observed_replacement_demand,LOT-00151,1,completed,assumption:synthetic_operations_v1;demand=PdM_maint.csv,2015-12-27 06:00:00,1
MR-02190,51,comp4,2015-12-27 06:00:00,2015-12-27 06:00:00,observed_replacement_demand,LOT-00152,1,completed,assumption:synthetic_operations_v1;demand=PdM_maint.csv,2015-12-27 06:00:00,1
MR-02191,65,comp3,2015-12-27 06:00:00,2015-12-27 06:00:00,observed_replacement_demand,LOT-00157,1,completed,assumption:synthetic_operations_v1;demand=PdM_maint.csv,2015-12-27 06:00:00,1
MR-02192,83,comp1,2015-12-27 06:00:00,2015-12-27 06:00:00,observed_replacement_demand,LOT-00158,1,completed,assumption:synthetic_operations_v1;demand=PdM_maint.csv,2015-12-27 06:00:00,1
MR-02193,83,comp2,2015-12-27 06:00:00,2015-12-27 06:00:00,observed_replacement_demand,LOT-00151,1,completed,assumption:synthetic_operations_v1;demand=PdM_maint.csv,2015-12-27 06:00:00,1
MR-02194,93,comp1,2015-12-27 06:00:00,2015-12-27 06:00:00,observed_replacement_demand,LOT-00158,1,completed,assumption:synthetic_operations_v1;demand=PdM_maint.csv,2015-12-27 06:00:00,1
MR-02195,4,comp3,2015-12-28 06:00:00,2015-12-28 06:00:00,observed_replacement_demand,LOT-00157,1,completed,assumption:synthetic_operations_v1;demand=PdM_maint.csv,2015-12-28 06:00:00,1
MR-02196,24,comp1,2015-12-28 06:00:00,2015-12-28 06:00:00,observed_replacement_demand,LOT-00158,1,completed,assumption:synthetic_operations_v1;demand=PdM_maint.csv,2015-12-28 06:00:00,1
MR-02197,24,comp3,2015-12-28 06:00:00,2015-12-28 06:00:00,observed_replacement_demand,LOT-00157,1,completed,assumption:synthetic_operations_v1;demand=PdM_maint.csv,2015-12-28 06:00:00,1
MR-02198,29,comp3,2015-12-28 06:00:00,2015-12-28 06:00:00,observed_replacement_demand,LOT-00157,1,completed,assumption:synthetic_operations_v1;demand=PdM_maint.csv,2015-12-28 06:00:00,1
MR-02199,41,comp1,2015-12-28 06:00:00,2015-12-28 06:00:00,observed_replacement_demand,LOT-00158,1,completed,assumption:synthetic_operations_v1;demand=PdM_maint.csv,2015-12-28 06:00:00,1
MR-02200,41,comp4,2015-12-28 06:00:00,2015-12-28 06:00:00,observed_replacement_demand,LOT-00152,1,completed,assumption:synthetic_operations_v1;demand=PdM_maint.csv,2015-12-28 06:00:00,1
MR-02201,68,comp2,2015-12-28 06:00:00,2015-12-28 06:00:00,observed_replacement_demand,LOT-00151,1,completed,assumption:synthetic_operations_v1;demand=PdM_maint.csv,2015-12-28 06:00:00,1
MR-02202,68,comp3,2015-12-28 06:00:00,2015-12-28 06:00:00,observed_replacement_demand,LOT-00157,1,completed,assumption:synthetic_operations_v1;demand=PdM_maint.csv,2015-12-28 06:00:00,1
MR-02203,73,comp1,2015-12-28 06:00:00,2015-12-28 06:00:00,observed_replacement_demand,LOT-00161,1,completed,assumption:synthetic_operations_v1;demand=PdM_maint.csv,2015-12-28 06:00:00,1
MR-02204,79,comp3,2015-12-28 06:00:00,2015-12-28 06:00:00,observed_replacement_demand,LOT-00157,1,completed,assumption:synthetic_operations_v1;demand=PdM_maint.csv,2015-12-28 06:00:00,1
MR-02205,81,comp2,2015-12-28 06:00:00,2015-12-28 06:00:00,observed_replacement_demand,LOT-00151,1,completed,assumption:synthetic_operations_v1;demand=PdM_maint.csv,2015-12-28 06:00:00,1
MR-02206,81,comp4,2015-12-28 06:00:00,2015-12-28 06:00:00,observed_replacement_demand,LOT-00152,1,completed,assumption:synthetic_operations_v1;demand=PdM_maint.csv,2015-12-28 06:00:00,1
MR-02207,91,comp1,2015-12-28 06:00:00,2015-12-28 06:00:00,observed_replacement_demand,LOT-00161,1,completed,assumption:synthetic_operations_v1;demand=PdM_maint.csv,2015-12-28 06:00:00,1
MR-02208,91,comp3,2015-12-28 06:00:00,2015-12-28 06:00:00,observed_replacement_demand,LOT-00157,1,completed,assumption:synthetic_operations_v1;demand=PdM_maint.csv,2015-12-28 06:00:00,1
MR-02209,2,comp2,2015-12-29 06:00:00,2015-12-29 06:00:00,observed_replacement_demand,LOT-00151,1,completed,assumption:synthetic_operations_v1;demand=PdM_maint.csv,2015-12-29 06:00:00,1
MR-02210,9,comp1,2015-12-29 06:00:00,2015-12-29 06:00:00,observed_replacement_demand,LOT-00161,1,completed,assumption:synthetic_operations_v1;demand=PdM_maint.csv,2015-12-29 06:00:00,1
MR-02211,9,comp2,2015-12-29 06:00:00,2015-12-29 06:00:00,observed_replacement_demand,LOT-00151,1,completed,assumption:synthetic_operations_v1;demand=PdM_maint.csv,2015-12-29 06:00:00,1
MR-02212,76,comp1,2015-12-29 06:00:00,2015-12-29 06:00:00,observed_replacement_demand,LOT-00161,1,completed,assumption:synthetic_operations_v1;demand=PdM_maint.csv,2015-12-29 06:00:00,1
MR-02213,96,comp1,2015-12-29 06:00:00,2015-12-29 06:00:00,observed_replacement_demand,LOT-00161,1,completed,assumption:synthetic_operations_v1;demand=PdM_maint.csv,2015-12-29 06:00:00,1
MR-02214,96,comp3,2015-12-29 06:00:00,2015-12-29 06:00:00,observed_replacement_demand,LOT-00157,1,completed,assumption:synthetic_operations_v1;demand=PdM_maint.csv,2015-12-29 06:00:00,1
MR-02215,99,comp2,2015-12-29 06:00:00,2015-12-29 06:00:00,observed_replacement_demand,LOT-00151,1,completed,assumption:synthetic_operations_v1;demand=PdM_maint.csv,2015-12-29 06:00:00,1
MR-02216,10,comp3,2015-12-30 06:00:00,2015-12-30 06:00:00,observed_replacement_demand,LOT-00157,1,completed,assumption:synthetic_operations_v1;demand=PdM_maint.csv,2015-12-30 06:00:00,1
MR-02217,20,comp4,2015-12-30 06:00:00,2015-12-30 06:00:00,observed_replacement_demand,LOT-00152,1,completed,assumption:synthetic_operations_v1;demand=PdM_maint.csv,2015-12-30 06:00:00,1
MR-02218,25,comp1,2015-12-30 06:00:00,2015-12-30 06:00:00,observed_replacement_demand,LOT-00161,1,completed,assumption:synthetic_operations_v1;demand=PdM_maint.csv,2015-12-30 06:00:00,1
MR-02219,25,comp3,2015-12-30 06:00:00,2015-12-30 06:00:00,observed_replacement_demand,LOT-00157,1,completed,assumption:synthetic_operations_v1;demand=PdM_maint.csv,2015-12-30 06:00:00,1
MR-02220,37,comp1,2015-12-30 06:00:00,2015-12-30 06:00:00,observed_replacement_demand,LOT-00161,1,completed,assumption:synthetic_operations_v1;demand=PdM_maint.csv,2015-12-30 06:00:00,1
MR-02221,40,comp3,2015-12-30 06:00:00,2015-12-30 06:00:00,observed_replacement_demand,LOT-00157,1,completed,assumption:synthetic_operations_v1;demand=PdM_maint.csv,2015-12-30 06:00:00,1
MR-02222,40,comp4,2015-12-30 06:00:00,2015-12-30 06:00:00,observed_replacement_demand,LOT-00152,1,completed,assumption:synthetic_operations_v1;demand=PdM_maint.csv,2015-12-30 06:00:00,1
MR-02223,52,comp4,2015-12-30 06:00:00,2015-12-30 06:00:00,observed_replacement_demand,LOT-00156,1,completed,assumption:synthetic_operations_v1;demand=PdM_maint.csv,2015-12-30 06:00:00,1
MR-02224,66,comp1,2015-12-30 06:00:00,2015-12-30 06:00:00,observed_replacement_demand,LOT-00161,1,completed,assumption:synthetic_operations_v1;demand=PdM_maint.csv,2015-12-30 06:00:00,1
MR-02225,66,comp4,2015-12-30 06:00:00,2015-12-30 06:00:00,observed_replacement_demand,LOT-00156,1,completed,assumption:synthetic_operations_v1;demand=PdM_maint.csv,2015-12-30 06:00:00,1
MR-02226,88,comp1,2015-12-30 06:00:00,2015-12-30 06:00:00,observed_replacement_demand,LOT-00161,1,completed,assumption:synthetic_operations_v1;demand=PdM_maint.csv,2015-12-30 06:00:00,1
MR-02227,1,comp1,2015-12-31 06:00:00,2015-12-31 06:00:00,observed_replacement_demand,LOT-00161,1,completed,assumption:synthetic_operations_v1;demand=PdM_maint.csv,2015-12-31 06:00:00,1
MR-02228,11,comp1,2015-12-31 06:00:00,2015-12-31 06:00:00,observed_replacement_demand,LOT-00161,1,completed,assumption:synthetic_operations_v1;demand=PdM_maint.csv,2015-12-31 06:00:00,1
MR-02229,15,comp2,2015-12-31 06:00:00,2015-12-31 06:00:00,observed_replacement_demand,LOT-00151,1,completed,assumption:synthetic_operations_v1;demand=PdM_maint.csv,2015-12-31 06:00:00,1
MR-02230,15,comp4,2015-12-31 06:00:00,2015-12-31 06:00:00,observed_replacement_demand,LOT-00156,1,completed,assumption:synthetic_operations_v1;demand=PdM_maint.csv,2015-12-31 06:00:00,1
MR-02231,23,comp1,2015-12-31 06:00:00,2015-12-31 06:00:00,observed_replacement_demand,LOT-00161,1,completed,assumption:synthetic_operations_v1;demand=PdM_maint.csv,2015-12-31 06:00:00,1
MR-02232,59,comp1,2015-12-31 06:00:00,2015-12-31 06:00:00,observed_replacement_demand,LOT-00165,1,completed,assumption:synthetic_operations_v1;demand=PdM_maint.csv,2015-12-31 06:00:00,1
MR-02233,64,comp1,2015-12-31 06:00:00,2015-12-31 06:00:00,observed_replacement_demand,LOT-00165,1,completed,assumption:synthetic_operations_v1;demand=PdM_maint.csv,2015-12-31 06:00:00,1
MR-02234,64,comp3,2015-12-31 06:00:00,2015-12-31 06:00:00,observed_replacement_demand,LOT-00157,1,completed,assumption:synthetic_operations_v1;demand=PdM_maint.csv,2015-12-31 06:00:00,1
MR-02235,69,comp3,2015-12-31 06:00:00,2015-12-31 06:00:00,observed_replacement_demand,LOT-00157,1,completed,assumption:synthetic_operations_v1;demand=PdM_maint.csv,2015-12-31 06:00:00,1
MR-02236,84,comp1,2015-12-31 06:00:00,2015-12-31 06:00:00,observed_replacement_demand,LOT-00165,1,completed,assumption:synthetic_operations_v1;demand=PdM_maint.csv,2015-12-31 06:00:00,1
MR-02237,84,comp2,2015-12-31 06:00:00,2015-12-31 06:00:00,observed_replacement_demand,LOT-00151,1,completed,assumption:synthetic_operations_v1;demand=PdM_maint.csv,2015-12-31 06:00:00,1
MR-02238,90,comp1,2015-12-31 06:00:00,2015-12-31 06:00:00,observed_replacement_demand,LOT-00165,1,completed,assumption:synthetic_operations_v1;demand=PdM_maint.csv,2015-12-31 06:00:00,1
MR-02239,92,comp3,2015-12-31 06:00:00,2015-12-31 06:00:00,observed_replacement_demand,LOT-00157,1,completed,assumption:synthetic_operations_v1;demand=PdM_maint.csv,2015-12-31 06:00:00,1
MR-02240,95,comp1,2015-12-31 06:00:00,2015-12-31 06:00:00,observed_replacement_demand,LOT-00165,1,completed,assumption:synthetic_operations_v1;demand=PdM_maint.csv,2015-12-31 06:00:00,1
MR-02241,95,comp2,2015-12-31 06:00:00,2015-12-31 06:00:00,observed_replacement_demand,LOT-00151,1,completed,assumption:synthetic_operations_v1;demand=PdM_maint.csv,2015-12-31 06:00:00,1
MR-02242,8,comp2,2016-01-01 06:00:00,2016-01-01 06:00:00,observed_replacement_demand,LOT-00151,1,completed,assumption:synthetic_operations_v1;demand=PdM_maint.csv,2016-01-01 06:00:00,1
MR-02243,26,comp1,2016-01-01 06:00:00,,observed_replacement_demand,,0,waiting_for_stock,assumption:synthetic_operations_v1;demand=PdM_maint.csv,2016-01-01 06:00:00,1
MR-02244,35,comp2,2016-01-01 06:00:00,2016-01-01 06:00:00,observed_replacement_demand,LOT-00151,1,completed,assumption:synthetic_operations_v1;demand=PdM_maint.csv,2016-01-01 06:00:00,1
MR-02245,42,comp4,2016-01-01 06:00:00,2016-01-01 06:00:00,observed_replacement_demand,LOT-00156,1,completed,assumption:synthetic_operations_v1;demand=PdM_maint.csv,2016-01-01 06:00:00,1
MR-02246,43,comp1,2016-01-01 06:00:00,,observed_replacement_demand,,0,waiting_for_stock,assumption:synthetic_operations_v1;demand=PdM_maint.csv,2016-01-01 06:00:00,1
MR-02247,55,comp3,2016-01-01 06:00:00,2016-01-01 06:00:00,observed_replacement_demand,LOT-00157,1,completed,assumption:synthetic_operations_v1;demand=PdM_maint.csv,2016-01-01 06:00:00,1
MR-02248,78,comp3,2016-01-01 06:00:00,2016-01-01 06:00:00,observed_replacement_demand,LOT-00157,1,completed,assumption:synthetic_operations_v1;demand=PdM_maint.csv,2016-01-01 06:00:00,1
